district,forecast_origin_date,target_date,horizon_weeks,split,training_stage,actual,prediction_random_forest,prediction_persistence
Ampara,2024-01-05,2024-01-06,1,validation,train_only,45.0,83.73839719910738,78.0
Ampara,2024-01-12,2024-01-13,1,validation,train_only,101.0,60.82585951120196,45.0
Ampara,2024-01-19,2024-01-20,1,validation,train_only,71.0,86.1605280398107,101.0
Ampara,2024-01-26,2024-01-27,1,validation,train_only,56.0,71.94341799978201,71.0
Ampara,2024-02-02,2024-02-03,1,validation,train_only,80.0,55.77433544193042,56.0
Ampara,2024-02-09,2024-02-10,1,validation,train_only,75.0,75.49739026227657,80.0
Ampara,2024-02-16,2024-02-17,1,validation,train_only,25.0,65.2003012815449,75.0
Ampara,2024-02-23,2024-02-24,1,validation,train_only,28.0,44.33847766287826,25.0
Ampara,2024-03-01,2024-03-02,1,validation,train_only,36.0,31.978138244332932,28.0
Ampara,2024-03-08,2024-03-09,1,validation,train_only,35.0,33.26426657436941,36.0
Ampara,2024-03-15,2024-03-16,1,validation,train_only,25.0,31.89794202743065,35.0
Ampara,2024-03-22,2024-03-23,1,validation,train_only,12.0,27.394149476292682,25.0
Ampara,2024-03-29,2024-03-30,1,validation,train_only,15.0,25.091502245506955,12.0
Ampara,2024-04-05,2024-04-06,1,validation,train_only,8.0,15.962056713338615,15.0
Ampara,2024-04-12,2024-04-13,1,validation,train_only,8.0,13.47205640111054,8.0
Ampara,2024-04-19,2024-04-20,1,validation,train_only,12.0,10.14395137450454,8.0
Ampara,2024-04-26,2024-04-27,1,validation,train_only,12.0,9.950856173307914,12.0
Ampara,2024-05-03,2024-05-04,1,validation,train_only,7.0,10.560900049862536,12.0
Ampara,2024-05-10,2024-05-11,1,validation,train_only,4.0,8.511508169092112,7.0
Ampara,2024-05-17,2024-05-18,1,validation,train_only,3.0,6.790152409866837,4.0
Ampara,2024-05-24,2024-05-25,1,validation,train_only,14.0,5.142844704275266,3.0
Ampara,2024-05-31,2024-06-01,1,validation,train_only,11.0,10.170848994672244,14.0
Ampara,2024-06-07,2024-06-08,1,validation,train_only,13.0,11.346765222008138,11.0
Ampara,2024-06-14,2024-06-15,1,validation,train_only,8.0,13.963024478103101,13.0
Ampara,2024-06-21,2024-06-22,1,validation,train_only,23.0,9.369991768215215,8.0
Ampara,2024-06-28,2024-06-29,1,validation,train_only,11.0,22.86926095049435,23.0
Ampara,2024-07-05,2024-07-06,1,validation,train_only,18.0,14.929721793656263,11.0
Ampara,2024-07-12,2024-07-13,1,validation,train_only,12.0,15.443738861894348,18.0
Ampara,2024-07-19,2024-07-20,1,validation,train_only,8.0,14.095497510792978,12.0
Ampara,2024-07-26,2024-07-27,1,validation,train_only,20.0,11.649001853353008,8.0
Ampara,2024-08-02,2024-08-03,1,validation,train_only,12.0,17.227197374759832,20.0
Ampara,2024-08-09,2024-08-10,1,validation,train_only,16.0,14.02270516495355,12.0
Ampara,2024-08-16,2024-08-17,1,validation,train_only,38.0,14.522099854432906,16.0
Ampara,2024-08-23,2024-08-24,1,validation,train_only,17.0,32.96175343755727,38.0
Ampara,2024-08-30,2024-08-31,1,validation,train_only,9.0,24.799557638700655,17.0
Ampara,2024-09-06,2024-09-07,1,validation,train_only,24.0,19.566148641209594,9.0
Ampara,2024-09-13,2024-09-14,1,validation,train_only,5.0,23.440084764848002,24.0
Ampara,2024-09-20,2024-09-21,1,validation,train_only,7.0,12.525654366236365,5.0
Ampara,2024-09-27,2024-09-28,1,validation,train_only,4.0,10.505848782525039,7.0
Ampara,2024-10-04,2024-10-05,1,validation,train_only,7.0,5.939952973176371,4.0
Ampara,2024-10-11,2024-10-12,1,validation,train_only,6.0,6.410991230035744,7.0
Ampara,2024-10-18,2024-10-19,1,validation,train_only,6.0,5.733789347143077,6.0
Ampara,2024-10-25,2024-10-26,1,validation,train_only,1.0,6.68067625840191,6.0
Ampara,2024-11-01,2024-11-02,1,validation,train_only,14.0,5.097063328118535,1.0
Ampara,2024-11-08,2024-11-09,1,validation,train_only,6.0,10.043949053642656,14.0
Ampara,2024-11-15,2024-11-16,1,validation,train_only,9.0,9.4393341241519,6.0
Ampara,2024-11-22,2024-11-23,1,validation,train_only,5.0,11.342424630393046,9.0
Ampara,2024-11-29,2024-11-30,1,validation,train_only,5.0,9.477533138716867,5.0
Ampara,2024-12-06,2024-12-07,1,validation,train_only,10.0,8.751377302584693,5.0
Ampara,2024-12-13,2024-12-14,1,validation,train_only,6.0,10.203530665994416,10.0
Ampara,2024-12-20,2024-12-21,1,validation,train_only,15.0,9.777484853932641,6.0
Ampara,2024-12-27,2024-12-28,1,validation,train_only,58.0,12.29360595996763,15.0
Anuradhapura,2024-01-05,2024-01-06,1,validation,train_only,28.0,34.3059139163826,28.0
Anuradhapura,2024-01-12,2024-01-13,1,validation,train_only,95.0,28.177063094571217,28.0
Anuradhapura,2024-01-19,2024-01-20,1,validation,train_only,34.0,68.01414080501124,95.0
Anuradhapura,2024-01-26,2024-01-27,1,validation,train_only,11.0,48.686558041674786,34.0
Anuradhapura,2024-02-02,2024-02-03,1,validation,train_only,69.0,32.292372978022925,11.0
Anuradhapura,2024-02-09,2024-02-10,1,validation,train_only,29.0,52.73812088308826,69.0
Anuradhapura,2024-02-16,2024-02-17,1,validation,train_only,53.0,43.617121838439054,29.0
Anuradhapura,2024-02-23,2024-02-24,1,validation,train_only,50.0,44.40329944224002,53.0
Anuradhapura,2024-03-01,2024-03-02,1,validation,train_only,42.0,42.92683143115736,50.0
Anuradhapura,2024-03-08,2024-03-09,1,validation,train_only,33.0,39.87300938993968,42.0
Anuradhapura,2024-03-15,2024-03-16,1,validation,train_only,18.0,34.43998873032233,33.0
Anuradhapura,2024-03-22,2024-03-23,1,validation,train_only,11.0,23.93105687858219,18.0
Anuradhapura,2024-03-29,2024-03-30,1,validation,train_only,5.0,16.148176944169983,11.0
Anuradhapura,2024-04-05,2024-04-06,1,validation,train_only,5.0,9.891856625483554,5.0
Anuradhapura,2024-04-12,2024-04-13,1,validation,train_only,4.0,8.060972197545308,5.0
Anuradhapura,2024-04-19,2024-04-20,1,validation,train_only,3.0,4.752483623560374,4.0
Anuradhapura,2024-04-26,2024-04-27,1,validation,train_only,4.0,4.208772503773457,3.0
Anuradhapura,2024-05-03,2024-05-04,1,validation,train_only,5.0,3.557740875749391,4.0
Anuradhapura,2024-05-10,2024-05-11,1,validation,train_only,7.0,4.279138511278791,5.0
Anuradhapura,2024-05-17,2024-05-18,1,validation,train_only,4.0,5.029379774464766,7.0
Anuradhapura,2024-05-24,2024-05-25,1,validation,train_only,5.0,5.014198003158311,4.0
Anuradhapura,2024-05-31,2024-06-01,1,validation,train_only,14.0,7.095110417575587,5.0
Anuradhapura,2024-06-07,2024-06-08,1,validation,train_only,8.0,10.20486849098578,14.0
Anuradhapura,2024-06-14,2024-06-15,1,validation,train_only,5.0,10.06966902836928,8.0
Anuradhapura,2024-06-21,2024-06-22,1,validation,train_only,3.0,7.944267390609195,5.0
Anuradhapura,2024-06-28,2024-06-29,1,validation,train_only,5.0,7.0564468659624255,3.0
Anuradhapura,2024-07-05,2024-07-06,1,validation,train_only,6.0,7.261290437697926,5.0
Anuradhapura,2024-07-12,2024-07-13,1,validation,train_only,11.0,5.027452815338329,6.0
Anuradhapura,2024-07-19,2024-07-20,1,validation,train_only,23.0,8.305235410530324,11.0
Anuradhapura,2024-07-26,2024-07-27,1,validation,train_only,5.0,19.744117392088114,23.0
Anuradhapura,2024-08-02,2024-08-03,1,validation,train_only,10.0,9.439647035609676,5.0
Anuradhapura,2024-08-09,2024-08-10,1,validation,train_only,16.0,11.877316575577385,10.0
Anuradhapura,2024-08-16,2024-08-17,1,validation,train_only,7.0,12.45117345718815,16.0
Anuradhapura,2024-08-23,2024-08-24,1,validation,train_only,8.0,10.972195699729895,7.0
Anuradhapura,2024-08-30,2024-08-31,1,validation,train_only,7.0,8.467798930735722,8.0
Anuradhapura,2024-09-06,2024-09-07,1,validation,train_only,8.0,7.222914999426018,7.0
Anuradhapura,2024-09-13,2024-09-14,1,validation,train_only,3.0,7.950550279981352,8.0
Anuradhapura,2024-09-20,2024-09-21,1,validation,train_only,9.0,5.65318769535127,3.0
Anuradhapura,2024-09-27,2024-09-28,1,validation,train_only,4.0,6.638619091176098,9.0
Anuradhapura,2024-10-04,2024-10-05,1,validation,train_only,10.0,5.093923711308785,4.0
Anuradhapura,2024-10-11,2024-10-12,1,validation,train_only,5.0,9.429630073825306,10.0
Anuradhapura,2024-10-18,2024-10-19,1,validation,train_only,6.0,6.939597839683508,5.0
Anuradhapura,2024-10-25,2024-10-26,1,validation,train_only,9.0,7.614543998276325,6.0
Anuradhapura,2024-11-01,2024-11-02,1,validation,train_only,13.0,8.61758282970502,9.0
Anuradhapura,2024-11-08,2024-11-09,1,validation,train_only,13.0,12.591014301031066,13.0
Anuradhapura,2024-11-15,2024-11-16,1,validation,train_only,18.0,13.54646920573388,13.0
Anuradhapura,2024-11-22,2024-11-23,1,validation,train_only,12.0,16.498726282278348,18.0
Anuradhapura,2024-11-29,2024-11-30,1,validation,train_only,7.0,17.950098704924685,12.0
Anuradhapura,2024-12-06,2024-12-07,1,validation,train_only,18.0,14.16697507057405,7.0
Anuradhapura,2024-12-13,2024-12-14,1,validation,train_only,22.0,18.124080196127075,18.0
Anuradhapura,2024-12-20,2024-12-21,1,validation,train_only,12.0,24.642206793371695,22.0
Anuradhapura,2024-12-27,2024-12-28,1,validation,train_only,27.0,17.41666987141067,12.0
Badulla,2024-01-05,2024-01-06,1,validation,train_only,78.0,147.29346852679095,111.0
Badulla,2024-01-12,2024-01-13,1,validation,train_only,13.0,140.067669047239,78.0
Badulla,2024-01-19,2024-01-20,1,validation,train_only,53.0,57.07718339893402,13.0
Badulla,2024-01-26,2024-01-27,1,validation,train_only,24.0,55.532721722412944,53.0
Badulla,2024-02-02,2024-02-03,1,validation,train_only,44.0,41.91669771816945,24.0
Badulla,2024-02-09,2024-02-10,1,validation,train_only,12.0,47.01838659676548,44.0
Badulla,2024-02-16,2024-02-17,1,validation,train_only,15.0,26.946475800601256,12.0
Badulla,2024-02-23,2024-02-24,1,validation,train_only,8.0,23.72692209487788,15.0
Badulla,2024-03-01,2024-03-02,1,validation,train_only,11.0,12.985806593779355,8.0
Badulla,2024-03-08,2024-03-09,1,validation,train_only,13.0,13.522836417839251,11.0
Badulla,2024-03-15,2024-03-16,1,validation,train_only,7.0,9.787107340668767,13.0
Badulla,2024-03-22,2024-03-23,1,validation,train_only,8.0,7.933216428336754,7.0
Badulla,2024-03-29,2024-03-30,1,validation,train_only,7.0,8.113741467251652,8.0
Badulla,2024-04-05,2024-04-06,1,validation,train_only,3.0,6.80033025436605,7.0
Badulla,2024-04-12,2024-04-13,1,validation,train_only,9.0,5.838967321105708,3.0
Badulla,2024-04-19,2024-04-20,1,validation,train_only,5.0,6.712694443981122,9.0
Badulla,2024-04-26,2024-04-27,1,validation,train_only,7.0,6.584633830592009,5.0
Badulla,2024-05-03,2024-05-04,1,validation,train_only,7.0,6.039195257826549,7.0
Badulla,2024-05-10,2024-05-11,1,validation,train_only,2.0,6.282762697278653,7.0
Badulla,2024-05-17,2024-05-18,1,validation,train_only,7.0,5.85439035832298,2.0
Badulla,2024-05-24,2024-05-25,1,validation,train_only,7.0,6.697416307281601,7.0
Badulla,2024-05-31,2024-06-01,1,validation,train_only,6.0,7.374423880732957,7.0
Badulla,2024-06-07,2024-06-08,1,validation,train_only,5.0,8.454550028816278,6.0
Badulla,2024-06-14,2024-06-15,1,validation,train_only,12.0,8.125451995012021,5.0
Badulla,2024-06-21,2024-06-22,1,validation,train_only,21.0,10.501322347111701,12.0
Badulla,2024-06-28,2024-06-29,1,validation,train_only,15.0,21.836539067303843,21.0
Badulla,2024-07-05,2024-07-06,1,validation,train_only,15.0,15.401263785297372,15.0
Badulla,2024-07-12,2024-07-13,1,validation,train_only,12.0,14.788513838731333,15.0
Badulla,2024-07-19,2024-07-20,1,validation,train_only,10.0,14.756762656429853,12.0
Badulla,2024-07-26,2024-07-27,1,validation,train_only,15.0,13.893001617510633,10.0
Badulla,2024-08-02,2024-08-03,1,validation,train_only,18.0,12.06538744757881,15.0
Badulla,2024-08-09,2024-08-10,1,validation,train_only,9.0,14.691522384184248,18.0
Badulla,2024-08-16,2024-08-17,1,validation,train_only,10.0,13.223228161272875,9.0
Badulla,2024-08-23,2024-08-24,1,validation,train_only,20.0,13.799710155075411,10.0
Badulla,2024-08-30,2024-08-31,1,validation,train_only,15.0,16.08276922934973,20.0
Badulla,2024-09-06,2024-09-07,1,validation,train_only,6.0,15.399798565762906,15.0
Badulla,2024-09-13,2024-09-14,1,validation,train_only,8.0,10.460594134387868,6.0
Badulla,2024-09-20,2024-09-21,1,validation,train_only,9.0,9.06179731011714,8.0
Badulla,2024-09-27,2024-09-28,1,validation,train_only,6.0,8.651692613049896,9.0
Badulla,2024-10-04,2024-10-05,1,validation,train_only,9.0,7.258302176735523,6.0
Badulla,2024-10-11,2024-10-12,1,validation,train_only,6.0,8.600276986679928,9.0
Badulla,2024-10-18,2024-10-19,1,validation,train_only,14.0,7.383885704382372,6.0
Badulla,2024-10-25,2024-10-26,1,validation,train_only,10.0,10.444109440938252,14.0
Badulla,2024-11-01,2024-11-02,1,validation,train_only,7.0,12.098545993518675,10.0
Badulla,2024-11-08,2024-11-09,1,validation,train_only,8.0,9.506702473415162,7.0
Badulla,2024-11-15,2024-11-16,1,validation,train_only,19.0,8.508848482450581,8.0
Badulla,2024-11-22,2024-11-23,1,validation,train_only,15.0,16.703696191121185,19.0
Badulla,2024-11-29,2024-11-30,1,validation,train_only,15.0,16.680710369493674,15.0
Badulla,2024-12-06,2024-12-07,1,validation,train_only,19.0,15.979259382879349,15.0
Badulla,2024-12-13,2024-12-14,1,validation,train_only,20.0,21.692529519170773,19.0
Badulla,2024-12-20,2024-12-21,1,validation,train_only,19.0,22.045885145121044,20.0
Badulla,2024-12-27,2024-12-28,1,validation,train_only,5.0,20.53210766334679,19.0
Batticaloa,2024-01-05,2024-01-06,1,validation,train_only,123.0,149.31046925835113,142.0
Batticaloa,2024-01-12,2024-01-13,1,validation,train_only,122.0,128.7483358779188,123.0
Batticaloa,2024-01-19,2024-01-20,1,validation,train_only,88.0,121.64485497879149,122.0
Batticaloa,2024-01-26,2024-01-27,1,validation,train_only,67.0,98.21523032663087,88.0
Batticaloa,2024-02-02,2024-02-03,1,validation,train_only,82.0,70.7193830156383,67.0
Batticaloa,2024-02-09,2024-02-10,1,validation,train_only,61.0,75.45484901789914,82.0
Batticaloa,2024-02-16,2024-02-17,1,validation,train_only,70.0,60.44248418794919,61.0
Batticaloa,2024-02-23,2024-02-24,1,validation,train_only,51.0,58.81610326141041,70.0
Batticaloa,2024-03-01,2024-03-02,1,validation,train_only,67.0,48.704199453527366,51.0
Batticaloa,2024-03-08,2024-03-09,1,validation,train_only,55.0,55.87103302990614,67.0
Batticaloa,2024-03-15,2024-03-16,1,validation,train_only,28.0,48.20390601293554,55.0
Batticaloa,2024-03-22,2024-03-23,1,validation,train_only,26.0,36.37807698863423,28.0
Batticaloa,2024-03-29,2024-03-30,1,validation,train_only,16.0,26.694136000305694,26.0
Batticaloa,2024-04-05,2024-04-06,1,validation,train_only,20.0,23.399689805446027,16.0
Batticaloa,2024-04-12,2024-04-13,1,validation,train_only,11.0,20.42810523026428,20.0
Batticaloa,2024-04-19,2024-04-20,1,validation,train_only,10.0,16.900846972843564,11.0
Batticaloa,2024-04-26,2024-04-27,1,validation,train_only,17.0,14.977058591532822,10.0
Batticaloa,2024-05-03,2024-05-04,1,validation,train_only,19.0,13.951214128422519,17.0
Batticaloa,2024-05-10,2024-05-11,1,validation,train_only,17.0,16.769469876760283,19.0
Batticaloa,2024-05-17,2024-05-18,1,validation,train_only,18.0,16.8865081373959,17.0
Batticaloa,2024-05-24,2024-05-25,1,validation,train_only,13.0,18.927157747231558,18.0
Batticaloa,2024-05-31,2024-06-01,1,validation,train_only,15.0,16.602169961608066,13.0
Batticaloa,2024-06-07,2024-06-08,1,validation,train_only,19.0,15.714839262372791,15.0
Batticaloa,2024-06-14,2024-06-15,1,validation,train_only,14.0,18.932206891504272,19.0
Batticaloa,2024-06-21,2024-06-22,1,validation,train_only,15.0,15.955785877654847,14.0
Batticaloa,2024-06-28,2024-06-29,1,validation,train_only,16.0,15.200515158137286,15.0
Batticaloa,2024-07-05,2024-07-06,1,validation,train_only,21.0,15.09871677855043,16.0
Batticaloa,2024-07-12,2024-07-13,1,validation,train_only,11.0,17.601599261927216,21.0
Batticaloa,2024-07-19,2024-07-20,1,validation,train_only,15.0,14.61616150067109,11.0
Batticaloa,2024-07-26,2024-07-27,1,validation,train_only,25.0,13.557065774122083,15.0
Batticaloa,2024-08-02,2024-08-03,1,validation,train_only,20.0,20.275592636910616,25.0
Batticaloa,2024-08-09,2024-08-10,1,validation,train_only,22.0,18.165085906935992,20.0
Batticaloa,2024-08-16,2024-08-17,1,validation,train_only,21.0,20.323833882722536,22.0
Batticaloa,2024-08-23,2024-08-24,1,validation,train_only,29.0,19.849211919828132,21.0
Batticaloa,2024-08-30,2024-08-31,1,validation,train_only,16.0,22.702262080593744,29.0
Batticaloa,2024-09-06,2024-09-07,1,validation,train_only,17.0,21.07695054032108,16.0
Batticaloa,2024-09-13,2024-09-14,1,validation,train_only,16.0,19.779999642335433,17.0
Batticaloa,2024-09-20,2024-09-21,1,validation,train_only,15.0,15.868258668774093,16.0
Batticaloa,2024-09-27,2024-09-28,1,validation,train_only,5.0,14.375827770377658,15.0
Batticaloa,2024-10-04,2024-10-05,1,validation,train_only,10.0,11.448397454885026,5.0
Batticaloa,2024-10-11,2024-10-12,1,validation,train_only,13.0,12.524038778946666,10.0
Batticaloa,2024-10-18,2024-10-19,1,validation,train_only,7.0,11.747221222182283,13.0
Batticaloa,2024-10-25,2024-10-26,1,validation,train_only,6.0,9.999801874738171,7.0
Batticaloa,2024-11-01,2024-11-02,1,validation,train_only,14.0,9.216355907093858,6.0
Batticaloa,2024-11-08,2024-11-09,1,validation,train_only,11.0,12.693042013229928,14.0
Batticaloa,2024-11-15,2024-11-16,1,validation,train_only,12.0,12.784993050551227,11.0
Batticaloa,2024-11-22,2024-11-23,1,validation,train_only,21.0,14.389765714690396,12.0
Batticaloa,2024-11-29,2024-11-30,1,validation,train_only,31.0,21.34424944394709,21.0
Batticaloa,2024-12-06,2024-12-07,1,validation,train_only,30.0,28.089648301423985,31.0
Batticaloa,2024-12-13,2024-12-14,1,validation,train_only,35.0,27.145915816729982,30.0
Batticaloa,2024-12-20,2024-12-21,1,validation,train_only,47.0,37.837341494238835,35.0
Batticaloa,2024-12-27,2024-12-28,1,validation,train_only,62.0,54.99541550345976,47.0
Colombo,2024-01-05,2024-01-06,1,validation,train_only,549.0,326.88580692284404,299.0
Colombo,2024-01-12,2024-01-13,1,validation,train_only,477.0,410.56424353133525,549.0
Colombo,2024-01-19,2024-01-20,1,validation,train_only,499.0,462.74573886900373,477.0
Colombo,2024-01-26,2024-01-27,1,validation,train_only,349.0,468.06728554013233,499.0
Colombo,2024-02-02,2024-02-03,1,validation,train_only,382.0,370.00582793981397,349.0
Colombo,2024-02-09,2024-02-10,1,validation,train_only,286.0,363.4773818995823,382.0
Colombo,2024-02-16,2024-02-17,1,validation,train_only,269.0,270.3136658745619,286.0
Colombo,2024-02-23,2024-02-24,1,validation,train_only,252.0,258.5609774637849,269.0
Colombo,2024-03-01,2024-03-02,1,validation,train_only,170.0,230.82862196272006,252.0
Colombo,2024-03-08,2024-03-09,1,validation,train_only,207.0,148.75794445974847,170.0
Colombo,2024-03-15,2024-03-16,1,validation,train_only,146.0,149.90946149596795,207.0
Colombo,2024-03-22,2024-03-23,1,validation,train_only,130.0,113.7859491330984,146.0
Colombo,2024-03-29,2024-03-30,1,validation,train_only,132.0,115.77575407341598,130.0
Colombo,2024-04-05,2024-04-06,1,validation,train_only,68.0,129.92506002496302,132.0
Colombo,2024-04-12,2024-04-13,1,validation,train_only,111.0,110.6173272765879,68.0
Colombo,2024-04-19,2024-04-20,1,validation,train_only,111.0,95.83900903557574,111.0
Colombo,2024-04-26,2024-04-27,1,validation,train_only,114.0,100.07260687293096,111.0
Colombo,2024-05-03,2024-05-04,1,validation,train_only,75.0,107.29373799519422,114.0
Colombo,2024-05-10,2024-05-11,1,validation,train_only,133.0,90.13528475478691,75.0
Colombo,2024-05-17,2024-05-18,1,validation,train_only,119.0,135.98984140027204,133.0
Colombo,2024-05-24,2024-05-25,1,validation,train_only,156.0,122.20656106893577,119.0
Colombo,2024-05-31,2024-06-01,1,validation,train_only,158.0,164.6568861854071,156.0
Colombo,2024-06-07,2024-06-08,1,validation,train_only,182.0,181.38621602081705,158.0
Colombo,2024-06-14,2024-06-15,1,validation,train_only,218.0,195.34468207529636,182.0
Colombo,2024-06-21,2024-06-22,1,validation,train_only,245.0,212.49717976581968,218.0
Colombo,2024-06-28,2024-06-29,1,validation,train_only,292.0,235.40715123059945,245.0
Colombo,2024-07-05,2024-07-06,1,validation,train_only,320.0,308.7210724871802,292.0
Colombo,2024-07-12,2024-07-13,1,validation,train_only,312.0,309.77586007676155,320.0
Colombo,2024-07-19,2024-07-20,1,validation,train_only,321.0,332.9139417039205,312.0
Colombo,2024-07-26,2024-07-27,1,validation,train_only,308.0,320.7638188578491,321.0
Colombo,2024-08-02,2024-08-03,1,validation,train_only,279.0,318.0436359149682,308.0
Colombo,2024-08-09,2024-08-10,1,validation,train_only,266.0,280.1585304284291,279.0
Colombo,2024-08-16,2024-08-17,1,validation,train_only,263.0,268.8884022988477,266.0
Colombo,2024-08-23,2024-08-24,1,validation,train_only,250.0,282.7279274978064,263.0
Colombo,2024-08-30,2024-08-31,1,validation,train_only,192.0,244.508435020107,250.0
Colombo,2024-09-06,2024-09-07,1,validation,train_only,226.0,209.0537078056514,192.0
Colombo,2024-09-13,2024-09-14,1,validation,train_only,202.0,214.24196193765087,226.0
Colombo,2024-09-20,2024-09-21,1,validation,train_only,143.0,193.4879474850736,202.0
Colombo,2024-09-27,2024-09-28,1,validation,train_only,169.0,162.6934426646594,143.0
Colombo,2024-10-04,2024-10-05,1,validation,train_only,172.0,172.12746038465954,169.0
Colombo,2024-10-11,2024-10-12,1,validation,train_only,180.0,171.69730425628148,172.0
Colombo,2024-10-18,2024-10-19,1,validation,train_only,161.0,175.94327403396133,180.0
Colombo,2024-10-25,2024-10-26,1,validation,train_only,141.0,177.67448629910245,161.0
Colombo,2024-11-01,2024-11-02,1,validation,train_only,152.0,168.76957465647666,141.0
Colombo,2024-11-08,2024-11-09,1,validation,train_only,156.0,166.08896695293777,152.0
Colombo,2024-11-15,2024-11-16,1,validation,train_only,191.0,166.7279327763491,156.0
Colombo,2024-11-22,2024-11-23,1,validation,train_only,185.0,191.32597545209651,191.0
Colombo,2024-11-29,2024-11-30,1,validation,train_only,163.0,202.29024527687787,185.0
Colombo,2024-12-06,2024-12-07,1,validation,train_only,247.0,183.6892563374803,163.0
Colombo,2024-12-13,2024-12-14,1,validation,train_only,220.0,244.71304700836424,247.0
Colombo,2024-12-20,2024-12-21,1,validation,train_only,231.0,221.95985665879638,220.0
Colombo,2024-12-27,2024-12-28,1,validation,train_only,200.0,212.88486444555838,231.0
Galle,2024-01-05,2024-01-06,1,validation,train_only,84.0,104.76384715075366,107.0
Galle,2024-01-12,2024-01-13,1,validation,train_only,132.0,103.28215031216938,84.0
Galle,2024-01-19,2024-01-20,1,validation,train_only,119.0,126.87914215049571,132.0
Galle,2024-01-26,2024-01-27,1,validation,train_only,111.0,113.48397666270134,119.0
Galle,2024-02-02,2024-02-03,1,validation,train_only,103.0,108.77002562906046,111.0
Galle,2024-02-09,2024-02-10,1,validation,train_only,66.0,105.34407325620222,103.0
Galle,2024-02-16,2024-02-17,1,validation,train_only,42.0,66.89840078713307,66.0
Galle,2024-02-23,2024-02-24,1,validation,train_only,75.0,45.85220689546487,42.0
Galle,2024-03-01,2024-03-02,1,validation,train_only,40.0,60.073708747503346,75.0
Galle,2024-03-08,2024-03-09,1,validation,train_only,28.0,41.74863247286775,40.0
Galle,2024-03-15,2024-03-16,1,validation,train_only,30.0,32.72319469654419,28.0
Galle,2024-03-22,2024-03-23,1,validation,train_only,20.0,28.45448383865479,30.0
Galle,2024-03-29,2024-03-30,1,validation,train_only,32.0,23.09495230093606,20.0
Galle,2024-04-05,2024-04-06,1,validation,train_only,18.0,26.336588750423335,32.0
Galle,2024-04-12,2024-04-13,1,validation,train_only,19.0,27.575941980944037,18.0
Galle,2024-04-19,2024-04-20,1,validation,train_only,23.0,22.941976356364442,19.0
Galle,2024-04-26,2024-04-27,1,validation,train_only,24.0,23.0066325036531,23.0
Galle,2024-05-03,2024-05-04,1,validation,train_only,21.0,23.207301289997552,24.0
Galle,2024-05-10,2024-05-11,1,validation,train_only,24.0,23.14494157052596,21.0
Galle,2024-05-17,2024-05-18,1,validation,train_only,13.0,24.212591329580132,24.0
Galle,2024-05-24,2024-05-25,1,validation,train_only,26.0,20.8348859663542,13.0
Galle,2024-05-31,2024-06-01,1,validation,train_only,9.0,24.643308828127136,26.0
Galle,2024-06-07,2024-06-08,1,validation,train_only,21.0,19.066022721430468,9.0
Galle,2024-06-14,2024-06-15,1,validation,train_only,26.0,25.167644678923246,21.0
Galle,2024-06-21,2024-06-22,1,validation,train_only,32.0,28.413162755348125,26.0
Galle,2024-06-28,2024-06-29,1,validation,train_only,29.0,33.44447439086098,32.0
Galle,2024-07-05,2024-07-06,1,validation,train_only,34.0,35.54577919053495,29.0
Galle,2024-07-12,2024-07-13,1,validation,train_only,31.0,33.15226359752613,34.0
Galle,2024-07-19,2024-07-20,1,validation,train_only,33.0,32.1609049832746,31.0
Galle,2024-07-26,2024-07-27,1,validation,train_only,32.0,32.42365978035437,33.0
Galle,2024-08-02,2024-08-03,1,validation,train_only,46.0,32.42885585638133,32.0
Galle,2024-08-09,2024-08-10,1,validation,train_only,40.0,46.05119937638463,46.0
Galle,2024-08-16,2024-08-17,1,validation,train_only,27.0,41.96327369586335,40.0
Galle,2024-08-23,2024-08-24,1,validation,train_only,50.0,36.20434424821476,27.0
Galle,2024-08-30,2024-08-31,1,validation,train_only,38.0,48.00013795005575,50.0
Galle,2024-09-06,2024-09-07,1,validation,train_only,35.0,38.15959597662091,38.0
Galle,2024-09-13,2024-09-14,1,validation,train_only,32.0,38.33225528278028,35.0
Galle,2024-09-20,2024-09-21,1,validation,train_only,46.0,35.599837766916174,32.0
Galle,2024-09-27,2024-09-28,1,validation,train_only,35.0,47.08055701432582,46.0
Galle,2024-10-04,2024-10-05,1,validation,train_only,35.0,41.170104388799416,35.0
Galle,2024-10-11,2024-10-12,1,validation,train_only,27.0,38.785390004951495,35.0
Galle,2024-10-18,2024-10-19,1,validation,train_only,21.0,33.26482936931291,27.0
Galle,2024-10-25,2024-10-26,1,validation,train_only,26.0,28.156942281857653,21.0
Galle,2024-11-01,2024-11-02,1,validation,train_only,27.0,25.445338461745166,26.0
Galle,2024-11-08,2024-11-09,1,validation,train_only,25.0,25.986936347048868,27.0
Galle,2024-11-15,2024-11-16,1,validation,train_only,59.0,26.756082122400635,25.0
Galle,2024-11-22,2024-11-23,1,validation,train_only,26.0,50.1732594768963,59.0
Galle,2024-11-29,2024-11-30,1,validation,train_only,37.0,35.80274814567794,26.0
Galle,2024-12-06,2024-12-07,1,validation,train_only,34.0,34.8642846096588,37.0
Galle,2024-12-13,2024-12-14,1,validation,train_only,27.0,36.21302786523058,34.0
Galle,2024-12-20,2024-12-21,1,validation,train_only,25.0,31.87270903858574,27.0
Galle,2024-12-27,2024-12-28,1,validation,train_only,30.0,27.978432001189958,25.0
Gampaha,2024-01-05,2024-01-06,1,validation,train_only,111.0,159.3100270665467,146.0
Gampaha,2024-01-12,2024-01-13,1,validation,train_only,147.0,123.82465523877012,111.0
Gampaha,2024-01-19,2024-01-20,1,validation,train_only,150.0,144.3664887033904,147.0
Gampaha,2024-01-26,2024-01-27,1,validation,train_only,144.0,146.1415340788884,150.0
Gampaha,2024-02-02,2024-02-03,1,validation,train_only,165.0,158.02767624979555,144.0
Gampaha,2024-02-09,2024-02-10,1,validation,train_only,155.0,157.13060416778504,165.0
Gampaha,2024-02-16,2024-02-17,1,validation,train_only,111.0,148.25735263158222,155.0
Gampaha,2024-02-23,2024-02-24,1,validation,train_only,102.0,102.35324365302226,111.0
Gampaha,2024-03-01,2024-03-02,1,validation,train_only,68.0,84.00494256227175,102.0
Gampaha,2024-03-08,2024-03-09,1,validation,train_only,90.0,66.60972688101488,68.0
Gampaha,2024-03-15,2024-03-16,1,validation,train_only,80.0,71.41472532783018,90.0
Gampaha,2024-03-22,2024-03-23,1,validation,train_only,60.0,69.76695159644926,80.0
Gampaha,2024-03-29,2024-03-30,1,validation,train_only,66.0,64.47508703511387,60.0
Gampaha,2024-04-05,2024-04-06,1,validation,train_only,46.0,56.10873805183868,66.0
Gampaha,2024-04-12,2024-04-13,1,validation,train_only,68.0,57.8163201081646,46.0
Gampaha,2024-04-19,2024-04-20,1,validation,train_only,43.0,53.71956371120915,68.0
Gampaha,2024-04-26,2024-04-27,1,validation,train_only,48.0,52.002069103288335,43.0
Gampaha,2024-05-03,2024-05-04,1,validation,train_only,55.0,49.64678498751238,48.0
Gampaha,2024-05-10,2024-05-11,1,validation,train_only,70.0,53.97984127040902,55.0
Gampaha,2024-05-17,2024-05-18,1,validation,train_only,40.0,57.45047545580397,70.0
Gampaha,2024-05-24,2024-05-25,1,validation,train_only,48.0,46.57379080029309,40.0
Gampaha,2024-05-31,2024-06-01,1,validation,train_only,77.0,59.50144899276198,48.0
Gampaha,2024-06-07,2024-06-08,1,validation,train_only,105.0,71.63068243149966,77.0
Gampaha,2024-06-14,2024-06-15,1,validation,train_only,81.0,95.535242814418,105.0
Gampaha,2024-06-21,2024-06-22,1,validation,train_only,103.0,113.27972624018686,81.0
Gampaha,2024-06-28,2024-06-29,1,validation,train_only,139.0,110.54141888590085,103.0
Gampaha,2024-07-05,2024-07-06,1,validation,train_only,125.0,153.12446240189598,139.0
Gampaha,2024-07-12,2024-07-13,1,validation,train_only,129.0,115.0410402115918,125.0
Gampaha,2024-07-19,2024-07-20,1,validation,train_only,157.0,134.70792735603877,129.0
Gampaha,2024-07-26,2024-07-27,1,validation,train_only,148.0,156.16330806445836,157.0
Gampaha,2024-08-02,2024-08-03,1,validation,train_only,174.0,151.20039508041745,148.0
Gampaha,2024-08-09,2024-08-10,1,validation,train_only,123.0,168.30885889783818,174.0
Gampaha,2024-08-16,2024-08-17,1,validation,train_only,124.0,142.41763247937803,123.0
Gampaha,2024-08-23,2024-08-24,1,validation,train_only,122.0,119.17453090364664,124.0
Gampaha,2024-08-30,2024-08-31,1,validation,train_only,128.0,116.18313886165357,122.0
Gampaha,2024-09-06,2024-09-07,1,validation,train_only,84.0,127.15283099227737,128.0
Gampaha,2024-09-13,2024-09-14,1,validation,train_only,96.0,114.92658670849109,84.0
Gampaha,2024-09-20,2024-09-21,1,validation,train_only,91.0,91.59178686080804,96.0
Gampaha,2024-09-27,2024-09-28,1,validation,train_only,101.0,89.7506082432629,91.0
Gampaha,2024-10-04,2024-10-05,1,validation,train_only,120.0,96.35430134737076,101.0
Gampaha,2024-10-11,2024-10-12,1,validation,train_only,95.0,121.77332445002726,120.0
Gampaha,2024-10-18,2024-10-19,1,validation,train_only,98.0,95.56576251213164,95.0
Gampaha,2024-10-25,2024-10-26,1,validation,train_only,103.0,92.80326711146455,98.0
Gampaha,2024-11-01,2024-11-02,1,validation,train_only,111.0,104.99287122276891,103.0
Gampaha,2024-11-08,2024-11-09,1,validation,train_only,95.0,114.07684217624973,111.0
Gampaha,2024-11-15,2024-11-16,1,validation,train_only,153.0,97.42312781216653,95.0
Gampaha,2024-11-22,2024-11-23,1,validation,train_only,186.0,146.9379266893994,153.0
Gampaha,2024-11-29,2024-11-30,1,validation,train_only,133.0,197.66498486990716,186.0
Gampaha,2024-12-06,2024-12-07,1,validation,train_only,161.0,161.19063575281874,133.0
Gampaha,2024-12-13,2024-12-14,1,validation,train_only,103.0,165.58918783143045,161.0
Gampaha,2024-12-20,2024-12-21,1,validation,train_only,131.0,136.00937179482008,103.0
Gampaha,2024-12-27,2024-12-28,1,validation,train_only,186.0,128.0724959049444,131.0
Hambantota,2024-01-05,2024-01-06,1,validation,train_only,55.0,40.98724501528148,38.0
Hambantota,2024-01-12,2024-01-13,1,validation,train_only,33.0,48.444438306774096,55.0
Hambantota,2024-01-19,2024-01-20,1,validation,train_only,50.0,40.48918746976315,33.0
Hambantota,2024-01-26,2024-01-27,1,validation,train_only,37.0,42.73200097070009,50.0
Hambantota,2024-02-02,2024-02-03,1,validation,train_only,29.0,41.69871325383785,37.0
Hambantota,2024-02-09,2024-02-10,1,validation,train_only,14.0,32.95781523939244,29.0
Hambantota,2024-02-16,2024-02-17,1,validation,train_only,35.0,19.447736604076116,14.0
Hambantota,2024-02-23,2024-02-24,1,validation,train_only,18.0,28.432615321984983,35.0
Hambantota,2024-03-01,2024-03-02,1,validation,train_only,22.0,22.247206170335733,18.0
Hambantota,2024-03-08,2024-03-09,1,validation,train_only,27.0,19.072329926767413,22.0
Hambantota,2024-03-15,2024-03-16,1,validation,train_only,17.0,20.849886316420598,27.0
Hambantota,2024-03-22,2024-03-23,1,validation,train_only,29.0,17.36125493175114,17.0
Hambantota,2024-03-29,2024-03-30,1,validation,train_only,13.0,21.68674058369738,29.0
Hambantota,2024-04-05,2024-04-06,1,validation,train_only,10.0,17.281054807407685,13.0
Hambantota,2024-04-12,2024-04-13,1,validation,train_only,32.0,15.228613486598288,10.0
Hambantota,2024-04-19,2024-04-20,1,validation,train_only,12.0,24.054946845525293,32.0
Hambantota,2024-04-26,2024-04-27,1,validation,train_only,15.0,18.199867072357986,12.0
Hambantota,2024-05-03,2024-05-04,1,validation,train_only,18.0,18.104485997136543,15.0
Hambantota,2024-05-10,2024-05-11,1,validation,train_only,9.0,16.903253957860453,18.0
Hambantota,2024-05-17,2024-05-18,1,validation,train_only,6.0,13.54560645998544,9.0
Hambantota,2024-05-24,2024-05-25,1,validation,train_only,12.0,11.311190435862265,6.0
Hambantota,2024-05-31,2024-06-01,1,validation,train_only,16.0,11.500680941079873,12.0
Hambantota,2024-06-07,2024-06-08,1,validation,train_only,9.0,13.237740564428181,16.0
Hambantota,2024-06-14,2024-06-15,1,validation,train_only,8.0,13.334253217593854,9.0
Hambantota,2024-06-21,2024-06-22,1,validation,train_only,10.0,10.39497389383003,8.0
Hambantota,2024-06-28,2024-06-29,1,validation,train_only,12.0,10.483137539669672,10.0
Hambantota,2024-07-05,2024-07-06,1,validation,train_only,5.0,10.863489890177881,12.0
Hambantota,2024-07-12,2024-07-13,1,validation,train_only,15.0,7.2683671404646555,5.0
Hambantota,2024-07-19,2024-07-20,1,validation,train_only,14.0,10.628131571151822,15.0
Hambantota,2024-07-26,2024-07-27,1,validation,train_only,11.0,11.519094585674774,14.0
Hambantota,2024-08-02,2024-08-03,1,validation,train_only,5.0,12.513408347720889,11.0
Hambantota,2024-08-09,2024-08-10,1,validation,train_only,8.0,7.632953418356851,5.0
Hambantota,2024-08-16,2024-08-17,1,validation,train_only,11.0,7.084169080440917,8.0
Hambantota,2024-08-23,2024-08-24,1,validation,train_only,15.0,9.875103106671181,11.0
Hambantota,2024-08-30,2024-08-31,1,validation,train_only,10.0,11.841131976020174,15.0
Hambantota,2024-09-06,2024-09-07,1,validation,train_only,14.0,13.091417178277503,10.0
Hambantota,2024-09-13,2024-09-14,1,validation,train_only,10.0,13.479922749834135,14.0
Hambantota,2024-09-20,2024-09-21,1,validation,train_only,10.0,13.302666767751482,10.0
Hambantota,2024-09-27,2024-09-28,1,validation,train_only,10.0,11.688103957972599,10.0
Hambantota,2024-10-04,2024-10-05,1,validation,train_only,11.0,10.725808602133926,10.0
Hambantota,2024-10-11,2024-10-12,1,validation,train_only,14.0,11.237023551091266,11.0
Hambantota,2024-10-18,2024-10-19,1,validation,train_only,9.0,12.662198150944556,14.0
Hambantota,2024-10-25,2024-10-26,1,validation,train_only,10.0,11.119644726343093,9.0
Hambantota,2024-11-01,2024-11-02,1,validation,train_only,12.0,11.66989402972854,10.0
Hambantota,2024-11-08,2024-11-09,1,validation,train_only,4.0,11.16453485829774,12.0
Hambantota,2024-11-15,2024-11-16,1,validation,train_only,23.0,8.84694171193641,4.0
Hambantota,2024-11-22,2024-11-23,1,validation,train_only,6.0,19.516841899428673,23.0
Hambantota,2024-11-29,2024-11-30,1,validation,train_only,15.0,11.456149730732296,6.0
Hambantota,2024-12-06,2024-12-07,1,validation,train_only,12.0,14.567062226596049,15.0
Hambantota,2024-12-13,2024-12-14,1,validation,train_only,22.0,13.028786870541017,12.0
Hambantota,2024-12-20,2024-12-21,1,validation,train_only,21.0,20.788677237828253,22.0
Hambantota,2024-12-27,2024-12-28,1,validation,train_only,36.0,21.840860441821103,21.0
Jaffna,2024-01-05,2024-01-06,1,validation,train_only,805.0,674.8996759259257,623.0
Jaffna,2024-01-12,2024-01-13,1,validation,train_only,595.0,747.3358677248683,805.0
Jaffna,2024-01-19,2024-01-20,1,validation,train_only,746.0,631.8979259259257,595.0
Jaffna,2024-01-26,2024-01-27,1,validation,train_only,483.0,755.4004828042328,746.0
Jaffna,2024-02-02,2024-02-03,1,validation,train_only,410.0,476.61080719597163,483.0
Jaffna,2024-02-09,2024-02-10,1,validation,train_only,292.0,363.6209611762384,410.0
Jaffna,2024-02-16,2024-02-17,1,validation,train_only,224.0,269.9370321707788,292.0
Jaffna,2024-02-23,2024-02-24,1,validation,train_only,148.0,187.22803468864748,224.0
Jaffna,2024-03-01,2024-03-02,1,validation,train_only,143.0,130.32954004416086,148.0
Jaffna,2024-03-08,2024-03-09,1,validation,train_only,99.0,121.15077467974676,143.0
Jaffna,2024-03-15,2024-03-16,1,validation,train_only,67.0,90.95116898694664,99.0
Jaffna,2024-03-22,2024-03-23,1,validation,train_only,68.0,76.07584720164631,67.0
Jaffna,2024-03-29,2024-03-30,1,validation,train_only,60.0,65.35028706863412,68.0
Jaffna,2024-04-05,2024-04-06,1,validation,train_only,42.0,57.544548116881394,60.0
Jaffna,2024-04-12,2024-04-13,1,validation,train_only,34.0,48.03028587222487,42.0
Jaffna,2024-04-19,2024-04-20,1,validation,train_only,35.0,34.76802663301273,34.0
Jaffna,2024-04-26,2024-04-27,1,validation,train_only,28.0,30.340891999216552,35.0
Jaffna,2024-05-03,2024-05-04,1,validation,train_only,19.0,25.82415200402058,28.0
Jaffna,2024-05-10,2024-05-11,1,validation,train_only,16.0,21.125400846964123,19.0
Jaffna,2024-05-17,2024-05-18,1,validation,train_only,5.0,18.699149272702673,16.0
Jaffna,2024-05-24,2024-05-25,1,validation,train_only,23.0,14.818949770949748,5.0
Jaffna,2024-05-31,2024-06-01,1,validation,train_only,22.0,21.61672272936416,23.0
Jaffna,2024-06-07,2024-06-08,1,validation,train_only,18.0,23.250863661990344,22.0
Jaffna,2024-06-14,2024-06-15,1,validation,train_only,11.0,24.374478367493396,18.0
Jaffna,2024-06-21,2024-06-22,1,validation,train_only,20.0,17.980830904908863,11.0
Jaffna,2024-06-28,2024-06-29,1,validation,train_only,21.0,27.281126172908063,20.0
Jaffna,2024-07-05,2024-07-06,1,validation,train_only,15.0,24.231928316487327,21.0
Jaffna,2024-07-12,2024-07-13,1,validation,train_only,18.0,16.911759010474114,15.0
Jaffna,2024-07-19,2024-07-20,1,validation,train_only,10.0,17.868177725258512,18.0
Jaffna,2024-07-26,2024-07-27,1,validation,train_only,13.0,14.816934921909775,10.0
Jaffna,2024-08-02,2024-08-03,1,validation,train_only,6.0,13.312207797193699,13.0
Jaffna,2024-08-09,2024-08-10,1,validation,train_only,11.0,9.22344860462218,6.0
Jaffna,2024-08-16,2024-08-17,1,validation,train_only,16.0,10.460225854721713,11.0
Jaffna,2024-08-23,2024-08-24,1,validation,train_only,15.0,14.236301859361495,16.0
Jaffna,2024-08-30,2024-08-31,1,validation,train_only,8.0,13.790960804932892,15.0
Jaffna,2024-09-06,2024-09-07,1,validation,train_only,11.0,10.85268624987517,8.0
Jaffna,2024-09-13,2024-09-14,1,validation,train_only,8.0,12.80084346679939,11.0
Jaffna,2024-09-20,2024-09-21,1,validation,train_only,15.0,8.54617235866785,8.0
Jaffna,2024-09-27,2024-09-28,1,validation,train_only,11.0,12.13760478329167,15.0
Jaffna,2024-10-04,2024-10-05,1,validation,train_only,10.0,11.602674668940416,11.0
Jaffna,2024-10-11,2024-10-12,1,validation,train_only,11.0,13.139276213874169,10.0
Jaffna,2024-10-18,2024-10-19,1,validation,train_only,7.0,12.219220948124725,11.0
Jaffna,2024-10-25,2024-10-26,1,validation,train_only,30.0,9.362395613393204,7.0
Jaffna,2024-11-01,2024-11-02,1,validation,train_only,26.0,23.709892958035592,30.0
Jaffna,2024-11-08,2024-11-09,1,validation,train_only,25.0,26.542649920687772,26.0
Jaffna,2024-11-15,2024-11-16,1,validation,train_only,37.0,27.97439737535425,25.0
Jaffna,2024-11-22,2024-11-23,1,validation,train_only,47.0,40.08940377535899,37.0
Jaffna,2024-11-29,2024-11-30,1,validation,train_only,35.0,56.87251536735322,47.0
Jaffna,2024-12-06,2024-12-07,1,validation,train_only,60.0,43.83224901658668,35.0
Jaffna,2024-12-13,2024-12-14,1,validation,train_only,76.0,54.954757386369614,60.0
Jaffna,2024-12-20,2024-12-21,1,validation,train_only,76.0,77.39412274525577,76.0
Jaffna,2024-12-27,2024-12-28,1,validation,train_only,58.0,86.34039884132764,76.0
Kalutara,2024-01-05,2024-01-06,1,validation,train_only,103.0,118.08168225087255,77.0
Kalutara,2024-01-12,2024-01-13,1,validation,train_only,105.0,109.5778906382642,103.0
Kalutara,2024-01-19,2024-01-20,1,validation,train_only,96.0,102.63052270824312,105.0
Kalutara,2024-01-26,2024-01-27,1,validation,train_only,118.0,85.79199740838963,96.0
Kalutara,2024-02-02,2024-02-03,1,validation,train_only,113.0,115.65857641267836,118.0
Kalutara,2024-02-09,2024-02-10,1,validation,train_only,81.0,111.80326867889264,113.0
Kalutara,2024-02-16,2024-02-17,1,validation,train_only,77.0,79.12199613051985,81.0
Kalutara,2024-02-23,2024-02-24,1,validation,train_only,54.0,70.52376823634185,77.0
Kalutara,2024-03-01,2024-03-02,1,validation,train_only,43.0,50.498570445197416,54.0
Kalutara,2024-03-08,2024-03-09,1,validation,train_only,91.0,44.81861653801882,43.0
Kalutara,2024-03-15,2024-03-16,1,validation,train_only,78.0,75.82894017243218,91.0
Kalutara,2024-03-22,2024-03-23,1,validation,train_only,69.0,71.38095663812578,78.0
Kalutara,2024-03-29,2024-03-30,1,validation,train_only,50.0,63.7128102862416,69.0
Kalutara,2024-04-05,2024-04-06,1,validation,train_only,35.0,59.22980491764954,50.0
Kalutara,2024-04-12,2024-04-13,1,validation,train_only,37.0,44.146747215072644,35.0
Kalutara,2024-04-19,2024-04-20,1,validation,train_only,24.0,37.213133917577814,37.0
Kalutara,2024-04-26,2024-04-27,1,validation,train_only,41.0,31.804435328444523,24.0
Kalutara,2024-05-03,2024-05-04,1,validation,train_only,31.0,38.73139296526865,41.0
Kalutara,2024-05-10,2024-05-11,1,validation,train_only,50.0,34.005137543879925,31.0
Kalutara,2024-05-17,2024-05-18,1,validation,train_only,32.0,49.58076820872347,50.0
Kalutara,2024-05-24,2024-05-25,1,validation,train_only,41.0,41.16981978303151,32.0
Kalutara,2024-05-31,2024-06-01,1,validation,train_only,41.0,49.573859975374724,41.0
Kalutara,2024-06-07,2024-06-08,1,validation,train_only,50.0,47.29625090667044,41.0
Kalutara,2024-06-14,2024-06-15,1,validation,train_only,46.0,55.10191312370243,50.0
Kalutara,2024-06-21,2024-06-22,1,validation,train_only,63.0,61.58264988747109,46.0
Kalutara,2024-06-28,2024-06-29,1,validation,train_only,60.0,58.47424201862284,63.0
Kalutara,2024-07-05,2024-07-06,1,validation,train_only,68.0,63.77976634541171,60.0
Kalutara,2024-07-12,2024-07-13,1,validation,train_only,55.0,60.65942140703164,68.0
Kalutara,2024-07-19,2024-07-20,1,validation,train_only,65.0,58.13787368437319,55.0
Kalutara,2024-07-26,2024-07-27,1,validation,train_only,27.0,59.80686715212282,65.0
Kalutara,2024-08-02,2024-08-03,1,validation,train_only,50.0,37.18195853029868,27.0
Kalutara,2024-08-09,2024-08-10,1,validation,train_only,48.0,49.155502418194054,50.0
Kalutara,2024-08-16,2024-08-17,1,validation,train_only,43.0,51.18194648225756,48.0
Kalutara,2024-08-23,2024-08-24,1,validation,train_only,57.0,51.08483936200038,43.0
Kalutara,2024-08-30,2024-08-31,1,validation,train_only,39.0,55.70103615964107,57.0
Kalutara,2024-09-06,2024-09-07,1,validation,train_only,23.0,43.289748624861566,39.0
Kalutara,2024-09-13,2024-09-14,1,validation,train_only,34.0,33.877792328869205,23.0
Kalutara,2024-09-20,2024-09-21,1,validation,train_only,48.0,36.4970826815282,34.0
Kalutara,2024-09-27,2024-09-28,1,validation,train_only,44.0,47.903185221741566,48.0
Kalutara,2024-10-04,2024-10-05,1,validation,train_only,44.0,53.6917348717798,44.0
Kalutara,2024-10-11,2024-10-12,1,validation,train_only,36.0,47.923060589753895,44.0
Kalutara,2024-10-18,2024-10-19,1,validation,train_only,31.0,40.402527243497666,36.0
Kalutara,2024-10-25,2024-10-26,1,validation,train_only,40.0,34.285385035489654,31.0
Kalutara,2024-11-01,2024-11-02,1,validation,train_only,36.0,37.85881965415565,40.0
Kalutara,2024-11-08,2024-11-09,1,validation,train_only,23.0,35.96090900089329,36.0
Kalutara,2024-11-15,2024-11-16,1,validation,train_only,30.0,31.302190340492167,23.0
Kalutara,2024-11-22,2024-11-23,1,validation,train_only,34.0,30.317896601717244,30.0
Kalutara,2024-11-29,2024-11-30,1,validation,train_only,28.0,37.88852000133477,34.0
Kalutara,2024-12-06,2024-12-07,1,validation,train_only,32.0,31.176484144902453,28.0
Kalutara,2024-12-13,2024-12-14,1,validation,train_only,49.0,30.522887202934854,32.0
Kalutara,2024-12-20,2024-12-21,1,validation,train_only,34.0,48.227199406819366,49.0
Kalutara,2024-12-27,2024-12-28,1,validation,train_only,65.0,41.336853976610335,34.0
Kandy,2024-01-05,2024-01-06,1,validation,train_only,199.0,234.6756811205395,237.0
Kandy,2024-01-12,2024-01-13,1,validation,train_only,165.0,208.8098694386481,199.0
Kandy,2024-01-19,2024-01-20,1,validation,train_only,186.0,171.69620951070158,165.0
Kandy,2024-01-26,2024-01-27,1,validation,train_only,126.0,190.24934930159205,186.0
Kandy,2024-02-02,2024-02-03,1,validation,train_only,126.0,130.74861968031067,126.0
Kandy,2024-02-09,2024-02-10,1,validation,train_only,86.0,193.7878987745625,126.0
Kandy,2024-02-16,2024-02-17,1,validation,train_only,83.0,85.25502895899548,86.0
Kandy,2024-02-23,2024-02-24,1,validation,train_only,58.0,74.35007587681507,83.0
Kandy,2024-03-01,2024-03-02,1,validation,train_only,68.0,54.161748374038716,58.0
Kandy,2024-03-08,2024-03-09,1,validation,train_only,59.0,56.451142379113556,68.0
Kandy,2024-03-15,2024-03-16,1,validation,train_only,42.0,52.621959013028714,59.0
Kandy,2024-03-22,2024-03-23,1,validation,train_only,51.0,45.137414868825836,42.0
Kandy,2024-03-29,2024-03-30,1,validation,train_only,47.0,47.09195096483824,51.0
Kandy,2024-04-05,2024-04-06,1,validation,train_only,44.0,51.03717580112389,47.0
Kandy,2024-04-12,2024-04-13,1,validation,train_only,73.0,42.922954876737094,44.0
Kandy,2024-04-19,2024-04-20,1,validation,train_only,64.0,57.38835577696528,73.0
Kandy,2024-04-26,2024-04-27,1,validation,train_only,66.0,60.49888232700723,64.0
Kandy,2024-05-03,2024-05-04,1,validation,train_only,71.0,57.08142532100212,66.0
Kandy,2024-05-10,2024-05-11,1,validation,train_only,98.0,59.302031938749096,71.0
Kandy,2024-05-17,2024-05-18,1,validation,train_only,62.0,94.84703005478892,98.0
Kandy,2024-05-24,2024-05-25,1,validation,train_only,66.0,76.78736693232037,62.0
Kandy,2024-05-31,2024-06-01,1,validation,train_only,69.0,68.47974374179368,66.0
Kandy,2024-06-07,2024-06-08,1,validation,train_only,70.0,63.1662663031437,69.0
Kandy,2024-06-14,2024-06-15,1,validation,train_only,85.0,66.95493837029113,70.0
Kandy,2024-06-21,2024-06-22,1,validation,train_only,91.0,80.4216538822466,85.0
Kandy,2024-06-28,2024-06-29,1,validation,train_only,110.0,86.72814654386278,91.0
Kandy,2024-07-05,2024-07-06,1,validation,train_only,141.0,112.74712944558578,110.0
Kandy,2024-07-12,2024-07-13,1,validation,train_only,105.0,133.80636979978857,141.0
Kandy,2024-07-19,2024-07-20,1,validation,train_only,120.0,98.17803225301718,105.0
Kandy,2024-07-26,2024-07-27,1,validation,train_only,107.0,115.48785229173869,120.0
Kandy,2024-08-02,2024-08-03,1,validation,train_only,120.0,94.96930125197332,107.0
Kandy,2024-08-09,2024-08-10,1,validation,train_only,114.0,109.83104906664386,120.0
Kandy,2024-08-16,2024-08-17,1,validation,train_only,72.0,112.1225083302785,114.0
Kandy,2024-08-23,2024-08-24,1,validation,train_only,94.0,83.4290137693177,72.0
Kandy,2024-08-30,2024-08-31,1,validation,train_only,73.0,82.87823862486351,94.0
Kandy,2024-09-06,2024-09-07,1,validation,train_only,76.0,73.94210157284323,73.0
Kandy,2024-09-13,2024-09-14,1,validation,train_only,64.0,73.49380169315397,76.0
Kandy,2024-09-20,2024-09-21,1,validation,train_only,75.0,62.74327338852244,64.0
Kandy,2024-09-27,2024-09-28,1,validation,train_only,58.0,64.87108479882592,75.0
Kandy,2024-10-04,2024-10-05,1,validation,train_only,59.0,53.05034136319666,58.0
Kandy,2024-10-11,2024-10-12,1,validation,train_only,68.0,55.61201723815383,59.0
Kandy,2024-10-18,2024-10-19,1,validation,train_only,74.0,57.16963741576287,68.0
Kandy,2024-10-25,2024-10-26,1,validation,train_only,66.0,65.48209064406065,74.0
Kandy,2024-11-01,2024-11-02,1,validation,train_only,70.0,64.2436431622851,66.0
Kandy,2024-11-08,2024-11-09,1,validation,train_only,68.0,61.723757155342525,70.0
Kandy,2024-11-15,2024-11-16,1,validation,train_only,84.0,62.120843262479234,68.0
Kandy,2024-11-22,2024-11-23,1,validation,train_only,63.0,75.2853136566618,84.0
Kandy,2024-11-29,2024-11-30,1,validation,train_only,71.0,72.21571097666434,63.0
Kandy,2024-12-06,2024-12-07,1,validation,train_only,73.0,65.7453449199326,71.0
Kandy,2024-12-13,2024-12-14,1,validation,train_only,57.0,60.000574620252316,73.0
Kandy,2024-12-20,2024-12-21,1,validation,train_only,76.0,65.62550527454249,57.0
Kandy,2024-12-27,2024-12-28,1,validation,train_only,66.0,96.16548281030765,76.0
Kegalle,2024-01-05,2024-01-06,1,validation,train_only,104.0,111.01195868356557,112.0
Kegalle,2024-01-12,2024-01-13,1,validation,train_only,77.0,105.91549583896615,104.0
Kegalle,2024-01-19,2024-01-20,1,validation,train_only,91.0,79.96554300734036,77.0
Kegalle,2024-01-26,2024-01-27,1,validation,train_only,73.0,76.74156793962949,91.0
Kegalle,2024-02-02,2024-02-03,1,validation,train_only,89.0,72.57063322694239,73.0
Kegalle,2024-02-09,2024-02-10,1,validation,train_only,48.0,78.85601768270281,89.0
Kegalle,2024-02-16,2024-02-17,1,validation,train_only,71.0,53.20516557505634,48.0
Kegalle,2024-02-23,2024-02-24,1,validation,train_only,43.0,52.82846440612529,71.0
Kegalle,2024-03-01,2024-03-02,1,validation,train_only,34.0,45.66830944716589,43.0
Kegalle,2024-03-08,2024-03-09,1,validation,train_only,44.0,35.14946299037442,34.0
Kegalle,2024-03-15,2024-03-16,1,validation,train_only,35.0,38.21463187112508,44.0
Kegalle,2024-03-22,2024-03-23,1,validation,train_only,30.0,38.43154415040208,35.0
Kegalle,2024-03-29,2024-03-30,1,validation,train_only,25.0,31.48775970380998,30.0
Kegalle,2024-04-05,2024-04-06,1,validation,train_only,25.0,24.36190375256791,25.0
Kegalle,2024-04-12,2024-04-13,1,validation,train_only,23.0,24.180253793749866,25.0
Kegalle,2024-04-19,2024-04-20,1,validation,train_only,42.0,23.167225601141183,23.0
Kegalle,2024-04-26,2024-04-27,1,validation,train_only,36.0,35.95205220263031,42.0
Kegalle,2024-05-03,2024-05-04,1,validation,train_only,56.0,32.542586310147904,36.0
Kegalle,2024-05-10,2024-05-11,1,validation,train_only,48.0,48.689637380319795,56.0
Kegalle,2024-05-17,2024-05-18,1,validation,train_only,28.0,53.659608411077684,48.0
Kegalle,2024-05-24,2024-05-25,1,validation,train_only,49.0,41.31937236174677,28.0
Kegalle,2024-05-31,2024-06-01,1,validation,train_only,31.0,49.964915962776786,49.0
Kegalle,2024-06-07,2024-06-08,1,validation,train_only,36.0,42.021549669996126,31.0
Kegalle,2024-06-14,2024-06-15,1,validation,train_only,24.0,37.792466980913126,36.0
Kegalle,2024-06-21,2024-06-22,1,validation,train_only,40.0,36.59884389301261,24.0
Kegalle,2024-06-28,2024-06-29,1,validation,train_only,38.0,39.1846099830979,40.0
Kegalle,2024-07-05,2024-07-06,1,validation,train_only,35.0,36.107977109839574,38.0
Kegalle,2024-07-12,2024-07-13,1,validation,train_only,35.0,35.16383519783602,35.0
Kegalle,2024-07-19,2024-07-20,1,validation,train_only,19.0,35.81378206274958,35.0
Kegalle,2024-07-26,2024-07-27,1,validation,train_only,39.0,31.208529317431264,19.0
Kegalle,2024-08-02,2024-08-03,1,validation,train_only,20.0,33.39246819518894,39.0
Kegalle,2024-08-09,2024-08-10,1,validation,train_only,37.0,29.20105610575541,20.0
Kegalle,2024-08-16,2024-08-17,1,validation,train_only,77.0,36.86354015334526,37.0
Kegalle,2024-08-23,2024-08-24,1,validation,train_only,23.0,72.03315792466348,77.0
Kegalle,2024-08-30,2024-08-31,1,validation,train_only,38.0,47.2775607852842,23.0
Kegalle,2024-09-06,2024-09-07,1,validation,train_only,37.0,36.981698603908356,38.0
Kegalle,2024-09-13,2024-09-14,1,validation,train_only,26.0,42.977704823443716,37.0
Kegalle,2024-09-20,2024-09-21,1,validation,train_only,25.0,33.38054658866226,26.0
Kegalle,2024-09-27,2024-09-28,1,validation,train_only,15.0,26.908288316702343,25.0
Kegalle,2024-10-04,2024-10-05,1,validation,train_only,13.0,25.970433364394513,15.0
Kegalle,2024-10-11,2024-10-12,1,validation,train_only,20.0,18.963003278857244,13.0
Kegalle,2024-10-18,2024-10-19,1,validation,train_only,24.0,20.538899183770546,20.0
Kegalle,2024-10-25,2024-10-26,1,validation,train_only,8.0,22.837818076666945,24.0
Kegalle,2024-11-01,2024-11-02,1,validation,train_only,21.0,15.686835352137672,8.0
Kegalle,2024-11-08,2024-11-09,1,validation,train_only,16.0,21.17759855940559,21.0
Kegalle,2024-11-15,2024-11-16,1,validation,train_only,26.0,17.500311064805278,16.0
Kegalle,2024-11-22,2024-11-23,1,validation,train_only,23.0,22.03685956053921,26.0
Kegalle,2024-11-29,2024-11-30,1,validation,train_only,21.0,24.87062014305053,23.0
Kegalle,2024-12-06,2024-12-07,1,validation,train_only,14.0,24.740804513595645,21.0
Kegalle,2024-12-13,2024-12-14,1,validation,train_only,17.0,22.335631632580867,14.0
Kegalle,2024-12-20,2024-12-21,1,validation,train_only,44.0,21.957142425813252,17.0
Kegalle,2024-12-27,2024-12-28,1,validation,train_only,64.0,45.46961365359352,44.0
Kilinochchi,2024-01-05,2024-01-06,1,validation,train_only,52.0,28.02969817405821,29.0
Kilinochchi,2024-01-12,2024-01-13,1,validation,train_only,20.0,45.58116504753807,52.0
Kilinochchi,2024-01-19,2024-01-20,1,validation,train_only,41.0,33.86126221990511,20.0
Kilinochchi,2024-01-26,2024-01-27,1,validation,train_only,22.0,38.150731222158065,41.0
Kilinochchi,2024-02-02,2024-02-03,1,validation,train_only,26.0,25.90142775617804,22.0
Kilinochchi,2024-02-09,2024-02-10,1,validation,train_only,22.0,23.64763101918982,26.0
Kilinochchi,2024-02-16,2024-02-17,1,validation,train_only,12.0,20.79050629965584,22.0
Kilinochchi,2024-02-23,2024-02-24,1,validation,train_only,9.0,16.1218342759168,12.0
Kilinochchi,2024-03-01,2024-03-02,1,validation,train_only,8.0,12.459694361783617,9.0
Kilinochchi,2024-03-08,2024-03-09,1,validation,train_only,8.0,8.80588723974736,8.0
Kilinochchi,2024-03-15,2024-03-16,1,validation,train_only,7.0,7.358076130832966,8.0
Kilinochchi,2024-03-22,2024-03-23,1,validation,train_only,2.0,6.475251485446448,7.0
Kilinochchi,2024-03-29,2024-03-30,1,validation,train_only,3.0,5.059860712129561,2.0
Kilinochchi,2024-04-05,2024-04-06,1,validation,train_only,3.0,3.5657219053499065,3.0
Kilinochchi,2024-04-12,2024-04-13,1,validation,train_only,4.0,3.095029883407387,3.0
Kilinochchi,2024-04-19,2024-04-20,1,validation,train_only,0.0,2.62793772891619,4.0
Kilinochchi,2024-04-26,2024-04-27,1,validation,train_only,0.0,2.53944773621325,0.0
Kilinochchi,2024-05-03,2024-05-04,1,validation,train_only,0.0,2.357916485110826,0.0
Kilinochchi,2024-05-10,2024-05-11,1,validation,train_only,1.0,2.655031217183019,0.0
Kilinochchi,2024-05-17,2024-05-18,1,validation,train_only,0.0,1.7683597158795055,1.0
Kilinochchi,2024-05-24,2024-05-25,1,validation,train_only,0.0,0.5786076107196994,0.0
Kilinochchi,2024-05-31,2024-06-01,1,validation,train_only,0.0,0.6401319170848638,0.0
Kilinochchi,2024-06-07,2024-06-08,1,validation,train_only,0.0,0.6863359342483765,0.0
Kilinochchi,2024-06-14,2024-06-15,1,validation,train_only,0.0,0.997639707827788,0.0
Kilinochchi,2024-06-21,2024-06-22,1,validation,train_only,0.0,0.7672809609988805,0.0
Kilinochchi,2024-06-28,2024-06-29,1,validation,train_only,0.0,0.577664350143788,0.0
Kilinochchi,2024-07-05,2024-07-06,1,validation,train_only,0.0,0.5488253233322009,0.0
Kilinochchi,2024-07-12,2024-07-13,1,validation,train_only,2.0,0.49452328199157203,0.0
Kilinochchi,2024-07-19,2024-07-20,1,validation,train_only,1.0,0.8040723282675569,2.0
Kilinochchi,2024-07-26,2024-07-27,1,validation,train_only,1.0,0.713664341654531,1.0
Kilinochchi,2024-08-02,2024-08-03,1,validation,train_only,6.0,1.0976631863039394,1.0
Kilinochchi,2024-08-09,2024-08-10,1,validation,train_only,3.0,2.7541012697562723,6.0
Kilinochchi,2024-08-16,2024-08-17,1,validation,train_only,3.0,2.722692660830457,3.0
Kilinochchi,2024-08-23,2024-08-24,1,validation,train_only,1.0,2.403218602277929,3.0
Kilinochchi,2024-08-30,2024-08-31,1,validation,train_only,0.0,2.4078023535469555,1.0
Kilinochchi,2024-09-06,2024-09-07,1,validation,train_only,0.0,2.3351252049429836,0.0
Kilinochchi,2024-09-13,2024-09-14,1,validation,train_only,0.0,1.678189568243189,0.0
Kilinochchi,2024-09-20,2024-09-21,1,validation,train_only,2.0,1.2967034805523725,0.0
Kilinochchi,2024-09-27,2024-09-28,1,validation,train_only,2.0,0.8655401980522889,2.0
Kilinochchi,2024-10-04,2024-10-05,1,validation,train_only,0.0,0.9966285061145425,2.0
Kilinochchi,2024-10-11,2024-10-12,1,validation,train_only,1.0,1.64269597976727,0.0
Kilinochchi,2024-10-18,2024-10-19,1,validation,train_only,1.0,1.383064549880709,1.0
Kilinochchi,2024-10-25,2024-10-26,1,validation,train_only,3.0,1.7199978230115542,1.0
Kilinochchi,2024-11-01,2024-11-02,1,validation,train_only,5.0,1.7969121345718433,3.0
Kilinochchi,2024-11-08,2024-11-09,1,validation,train_only,3.0,4.431945027847347,5.0
Kilinochchi,2024-11-15,2024-11-16,1,validation,train_only,0.0,3.6108932720076163,3.0
Kilinochchi,2024-11-22,2024-11-23,1,validation,train_only,1.0,3.8526283462155586,0.0
Kilinochchi,2024-11-29,2024-11-30,1,validation,train_only,1.0,3.573358056180266,1.0
Kilinochchi,2024-12-06,2024-12-07,1,validation,train_only,8.0,3.561326125425845,1.0
Kilinochchi,2024-12-13,2024-12-14,1,validation,train_only,6.0,11.060669446240281,8.0
Kilinochchi,2024-12-20,2024-12-21,1,validation,train_only,5.0,8.710363007703092,6.0
Kilinochchi,2024-12-27,2024-12-28,1,validation,train_only,5.0,8.732957543630892,5.0
Kurunegala,2024-01-05,2024-01-06,1,validation,train_only,127.0,164.1196433708121,155.0
Kurunegala,2024-01-12,2024-01-13,1,validation,train_only,62.0,118.33108758276263,127.0
Kurunegala,2024-01-19,2024-01-20,1,validation,train_only,135.0,86.47585369165542,62.0
Kurunegala,2024-01-26,2024-01-27,1,validation,train_only,103.0,113.39010378048222,135.0
Kurunegala,2024-02-02,2024-02-03,1,validation,train_only,108.0,90.19959938567405,103.0
Kurunegala,2024-02-09,2024-02-10,1,validation,train_only,26.0,93.01650912931764,108.0
Kurunegala,2024-02-16,2024-02-17,1,validation,train_only,61.0,63.830734636271835,26.0
Kurunegala,2024-02-23,2024-02-24,1,validation,train_only,58.0,50.001686002037644,61.0
Kurunegala,2024-03-01,2024-03-02,1,validation,train_only,67.0,47.763670002775996,58.0
Kurunegala,2024-03-08,2024-03-09,1,validation,train_only,50.0,53.29102909167037,67.0
Kurunegala,2024-03-15,2024-03-16,1,validation,train_only,29.0,49.198199302814864,50.0
Kurunegala,2024-03-22,2024-03-23,1,validation,train_only,19.0,40.533330797689224,29.0
Kurunegala,2024-03-29,2024-03-30,1,validation,train_only,26.0,22.49032680630421,19.0
Kurunegala,2024-04-05,2024-04-06,1,validation,train_only,6.0,22.580161068311202,26.0
Kurunegala,2024-04-12,2024-04-13,1,validation,train_only,21.0,14.724063879489227,6.0
Kurunegala,2024-04-19,2024-04-20,1,validation,train_only,20.0,18.161138151783405,21.0
Kurunegala,2024-04-26,2024-04-27,1,validation,train_only,19.0,19.353032923289035,20.0
Kurunegala,2024-05-03,2024-05-04,1,validation,train_only,34.0,18.854104131948564,19.0
Kurunegala,2024-05-10,2024-05-11,1,validation,train_only,44.0,30.68965817622425,34.0
Kurunegala,2024-05-17,2024-05-18,1,validation,train_only,39.0,43.99467619689682,44.0
Kurunegala,2024-05-24,2024-05-25,1,validation,train_only,39.0,38.96788116494568,39.0
Kurunegala,2024-05-31,2024-06-01,1,validation,train_only,37.0,40.023125528462884,39.0
Kurunegala,2024-06-07,2024-06-08,1,validation,train_only,36.0,39.3810035355368,37.0
Kurunegala,2024-06-14,2024-06-15,1,validation,train_only,21.0,39.18595504059853,36.0
Kurunegala,2024-06-21,2024-06-22,1,validation,train_only,47.0,36.06032376774617,21.0
Kurunegala,2024-06-28,2024-06-29,1,validation,train_only,39.0,48.01165712843318,47.0
Kurunegala,2024-07-05,2024-07-06,1,validation,train_only,32.0,37.92572458775174,39.0
Kurunegala,2024-07-12,2024-07-13,1,validation,train_only,38.0,34.99218053722163,32.0
Kurunegala,2024-07-19,2024-07-20,1,validation,train_only,27.0,37.31314406951355,38.0
Kurunegala,2024-07-26,2024-07-27,1,validation,train_only,61.0,32.90998827668304,27.0
Kurunegala,2024-08-02,2024-08-03,1,validation,train_only,39.0,48.41803604339857,61.0
Kurunegala,2024-08-09,2024-08-10,1,validation,train_only,31.0,39.54771346358173,39.0
Kurunegala,2024-08-16,2024-08-17,1,validation,train_only,20.0,37.43018812520348,31.0
Kurunegala,2024-08-23,2024-08-24,1,validation,train_only,20.0,31.051799276410662,20.0
Kurunegala,2024-08-30,2024-08-31,1,validation,train_only,21.0,35.81556847729842,20.0
Kurunegala,2024-09-06,2024-09-07,1,validation,train_only,26.0,26.049453042167535,21.0
Kurunegala,2024-09-13,2024-09-14,1,validation,train_only,22.0,26.144836569733336,26.0
Kurunegala,2024-09-20,2024-09-21,1,validation,train_only,28.0,24.039862734812584,22.0
Kurunegala,2024-09-27,2024-09-28,1,validation,train_only,17.0,23.74555362790039,28.0
Kurunegala,2024-10-04,2024-10-05,1,validation,train_only,16.0,25.780023191297392,17.0
Kurunegala,2024-10-11,2024-10-12,1,validation,train_only,16.0,20.710497170370118,16.0
Kurunegala,2024-10-18,2024-10-19,1,validation,train_only,21.0,17.277397913666437,16.0
Kurunegala,2024-10-25,2024-10-26,1,validation,train_only,30.0,21.359808018602106,21.0
Kurunegala,2024-11-01,2024-11-02,1,validation,train_only,20.0,25.102393724130792,30.0
Kurunegala,2024-11-08,2024-11-09,1,validation,train_only,14.0,25.586771371691352,20.0
Kurunegala,2024-11-15,2024-11-16,1,validation,train_only,25.0,20.838691302124353,14.0
Kurunegala,2024-11-22,2024-11-23,1,validation,train_only,20.0,22.84414756543148,25.0
Kurunegala,2024-11-29,2024-11-30,1,validation,train_only,17.0,23.415977061578634,20.0
Kurunegala,2024-12-06,2024-12-07,1,validation,train_only,14.0,20.031422502054912,17.0
Kurunegala,2024-12-13,2024-12-14,1,validation,train_only,25.0,20.97649415626397,14.0
Kurunegala,2024-12-20,2024-12-21,1,validation,train_only,26.0,26.84814690156207,25.0
Kurunegala,2024-12-27,2024-12-28,1,validation,train_only,26.0,25.81038773996099,26.0
Mannar,2024-01-05,2024-01-06,1,validation,train_only,35.0,43.642958868869904,53.0
Mannar,2024-01-12,2024-01-13,1,validation,train_only,13.0,35.85202579348749,35.0
Mannar,2024-01-19,2024-01-20,1,validation,train_only,10.0,27.96005320292731,13.0
Mannar,2024-01-26,2024-01-27,1,validation,train_only,19.0,19.34868655346892,10.0
Mannar,2024-02-02,2024-02-03,1,validation,train_only,21.0,20.250188753926963,19.0
Mannar,2024-02-09,2024-02-10,1,validation,train_only,2.0,20.262972927571983,21.0
Mannar,2024-02-16,2024-02-17,1,validation,train_only,4.0,10.593168334937888,2.0
Mannar,2024-02-23,2024-02-24,1,validation,train_only,4.0,6.546965389144758,4.0
Mannar,2024-03-01,2024-03-02,1,validation,train_only,4.0,4.583052224780947,4.0
Mannar,2024-03-08,2024-03-09,1,validation,train_only,1.0,4.6299630562518255,4.0
Mannar,2024-03-15,2024-03-16,1,validation,train_only,1.0,2.8298854282893178,1.0
Mannar,2024-03-22,2024-03-23,1,validation,train_only,2.0,2.1614199250741803,1.0
Mannar,2024-03-29,2024-03-30,1,validation,train_only,1.0,1.9162248529712986,2.0
Mannar,2024-04-05,2024-04-06,1,validation,train_only,2.0,1.6776557644766141,1.0
Mannar,2024-04-12,2024-04-13,1,validation,train_only,1.0,1.6578631001279471,2.0
Mannar,2024-04-19,2024-04-20,1,validation,train_only,9.0,1.5826090902387993,1.0
Mannar,2024-04-26,2024-04-27,1,validation,train_only,1.0,5.1213234050942775,9.0
Mannar,2024-05-03,2024-05-04,1,validation,train_only,1.0,3.8656028497538135,1.0
Mannar,2024-05-10,2024-05-11,1,validation,train_only,0.0,3.0859359380603077,1.0
Mannar,2024-05-17,2024-05-18,1,validation,train_only,0.0,3.1908590122860288,0.0
Mannar,2024-05-24,2024-05-25,1,validation,train_only,2.0,2.6190415581563578,0.0
Mannar,2024-05-31,2024-06-01,1,validation,train_only,2.0,1.0771370634723656,2.0
Mannar,2024-06-07,2024-06-08,1,validation,train_only,1.0,2.0998791470014058,2.0
Mannar,2024-06-14,2024-06-15,1,validation,train_only,1.0,2.720550725329463,1.0
Mannar,2024-06-21,2024-06-22,1,validation,train_only,3.0,2.379541993534685,1.0
Mannar,2024-06-28,2024-06-29,1,validation,train_only,2.0,2.7198618044583442,3.0
Mannar,2024-07-05,2024-07-06,1,validation,train_only,2.0,2.137934961833988,2.0
Mannar,2024-07-12,2024-07-13,1,validation,train_only,5.0,1.979442753649369,2.0
Mannar,2024-07-19,2024-07-20,1,validation,train_only,5.0,3.7231965045028588,5.0
Mannar,2024-07-26,2024-07-27,1,validation,train_only,8.0,4.603256659832479,5.0
Mannar,2024-08-02,2024-08-03,1,validation,train_only,3.0,5.950995569299048,8.0
Mannar,2024-08-09,2024-08-10,1,validation,train_only,10.0,4.223368582889146,3.0
Mannar,2024-08-16,2024-08-17,1,validation,train_only,10.0,8.138040253579579,10.0
Mannar,2024-08-23,2024-08-24,1,validation,train_only,8.0,10.291878133186776,10.0
Mannar,2024-08-30,2024-08-31,1,validation,train_only,3.0,8.46641532868715,8.0
Mannar,2024-09-06,2024-09-07,1,validation,train_only,11.0,6.401881499825443,3.0
Mannar,2024-09-13,2024-09-14,1,validation,train_only,14.0,10.86764228209699,11.0
Mannar,2024-09-20,2024-09-21,1,validation,train_only,4.0,13.414523933894632,14.0
Mannar,2024-09-27,2024-09-28,1,validation,train_only,2.0,6.975776256639313,4.0
Mannar,2024-10-04,2024-10-05,1,validation,train_only,2.0,5.8040663717018495,2.0
Mannar,2024-10-11,2024-10-12,1,validation,train_only,5.0,4.770605644268283,2.0
Mannar,2024-10-18,2024-10-19,1,validation,train_only,7.0,5.1574723386156665,5.0
Mannar,2024-10-25,2024-10-26,1,validation,train_only,5.0,5.633897806400786,7.0
Mannar,2024-11-01,2024-11-02,1,validation,train_only,3.0,6.744748901693403,5.0
Mannar,2024-11-08,2024-11-09,1,validation,train_only,5.0,5.773284301377717,3.0
Mannar,2024-11-15,2024-11-16,1,validation,train_only,6.0,7.6875189681237,5.0
Mannar,2024-11-22,2024-11-23,1,validation,train_only,6.0,8.077837865539765,6.0
Mannar,2024-11-29,2024-11-30,1,validation,train_only,2.0,8.387169065809376,6.0
Mannar,2024-12-06,2024-12-07,1,validation,train_only,2.0,6.29489032443018,2.0
Mannar,2024-12-13,2024-12-14,1,validation,train_only,8.0,5.306756096127025,2.0
Mannar,2024-12-20,2024-12-21,1,validation,train_only,12.0,9.28275628068606,8.0
Mannar,2024-12-27,2024-12-28,1,validation,train_only,11.0,11.350196328330231,12.0
Matale,2024-01-05,2024-01-06,1,validation,train_only,39.0,55.08166813057176,40.0
Matale,2024-01-12,2024-01-13,1,validation,train_only,47.0,41.85771148886735,39.0
Matale,2024-01-19,2024-01-20,1,validation,train_only,28.0,46.24890691016338,47.0
Matale,2024-01-26,2024-01-27,1,validation,train_only,22.0,35.276953164212024,28.0
Matale,2024-02-02,2024-02-03,1,validation,train_only,27.0,25.449529630778358,22.0
Matale,2024-02-09,2024-02-10,1,validation,train_only,30.0,24.20193128203956,27.0
Matale,2024-02-16,2024-02-17,1,validation,train_only,18.0,23.942888673527065,30.0
Matale,2024-02-23,2024-02-24,1,validation,train_only,16.0,21.139154635456705,18.0
Matale,2024-03-01,2024-03-02,1,validation,train_only,11.0,17.36795616373449,16.0
Matale,2024-03-08,2024-03-09,1,validation,train_only,8.0,14.25319804267353,11.0
Matale,2024-03-15,2024-03-16,1,validation,train_only,6.0,9.563365977922214,8.0
Matale,2024-03-22,2024-03-23,1,validation,train_only,12.0,7.210726581679579,6.0
Matale,2024-03-29,2024-03-30,1,validation,train_only,3.0,9.690227982478811,12.0
Matale,2024-04-05,2024-04-06,1,validation,train_only,6.0,6.330332400748984,3.0
Matale,2024-04-12,2024-04-13,1,validation,train_only,16.0,6.287913970047232,6.0
Matale,2024-04-19,2024-04-20,1,validation,train_only,7.0,10.760277897209821,16.0
Matale,2024-04-26,2024-04-27,1,validation,train_only,6.0,8.553450632308273,7.0
Matale,2024-05-03,2024-05-04,1,validation,train_only,13.0,8.59855044742506,6.0
Matale,2024-05-10,2024-05-11,1,validation,train_only,9.0,10.262759456855479,13.0
Matale,2024-05-17,2024-05-18,1,validation,train_only,5.0,9.66531153915727,9.0
Matale,2024-05-24,2024-05-25,1,validation,train_only,7.0,8.839266283759228,5.0
Matale,2024-05-31,2024-06-01,1,validation,train_only,8.0,8.410711258358692,7.0
Matale,2024-06-07,2024-06-08,1,validation,train_only,3.0,8.4172956955737,8.0
Matale,2024-06-14,2024-06-15,1,validation,train_only,15.0,6.920896229564205,3.0
Matale,2024-06-21,2024-06-22,1,validation,train_only,13.0,11.492184290850618,15.0
Matale,2024-06-28,2024-06-29,1,validation,train_only,14.0,12.157827322211645,13.0
Matale,2024-07-05,2024-07-06,1,validation,train_only,24.0,14.278664510444882,14.0
Matale,2024-07-12,2024-07-13,1,validation,train_only,18.0,21.072177879166244,24.0
Matale,2024-07-19,2024-07-20,1,validation,train_only,19.0,18.8124798480939,18.0
Matale,2024-07-26,2024-07-27,1,validation,train_only,16.0,19.32500129983889,19.0
Matale,2024-08-02,2024-08-03,1,validation,train_only,14.0,16.37808485547229,16.0
Matale,2024-08-09,2024-08-10,1,validation,train_only,18.0,15.490037744034332,14.0
Matale,2024-08-16,2024-08-17,1,validation,train_only,21.0,18.45523684099239,18.0
Matale,2024-08-23,2024-08-24,1,validation,train_only,8.0,20.904307176608583,21.0
Matale,2024-08-30,2024-08-31,1,validation,train_only,17.0,14.37466131433486,8.0
Matale,2024-09-06,2024-09-07,1,validation,train_only,22.0,16.183761101801377,17.0
Matale,2024-09-13,2024-09-14,1,validation,train_only,16.0,23.028907548021017,22.0
Matale,2024-09-20,2024-09-21,1,validation,train_only,12.0,17.342512941461088,16.0
Matale,2024-09-27,2024-09-28,1,validation,train_only,26.0,15.253955237390764,12.0
Matale,2024-10-04,2024-10-05,1,validation,train_only,32.0,22.4459161089581,26.0
Matale,2024-10-11,2024-10-12,1,validation,train_only,7.0,27.059176081218613,32.0
Matale,2024-10-18,2024-10-19,1,validation,train_only,43.0,20.626802089917522,7.0
Matale,2024-10-25,2024-10-26,1,validation,train_only,35.0,39.51510107125711,43.0
Matale,2024-11-01,2024-11-02,1,validation,train_only,25.0,36.07676122155264,35.0
Matale,2024-11-08,2024-11-09,1,validation,train_only,41.0,32.555713389869005,25.0
Matale,2024-11-15,2024-11-16,1,validation,train_only,41.0,37.218042441318126,41.0
Matale,2024-11-22,2024-11-23,1,validation,train_only,31.0,40.84924028929624,41.0
Matale,2024-11-29,2024-11-30,1,validation,train_only,37.0,37.8873968069092,31.0
Matale,2024-12-06,2024-12-07,1,validation,train_only,38.0,46.62308095511437,37.0
Matale,2024-12-13,2024-12-14,1,validation,train_only,52.0,36.53985868595123,38.0
Matale,2024-12-20,2024-12-21,1,validation,train_only,34.0,46.634603735357565,52.0
Matale,2024-12-27,2024-12-28,1,validation,train_only,52.0,44.77817630013229,34.0
Matara,2024-01-05,2024-01-06,1,validation,train_only,35.0,44.50411452578916,46.0
Matara,2024-01-12,2024-01-13,1,validation,train_only,27.0,40.44731246100407,35.0
Matara,2024-01-19,2024-01-20,1,validation,train_only,32.0,31.596764913976756,27.0
Matara,2024-01-26,2024-01-27,1,validation,train_only,29.0,29.11408197779473,32.0
Matara,2024-02-02,2024-02-03,1,validation,train_only,26.0,28.692070649056188,29.0
Matara,2024-02-09,2024-02-10,1,validation,train_only,23.0,26.35648972570226,26.0
Matara,2024-02-16,2024-02-17,1,validation,train_only,29.0,22.827850693510477,23.0
Matara,2024-02-23,2024-02-24,1,validation,train_only,15.0,21.999917462760656,29.0
Matara,2024-03-01,2024-03-02,1,validation,train_only,28.0,19.25527645686023,15.0
Matara,2024-03-08,2024-03-09,1,validation,train_only,23.0,20.52466733743527,28.0
Matara,2024-03-15,2024-03-16,1,validation,train_only,14.0,20.475671973968822,23.0
Matara,2024-03-22,2024-03-23,1,validation,train_only,14.0,17.261818387234083,14.0
Matara,2024-03-29,2024-03-30,1,validation,train_only,17.0,14.807891863879716,14.0
Matara,2024-04-05,2024-04-06,1,validation,train_only,11.0,15.930134032040126,17.0
Matara,2024-04-12,2024-04-13,1,validation,train_only,3.0,15.06887272266291,11.0
Matara,2024-04-19,2024-04-20,1,validation,train_only,10.0,11.057967895554558,3.0
Matara,2024-04-26,2024-04-27,1,validation,train_only,14.0,10.163609918861535,10.0
Matara,2024-05-03,2024-05-04,1,validation,train_only,16.0,11.896820304215614,14.0
Matara,2024-05-10,2024-05-11,1,validation,train_only,13.0,16.06618807045471,16.0
Matara,2024-05-17,2024-05-18,1,validation,train_only,7.0,14.243494386304189,13.0
Matara,2024-05-24,2024-05-25,1,validation,train_only,17.0,13.62119630301554,7.0
Matara,2024-05-31,2024-06-01,1,validation,train_only,16.0,16.370097250811632,17.0
Matara,2024-06-07,2024-06-08,1,validation,train_only,11.0,17.780416779092164,16.0
Matara,2024-06-14,2024-06-15,1,validation,train_only,5.0,17.204338829135498,11.0
Matara,2024-06-21,2024-06-22,1,validation,train_only,13.0,13.124824886116507,5.0
Matara,2024-06-28,2024-06-29,1,validation,train_only,22.0,13.445786624895494,13.0
Matara,2024-07-05,2024-07-06,1,validation,train_only,19.0,26.170273328117286,22.0
Matara,2024-07-12,2024-07-13,1,validation,train_only,27.0,20.63222655594223,19.0
Matara,2024-07-19,2024-07-20,1,validation,train_only,44.0,23.889496320004522,27.0
Matara,2024-07-26,2024-07-27,1,validation,train_only,31.0,42.55384613018288,44.0
Matara,2024-08-02,2024-08-03,1,validation,train_only,29.0,33.17827288450264,31.0
Matara,2024-08-09,2024-08-10,1,validation,train_only,38.0,29.59155971769353,29.0
Matara,2024-08-16,2024-08-17,1,validation,train_only,22.0,35.43291165510236,38.0
Matara,2024-08-23,2024-08-24,1,validation,train_only,13.0,29.960121060625237,22.0
Matara,2024-08-30,2024-08-31,1,validation,train_only,31.0,22.895408678469526,13.0
Matara,2024-09-06,2024-09-07,1,validation,train_only,22.0,24.46669185150583,31.0
Matara,2024-09-13,2024-09-14,1,validation,train_only,28.0,28.11989182509191,22.0
Matara,2024-09-20,2024-09-21,1,validation,train_only,22.0,27.55541670511761,28.0
Matara,2024-09-27,2024-09-28,1,validation,train_only,75.0,25.029622381635555,22.0
Matara,2024-10-04,2024-10-05,1,validation,train_only,46.0,61.413965291503736,75.0
Matara,2024-10-11,2024-10-12,1,validation,train_only,36.0,56.72792048566071,46.0
Matara,2024-10-18,2024-10-19,1,validation,train_only,29.0,41.342223575241896,36.0
Matara,2024-10-25,2024-10-26,1,validation,train_only,18.0,35.23217432449864,29.0
Matara,2024-11-01,2024-11-02,1,validation,train_only,19.0,28.159241246465076,18.0
Matara,2024-11-08,2024-11-09,1,validation,train_only,14.0,23.539008812004038,19.0
Matara,2024-11-15,2024-11-16,1,validation,train_only,20.0,18.46409029298902,14.0
Matara,2024-11-22,2024-11-23,1,validation,train_only,20.0,20.59865143848929,20.0
Matara,2024-11-29,2024-11-30,1,validation,train_only,15.0,21.351949089772788,20.0
Matara,2024-12-06,2024-12-07,1,validation,train_only,11.0,17.635633370760377,15.0
Matara,2024-12-13,2024-12-14,1,validation,train_only,12.0,17.066946949564734,11.0
Matara,2024-12-20,2024-12-21,1,validation,train_only,26.0,17.252656715816816,12.0
Matara,2024-12-27,2024-12-28,1,validation,train_only,28.0,24.552546553985973,26.0
Monaragala,2024-01-05,2024-01-06,1,validation,train_only,29.0,46.45478596189794,42.0
Monaragala,2024-01-12,2024-01-13,1,validation,train_only,87.0,55.039938985746,29.0
Monaragala,2024-01-19,2024-01-20,1,validation,train_only,48.0,72.16611370402697,87.0
Monaragala,2024-01-26,2024-01-27,1,validation,train_only,36.0,54.298873939488494,48.0
Monaragala,2024-02-02,2024-02-03,1,validation,train_only,21.0,44.9608536272499,36.0
Monaragala,2024-02-09,2024-02-10,1,validation,train_only,15.0,33.709616789033824,21.0
Monaragala,2024-02-16,2024-02-17,1,validation,train_only,27.0,21.50438926789198,15.0
Monaragala,2024-02-23,2024-02-24,1,validation,train_only,25.0,22.78646222734058,27.0
Monaragala,2024-03-01,2024-03-02,1,validation,train_only,17.0,23.27863181371701,25.0
Monaragala,2024-03-08,2024-03-09,1,validation,train_only,19.0,20.105827982936976,17.0
Monaragala,2024-03-15,2024-03-16,1,validation,train_only,12.0,19.03375645089278,19.0
Monaragala,2024-03-22,2024-03-23,1,validation,train_only,10.0,14.973592053891412,12.0
Monaragala,2024-03-29,2024-03-30,1,validation,train_only,8.0,14.378723077243237,10.0
Monaragala,2024-04-05,2024-04-06,1,validation,train_only,12.0,9.974877698331465,8.0
Monaragala,2024-04-12,2024-04-13,1,validation,train_only,10.0,10.923254390354673,12.0
Monaragala,2024-04-19,2024-04-20,1,validation,train_only,15.0,10.810070854900708,10.0
Monaragala,2024-04-26,2024-04-27,1,validation,train_only,7.0,12.926568003159753,15.0
Monaragala,2024-05-03,2024-05-04,1,validation,train_only,12.0,8.86565233312299,7.0
Monaragala,2024-05-10,2024-05-11,1,validation,train_only,14.0,12.311082391454384,12.0
Monaragala,2024-05-17,2024-05-18,1,validation,train_only,5.0,12.475845064297205,14.0
Monaragala,2024-05-24,2024-05-25,1,validation,train_only,15.0,11.367212367785623,5.0
Monaragala,2024-05-31,2024-06-01,1,validation,train_only,20.0,11.932966765355912,15.0
Monaragala,2024-06-07,2024-06-08,1,validation,train_only,14.0,18.24208948050311,20.0
Monaragala,2024-06-14,2024-06-15,1,validation,train_only,16.0,16.450769556507932,14.0
Monaragala,2024-06-21,2024-06-22,1,validation,train_only,13.0,16.28412044292203,16.0
Monaragala,2024-06-28,2024-06-29,1,validation,train_only,11.0,15.419275848245412,13.0
Monaragala,2024-07-05,2024-07-06,1,validation,train_only,15.0,13.719414335427418,11.0
Monaragala,2024-07-12,2024-07-13,1,validation,train_only,12.0,12.786260759250139,15.0
Monaragala,2024-07-19,2024-07-20,1,validation,train_only,15.0,13.792194207359058,12.0
Monaragala,2024-07-26,2024-07-27,1,validation,train_only,12.0,13.666467487356613,15.0
Monaragala,2024-08-02,2024-08-03,1,validation,train_only,12.0,13.985236536509367,12.0
Monaragala,2024-08-09,2024-08-10,1,validation,train_only,13.0,14.691496267929997,12.0
Monaragala,2024-08-16,2024-08-17,1,validation,train_only,15.0,13.477153432930384,13.0
Monaragala,2024-08-23,2024-08-24,1,validation,train_only,18.0,13.87466687073717,15.0
Monaragala,2024-08-30,2024-08-31,1,validation,train_only,17.0,16.794620957749167,18.0
Monaragala,2024-09-06,2024-09-07,1,validation,train_only,4.0,16.99011233111094,17.0
Monaragala,2024-09-13,2024-09-14,1,validation,train_only,19.0,10.488827825762655,4.0
Monaragala,2024-09-20,2024-09-21,1,validation,train_only,21.0,16.25247864751822,19.0
Monaragala,2024-09-27,2024-09-28,1,validation,train_only,30.0,17.54160349041165,21.0
Monaragala,2024-10-04,2024-10-05,1,validation,train_only,34.0,24.97116558249039,30.0
Monaragala,2024-10-11,2024-10-12,1,validation,train_only,40.0,32.54681551804717,34.0
Monaragala,2024-10-18,2024-10-19,1,validation,train_only,28.0,37.51047532841067,40.0
Monaragala,2024-10-25,2024-10-26,1,validation,train_only,26.0,30.669662952795115,28.0
Monaragala,2024-11-01,2024-11-02,1,validation,train_only,19.0,27.781999515646735,26.0
Monaragala,2024-11-08,2024-11-09,1,validation,train_only,15.0,27.128266771980375,19.0
Monaragala,2024-11-15,2024-11-16,1,validation,train_only,45.0,20.80617958862424,15.0
Monaragala,2024-11-22,2024-11-23,1,validation,train_only,20.0,40.021377275141056,45.0
Monaragala,2024-11-29,2024-11-30,1,validation,train_only,13.0,32.07380829943049,20.0
Monaragala,2024-12-06,2024-12-07,1,validation,train_only,22.0,23.433853193607767,13.0
Monaragala,2024-12-13,2024-12-14,1,validation,train_only,13.0,24.416899740125807,22.0
Monaragala,2024-12-20,2024-12-21,1,validation,train_only,13.0,21.04270612976751,13.0
Monaragala,2024-12-27,2024-12-28,1,validation,train_only,25.0,17.00707178548669,13.0
Mullaitivu,2024-01-05,2024-01-06,1,validation,train_only,26.0,29.12545332951467,25.0
Mullaitivu,2024-01-12,2024-01-13,1,validation,train_only,31.0,27.132680421736225,26.0
Mullaitivu,2024-01-19,2024-01-20,1,validation,train_only,23.0,29.151266508921637,31.0
Mullaitivu,2024-01-26,2024-01-27,1,validation,train_only,11.0,26.200284438542376,23.0
Mullaitivu,2024-02-02,2024-02-03,1,validation,train_only,22.0,18.442467517233485,11.0
Mullaitivu,2024-02-09,2024-02-10,1,validation,train_only,8.0,19.699549991218753,22.0
Mullaitivu,2024-02-16,2024-02-17,1,validation,train_only,9.0,12.305111629007385,8.0
Mullaitivu,2024-02-23,2024-02-24,1,validation,train_only,2.0,11.975624943764103,9.0
Mullaitivu,2024-03-01,2024-03-02,1,validation,train_only,5.0,6.658876193512458,2.0
Mullaitivu,2024-03-08,2024-03-09,1,validation,train_only,7.0,5.473016135700413,5.0
Mullaitivu,2024-03-15,2024-03-16,1,validation,train_only,1.0,4.892901963963216,7.0
Mullaitivu,2024-03-22,2024-03-23,1,validation,train_only,1.0,4.332693737793173,1.0
Mullaitivu,2024-03-29,2024-03-30,1,validation,train_only,3.0,2.5951937374486103,1.0
Mullaitivu,2024-04-05,2024-04-06,1,validation,train_only,2.0,2.312367506251006,3.0
Mullaitivu,2024-04-12,2024-04-13,1,validation,train_only,2.0,2.314334228544911,2.0
Mullaitivu,2024-04-19,2024-04-20,1,validation,train_only,1.0,1.8374856309061969,2.0
Mullaitivu,2024-04-26,2024-04-27,1,validation,train_only,2.0,1.852230372767781,1.0
Mullaitivu,2024-05-03,2024-05-04,1,validation,train_only,2.0,2.136858851904498,2.0
Mullaitivu,2024-05-10,2024-05-11,1,validation,train_only,0.0,2.6583817825073726,2.0
Mullaitivu,2024-05-17,2024-05-18,1,validation,train_only,0.0,2.3241902091435738,0.0
Mullaitivu,2024-05-24,2024-05-25,1,validation,train_only,1.0,1.9293816687413032,0.0
Mullaitivu,2024-05-31,2024-06-01,1,validation,train_only,0.0,1.643931573074866,1.0
Mullaitivu,2024-06-07,2024-06-08,1,validation,train_only,0.0,0.9883897407277544,0.0
Mullaitivu,2024-06-14,2024-06-15,1,validation,train_only,1.0,0.8541713332866986,0.0
Mullaitivu,2024-06-21,2024-06-22,1,validation,train_only,1.0,0.8855414585607432,1.0
Mullaitivu,2024-06-28,2024-06-29,1,validation,train_only,1.0,0.5995814009374258,1.0
Mullaitivu,2024-07-05,2024-07-06,1,validation,train_only,3.0,0.7344014903106755,1.0
Mullaitivu,2024-07-12,2024-07-13,1,validation,train_only,0.0,1.2280850873008864,3.0
Mullaitivu,2024-07-19,2024-07-20,1,validation,train_only,1.0,1.896247199372845,0.0
Mullaitivu,2024-07-26,2024-07-27,1,validation,train_only,1.0,1.7439286912955496,1.0
Mullaitivu,2024-08-02,2024-08-03,1,validation,train_only,1.0,1.601022382623205,1.0
Mullaitivu,2024-08-09,2024-08-10,1,validation,train_only,1.0,1.5544974986657298,1.0
Mullaitivu,2024-08-16,2024-08-17,1,validation,train_only,0.0,0.9730941050587688,1.0
Mullaitivu,2024-08-23,2024-08-24,1,validation,train_only,2.0,1.321884862540235,0.0
Mullaitivu,2024-08-30,2024-08-31,1,validation,train_only,2.0,1.0325622413620217,2.0
Mullaitivu,2024-09-06,2024-09-07,1,validation,train_only,2.0,1.6474296299621858,2.0
Mullaitivu,2024-09-13,2024-09-14,1,validation,train_only,4.0,1.816975763231322,2.0
Mullaitivu,2024-09-20,2024-09-21,1,validation,train_only,1.0,2.373071532489057,4.0
Mullaitivu,2024-09-27,2024-09-28,1,validation,train_only,1.0,2.220111843766381,1.0
Mullaitivu,2024-10-04,2024-10-05,1,validation,train_only,1.0,2.1813914814252136,1.0
Mullaitivu,2024-10-11,2024-10-12,1,validation,train_only,0.0,2.0636248690052827,1.0
Mullaitivu,2024-10-18,2024-10-19,1,validation,train_only,1.0,1.9949674150631174,0.0
Mullaitivu,2024-10-25,2024-10-26,1,validation,train_only,1.0,1.0521846261503491,1.0
Mullaitivu,2024-11-01,2024-11-02,1,validation,train_only,3.0,1.0791143761242066,1.0
Mullaitivu,2024-11-08,2024-11-09,1,validation,train_only,1.0,1.4652485298567697,3.0
Mullaitivu,2024-11-15,2024-11-16,1,validation,train_only,3.0,2.442419890659782,1.0
Mullaitivu,2024-11-22,2024-11-23,1,validation,train_only,3.0,2.985414222600199,3.0
Mullaitivu,2024-11-29,2024-11-30,1,validation,train_only,0.0,3.5856140031594546,3.0
Mullaitivu,2024-12-06,2024-12-07,1,validation,train_only,5.0,4.03025546248023,0.0
Mullaitivu,2024-12-13,2024-12-14,1,validation,train_only,2.0,9.14464389401685,5.0
Mullaitivu,2024-12-20,2024-12-21,1,validation,train_only,4.0,5.214352324958584,2.0
Mullaitivu,2024-12-27,2024-12-28,1,validation,train_only,3.0,5.412841548526189,4.0
Nuwara Eliya,2024-01-05,2024-01-06,1,validation,train_only,28.0,34.50039742882602,19.0
Nuwara Eliya,2024-01-12,2024-01-13,1,validation,train_only,22.0,27.051617745872598,28.0
Nuwara Eliya,2024-01-19,2024-01-20,1,validation,train_only,18.0,26.311959872404206,22.0
Nuwara Eliya,2024-01-26,2024-01-27,1,validation,train_only,13.0,22.457575184942968,18.0
Nuwara Eliya,2024-02-02,2024-02-03,1,validation,train_only,18.0,18.925314494287527,13.0
Nuwara Eliya,2024-02-09,2024-02-10,1,validation,train_only,9.0,17.933056838438198,18.0
Nuwara Eliya,2024-02-16,2024-02-17,1,validation,train_only,9.0,13.308206712704017,9.0
Nuwara Eliya,2024-02-23,2024-02-24,1,validation,train_only,6.0,11.470570662333285,9.0
Nuwara Eliya,2024-03-01,2024-03-02,1,validation,train_only,10.0,8.52157483001938,6.0
Nuwara Eliya,2024-03-08,2024-03-09,1,validation,train_only,4.0,8.477058401474414,10.0
Nuwara Eliya,2024-03-15,2024-03-16,1,validation,train_only,6.0,5.744163060126546,4.0
Nuwara Eliya,2024-03-22,2024-03-23,1,validation,train_only,7.0,6.093015181696844,6.0
Nuwara Eliya,2024-03-29,2024-03-30,1,validation,train_only,3.0,5.681709832521715,7.0
Nuwara Eliya,2024-04-05,2024-04-06,1,validation,train_only,1.0,4.6762089579547474,3.0
Nuwara Eliya,2024-04-12,2024-04-13,1,validation,train_only,7.0,3.828514875124911,1.0
Nuwara Eliya,2024-04-19,2024-04-20,1,validation,train_only,3.0,4.365074762742756,7.0
Nuwara Eliya,2024-04-26,2024-04-27,1,validation,train_only,3.0,4.160965030021703,3.0
Nuwara Eliya,2024-05-03,2024-05-04,1,validation,train_only,4.0,3.122557555470069,3.0
Nuwara Eliya,2024-05-10,2024-05-11,1,validation,train_only,2.0,3.035373142548756,4.0
Nuwara Eliya,2024-05-17,2024-05-18,1,validation,train_only,1.0,4.186118761725093,2.0
Nuwara Eliya,2024-05-24,2024-05-25,1,validation,train_only,2.0,3.70987446566849,1.0
Nuwara Eliya,2024-05-31,2024-06-01,1,validation,train_only,5.0,3.2362426817203374,2.0
Nuwara Eliya,2024-06-07,2024-06-08,1,validation,train_only,4.0,4.817419941836852,5.0
Nuwara Eliya,2024-06-14,2024-06-15,1,validation,train_only,2.0,4.258334370562375,4.0
Nuwara Eliya,2024-06-21,2024-06-22,1,validation,train_only,10.0,4.71125871084738,2.0
Nuwara Eliya,2024-06-28,2024-06-29,1,validation,train_only,7.0,8.001434047585365,10.0
Nuwara Eliya,2024-07-05,2024-07-06,1,validation,train_only,10.0,10.348931812525926,7.0
Nuwara Eliya,2024-07-12,2024-07-13,1,validation,train_only,6.0,8.277657971366686,10.0
Nuwara Eliya,2024-07-19,2024-07-20,1,validation,train_only,5.0,7.79486793578035,6.0
Nuwara Eliya,2024-07-26,2024-07-27,1,validation,train_only,9.0,7.514735542937465,5.0
Nuwara Eliya,2024-08-02,2024-08-03,1,validation,train_only,5.0,7.542525113176495,9.0
Nuwara Eliya,2024-08-09,2024-08-10,1,validation,train_only,10.0,7.1583725931958435,5.0
Nuwara Eliya,2024-08-16,2024-08-17,1,validation,train_only,7.0,9.667535310397952,10.0
Nuwara Eliya,2024-08-23,2024-08-24,1,validation,train_only,4.0,7.797851033896233,7.0
Nuwara Eliya,2024-08-30,2024-08-31,1,validation,train_only,1.0,6.496788229726719,4.0
Nuwara Eliya,2024-09-06,2024-09-07,1,validation,train_only,5.0,5.958689373181164,1.0
Nuwara Eliya,2024-09-13,2024-09-14,1,validation,train_only,6.0,6.54067521875508,5.0
Nuwara Eliya,2024-09-20,2024-09-21,1,validation,train_only,8.0,5.8583014896562995,6.0
Nuwara Eliya,2024-09-27,2024-09-28,1,validation,train_only,7.0,6.4368114731135,8.0
Nuwara Eliya,2024-10-04,2024-10-05,1,validation,train_only,4.0,7.8595071446841605,7.0
Nuwara Eliya,2024-10-11,2024-10-12,1,validation,train_only,5.0,6.235371031619267,4.0
Nuwara Eliya,2024-10-18,2024-10-19,1,validation,train_only,4.0,6.715109750442451,5.0
Nuwara Eliya,2024-10-25,2024-10-26,1,validation,train_only,6.0,5.697011529038876,4.0
Nuwara Eliya,2024-11-01,2024-11-02,1,validation,train_only,5.0,7.350756320666299,6.0
Nuwara Eliya,2024-11-08,2024-11-09,1,validation,train_only,0.0,7.415428047824018,5.0
Nuwara Eliya,2024-11-15,2024-11-16,1,validation,train_only,4.0,5.242831009937873,0.0
Nuwara Eliya,2024-11-22,2024-11-23,1,validation,train_only,3.0,3.81219243992797,4.0
Nuwara Eliya,2024-11-29,2024-11-30,1,validation,train_only,2.0,4.145759236533682,3.0
Nuwara Eliya,2024-12-06,2024-12-07,1,validation,train_only,1.0,3.7519792292998657,2.0
Nuwara Eliya,2024-12-13,2024-12-14,1,validation,train_only,3.0,3.1272279085285013,1.0
Nuwara Eliya,2024-12-20,2024-12-21,1,validation,train_only,10.0,3.6080463399968963,3.0
Nuwara Eliya,2024-12-27,2024-12-28,1,validation,train_only,5.0,8.253950357620052,10.0
Polonnaruwa,2024-01-05,2024-01-06,1,validation,train_only,12.0,26.38884184052664,21.0
Polonnaruwa,2024-01-12,2024-01-13,1,validation,train_only,42.0,19.429267454940383,12.0
Polonnaruwa,2024-01-19,2024-01-20,1,validation,train_only,12.0,38.366346190879156,42.0
Polonnaruwa,2024-01-26,2024-01-27,1,validation,train_only,10.0,28.59697690146095,12.0
Polonnaruwa,2024-02-02,2024-02-03,1,validation,train_only,19.0,27.212360625004262,10.0
Polonnaruwa,2024-02-09,2024-02-10,1,validation,train_only,41.0,19.283251303020595,19.0
Polonnaruwa,2024-02-16,2024-02-17,1,validation,train_only,17.0,34.3329829043852,41.0
Polonnaruwa,2024-02-23,2024-02-24,1,validation,train_only,7.0,25.367121818378116,17.0
Polonnaruwa,2024-03-01,2024-03-02,1,validation,train_only,11.0,17.474268333941875,7.0
Polonnaruwa,2024-03-08,2024-03-09,1,validation,train_only,10.0,12.949854977245623,11.0
Polonnaruwa,2024-03-15,2024-03-16,1,validation,train_only,15.0,12.19051048029525,10.0
Polonnaruwa,2024-03-22,2024-03-23,1,validation,train_only,7.0,11.554741893725845,15.0
Polonnaruwa,2024-03-29,2024-03-30,1,validation,train_only,7.0,8.294456856020409,7.0
Polonnaruwa,2024-04-05,2024-04-06,1,validation,train_only,4.0,7.278827566727959,7.0
Polonnaruwa,2024-04-12,2024-04-13,1,validation,train_only,3.0,5.596579619732804,4.0
Polonnaruwa,2024-04-19,2024-04-20,1,validation,train_only,5.0,4.618733710471238,3.0
Polonnaruwa,2024-04-26,2024-04-27,1,validation,train_only,7.0,4.522600765699082,5.0
Polonnaruwa,2024-05-03,2024-05-04,1,validation,train_only,6.0,4.916011672173911,7.0
Polonnaruwa,2024-05-10,2024-05-11,1,validation,train_only,3.0,5.33458503714347,6.0
Polonnaruwa,2024-05-17,2024-05-18,1,validation,train_only,6.0,5.51097214205706,3.0
Polonnaruwa,2024-05-24,2024-05-25,1,validation,train_only,2.0,7.444265315044437,6.0
Polonnaruwa,2024-05-31,2024-06-01,1,validation,train_only,2.0,5.34433258130247,2.0
Polonnaruwa,2024-06-07,2024-06-08,1,validation,train_only,6.0,4.047313364264728,2.0
Polonnaruwa,2024-06-14,2024-06-15,1,validation,train_only,5.0,6.479507211345133,6.0
Polonnaruwa,2024-06-21,2024-06-22,1,validation,train_only,13.0,6.910392225081148,5.0
Polonnaruwa,2024-06-28,2024-06-29,1,validation,train_only,3.0,9.193458112086802,13.0
Polonnaruwa,2024-07-05,2024-07-06,1,validation,train_only,7.0,6.258712191854517,3.0
Polonnaruwa,2024-07-12,2024-07-13,1,validation,train_only,14.0,5.822768593784388,7.0
Polonnaruwa,2024-07-19,2024-07-20,1,validation,train_only,6.0,11.433510282322057,14.0
Polonnaruwa,2024-07-26,2024-07-27,1,validation,train_only,11.0,6.663326189201187,6.0
Polonnaruwa,2024-08-02,2024-08-03,1,validation,train_only,4.0,9.638644852265434,11.0
Polonnaruwa,2024-08-09,2024-08-10,1,validation,train_only,8.0,6.191201913887165,4.0
Polonnaruwa,2024-08-16,2024-08-17,1,validation,train_only,10.0,6.311641229162065,8.0
Polonnaruwa,2024-08-23,2024-08-24,1,validation,train_only,7.0,9.24523922482428,10.0
Polonnaruwa,2024-08-30,2024-08-31,1,validation,train_only,3.0,7.000404132538931,7.0
Polonnaruwa,2024-09-06,2024-09-07,1,validation,train_only,5.0,5.833121927907755,3.0
Polonnaruwa,2024-09-13,2024-09-14,1,validation,train_only,5.0,5.297212777636431,5.0
Polonnaruwa,2024-09-20,2024-09-21,1,validation,train_only,8.0,4.860290409152843,5.0
Polonnaruwa,2024-09-27,2024-09-28,1,validation,train_only,8.0,5.901532162887622,8.0
Polonnaruwa,2024-10-04,2024-10-05,1,validation,train_only,10.0,6.178365859033219,8.0
Polonnaruwa,2024-10-11,2024-10-12,1,validation,train_only,1.0,10.846546738082113,10.0
Polonnaruwa,2024-10-18,2024-10-19,1,validation,train_only,6.0,6.391528221093349,1.0
Polonnaruwa,2024-10-25,2024-10-26,1,validation,train_only,3.0,5.45776441173898,6.0
Polonnaruwa,2024-11-01,2024-11-02,1,validation,train_only,8.0,5.586461537146791,3.0
Polonnaruwa,2024-11-08,2024-11-09,1,validation,train_only,7.0,8.817995706761234,8.0
Polonnaruwa,2024-11-15,2024-11-16,1,validation,train_only,6.0,7.855124633520921,7.0
Polonnaruwa,2024-11-22,2024-11-23,1,validation,train_only,17.0,9.058906488305768,6.0
Polonnaruwa,2024-11-29,2024-11-30,1,validation,train_only,6.0,17.171313572673164,17.0
Polonnaruwa,2024-12-06,2024-12-07,1,validation,train_only,5.0,11.086578379537286,6.0
Polonnaruwa,2024-12-13,2024-12-14,1,validation,train_only,3.0,9.233056284676323,5.0
Polonnaruwa,2024-12-20,2024-12-21,1,validation,train_only,6.0,11.007267220663946,3.0
Polonnaruwa,2024-12-27,2024-12-28,1,validation,train_only,14.0,9.444001293882861,6.0
Puttalam,2024-01-05,2024-01-06,1,validation,train_only,92.0,86.72539699036892,90.0
Puttalam,2024-01-12,2024-01-13,1,validation,train_only,127.0,88.01363216818277,92.0
Puttalam,2024-01-19,2024-01-20,1,validation,train_only,76.0,121.35792973382864,127.0
Puttalam,2024-01-26,2024-01-27,1,validation,train_only,52.0,79.30829342042527,76.0
Puttalam,2024-02-02,2024-02-03,1,validation,train_only,34.0,53.13780672560065,52.0
Puttalam,2024-02-09,2024-02-10,1,validation,train_only,102.0,46.2691963157408,34.0
Puttalam,2024-02-16,2024-02-17,1,validation,train_only,29.0,80.3744766461296,102.0
Puttalam,2024-02-23,2024-02-24,1,validation,train_only,21.0,61.9263329446686,29.0
Puttalam,2024-03-01,2024-03-02,1,validation,train_only,14.0,25.894310725057277,21.0
Puttalam,2024-03-08,2024-03-09,1,validation,train_only,9.0,21.207931700548148,14.0
Puttalam,2024-03-15,2024-03-16,1,validation,train_only,12.0,25.930300934006848,9.0
Puttalam,2024-03-22,2024-03-23,1,validation,train_only,9.0,11.59269557903394,12.0
Puttalam,2024-03-29,2024-03-30,1,validation,train_only,18.0,9.413849559926888,9.0
Puttalam,2024-04-05,2024-04-06,1,validation,train_only,8.0,13.144104125669024,18.0
Puttalam,2024-04-12,2024-04-13,1,validation,train_only,19.0,11.730663715221072,8.0
Puttalam,2024-04-19,2024-04-20,1,validation,train_only,7.0,16.25255252149806,19.0
Puttalam,2024-04-26,2024-04-27,1,validation,train_only,7.0,10.680275433655602,7.0
Puttalam,2024-05-03,2024-05-04,1,validation,train_only,7.0,10.335426673009056,7.0
Puttalam,2024-05-10,2024-05-11,1,validation,train_only,13.0,7.549474573742447,7.0
Puttalam,2024-05-17,2024-05-18,1,validation,train_only,11.0,11.601425381752001,13.0
Puttalam,2024-05-24,2024-05-25,1,validation,train_only,11.0,13.265561386925754,11.0
Puttalam,2024-05-31,2024-06-01,1,validation,train_only,7.0,13.161885593811222,11.0
Puttalam,2024-06-07,2024-06-08,1,validation,train_only,10.0,10.870409670360273,7.0
Puttalam,2024-06-14,2024-06-15,1,validation,train_only,9.0,13.030690231563607,10.0
Puttalam,2024-06-21,2024-06-22,1,validation,train_only,27.0,11.02785929179849,9.0
Puttalam,2024-06-28,2024-06-29,1,validation,train_only,21.0,23.768837350024935,27.0
Puttalam,2024-07-05,2024-07-06,1,validation,train_only,13.0,23.42542506081721,21.0
Puttalam,2024-07-12,2024-07-13,1,validation,train_only,28.0,21.424451502424642,13.0
Puttalam,2024-07-19,2024-07-20,1,validation,train_only,24.0,23.01552442633845,28.0
Puttalam,2024-07-26,2024-07-27,1,validation,train_only,19.0,23.71499447166001,24.0
Puttalam,2024-08-02,2024-08-03,1,validation,train_only,24.0,22.606917014684466,19.0
Puttalam,2024-08-09,2024-08-10,1,validation,train_only,16.0,22.32925007357379,24.0
Puttalam,2024-08-16,2024-08-17,1,validation,train_only,9.0,20.09877372996707,16.0
Puttalam,2024-08-23,2024-08-24,1,validation,train_only,17.0,14.579161090823042,9.0
Puttalam,2024-08-30,2024-08-31,1,validation,train_only,11.0,16.20557163674441,17.0
Puttalam,2024-09-06,2024-09-07,1,validation,train_only,11.0,15.926614372906919,11.0
Puttalam,2024-09-13,2024-09-14,1,validation,train_only,16.0,15.552487563286938,11.0
Puttalam,2024-09-20,2024-09-21,1,validation,train_only,16.0,14.79484403331182,16.0
Puttalam,2024-09-27,2024-09-28,1,validation,train_only,23.0,15.46548707226719,16.0
Puttalam,2024-10-04,2024-10-05,1,validation,train_only,11.0,20.92245067350219,23.0
Puttalam,2024-10-11,2024-10-12,1,validation,train_only,28.0,17.473091813105427,11.0
Puttalam,2024-10-18,2024-10-19,1,validation,train_only,15.0,22.14302418933639,28.0
Puttalam,2024-10-25,2024-10-26,1,validation,train_only,21.0,18.633557405841724,15.0
Puttalam,2024-11-01,2024-11-02,1,validation,train_only,28.0,21.944420156424464,21.0
Puttalam,2024-11-08,2024-11-09,1,validation,train_only,19.0,25.44933221571983,28.0
Puttalam,2024-11-15,2024-11-16,1,validation,train_only,30.0,24.064973424859982,19.0
Puttalam,2024-11-22,2024-11-23,1,validation,train_only,23.0,25.34932336263339,30.0
Puttalam,2024-11-29,2024-11-30,1,validation,train_only,28.0,27.774852866665515,23.0
Puttalam,2024-12-06,2024-12-07,1,validation,train_only,31.0,27.697176837035933,28.0
Puttalam,2024-12-13,2024-12-14,1,validation,train_only,39.0,26.886403026304475,31.0
Puttalam,2024-12-20,2024-12-21,1,validation,train_only,23.0,36.40878024603946,39.0
Puttalam,2024-12-27,2024-12-28,1,validation,train_only,30.0,35.50697566543354,23.0
Ratnapura,2024-01-05,2024-01-06,1,validation,train_only,77.0,74.01314436779413,76.0
Ratnapura,2024-01-12,2024-01-13,1,validation,train_only,43.0,133.18045876322094,77.0
Ratnapura,2024-01-19,2024-01-20,1,validation,train_only,67.0,59.65035509474106,43.0
Ratnapura,2024-01-26,2024-01-27,1,validation,train_only,72.0,58.330616168702775,67.0
Ratnapura,2024-02-02,2024-02-03,1,validation,train_only,82.0,66.61123515512715,72.0
Ratnapura,2024-02-09,2024-02-10,1,validation,train_only,14.0,75.53606176111163,82.0
Ratnapura,2024-02-16,2024-02-17,1,validation,train_only,57.0,44.68275554886227,14.0
Ratnapura,2024-02-23,2024-02-24,1,validation,train_only,57.0,51.62139537868109,57.0
Ratnapura,2024-03-01,2024-03-02,1,validation,train_only,38.0,50.26027310985179,57.0
Ratnapura,2024-03-08,2024-03-09,1,validation,train_only,56.0,42.739676158328976,38.0
Ratnapura,2024-03-15,2024-03-16,1,validation,train_only,48.0,50.000583480820495,56.0
Ratnapura,2024-03-22,2024-03-23,1,validation,train_only,53.0,51.68853279131094,48.0
Ratnapura,2024-03-29,2024-03-30,1,validation,train_only,49.0,54.489340654124305,53.0
Ratnapura,2024-04-05,2024-04-06,1,validation,train_only,39.0,58.38760644232914,49.0
Ratnapura,2024-04-12,2024-04-13,1,validation,train_only,44.0,46.82627260800697,39.0
Ratnapura,2024-04-19,2024-04-20,1,validation,train_only,67.0,52.32006743816244,44.0
Ratnapura,2024-04-26,2024-04-27,1,validation,train_only,74.0,56.408659708382125,67.0
Ratnapura,2024-05-03,2024-05-04,1,validation,train_only,88.0,68.24945905159407,74.0
Ratnapura,2024-05-10,2024-05-11,1,validation,train_only,72.0,115.26914399099961,88.0
Ratnapura,2024-05-17,2024-05-18,1,validation,train_only,76.0,80.12780326183659,72.0
Ratnapura,2024-05-24,2024-05-25,1,validation,train_only,84.0,80.19563454318488,76.0
Ratnapura,2024-05-31,2024-06-01,1,validation,train_only,60.0,111.59909806707267,84.0
Ratnapura,2024-06-07,2024-06-08,1,validation,train_only,47.0,87.2185653521423,60.0
Ratnapura,2024-06-14,2024-06-15,1,validation,train_only,57.0,75.8573178589006,47.0
Ratnapura,2024-06-21,2024-06-22,1,validation,train_only,58.0,75.05405457881625,57.0
Ratnapura,2024-06-28,2024-06-29,1,validation,train_only,52.0,69.5113906116809,58.0
Ratnapura,2024-07-05,2024-07-06,1,validation,train_only,51.0,62.42440960747249,52.0
Ratnapura,2024-07-12,2024-07-13,1,validation,train_only,81.0,59.17651161010187,51.0
Ratnapura,2024-07-19,2024-07-20,1,validation,train_only,76.0,66.37258702441217,81.0
Ratnapura,2024-07-26,2024-07-27,1,validation,train_only,72.0,74.12818756801362,76.0
Ratnapura,2024-08-02,2024-08-03,1,validation,train_only,51.0,71.38367114946529,72.0
Ratnapura,2024-08-09,2024-08-10,1,validation,train_only,38.0,56.68958090503522,51.0
Ratnapura,2024-08-16,2024-08-17,1,validation,train_only,25.0,49.04300858171836,38.0
Ratnapura,2024-08-23,2024-08-24,1,validation,train_only,48.0,40.83229944908274,25.0
Ratnapura,2024-08-30,2024-08-31,1,validation,train_only,51.0,53.401870906669,48.0
Ratnapura,2024-09-06,2024-09-07,1,validation,train_only,18.0,58.232271540720866,51.0
Ratnapura,2024-09-13,2024-09-14,1,validation,train_only,32.0,46.30284945565754,18.0
Ratnapura,2024-09-20,2024-09-21,1,validation,train_only,40.0,40.93414066591291,32.0
Ratnapura,2024-09-27,2024-09-28,1,validation,train_only,31.0,43.793413053970944,40.0
Ratnapura,2024-10-04,2024-10-05,1,validation,train_only,45.0,46.40744942054155,31.0
Ratnapura,2024-10-11,2024-10-12,1,validation,train_only,42.0,48.380924464776925,45.0
Ratnapura,2024-10-18,2024-10-19,1,validation,train_only,54.0,43.949372113854906,42.0
Ratnapura,2024-10-25,2024-10-26,1,validation,train_only,61.0,56.176101652338815,54.0
Ratnapura,2024-11-01,2024-11-02,1,validation,train_only,48.0,59.669717215627124,61.0
Ratnapura,2024-11-08,2024-11-09,1,validation,train_only,41.0,59.093249804607765,48.0
Ratnapura,2024-11-15,2024-11-16,1,validation,train_only,54.0,50.03282422468294,41.0
Ratnapura,2024-11-22,2024-11-23,1,validation,train_only,53.0,62.93252060215953,54.0
Ratnapura,2024-11-29,2024-11-30,1,validation,train_only,38.0,74.2405134959648,53.0
Ratnapura,2024-12-06,2024-12-07,1,validation,train_only,44.0,52.127731944498436,38.0
Ratnapura,2024-12-13,2024-12-14,1,validation,train_only,20.0,52.13256974028018,44.0
Ratnapura,2024-12-20,2024-12-21,1,validation,train_only,47.0,40.44542204844752,20.0
Ratnapura,2024-12-27,2024-12-28,1,validation,train_only,30.0,52.80090735247013,47.0
Trincomalee,2024-01-05,2024-01-06,1,validation,train_only,50.0,42.557625523407616,42.0
Trincomalee,2024-01-12,2024-01-13,1,validation,train_only,33.0,49.0283936285221,50.0
Trincomalee,2024-01-19,2024-01-20,1,validation,train_only,42.0,42.32589862923644,33.0
Trincomalee,2024-01-26,2024-01-27,1,validation,train_only,29.0,41.43597658627229,42.0
Trincomalee,2024-02-02,2024-02-03,1,validation,train_only,31.0,33.557490098934515,29.0
Trincomalee,2024-02-09,2024-02-10,1,validation,train_only,33.0,29.075163526004303,31.0
Trincomalee,2024-02-16,2024-02-17,1,validation,train_only,26.0,29.19829010453106,33.0
Trincomalee,2024-02-23,2024-02-24,1,validation,train_only,26.0,25.85057187152175,26.0
Trincomalee,2024-03-01,2024-03-02,1,validation,train_only,13.0,23.834233546511946,26.0
Trincomalee,2024-03-08,2024-03-09,1,validation,train_only,23.0,17.870236466767405,13.0
Trincomalee,2024-03-15,2024-03-16,1,validation,train_only,21.0,19.87090450978907,23.0
Trincomalee,2024-03-22,2024-03-23,1,validation,train_only,12.0,20.363246873443362,21.0
Trincomalee,2024-03-29,2024-03-30,1,validation,train_only,7.0,16.939844940756114,12.0
Trincomalee,2024-04-05,2024-04-06,1,validation,train_only,9.0,10.821505924576327,7.0
Trincomalee,2024-04-12,2024-04-13,1,validation,train_only,17.0,9.200822786862771,9.0
Trincomalee,2024-04-19,2024-04-20,1,validation,train_only,9.0,13.280106553323897,17.0
Trincomalee,2024-04-26,2024-04-27,1,validation,train_only,19.0,11.1267512073814,9.0
Trincomalee,2024-05-03,2024-05-04,1,validation,train_only,18.0,15.970549111524173,19.0
Trincomalee,2024-05-10,2024-05-11,1,validation,train_only,12.0,16.021855623603155,18.0
Trincomalee,2024-05-17,2024-05-18,1,validation,train_only,6.0,15.352728192064582,12.0
Trincomalee,2024-05-24,2024-05-25,1,validation,train_only,7.0,11.870658497495597,6.0
Trincomalee,2024-05-31,2024-06-01,1,validation,train_only,10.0,9.529160013402066,7.0
Trincomalee,2024-06-07,2024-06-08,1,validation,train_only,7.0,9.87547836636851,10.0
Trincomalee,2024-06-14,2024-06-15,1,validation,train_only,12.0,8.703121033666227,7.0
Trincomalee,2024-06-21,2024-06-22,1,validation,train_only,10.0,10.72592818460996,12.0
Trincomalee,2024-06-28,2024-06-29,1,validation,train_only,11.0,9.861405567472257,10.0
Trincomalee,2024-07-05,2024-07-06,1,validation,train_only,7.0,10.857651017151081,11.0
Trincomalee,2024-07-12,2024-07-13,1,validation,train_only,14.0,7.212052520886768,7.0
Trincomalee,2024-07-19,2024-07-20,1,validation,train_only,8.0,10.654015084396084,14.0
Trincomalee,2024-07-26,2024-07-27,1,validation,train_only,12.0,7.550530664761333,8.0
Trincomalee,2024-08-02,2024-08-03,1,validation,train_only,12.0,10.782370098651194,12.0
Trincomalee,2024-08-09,2024-08-10,1,validation,train_only,10.0,11.129567067061787,12.0
Trincomalee,2024-08-16,2024-08-17,1,validation,train_only,3.0,11.855452588899603,10.0
Trincomalee,2024-08-23,2024-08-24,1,validation,train_only,8.0,7.583951633462625,3.0
Trincomalee,2024-08-30,2024-08-31,1,validation,train_only,2.0,6.481856760742476,8.0
Trincomalee,2024-09-06,2024-09-07,1,validation,train_only,6.0,5.566494508934493,2.0
Trincomalee,2024-09-13,2024-09-14,1,validation,train_only,3.0,5.6599658954145795,6.0
Trincomalee,2024-09-20,2024-09-21,1,validation,train_only,2.0,4.274693582193468,3.0
Trincomalee,2024-09-27,2024-09-28,1,validation,train_only,2.0,3.545901573754759,2.0
Trincomalee,2024-10-04,2024-10-05,1,validation,train_only,5.0,2.5646477129756113,2.0
Trincomalee,2024-10-11,2024-10-12,1,validation,train_only,3.0,3.7029288767242194,5.0
Trincomalee,2024-10-18,2024-10-19,1,validation,train_only,4.0,2.9787582922935276,3.0
Trincomalee,2024-10-25,2024-10-26,1,validation,train_only,9.0,2.842844975480828,4.0
Trincomalee,2024-11-01,2024-11-02,1,validation,train_only,8.0,5.747262007854986,9.0
Trincomalee,2024-11-08,2024-11-09,1,validation,train_only,16.0,8.389218218495003,8.0
Trincomalee,2024-11-15,2024-11-16,1,validation,train_only,13.0,13.55438021054438,16.0
Trincomalee,2024-11-22,2024-11-23,1,validation,train_only,9.0,13.579757271207617,13.0
Trincomalee,2024-11-29,2024-11-30,1,validation,train_only,14.0,13.920749403483333,9.0
Trincomalee,2024-12-06,2024-12-07,1,validation,train_only,20.0,13.394547420731634,14.0
Trincomalee,2024-12-13,2024-12-14,1,validation,train_only,19.0,23.635043644183128,20.0
Trincomalee,2024-12-20,2024-12-21,1,validation,train_only,30.0,29.38544821991997,19.0
Trincomalee,2024-12-27,2024-12-28,1,validation,train_only,28.0,31.665319190862284,30.0
Vavuniya,2024-01-05,2024-01-06,1,validation,train_only,27.0,21.59492580223495,20.0
Vavuniya,2024-01-12,2024-01-13,1,validation,train_only,14.0,23.274840364418246,27.0
Vavuniya,2024-01-19,2024-01-20,1,validation,train_only,19.0,22.43725539077771,14.0
Vavuniya,2024-01-26,2024-01-27,1,validation,train_only,5.0,19.09429709475584,19.0
Vavuniya,2024-02-02,2024-02-03,1,validation,train_only,7.0,13.09004517544169,5.0
Vavuniya,2024-02-09,2024-02-10,1,validation,train_only,3.0,10.417573368155518,7.0
Vavuniya,2024-02-16,2024-02-17,1,validation,train_only,4.0,5.826125169492035,3.0
Vavuniya,2024-02-23,2024-02-24,1,validation,train_only,3.0,4.2223081957469075,4.0
Vavuniya,2024-03-01,2024-03-02,1,validation,train_only,5.0,3.4821733046129726,3.0
Vavuniya,2024-03-08,2024-03-09,1,validation,train_only,5.0,3.9193579459529313,5.0
Vavuniya,2024-03-15,2024-03-16,1,validation,train_only,2.0,4.598620296758558,5.0
Vavuniya,2024-03-22,2024-03-23,1,validation,train_only,2.0,3.6297844661273384,2.0
Vavuniya,2024-03-29,2024-03-30,1,validation,train_only,1.0,2.4388456711073445,2.0
Vavuniya,2024-04-05,2024-04-06,1,validation,train_only,0.0,2.448181970122319,1.0
Vavuniya,2024-04-12,2024-04-13,1,validation,train_only,0.0,2.168700065008162,0.0
Vavuniya,2024-04-19,2024-04-20,1,validation,train_only,0.0,1.58285427032616,0.0
Vavuniya,2024-04-26,2024-04-27,1,validation,train_only,0.0,0.9734715494384384,0.0
Vavuniya,2024-05-03,2024-05-04,1,validation,train_only,4.0,0.5603826842552332,0.0
Vavuniya,2024-05-10,2024-05-11,1,validation,train_only,2.0,1.6228650475825959,4.0
Vavuniya,2024-05-17,2024-05-18,1,validation,train_only,0.0,2.4033000026735,2.0
Vavuniya,2024-05-24,2024-05-25,1,validation,train_only,1.0,2.486869986811598,0.0
Vavuniya,2024-05-31,2024-06-01,1,validation,train_only,4.0,2.0983828286376602,1.0
Vavuniya,2024-06-07,2024-06-08,1,validation,train_only,2.0,3.4642704296618656,4.0
Vavuniya,2024-06-14,2024-06-15,1,validation,train_only,1.0,2.787541249756585,2.0
Vavuniya,2024-06-21,2024-06-22,1,validation,train_only,1.0,2.2385561588901246,1.0
Vavuniya,2024-06-28,2024-06-29,1,validation,train_only,4.0,1.8466302290900773,1.0
Vavuniya,2024-07-05,2024-07-06,1,validation,train_only,3.0,3.5578158504690425,4.0
Vavuniya,2024-07-12,2024-07-13,1,validation,train_only,1.0,2.0432915324110894,3.0
Vavuniya,2024-07-19,2024-07-20,1,validation,train_only,5.0,2.087458679617463,1.0
Vavuniya,2024-07-26,2024-07-27,1,validation,train_only,1.0,3.3813878550652503,5.0
Vavuniya,2024-08-02,2024-08-03,1,validation,train_only,0.0,2.8887620883683804,1.0
Vavuniya,2024-08-09,2024-08-10,1,validation,train_only,5.0,2.073816712403484,0.0
Vavuniya,2024-08-16,2024-08-17,1,validation,train_only,3.0,3.054896743818371,5.0
Vavuniya,2024-08-23,2024-08-24,1,validation,train_only,0.0,2.869701837158647,3.0
Vavuniya,2024-08-30,2024-08-31,1,validation,train_only,1.0,2.482758273187638,0.0
Vavuniya,2024-09-06,2024-09-07,1,validation,train_only,1.0,2.1420713717601374,1.0
Vavuniya,2024-09-13,2024-09-14,1,validation,train_only,2.0,2.1694626183458867,1.0
Vavuniya,2024-09-20,2024-09-21,1,validation,train_only,0.0,1.8916217864663758,2.0
Vavuniya,2024-09-27,2024-09-28,1,validation,train_only,0.0,1.3909086857895183,0.0
Vavuniya,2024-10-04,2024-10-05,1,validation,train_only,1.0,1.308131470536521,0.0
Vavuniya,2024-10-11,2024-10-12,1,validation,train_only,3.0,1.0504711057281322,1.0
Vavuniya,2024-10-18,2024-10-19,1,validation,train_only,1.0,1.1991885475063375,3.0
Vavuniya,2024-10-25,2024-10-26,1,validation,train_only,1.0,2.1196441598488187,1.0
Vavuniya,2024-11-01,2024-11-02,1,validation,train_only,2.0,2.19325415885491,1.0
Vavuniya,2024-11-08,2024-11-09,1,validation,train_only,0.0,2.586098724279959,2.0
Vavuniya,2024-11-15,2024-11-16,1,validation,train_only,5.0,2.5608867251376832,0.0
Vavuniya,2024-11-22,2024-11-23,1,validation,train_only,3.0,4.559211788228689,5.0
Vavuniya,2024-11-29,2024-11-30,1,validation,train_only,2.0,3.5593367931444133,3.0
Vavuniya,2024-12-06,2024-12-07,1,validation,train_only,4.0,4.044610392436468,2.0
Vavuniya,2024-12-13,2024-12-14,1,validation,train_only,4.0,4.83065644701927,4.0
Vavuniya,2024-12-20,2024-12-21,1,validation,train_only,2.0,5.802505614676314,4.0
Vavuniya,2024-12-27,2024-12-28,1,validation,train_only,4.0,5.222509915196288,2.0
Ampara,2025-01-03,2025-01-04,1,test,train_plus_validation,20.0,54.441024080839185,58.0
Ampara,2025-01-10,2025-01-11,1,test,train_plus_validation,27.0,33.77135060494119,20.0
Ampara,2025-01-17,2025-01-18,1,test,train_plus_validation,16.0,27.457849284360158,27.0
Ampara,2025-01-24,2025-01-25,1,test,train_plus_validation,13.0,26.272030767180375,16.0
Ampara,2025-01-31,2025-02-01,1,test,train_plus_validation,17.0,20.24860213555195,13.0
Ampara,2025-02-07,2025-02-08,1,test,train_plus_validation,17.0,17.443182908984245,17.0
Ampara,2025-02-14,2025-02-15,1,test,train_plus_validation,15.0,17.820962346978128,17.0
Ampara,2025-02-21,2025-02-22,1,test,train_plus_validation,11.0,16.41801157394866,15.0
Ampara,2025-02-28,2025-03-01,1,test,train_plus_validation,16.0,14.89142855177025,11.0
Ampara,2025-03-07,2025-03-08,1,test,train_plus_validation,11.0,14.030339132395568,16.0
Ampara,2025-03-14,2025-03-15,1,test,train_plus_validation,9.0,13.882909026553621,11.0
Ampara,2025-03-21,2025-03-22,1,test,train_plus_validation,12.0,12.328540317385938,9.0
Ampara,2025-03-28,2025-03-29,1,test,train_plus_validation,15.0,11.626585582292732,12.0
Ampara,2025-04-04,2025-04-05,1,test,train_plus_validation,22.0,12.945807487179756,15.0
Ampara,2025-04-11,2025-04-12,1,test,train_plus_validation,13.0,20.604690380770165,22.0
Ampara,2025-04-18,2025-04-19,1,test,train_plus_validation,15.0,16.09516742910614,13.0
Ampara,2025-04-25,2025-04-26,1,test,train_plus_validation,24.0,14.913443827587958,15.0
Ampara,2025-05-02,2025-05-03,1,test,train_plus_validation,17.0,22.547290164442916,24.0
Ampara,2025-05-09,2025-05-10,1,test,train_plus_validation,16.0,17.804486906817036,17.0
Ampara,2025-05-16,2025-05-17,1,test,train_plus_validation,14.0,16.519944853795238,16.0
Ampara,2025-05-23,2025-05-24,1,test,train_plus_validation,14.0,15.223331967614813,14.0
Ampara,2025-05-30,2025-05-31,1,test,train_plus_validation,28.0,14.823341773084097,14.0
Ampara,2025-06-06,2025-06-07,1,test,train_plus_validation,11.0,19.433629223892975,28.0
Ampara,2025-06-13,2025-06-14,1,test,train_plus_validation,12.0,16.39146038775578,11.0
Ampara,2025-06-20,2025-06-21,1,test,train_plus_validation,12.0,14.32521298531585,12.0
Ampara,2025-06-27,2025-06-28,1,test,train_plus_validation,22.0,12.679931703060069,12.0
Ampara,2025-07-04,2025-07-05,1,test,train_plus_validation,16.0,18.2987125916935,22.0
Ampara,2025-07-11,2025-07-12,1,test,train_plus_validation,17.0,16.186584780452343,16.0
Ampara,2025-07-18,2025-07-19,1,test,train_plus_validation,8.0,16.114697833918687,17.0
Ampara,2025-07-25,2025-07-26,1,test,train_plus_validation,11.0,11.685808229493603,8.0
Ampara,2025-08-01,2025-08-02,1,test,train_plus_validation,3.0,13.250850157612316,11.0
Ampara,2025-08-08,2025-08-09,1,test,train_plus_validation,6.0,8.71981283854961,3.0
Ampara,2025-08-15,2025-08-16,1,test,train_plus_validation,7.0,6.505263935993192,6.0
Ampara,2025-08-22,2025-08-23,1,test,train_plus_validation,7.0,5.481505282511864,7.0
Ampara,2025-08-29,2025-08-30,1,test,train_plus_validation,6.0,5.726408044026638,7.0
Ampara,2025-09-05,2025-09-06,1,test,train_plus_validation,17.0,6.2825747291370515,6.0
Ampara,2025-09-12,2025-09-13,1,test,train_plus_validation,15.0,12.485471883397546,17.0
Ampara,2025-09-19,2025-09-20,1,test,train_plus_validation,4.0,12.893279611427468,15.0
Ampara,2025-09-26,2025-09-27,1,test,train_plus_validation,6.0,10.90051769408265,4.0
Ampara,2025-10-03,2025-10-04,1,test,train_plus_validation,9.0,7.697681952193077,6.0
Ampara,2025-10-10,2025-10-11,1,test,train_plus_validation,14.0,8.823536453771089,9.0
Ampara,2025-10-17,2025-10-18,1,test,train_plus_validation,9.0,10.85195696386255,14.0
Ampara,2025-10-24,2025-10-25,1,test,train_plus_validation,15.0,11.040922968648964,9.0
Ampara,2025-10-31,2025-11-01,1,test,train_plus_validation,10.0,12.977738338574081,15.0
Ampara,2025-11-07,2025-11-08,1,test,train_plus_validation,17.0,13.160219895222752,10.0
Ampara,2025-11-14,2025-11-15,1,test,train_plus_validation,24.0,15.727197298018703,17.0
Ampara,2025-11-21,2025-11-22,1,test,train_plus_validation,11.0,24.07810415715052,24.0
Ampara,2025-11-28,2025-11-29,1,test,train_plus_validation,7.0,18.113654762252146,11.0
Ampara,2025-12-05,2025-12-06,1,test,train_plus_validation,22.0,14.989505314374446,7.0
Ampara,2025-12-12,2025-12-13,1,test,train_plus_validation,18.0,23.114775291722992,22.0
Anuradhapura,2025-01-03,2025-01-04,1,test,train_plus_validation,20.0,25.271306830913947,27.0
Anuradhapura,2025-01-10,2025-01-11,1,test,train_plus_validation,29.0,22.61203070391035,20.0
Anuradhapura,2025-01-17,2025-01-18,1,test,train_plus_validation,16.0,25.02191089373089,29.0
Anuradhapura,2025-01-24,2025-01-25,1,test,train_plus_validation,22.0,22.79849422759977,16.0
Anuradhapura,2025-01-31,2025-02-01,1,test,train_plus_validation,39.0,21.511670423282524,22.0
Anuradhapura,2025-02-07,2025-02-08,1,test,train_plus_validation,39.0,32.785780331205814,39.0
Anuradhapura,2025-02-14,2025-02-15,1,test,train_plus_validation,24.0,35.39377049260356,39.0
Anuradhapura,2025-02-21,2025-02-22,1,test,train_plus_validation,18.0,29.892899671563008,24.0
Anuradhapura,2025-02-28,2025-03-01,1,test,train_plus_validation,25.0,21.067433779995046,18.0
Anuradhapura,2025-03-07,2025-03-08,1,test,train_plus_validation,12.0,20.804851692221032,25.0
Anuradhapura,2025-03-14,2025-03-15,1,test,train_plus_validation,8.0,17.399066286728797,12.0
Anuradhapura,2025-03-21,2025-03-22,1,test,train_plus_validation,9.0,12.070486416528214,8.0
Anuradhapura,2025-03-28,2025-03-29,1,test,train_plus_validation,6.0,10.06504318115876,9.0
Anuradhapura,2025-04-04,2025-04-05,1,test,train_plus_validation,3.0,8.92067022704941,6.0
Anuradhapura,2025-04-11,2025-04-12,1,test,train_plus_validation,4.0,6.076121825903266,3.0
Anuradhapura,2025-04-18,2025-04-19,1,test,train_plus_validation,8.0,5.157860819939957,4.0
Anuradhapura,2025-04-25,2025-04-26,1,test,train_plus_validation,10.0,5.718659841689807,8.0
Anuradhapura,2025-05-02,2025-05-03,1,test,train_plus_validation,11.0,9.240268793067099,10.0
Anuradhapura,2025-05-09,2025-05-10,1,test,train_plus_validation,11.0,10.125168379917284,11.0
Anuradhapura,2025-05-16,2025-05-17,1,test,train_plus_validation,13.0,10.123202157273273,11.0
Anuradhapura,2025-05-23,2025-05-24,1,test,train_plus_validation,11.0,11.792414673700808,13.0
Anuradhapura,2025-05-30,2025-05-31,1,test,train_plus_validation,10.0,11.96381896811532,11.0
Anuradhapura,2025-06-06,2025-06-07,1,test,train_plus_validation,7.0,11.328723124334662,10.0
Anuradhapura,2025-06-13,2025-06-14,1,test,train_plus_validation,8.0,7.910293833956905,7.0
Anuradhapura,2025-06-20,2025-06-21,1,test,train_plus_validation,17.0,7.71486049638675,8.0
Anuradhapura,2025-06-27,2025-06-28,1,test,train_plus_validation,8.0,14.00426632542814,17.0
Anuradhapura,2025-07-04,2025-07-05,1,test,train_plus_validation,8.0,8.774432427280095,8.0
Anuradhapura,2025-07-11,2025-07-12,1,test,train_plus_validation,12.0,8.156102099982842,8.0
Anuradhapura,2025-07-18,2025-07-19,1,test,train_plus_validation,11.0,10.203850856682273,12.0
Anuradhapura,2025-07-25,2025-07-26,1,test,train_plus_validation,3.0,10.371553747123144,11.0
Anuradhapura,2025-08-01,2025-08-02,1,test,train_plus_validation,6.0,6.47623957079721,3.0
Anuradhapura,2025-08-08,2025-08-09,1,test,train_plus_validation,11.0,6.196226936598347,6.0
Anuradhapura,2025-08-15,2025-08-16,1,test,train_plus_validation,6.0,9.25122527994825,11.0
Anuradhapura,2025-08-22,2025-08-23,1,test,train_plus_validation,9.0,6.738491765799398,6.0
Anuradhapura,2025-08-29,2025-08-30,1,test,train_plus_validation,2.0,7.2712980201383095,9.0
Anuradhapura,2025-09-05,2025-09-06,1,test,train_plus_validation,6.0,5.782768201325292,2.0
Anuradhapura,2025-09-12,2025-09-13,1,test,train_plus_validation,3.0,5.191172194499187,6.0
Anuradhapura,2025-09-19,2025-09-20,1,test,train_plus_validation,2.0,4.383086690023909,3.0
Anuradhapura,2025-09-26,2025-09-27,1,test,train_plus_validation,0.0,3.7099397484519043,2.0
Anuradhapura,2025-10-03,2025-10-04,1,test,train_plus_validation,7.0,2.4406273591324,0.0
Anuradhapura,2025-10-10,2025-10-11,1,test,train_plus_validation,9.0,4.602849276230066,7.0
Anuradhapura,2025-10-17,2025-10-18,1,test,train_plus_validation,4.0,6.698128174269916,9.0
Anuradhapura,2025-10-24,2025-10-25,1,test,train_plus_validation,9.0,5.542011562534633,4.0
Anuradhapura,2025-10-31,2025-11-01,1,test,train_plus_validation,3.0,8.112599323014786,9.0
Anuradhapura,2025-11-07,2025-11-08,1,test,train_plus_validation,8.0,6.675869596392644,3.0
Anuradhapura,2025-11-14,2025-11-15,1,test,train_plus_validation,10.0,8.37877157641944,8.0
Anuradhapura,2025-11-21,2025-11-22,1,test,train_plus_validation,8.0,10.873549296396792,10.0
Anuradhapura,2025-11-28,2025-11-29,1,test,train_plus_validation,11.0,9.111777689522814,8.0
Anuradhapura,2025-12-05,2025-12-06,1,test,train_plus_validation,12.0,10.80440811018457,11.0
Anuradhapura,2025-12-12,2025-12-13,1,test,train_plus_validation,13.0,11.67478756753922,12.0
Badulla,2025-01-03,2025-01-04,1,test,train_plus_validation,17.0,18.223290901102203,5.0
Badulla,2025-01-10,2025-01-11,1,test,train_plus_validation,28.0,16.88271130936783,17.0
Badulla,2025-01-17,2025-01-18,1,test,train_plus_validation,27.0,23.11197945074831,28.0
Badulla,2025-01-24,2025-01-25,1,test,train_plus_validation,26.0,26.53367315170238,27.0
Badulla,2025-01-31,2025-02-01,1,test,train_plus_validation,17.0,35.444270158834506,26.0
Badulla,2025-02-07,2025-02-08,1,test,train_plus_validation,17.0,26.671433888080887,17.0
Badulla,2025-02-14,2025-02-15,1,test,train_plus_validation,8.0,21.225043723468325,17.0
Badulla,2025-02-21,2025-02-22,1,test,train_plus_validation,11.0,16.0712906539778,8.0
Badulla,2025-02-28,2025-03-01,1,test,train_plus_validation,3.0,13.777156691438613,11.0
Badulla,2025-03-07,2025-03-08,1,test,train_plus_validation,17.0,8.663079724057088,3.0
Badulla,2025-03-14,2025-03-15,1,test,train_plus_validation,6.0,13.033912674425025,17.0
Badulla,2025-03-21,2025-03-22,1,test,train_plus_validation,12.0,8.429776705201073,6.0
Badulla,2025-03-28,2025-03-29,1,test,train_plus_validation,9.0,11.952584310206882,12.0
Badulla,2025-04-04,2025-04-05,1,test,train_plus_validation,18.0,9.590086613680175,9.0
Badulla,2025-04-11,2025-04-12,1,test,train_plus_validation,11.0,14.677981876319713,18.0
Badulla,2025-04-18,2025-04-19,1,test,train_plus_validation,19.0,13.473498733708626,11.0
Badulla,2025-04-25,2025-04-26,1,test,train_plus_validation,12.0,17.56131789645684,19.0
Badulla,2025-05-02,2025-05-03,1,test,train_plus_validation,7.0,16.656519400925024,12.0
Badulla,2025-05-09,2025-05-10,1,test,train_plus_validation,7.0,13.318403666568404,7.0
Badulla,2025-05-16,2025-05-17,1,test,train_plus_validation,25.0,10.216287727929979,7.0
Badulla,2025-05-23,2025-05-24,1,test,train_plus_validation,26.0,23.515901716986043,25.0
Badulla,2025-05-30,2025-05-31,1,test,train_plus_validation,24.0,24.42318198097036,26.0
Badulla,2025-06-06,2025-06-07,1,test,train_plus_validation,24.0,24.75865968443025,24.0
Badulla,2025-06-13,2025-06-14,1,test,train_plus_validation,31.0,22.593510227938786,24.0
Badulla,2025-06-20,2025-06-21,1,test,train_plus_validation,17.0,25.773886213145342,31.0
Badulla,2025-06-27,2025-06-28,1,test,train_plus_validation,17.0,26.550441802190416,17.0
Badulla,2025-07-04,2025-07-05,1,test,train_plus_validation,16.0,20.37779305302655,17.0
Badulla,2025-07-11,2025-07-12,1,test,train_plus_validation,37.0,15.088233235299876,16.0
Badulla,2025-07-18,2025-07-19,1,test,train_plus_validation,20.0,35.00517534644129,37.0
Badulla,2025-07-25,2025-07-26,1,test,train_plus_validation,16.0,24.063233516312028,20.0
Badulla,2025-08-01,2025-08-02,1,test,train_plus_validation,13.0,22.644297690126077,16.0
Badulla,2025-08-08,2025-08-09,1,test,train_plus_validation,12.0,15.03863449256004,13.0
Badulla,2025-08-15,2025-08-16,1,test,train_plus_validation,14.0,14.570777520139563,12.0
Badulla,2025-08-22,2025-08-23,1,test,train_plus_validation,18.0,14.08528720885233,14.0
Badulla,2025-08-29,2025-08-30,1,test,train_plus_validation,8.0,15.16700840850166,18.0
Badulla,2025-09-05,2025-09-06,1,test,train_plus_validation,11.0,10.42291911765401,8.0
Badulla,2025-09-12,2025-09-13,1,test,train_plus_validation,19.0,13.623299470744675,11.0
Badulla,2025-09-19,2025-09-20,1,test,train_plus_validation,8.0,15.594802081471093,19.0
Badulla,2025-09-26,2025-09-27,1,test,train_plus_validation,13.0,12.58674446479983,8.0
Badulla,2025-10-03,2025-10-04,1,test,train_plus_validation,4.0,13.642114439546424,13.0
Badulla,2025-10-10,2025-10-11,1,test,train_plus_validation,8.0,10.489063788829448,4.0
Badulla,2025-10-17,2025-10-18,1,test,train_plus_validation,11.0,9.058646344516802,8.0
Badulla,2025-10-24,2025-10-25,1,test,train_plus_validation,7.0,10.124910650547003,11.0
Badulla,2025-10-31,2025-11-01,1,test,train_plus_validation,14.0,8.818753519191388,7.0
Badulla,2025-11-07,2025-11-08,1,test,train_plus_validation,17.0,12.050557558671748,14.0
Badulla,2025-11-14,2025-11-15,1,test,train_plus_validation,18.0,15.914638463571485,17.0
Badulla,2025-11-21,2025-11-22,1,test,train_plus_validation,14.0,16.63035227658934,18.0
Badulla,2025-11-28,2025-11-29,1,test,train_plus_validation,10.0,18.015777412011968,14.0
Badulla,2025-12-05,2025-12-06,1,test,train_plus_validation,18.0,16.235020409261065,10.0
Badulla,2025-12-12,2025-12-13,1,test,train_plus_validation,25.0,18.606526851993703,18.0
Batticaloa,2025-01-03,2025-01-04,1,test,train_plus_validation,55.0,56.00434312784297,62.0
Batticaloa,2025-01-10,2025-01-11,1,test,train_plus_validation,65.0,57.554749553644335,55.0
Batticaloa,2025-01-17,2025-01-18,1,test,train_plus_validation,64.0,62.71688831761346,65.0
Batticaloa,2025-01-24,2025-01-25,1,test,train_plus_validation,53.0,65.04998510626125,64.0
Batticaloa,2025-01-31,2025-02-01,1,test,train_plus_validation,60.0,63.73618487988936,53.0
Batticaloa,2025-02-07,2025-02-08,1,test,train_plus_validation,60.0,56.538485051834044,60.0
Batticaloa,2025-02-14,2025-02-15,1,test,train_plus_validation,81.0,55.49644251468434,60.0
Batticaloa,2025-02-21,2025-02-22,1,test,train_plus_validation,59.0,69.35544677263302,81.0
Batticaloa,2025-02-28,2025-03-01,1,test,train_plus_validation,56.0,56.32605108174503,59.0
Batticaloa,2025-03-07,2025-03-08,1,test,train_plus_validation,31.0,56.7662497753498,56.0
Batticaloa,2025-03-14,2025-03-15,1,test,train_plus_validation,28.0,36.88866946686674,31.0
Batticaloa,2025-03-21,2025-03-22,1,test,train_plus_validation,28.0,32.284627507326846,28.0
Batticaloa,2025-03-28,2025-03-29,1,test,train_plus_validation,46.0,27.893339848511847,28.0
Batticaloa,2025-04-04,2025-04-05,1,test,train_plus_validation,70.0,39.88216776115796,46.0
Batticaloa,2025-04-11,2025-04-12,1,test,train_plus_validation,62.0,51.5285789609983,70.0
Batticaloa,2025-04-18,2025-04-19,1,test,train_plus_validation,94.0,62.09332627211359,62.0
Batticaloa,2025-04-25,2025-04-26,1,test,train_plus_validation,84.0,91.49174733140151,94.0
Batticaloa,2025-05-02,2025-05-03,1,test,train_plus_validation,59.0,85.74615640890447,84.0
Batticaloa,2025-05-09,2025-05-10,1,test,train_plus_validation,58.0,64.67119628924422,59.0
Batticaloa,2025-05-16,2025-05-17,1,test,train_plus_validation,53.0,55.665935644562005,58.0
Batticaloa,2025-05-23,2025-05-24,1,test,train_plus_validation,52.0,49.11436905559857,53.0
Batticaloa,2025-05-30,2025-05-31,1,test,train_plus_validation,59.0,49.54810421226837,52.0
Batticaloa,2025-06-06,2025-06-07,1,test,train_plus_validation,30.0,52.38394324895749,59.0
Batticaloa,2025-06-13,2025-06-14,1,test,train_plus_validation,40.0,44.33997761992889,30.0
Batticaloa,2025-06-20,2025-06-21,1,test,train_plus_validation,16.0,43.034362697041786,40.0
Batticaloa,2025-06-27,2025-06-28,1,test,train_plus_validation,20.0,24.699343315151335,16.0
Batticaloa,2025-07-04,2025-07-05,1,test,train_plus_validation,13.0,23.940859092271204,20.0
Batticaloa,2025-07-11,2025-07-12,1,test,train_plus_validation,19.0,14.992788877127602,13.0
Batticaloa,2025-07-18,2025-07-19,1,test,train_plus_validation,6.0,16.953548819591095,19.0
Batticaloa,2025-07-25,2025-07-26,1,test,train_plus_validation,6.0,10.792855743764097,6.0
Batticaloa,2025-08-01,2025-08-02,1,test,train_plus_validation,12.0,9.013130221766982,6.0
Batticaloa,2025-08-08,2025-08-09,1,test,train_plus_validation,5.0,9.494845958358422,12.0
Batticaloa,2025-08-15,2025-08-16,1,test,train_plus_validation,6.0,7.754107808177455,5.0
Batticaloa,2025-08-22,2025-08-23,1,test,train_plus_validation,9.0,6.732310141764667,6.0
Batticaloa,2025-08-29,2025-08-30,1,test,train_plus_validation,8.0,7.435354971088403,9.0
Batticaloa,2025-09-05,2025-09-06,1,test,train_plus_validation,8.0,7.644725790380291,8.0
Batticaloa,2025-09-12,2025-09-13,1,test,train_plus_validation,9.0,7.189601507025321,8.0
Batticaloa,2025-09-19,2025-09-20,1,test,train_plus_validation,9.0,7.871979918651953,9.0
Batticaloa,2025-09-26,2025-09-27,1,test,train_plus_validation,14.0,8.245268273738532,9.0
Batticaloa,2025-10-03,2025-10-04,1,test,train_plus_validation,16.0,10.667188974115753,14.0
Batticaloa,2025-10-10,2025-10-11,1,test,train_plus_validation,17.0,13.821630890529853,16.0
Batticaloa,2025-10-17,2025-10-18,1,test,train_plus_validation,13.0,16.923516171396212,17.0
Batticaloa,2025-10-24,2025-10-25,1,test,train_plus_validation,19.0,15.42274447316273,13.0
Batticaloa,2025-10-31,2025-11-01,1,test,train_plus_validation,29.0,18.071604656260586,19.0
Batticaloa,2025-11-07,2025-11-08,1,test,train_plus_validation,21.0,23.38289910327276,29.0
Batticaloa,2025-11-14,2025-11-15,1,test,train_plus_validation,21.0,22.18467775382481,21.0
Batticaloa,2025-11-21,2025-11-22,1,test,train_plus_validation,10.0,24.48299359901634,21.0
Batticaloa,2025-11-28,2025-11-29,1,test,train_plus_validation,16.0,19.363420565133517,10.0
Batticaloa,2025-12-05,2025-12-06,1,test,train_plus_validation,14.0,17.149814200317223,16.0
Batticaloa,2025-12-12,2025-12-13,1,test,train_plus_validation,20.0,18.926810109624267,14.0
Colombo,2025-01-03,2025-01-04,1,test,train_plus_validation,245.0,185.33667589336093,200.0
Colombo,2025-01-10,2025-01-11,1,test,train_plus_validation,247.0,222.03352843945396,245.0
Colombo,2025-01-17,2025-01-18,1,test,train_plus_validation,284.0,244.70336439628187,247.0
Colombo,2025-01-24,2025-01-25,1,test,train_plus_validation,225.0,278.6978176826053,284.0
Colombo,2025-01-31,2025-02-01,1,test,train_plus_validation,252.0,218.15677014408496,225.0
Colombo,2025-02-07,2025-02-08,1,test,train_plus_validation,252.0,232.29991567281812,252.0
Colombo,2025-02-14,2025-02-15,1,test,train_plus_validation,217.0,247.28284154243067,252.0
Colombo,2025-02-21,2025-02-22,1,test,train_plus_validation,219.0,195.26913547923667,217.0
Colombo,2025-02-28,2025-03-01,1,test,train_plus_validation,262.0,185.23361442279574,219.0
Colombo,2025-03-07,2025-03-08,1,test,train_plus_validation,214.0,260.5819964548949,262.0
Colombo,2025-03-14,2025-03-15,1,test,train_plus_validation,242.0,197.9378306472494,214.0
Colombo,2025-03-21,2025-03-22,1,test,train_plus_validation,239.0,229.61405320169172,242.0
Colombo,2025-03-28,2025-03-29,1,test,train_plus_validation,204.0,218.21510986367358,239.0
Colombo,2025-04-04,2025-04-05,1,test,train_plus_validation,277.0,189.53699928948845,204.0
Colombo,2025-04-11,2025-04-12,1,test,train_plus_validation,230.0,278.51316203144074,277.0
Colombo,2025-04-18,2025-04-19,1,test,train_plus_validation,306.0,223.5397819748693,230.0
Colombo,2025-04-25,2025-04-26,1,test,train_plus_validation,276.0,313.607023621876,306.0
Colombo,2025-05-02,2025-05-03,1,test,train_plus_validation,310.0,314.1292434451212,276.0
Colombo,2025-05-09,2025-05-10,1,test,train_plus_validation,359.0,321.8713719229783,310.0
Colombo,2025-05-16,2025-05-17,1,test,train_plus_validation,336.0,348.7302595704055,359.0
Colombo,2025-05-23,2025-05-24,1,test,train_plus_validation,302.0,358.1071930210249,336.0
Colombo,2025-05-30,2025-05-31,1,test,train_plus_validation,245.0,341.8173969483581,302.0
Colombo,2025-06-06,2025-06-07,1,test,train_plus_validation,279.0,223.8449486251672,245.0
Colombo,2025-06-13,2025-06-14,1,test,train_plus_validation,316.0,296.8863017481486,279.0
Colombo,2025-06-20,2025-06-21,1,test,train_plus_validation,276.0,313.5945744522002,316.0
Colombo,2025-06-27,2025-06-28,1,test,train_plus_validation,285.0,311.4868651797967,276.0
Colombo,2025-07-04,2025-07-05,1,test,train_plus_validation,222.0,310.7566440199144,285.0
Colombo,2025-07-11,2025-07-12,1,test,train_plus_validation,226.0,224.60018077905136,222.0
Colombo,2025-07-18,2025-07-19,1,test,train_plus_validation,237.0,193.09387439498437,226.0
Colombo,2025-07-25,2025-07-26,1,test,train_plus_validation,246.0,196.25484583384448,237.0
Colombo,2025-08-01,2025-08-02,1,test,train_plus_validation,156.0,227.01932767985033,246.0
Colombo,2025-08-08,2025-08-09,1,test,train_plus_validation,87.0,171.14763189847946,156.0
Colombo,2025-08-15,2025-08-16,1,test,train_plus_validation,137.0,131.08480765347946,87.0
Colombo,2025-08-22,2025-08-23,1,test,train_plus_validation,104.0,129.81659920017725,137.0
Colombo,2025-08-29,2025-08-30,1,test,train_plus_validation,103.0,99.26762145212199,104.0
Colombo,2025-09-05,2025-09-06,1,test,train_plus_validation,117.0,96.2162698551448,103.0
Colombo,2025-09-12,2025-09-13,1,test,train_plus_validation,120.0,113.6239072431622,117.0
Colombo,2025-09-19,2025-09-20,1,test,train_plus_validation,155.0,112.15928839653539,120.0
Colombo,2025-09-26,2025-09-27,1,test,train_plus_validation,129.0,154.5993096585986,155.0
Colombo,2025-10-03,2025-10-04,1,test,train_plus_validation,130.0,136.25595088694936,129.0
Colombo,2025-10-10,2025-10-11,1,test,train_plus_validation,157.0,138.91272809861684,130.0
Colombo,2025-10-17,2025-10-18,1,test,train_plus_validation,214.0,153.5947806073269,157.0
Colombo,2025-10-24,2025-10-25,1,test,train_plus_validation,153.0,198.3522010645823,214.0
Colombo,2025-10-31,2025-11-01,1,test,train_plus_validation,184.0,192.59452549453687,153.0
Colombo,2025-11-07,2025-11-08,1,test,train_plus_validation,266.0,184.38879867085242,184.0
Colombo,2025-11-14,2025-11-15,1,test,train_plus_validation,226.0,257.72443952078567,266.0
Colombo,2025-11-21,2025-11-22,1,test,train_plus_validation,286.0,228.16923409195388,226.0
Colombo,2025-11-28,2025-11-29,1,test,train_plus_validation,272.0,275.2881505358135,286.0
Colombo,2025-12-05,2025-12-06,1,test,train_plus_validation,318.0,273.3666543976904,272.0
Colombo,2025-12-12,2025-12-13,1,test,train_plus_validation,340.0,295.15499991223595,318.0
Galle,2025-01-03,2025-01-04,1,test,train_plus_validation,82.0,32.07224767154591,30.0
Galle,2025-01-10,2025-01-11,1,test,train_plus_validation,51.0,61.682530717369396,82.0
Galle,2025-01-17,2025-01-18,1,test,train_plus_validation,48.0,53.30849809409184,51.0
Galle,2025-01-24,2025-01-25,1,test,train_plus_validation,53.0,55.22494200184214,48.0
Galle,2025-01-31,2025-02-01,1,test,train_plus_validation,44.0,60.66077436014755,53.0
Galle,2025-02-07,2025-02-08,1,test,train_plus_validation,44.0,51.55535097423941,44.0
Galle,2025-02-14,2025-02-15,1,test,train_plus_validation,43.0,46.12063719858399,44.0
Galle,2025-02-21,2025-02-22,1,test,train_plus_validation,21.0,46.24597113411141,43.0
Galle,2025-02-28,2025-03-01,1,test,train_plus_validation,40.0,33.74943465282974,21.0
Galle,2025-03-07,2025-03-08,1,test,train_plus_validation,24.0,33.80277294170745,40.0
Galle,2025-03-14,2025-03-15,1,test,train_plus_validation,35.0,29.926502176199882,24.0
Galle,2025-03-21,2025-03-22,1,test,train_plus_validation,31.0,33.33341941416195,35.0
Galle,2025-03-28,2025-03-29,1,test,train_plus_validation,34.0,31.814928794672046,31.0
Galle,2025-04-04,2025-04-05,1,test,train_plus_validation,29.0,33.14059223415894,34.0
Galle,2025-04-11,2025-04-12,1,test,train_plus_validation,23.0,33.44458229871293,29.0
Galle,2025-04-18,2025-04-19,1,test,train_plus_validation,55.0,29.78431720054811,23.0
Galle,2025-04-25,2025-04-26,1,test,train_plus_validation,29.0,45.83065921274686,55.0
Galle,2025-05-02,2025-05-03,1,test,train_plus_validation,32.0,38.64742472394052,29.0
Galle,2025-05-09,2025-05-10,1,test,train_plus_validation,44.0,33.12433642844393,32.0
Galle,2025-05-16,2025-05-17,1,test,train_plus_validation,56.0,43.56786579728348,44.0
Galle,2025-05-23,2025-05-24,1,test,train_plus_validation,44.0,49.74595627138437,56.0
Galle,2025-05-30,2025-05-31,1,test,train_plus_validation,49.0,53.909066541990136,44.0
Galle,2025-06-06,2025-06-07,1,test,train_plus_validation,44.0,53.33361033920584,49.0
Galle,2025-06-13,2025-06-14,1,test,train_plus_validation,73.0,51.78260902793973,44.0
Galle,2025-06-20,2025-06-21,1,test,train_plus_validation,79.0,60.47801711060918,73.0
Galle,2025-06-27,2025-06-28,1,test,train_plus_validation,47.0,68.70091474680572,79.0
Galle,2025-07-04,2025-07-05,1,test,train_plus_validation,56.0,69.05527869344563,47.0
Galle,2025-07-11,2025-07-12,1,test,train_plus_validation,43.0,55.191418578934524,56.0
Galle,2025-07-18,2025-07-19,1,test,train_plus_validation,66.0,49.449854405143384,43.0
Galle,2025-07-25,2025-07-26,1,test,train_plus_validation,44.0,54.742507304714785,66.0
Galle,2025-08-01,2025-08-02,1,test,train_plus_validation,37.0,51.85413828928108,44.0
Galle,2025-08-08,2025-08-09,1,test,train_plus_validation,48.0,37.480962536518184,37.0
Galle,2025-08-15,2025-08-16,1,test,train_plus_validation,27.0,45.93794769575869,48.0
Galle,2025-08-22,2025-08-23,1,test,train_plus_validation,37.0,35.48933425980572,27.0
Galle,2025-08-29,2025-08-30,1,test,train_plus_validation,33.0,33.0640674241055,37.0
Galle,2025-09-05,2025-09-06,1,test,train_plus_validation,44.0,32.959715994443016,33.0
Galle,2025-09-12,2025-09-13,1,test,train_plus_validation,29.0,40.740135470021485,44.0
Galle,2025-09-19,2025-09-20,1,test,train_plus_validation,35.0,33.46188940821868,29.0
Galle,2025-09-26,2025-09-27,1,test,train_plus_validation,30.0,33.541050855576735,35.0
Galle,2025-10-03,2025-10-04,1,test,train_plus_validation,34.0,32.45198403226003,30.0
Galle,2025-10-10,2025-10-11,1,test,train_plus_validation,40.0,33.26665239069765,34.0
Galle,2025-10-17,2025-10-18,1,test,train_plus_validation,29.0,36.43331747103965,40.0
Galle,2025-10-24,2025-10-25,1,test,train_plus_validation,30.0,36.27023749035641,29.0
Galle,2025-10-31,2025-11-01,1,test,train_plus_validation,27.0,29.701916532396407,30.0
Galle,2025-11-07,2025-11-08,1,test,train_plus_validation,36.0,29.0186407225722,27.0
Galle,2025-11-14,2025-11-15,1,test,train_plus_validation,48.0,33.3358380453438,36.0
Galle,2025-11-21,2025-11-22,1,test,train_plus_validation,68.0,49.376242218089935,48.0
Galle,2025-11-28,2025-11-29,1,test,train_plus_validation,68.0,56.65435504398111,68.0
Galle,2025-12-05,2025-12-06,1,test,train_plus_validation,81.0,65.70235065337074,68.0
Galle,2025-12-12,2025-12-13,1,test,train_plus_validation,82.0,71.75012365024725,81.0
Gampaha,2025-01-03,2025-01-04,1,test,train_plus_validation,191.0,162.08706250944252,186.0
Gampaha,2025-01-10,2025-01-11,1,test,train_plus_validation,157.0,181.65960079037086,191.0
Gampaha,2025-01-17,2025-01-18,1,test,train_plus_validation,184.0,164.93573461466846,157.0
Gampaha,2025-01-24,2025-01-25,1,test,train_plus_validation,162.0,167.52191547830824,184.0
Gampaha,2025-01-31,2025-02-01,1,test,train_plus_validation,131.0,166.34430284506925,162.0
Gampaha,2025-02-07,2025-02-08,1,test,train_plus_validation,131.0,131.50265923853385,131.0
Gampaha,2025-02-14,2025-02-15,1,test,train_plus_validation,132.0,129.48512803287272,131.0
Gampaha,2025-02-21,2025-02-22,1,test,train_plus_validation,119.0,124.41316867740902,132.0
Gampaha,2025-02-28,2025-03-01,1,test,train_plus_validation,142.0,102.88257945729083,119.0
Gampaha,2025-03-07,2025-03-08,1,test,train_plus_validation,132.0,127.04799149195935,142.0
Gampaha,2025-03-14,2025-03-15,1,test,train_plus_validation,125.0,124.23957117140108,132.0
Gampaha,2025-03-21,2025-03-22,1,test,train_plus_validation,135.0,110.43713403244338,125.0
Gampaha,2025-03-28,2025-03-29,1,test,train_plus_validation,135.0,134.5542827438709,135.0
Gampaha,2025-04-04,2025-04-05,1,test,train_plus_validation,137.0,135.23772380416136,135.0
Gampaha,2025-04-11,2025-04-12,1,test,train_plus_validation,171.0,156.6422792170801,137.0
Gampaha,2025-04-18,2025-04-19,1,test,train_plus_validation,166.0,161.82784683165565,171.0
Gampaha,2025-04-25,2025-04-26,1,test,train_plus_validation,158.0,171.20218960548374,166.0
Gampaha,2025-05-02,2025-05-03,1,test,train_plus_validation,194.0,172.35615259149438,158.0
Gampaha,2025-05-09,2025-05-10,1,test,train_plus_validation,224.0,188.02864089050945,194.0
Gampaha,2025-05-16,2025-05-17,1,test,train_plus_validation,208.0,193.36366374427078,224.0
Gampaha,2025-05-23,2025-05-24,1,test,train_plus_validation,197.0,185.18021865739135,208.0
Gampaha,2025-05-30,2025-05-31,1,test,train_plus_validation,228.0,185.43837820787732,197.0
Gampaha,2025-06-06,2025-06-07,1,test,train_plus_validation,207.0,205.09329000811258,228.0
Gampaha,2025-06-13,2025-06-14,1,test,train_plus_validation,217.0,192.1155414491892,207.0
Gampaha,2025-06-20,2025-06-21,1,test,train_plus_validation,167.0,199.62472535312264,217.0
Gampaha,2025-06-27,2025-06-28,1,test,train_plus_validation,181.0,180.17226369857931,167.0
Gampaha,2025-07-04,2025-07-05,1,test,train_plus_validation,154.0,184.5713777806345,181.0
Gampaha,2025-07-11,2025-07-12,1,test,train_plus_validation,193.0,182.77465940165453,154.0
Gampaha,2025-07-18,2025-07-19,1,test,train_plus_validation,175.0,180.62755308696202,193.0
Gampaha,2025-07-25,2025-07-26,1,test,train_plus_validation,148.0,174.2235246556894,175.0
Gampaha,2025-08-01,2025-08-02,1,test,train_plus_validation,96.0,157.58784518114632,148.0
Gampaha,2025-08-08,2025-08-09,1,test,train_plus_validation,91.0,101.83339897091756,96.0
Gampaha,2025-08-15,2025-08-16,1,test,train_plus_validation,108.0,89.3357932048163,91.0
Gampaha,2025-08-22,2025-08-23,1,test,train_plus_validation,63.0,94.7403855734824,108.0
Gampaha,2025-08-29,2025-08-30,1,test,train_plus_validation,58.0,71.04334527467023,63.0
Gampaha,2025-09-05,2025-09-06,1,test,train_plus_validation,92.0,57.53576300192926,58.0
Gampaha,2025-09-12,2025-09-13,1,test,train_plus_validation,93.0,80.15790154361285,92.0
Gampaha,2025-09-19,2025-09-20,1,test,train_plus_validation,78.0,90.52748018263628,93.0
Gampaha,2025-09-26,2025-09-27,1,test,train_plus_validation,56.0,76.66959493332583,78.0
Gampaha,2025-10-03,2025-10-04,1,test,train_plus_validation,82.0,61.63885653244851,56.0
Gampaha,2025-10-10,2025-10-11,1,test,train_plus_validation,83.0,75.81520382377771,82.0
Gampaha,2025-10-17,2025-10-18,1,test,train_plus_validation,95.0,81.34452418141692,83.0
Gampaha,2025-10-24,2025-10-25,1,test,train_plus_validation,112.0,91.05727734357947,95.0
Gampaha,2025-10-31,2025-11-01,1,test,train_plus_validation,128.0,109.0648634308288,112.0
Gampaha,2025-11-07,2025-11-08,1,test,train_plus_validation,131.0,125.56357144476378,128.0
Gampaha,2025-11-14,2025-11-15,1,test,train_plus_validation,159.0,155.47589751353087,131.0
Gampaha,2025-11-21,2025-11-22,1,test,train_plus_validation,138.0,147.54934057980765,159.0
Gampaha,2025-11-28,2025-11-29,1,test,train_plus_validation,186.0,154.70410506271136,138.0
Gampaha,2025-12-05,2025-12-06,1,test,train_plus_validation,202.0,197.2621060527433,186.0
Gampaha,2025-12-12,2025-12-13,1,test,train_plus_validation,214.0,198.42988661618932,202.0
Hambantota,2025-01-03,2025-01-04,1,test,train_plus_validation,35.0,33.90595102576474,36.0
Hambantota,2025-01-10,2025-01-11,1,test,train_plus_validation,32.0,34.28268312295668,35.0
Hambantota,2025-01-17,2025-01-18,1,test,train_plus_validation,24.0,34.804173490026095,32.0
Hambantota,2025-01-24,2025-01-25,1,test,train_plus_validation,22.0,30.370059275433825,24.0
Hambantota,2025-01-31,2025-02-01,1,test,train_plus_validation,15.0,27.829136723342376,22.0
Hambantota,2025-02-07,2025-02-08,1,test,train_plus_validation,15.0,20.13738992231725,15.0
Hambantota,2025-02-14,2025-02-15,1,test,train_plus_validation,10.0,18.336636076060103,15.0
Hambantota,2025-02-21,2025-02-22,1,test,train_plus_validation,12.0,15.39103037842313,10.0
Hambantota,2025-02-28,2025-03-01,1,test,train_plus_validation,17.0,12.903979077318537,12.0
Hambantota,2025-03-07,2025-03-08,1,test,train_plus_validation,14.0,14.034576385073827,17.0
Hambantota,2025-03-14,2025-03-15,1,test,train_plus_validation,18.0,14.240017309437917,14.0
Hambantota,2025-03-21,2025-03-22,1,test,train_plus_validation,12.0,16.300384800868468,18.0
Hambantota,2025-03-28,2025-03-29,1,test,train_plus_validation,13.0,15.563445357641713,12.0
Hambantota,2025-04-04,2025-04-05,1,test,train_plus_validation,10.0,15.220566008960544,13.0
Hambantota,2025-04-11,2025-04-12,1,test,train_plus_validation,12.0,14.722393529723062,10.0
Hambantota,2025-04-18,2025-04-19,1,test,train_plus_validation,23.0,13.259338086318877,12.0
Hambantota,2025-04-25,2025-04-26,1,test,train_plus_validation,24.0,19.227987180969084,23.0
Hambantota,2025-05-02,2025-05-03,1,test,train_plus_validation,16.0,22.736806339626703,24.0
Hambantota,2025-05-09,2025-05-10,1,test,train_plus_validation,20.0,20.805404896625117,16.0
Hambantota,2025-05-16,2025-05-17,1,test,train_plus_validation,20.0,19.326117541913433,20.0
Hambantota,2025-05-23,2025-05-24,1,test,train_plus_validation,8.0,20.3279256926118,20.0
Hambantota,2025-05-30,2025-05-31,1,test,train_plus_validation,24.0,12.322107370712903,8.0
Hambantota,2025-06-06,2025-06-07,1,test,train_plus_validation,15.0,20.37623479976751,24.0
Hambantota,2025-06-13,2025-06-14,1,test,train_plus_validation,22.0,15.620364082810083,15.0
Hambantota,2025-06-20,2025-06-21,1,test,train_plus_validation,21.0,19.779955438849587,22.0
Hambantota,2025-06-27,2025-06-28,1,test,train_plus_validation,24.0,18.796421702599837,21.0
Hambantota,2025-07-04,2025-07-05,1,test,train_plus_validation,31.0,22.391613629067344,24.0
Hambantota,2025-07-11,2025-07-12,1,test,train_plus_validation,46.0,24.012506103948255,31.0
Hambantota,2025-07-18,2025-07-19,1,test,train_plus_validation,31.0,38.47266344322488,46.0
Hambantota,2025-07-25,2025-07-26,1,test,train_plus_validation,24.0,30.716336922528736,31.0
Hambantota,2025-08-01,2025-08-02,1,test,train_plus_validation,17.0,24.909889333460217,24.0
Hambantota,2025-08-08,2025-08-09,1,test,train_plus_validation,15.0,20.15029969248023,17.0
Hambantota,2025-08-15,2025-08-16,1,test,train_plus_validation,7.0,15.719605282045805,15.0
Hambantota,2025-08-22,2025-08-23,1,test,train_plus_validation,18.0,9.73944973697784,7.0
Hambantota,2025-08-29,2025-08-30,1,test,train_plus_validation,9.0,13.207524366848215,18.0
Hambantota,2025-09-05,2025-09-06,1,test,train_plus_validation,9.0,10.51160769906089,9.0
Hambantota,2025-09-12,2025-09-13,1,test,train_plus_validation,7.0,9.941853773921686,9.0
Hambantota,2025-09-19,2025-09-20,1,test,train_plus_validation,19.0,7.399944352152093,7.0
Hambantota,2025-09-26,2025-09-27,1,test,train_plus_validation,15.0,14.110562145381106,19.0
Hambantota,2025-10-03,2025-10-04,1,test,train_plus_validation,10.0,12.650421594199072,15.0
Hambantota,2025-10-10,2025-10-11,1,test,train_plus_validation,10.0,13.835727112996416,10.0
Hambantota,2025-10-17,2025-10-18,1,test,train_plus_validation,6.0,12.395480587964373,10.0
Hambantota,2025-10-24,2025-10-25,1,test,train_plus_validation,14.0,10.485543965887086,6.0
Hambantota,2025-10-31,2025-11-01,1,test,train_plus_validation,18.0,11.376297939740553,14.0
Hambantota,2025-11-07,2025-11-08,1,test,train_plus_validation,14.0,14.780566511494287,18.0
Hambantota,2025-11-14,2025-11-15,1,test,train_plus_validation,15.0,14.875983244938473,14.0
Hambantota,2025-11-21,2025-11-22,1,test,train_plus_validation,13.0,15.950384254242735,15.0
Hambantota,2025-11-28,2025-11-29,1,test,train_plus_validation,24.0,16.37194828211458,13.0
Hambantota,2025-12-05,2025-12-06,1,test,train_plus_validation,28.0,23.072934815922547,24.0
Hambantota,2025-12-12,2025-12-13,1,test,train_plus_validation,42.0,24.939371014643744,28.0
Jaffna,2025-01-03,2025-01-04,1,test,train_plus_validation,52.0,61.00635885717688,58.0
Jaffna,2025-01-10,2025-01-11,1,test,train_plus_validation,37.0,56.57514000431684,52.0
Jaffna,2025-01-17,2025-01-18,1,test,train_plus_validation,57.0,38.53954724483011,37.0
Jaffna,2025-01-24,2025-01-25,1,test,train_plus_validation,39.0,58.87269706820894,57.0
Jaffna,2025-01-31,2025-02-01,1,test,train_plus_validation,35.0,42.95558409652371,39.0
Jaffna,2025-02-07,2025-02-08,1,test,train_plus_validation,35.0,35.88242135364138,35.0
Jaffna,2025-02-14,2025-02-15,1,test,train_plus_validation,30.0,34.70204770970343,35.0
Jaffna,2025-02-21,2025-02-22,1,test,train_plus_validation,28.0,30.191678590238904,30.0
Jaffna,2025-02-28,2025-03-01,1,test,train_plus_validation,15.0,24.680254761965788,28.0
Jaffna,2025-03-07,2025-03-08,1,test,train_plus_validation,23.0,21.464069324097867,15.0
Jaffna,2025-03-14,2025-03-15,1,test,train_plus_validation,25.0,21.590805671211218,23.0
Jaffna,2025-03-21,2025-03-22,1,test,train_plus_validation,24.0,21.80664383128873,25.0
Jaffna,2025-03-28,2025-03-29,1,test,train_plus_validation,15.0,23.49636353139047,24.0
Jaffna,2025-04-04,2025-04-05,1,test,train_plus_validation,11.0,19.814529848906524,15.0
Jaffna,2025-04-11,2025-04-12,1,test,train_plus_validation,18.0,15.846429283657553,11.0
Jaffna,2025-04-18,2025-04-19,1,test,train_plus_validation,44.0,14.884114631898614,18.0
Jaffna,2025-04-25,2025-04-26,1,test,train_plus_validation,20.0,33.412373226575596,44.0
Jaffna,2025-05-02,2025-05-03,1,test,train_plus_validation,18.0,24.028353736885148,20.0
Jaffna,2025-05-09,2025-05-10,1,test,train_plus_validation,27.0,21.25254181489102,18.0
Jaffna,2025-05-16,2025-05-17,1,test,train_plus_validation,35.0,22.945967600390865,27.0
Jaffna,2025-05-23,2025-05-24,1,test,train_plus_validation,20.0,29.53863411960583,35.0
Jaffna,2025-05-30,2025-05-31,1,test,train_plus_validation,26.0,25.4857641646681,20.0
Jaffna,2025-06-06,2025-06-07,1,test,train_plus_validation,25.0,25.79583849381114,26.0
Jaffna,2025-06-13,2025-06-14,1,test,train_plus_validation,24.0,23.13038872024095,25.0
Jaffna,2025-06-20,2025-06-21,1,test,train_plus_validation,12.0,24.27490229195437,24.0
Jaffna,2025-06-27,2025-06-28,1,test,train_plus_validation,17.0,18.57075768712358,12.0
Jaffna,2025-07-04,2025-07-05,1,test,train_plus_validation,26.0,16.7040046118219,17.0
Jaffna,2025-07-11,2025-07-12,1,test,train_plus_validation,31.0,20.909163990536143,26.0
Jaffna,2025-07-18,2025-07-19,1,test,train_plus_validation,19.0,22.944081129428465,31.0
Jaffna,2025-07-25,2025-07-26,1,test,train_plus_validation,15.0,22.681863262717222,19.0
Jaffna,2025-08-01,2025-08-02,1,test,train_plus_validation,9.0,19.030987201332138,15.0
Jaffna,2025-08-08,2025-08-09,1,test,train_plus_validation,20.0,12.983855712137354,9.0
Jaffna,2025-08-15,2025-08-16,1,test,train_plus_validation,6.0,17.88240869465216,20.0
Jaffna,2025-08-22,2025-08-23,1,test,train_plus_validation,12.0,11.189234004952938,6.0
Jaffna,2025-08-29,2025-08-30,1,test,train_plus_validation,22.0,12.502799289135016,12.0
Jaffna,2025-09-05,2025-09-06,1,test,train_plus_validation,14.0,18.26530528306467,22.0
Jaffna,2025-09-12,2025-09-13,1,test,train_plus_validation,5.0,15.753470142461975,14.0
Jaffna,2025-09-19,2025-09-20,1,test,train_plus_validation,14.0,10.881087849870696,5.0
Jaffna,2025-09-26,2025-09-27,1,test,train_plus_validation,18.0,12.051095994889625,14.0
Jaffna,2025-10-03,2025-10-04,1,test,train_plus_validation,19.0,15.319954927270613,18.0
Jaffna,2025-10-10,2025-10-11,1,test,train_plus_validation,26.0,18.911350947534814,19.0
Jaffna,2025-10-17,2025-10-18,1,test,train_plus_validation,26.0,22.498300321222303,26.0
Jaffna,2025-10-24,2025-10-25,1,test,train_plus_validation,55.0,26.114672505067315,26.0
Jaffna,2025-10-31,2025-11-01,1,test,train_plus_validation,54.0,46.49781010588628,55.0
Jaffna,2025-11-07,2025-11-08,1,test,train_plus_validation,54.0,46.43973954255801,54.0
Jaffna,2025-11-14,2025-11-15,1,test,train_plus_validation,57.0,54.97110818740707,54.0
Jaffna,2025-11-21,2025-11-22,1,test,train_plus_validation,49.0,60.664772183860244,57.0
Jaffna,2025-11-28,2025-11-29,1,test,train_plus_validation,58.0,57.952029873585694,49.0
Jaffna,2025-12-05,2025-12-06,1,test,train_plus_validation,78.0,60.59331610470836,58.0
Jaffna,2025-12-12,2025-12-13,1,test,train_plus_validation,76.0,69.9954186147129,78.0
Kalutara,2025-01-03,2025-01-04,1,test,train_plus_validation,24.0,57.27829917749693,65.0
Kalutara,2025-01-10,2025-01-11,1,test,train_plus_validation,51.0,39.06419946728073,24.0
Kalutara,2025-01-17,2025-01-18,1,test,train_plus_validation,38.0,43.49755052466291,51.0
Kalutara,2025-01-24,2025-01-25,1,test,train_plus_validation,29.0,37.45438440253886,38.0
Kalutara,2025-01-31,2025-02-01,1,test,train_plus_validation,29.0,34.6925215785792,29.0
Kalutara,2025-02-07,2025-02-08,1,test,train_plus_validation,29.0,28.66952376428587,29.0
Kalutara,2025-02-14,2025-02-15,1,test,train_plus_validation,44.0,28.91018308418388,29.0
Kalutara,2025-02-21,2025-02-22,1,test,train_plus_validation,31.0,38.80030831984303,44.0
Kalutara,2025-02-28,2025-03-01,1,test,train_plus_validation,43.0,32.28849310099563,31.0
Kalutara,2025-03-07,2025-03-08,1,test,train_plus_validation,37.0,38.2901370929382,43.0
Kalutara,2025-03-14,2025-03-15,1,test,train_plus_validation,35.0,34.155540866686316,37.0
Kalutara,2025-03-21,2025-03-22,1,test,train_plus_validation,30.0,34.904255005833065,35.0
Kalutara,2025-03-28,2025-03-29,1,test,train_plus_validation,39.0,32.230558230987754,30.0
Kalutara,2025-04-04,2025-04-05,1,test,train_plus_validation,36.0,34.66775814095123,39.0
Kalutara,2025-04-11,2025-04-12,1,test,train_plus_validation,42.0,35.69208573498836,36.0
Kalutara,2025-04-18,2025-04-19,1,test,train_plus_validation,64.0,40.72143940868063,42.0
Kalutara,2025-04-25,2025-04-26,1,test,train_plus_validation,59.0,53.717921339116316,64.0
Kalutara,2025-05-02,2025-05-03,1,test,train_plus_validation,63.0,57.232842539511694,59.0
Kalutara,2025-05-09,2025-05-10,1,test,train_plus_validation,35.0,61.02483572369186,63.0
Kalutara,2025-05-16,2025-05-17,1,test,train_plus_validation,92.0,44.08234582337091,35.0
Kalutara,2025-05-23,2025-05-24,1,test,train_plus_validation,71.0,80.37292603600663,92.0
Kalutara,2025-05-30,2025-05-31,1,test,train_plus_validation,68.0,73.1589670804669,71.0
Kalutara,2025-06-06,2025-06-07,1,test,train_plus_validation,74.0,69.72719646752574,68.0
Kalutara,2025-06-13,2025-06-14,1,test,train_plus_validation,62.0,70.65675924372337,74.0
Kalutara,2025-06-20,2025-06-21,1,test,train_plus_validation,92.0,66.66718892238804,62.0
Kalutara,2025-06-27,2025-06-28,1,test,train_plus_validation,57.0,86.55829806285969,92.0
Kalutara,2025-07-04,2025-07-05,1,test,train_plus_validation,66.0,89.0575566300526,57.0
Kalutara,2025-07-11,2025-07-12,1,test,train_plus_validation,80.0,63.112577573839964,66.0
Kalutara,2025-07-18,2025-07-19,1,test,train_plus_validation,53.0,73.25437481073452,80.0
Kalutara,2025-07-25,2025-07-26,1,test,train_plus_validation,30.0,58.416583717748566,53.0
Kalutara,2025-08-01,2025-08-02,1,test,train_plus_validation,47.0,40.78849311152822,30.0
Kalutara,2025-08-08,2025-08-09,1,test,train_plus_validation,56.0,45.1113014798648,47.0
Kalutara,2025-08-15,2025-08-16,1,test,train_plus_validation,39.0,49.95788091835099,56.0
Kalutara,2025-08-22,2025-08-23,1,test,train_plus_validation,40.0,40.02298406072893,39.0
Kalutara,2025-08-29,2025-08-30,1,test,train_plus_validation,34.0,37.46670928870292,40.0
Kalutara,2025-09-05,2025-09-06,1,test,train_plus_validation,32.0,35.130906929262544,34.0
Kalutara,2025-09-12,2025-09-13,1,test,train_plus_validation,27.0,32.334904219290664,32.0
Kalutara,2025-09-19,2025-09-20,1,test,train_plus_validation,43.0,28.78666135080388,27.0
Kalutara,2025-09-26,2025-09-27,1,test,train_plus_validation,32.0,39.44583839754807,43.0
Kalutara,2025-10-03,2025-10-04,1,test,train_plus_validation,35.0,34.625419670919634,32.0
Kalutara,2025-10-10,2025-10-11,1,test,train_plus_validation,24.0,35.20940084494618,35.0
Kalutara,2025-10-17,2025-10-18,1,test,train_plus_validation,35.0,30.490476473801355,24.0
Kalutara,2025-10-24,2025-10-25,1,test,train_plus_validation,32.0,38.41755643419726,35.0
Kalutara,2025-10-31,2025-11-01,1,test,train_plus_validation,27.0,32.98614704504614,32.0
Kalutara,2025-11-07,2025-11-08,1,test,train_plus_validation,35.0,31.39288283732928,27.0
Kalutara,2025-11-14,2025-11-15,1,test,train_plus_validation,34.0,33.678083355984846,35.0
Kalutara,2025-11-21,2025-11-22,1,test,train_plus_validation,57.0,37.65929064964425,34.0
Kalutara,2025-11-28,2025-11-29,1,test,train_plus_validation,63.0,50.77156657222595,57.0
Kalutara,2025-12-05,2025-12-06,1,test,train_plus_validation,53.0,61.93369942333823,63.0
Kalutara,2025-12-12,2025-12-13,1,test,train_plus_validation,85.0,56.476626326810425,53.0
Kandy,2025-01-03,2025-01-04,1,test,train_plus_validation,65.0,62.807504590536674,66.0
Kandy,2025-01-10,2025-01-11,1,test,train_plus_validation,77.0,63.76643436960032,65.0
Kandy,2025-01-17,2025-01-18,1,test,train_plus_validation,62.0,64.95014655779931,77.0
Kandy,2025-01-24,2025-01-25,1,test,train_plus_validation,80.0,65.78785407075152,62.0
Kandy,2025-01-31,2025-02-01,1,test,train_plus_validation,50.0,105.12318721701416,80.0
Kandy,2025-02-07,2025-02-08,1,test,train_plus_validation,50.0,61.616606368138505,50.0
Kandy,2025-02-14,2025-02-15,1,test,train_plus_validation,63.0,51.80346406817033,50.0
Kandy,2025-02-21,2025-02-22,1,test,train_plus_validation,58.0,51.46093294234952,63.0
Kandy,2025-02-28,2025-03-01,1,test,train_plus_validation,49.0,51.02857510080485,58.0
Kandy,2025-03-07,2025-03-08,1,test,train_plus_validation,59.0,50.84184962731421,49.0
Kandy,2025-03-14,2025-03-15,1,test,train_plus_validation,59.0,54.6113131503973,59.0
Kandy,2025-03-21,2025-03-22,1,test,train_plus_validation,56.0,55.988740114960684,59.0
Kandy,2025-03-28,2025-03-29,1,test,train_plus_validation,65.0,57.31476711285531,56.0
Kandy,2025-04-04,2025-04-05,1,test,train_plus_validation,50.0,58.780860399463116,65.0
Kandy,2025-04-11,2025-04-12,1,test,train_plus_validation,53.0,55.77615712306862,50.0
Kandy,2025-04-18,2025-04-19,1,test,train_plus_validation,73.0,54.32433529313485,53.0
Kandy,2025-04-25,2025-04-26,1,test,train_plus_validation,60.0,59.81085287114463,73.0
Kandy,2025-05-02,2025-05-03,1,test,train_plus_validation,77.0,63.804851492203284,60.0
Kandy,2025-05-09,2025-05-10,1,test,train_plus_validation,98.0,67.81490903705259,77.0
Kandy,2025-05-16,2025-05-17,1,test,train_plus_validation,126.0,83.31556360585442,98.0
Kandy,2025-05-23,2025-05-24,1,test,train_plus_validation,105.0,117.41503824699166,126.0
Kandy,2025-05-30,2025-05-31,1,test,train_plus_validation,126.0,113.12270188340362,105.0
Kandy,2025-06-06,2025-06-07,1,test,train_plus_validation,118.0,114.26075509429313,126.0
Kandy,2025-06-13,2025-06-14,1,test,train_plus_validation,192.0,115.15790449495697,118.0
Kandy,2025-06-20,2025-06-21,1,test,train_plus_validation,161.0,165.31023659167784,192.0
Kandy,2025-06-27,2025-06-28,1,test,train_plus_validation,174.0,182.34696496386218,161.0
Kandy,2025-07-04,2025-07-05,1,test,train_plus_validation,141.0,183.23952157541905,174.0
Kandy,2025-07-11,2025-07-12,1,test,train_plus_validation,184.0,160.41884817114797,141.0
Kandy,2025-07-18,2025-07-19,1,test,train_plus_validation,168.0,158.236695782178,184.0
Kandy,2025-07-25,2025-07-26,1,test,train_plus_validation,107.0,160.8284997038145,168.0
Kandy,2025-08-01,2025-08-02,1,test,train_plus_validation,145.0,107.04539891744872,107.0
Kandy,2025-08-08,2025-08-09,1,test,train_plus_validation,80.0,128.18544010014168,145.0
Kandy,2025-08-15,2025-08-16,1,test,train_plus_validation,92.0,86.59454499262074,80.0
Kandy,2025-08-22,2025-08-23,1,test,train_plus_validation,94.0,80.03578897997527,92.0
Kandy,2025-08-29,2025-08-30,1,test,train_plus_validation,87.0,81.02240718312746,94.0
Kandy,2025-09-05,2025-09-06,1,test,train_plus_validation,60.0,74.45752571821146,87.0
Kandy,2025-09-12,2025-09-13,1,test,train_plus_validation,79.0,65.17585912279165,60.0
Kandy,2025-09-19,2025-09-20,1,test,train_plus_validation,37.0,68.2444109454125,79.0
Kandy,2025-09-26,2025-09-27,1,test,train_plus_validation,39.0,45.45160936743689,37.0
Kandy,2025-10-03,2025-10-04,1,test,train_plus_validation,44.0,42.14365983472428,39.0
Kandy,2025-10-10,2025-10-11,1,test,train_plus_validation,44.0,40.82381002520275,44.0
Kandy,2025-10-17,2025-10-18,1,test,train_plus_validation,52.0,42.59891916431344,44.0
Kandy,2025-10-24,2025-10-25,1,test,train_plus_validation,58.0,49.39038026509593,52.0
Kandy,2025-10-31,2025-11-01,1,test,train_plus_validation,56.0,57.65442387931363,58.0
Kandy,2025-11-07,2025-11-08,1,test,train_plus_validation,71.0,51.29447230197133,56.0
Kandy,2025-11-14,2025-11-15,1,test,train_plus_validation,88.0,62.364231874719174,71.0
Kandy,2025-11-21,2025-11-22,1,test,train_plus_validation,60.0,74.6177199254205,88.0
Kandy,2025-11-28,2025-11-29,1,test,train_plus_validation,50.0,69.46422257780956,60.0
Kandy,2025-12-05,2025-12-06,1,test,train_plus_validation,82.0,61.89333625191228,50.0
Kandy,2025-12-12,2025-12-13,1,test,train_plus_validation,85.0,68.27473116258929,82.0
Kegalle,2025-01-03,2025-01-04,1,test,train_plus_validation,40.0,58.463514898632795,64.0
Kegalle,2025-01-10,2025-01-11,1,test,train_plus_validation,34.0,42.267662275501905,40.0
Kegalle,2025-01-17,2025-01-18,1,test,train_plus_validation,26.0,36.79942932656062,34.0
Kegalle,2025-01-24,2025-01-25,1,test,train_plus_validation,24.0,31.060479913129495,26.0
Kegalle,2025-01-31,2025-02-01,1,test,train_plus_validation,29.0,28.65270196860324,24.0
Kegalle,2025-02-07,2025-02-08,1,test,train_plus_validation,29.0,25.087060435434328,29.0
Kegalle,2025-02-14,2025-02-15,1,test,train_plus_validation,35.0,26.927566245667446,29.0
Kegalle,2025-02-21,2025-02-22,1,test,train_plus_validation,22.0,34.49420089978142,35.0
Kegalle,2025-02-28,2025-03-01,1,test,train_plus_validation,43.0,24.549019440268456,22.0
Kegalle,2025-03-07,2025-03-08,1,test,train_plus_validation,20.0,36.12968223926109,43.0
Kegalle,2025-03-14,2025-03-15,1,test,train_plus_validation,32.0,27.752354845716546,20.0
Kegalle,2025-03-21,2025-03-22,1,test,train_plus_validation,24.0,27.1230315995908,32.0
Kegalle,2025-03-28,2025-03-29,1,test,train_plus_validation,20.0,25.47354683258797,24.0
Kegalle,2025-04-04,2025-04-05,1,test,train_plus_validation,29.0,24.054252723286677,20.0
Kegalle,2025-04-11,2025-04-12,1,test,train_plus_validation,13.0,22.149339297839834,29.0
Kegalle,2025-04-18,2025-04-19,1,test,train_plus_validation,35.0,21.946222310102634,13.0
Kegalle,2025-04-25,2025-04-26,1,test,train_plus_validation,38.0,30.77770888868969,35.0
Kegalle,2025-05-02,2025-05-03,1,test,train_plus_validation,43.0,33.066941384844604,38.0
Kegalle,2025-05-09,2025-05-10,1,test,train_plus_validation,45.0,42.13861868357619,43.0
Kegalle,2025-05-16,2025-05-17,1,test,train_plus_validation,43.0,43.60851822439279,45.0
Kegalle,2025-05-23,2025-05-24,1,test,train_plus_validation,61.0,43.9722048524801,43.0
Kegalle,2025-05-30,2025-05-31,1,test,train_plus_validation,54.0,54.94361913823495,61.0
Kegalle,2025-06-06,2025-06-07,1,test,train_plus_validation,46.0,55.29566095048483,54.0
Kegalle,2025-06-13,2025-06-14,1,test,train_plus_validation,48.0,53.395656853558854,46.0
Kegalle,2025-06-20,2025-06-21,1,test,train_plus_validation,35.0,51.23689240772442,48.0
Kegalle,2025-06-27,2025-06-28,1,test,train_plus_validation,39.0,40.74093596003738,35.0
Kegalle,2025-07-04,2025-07-05,1,test,train_plus_validation,30.0,36.284007941785404,39.0
Kegalle,2025-07-11,2025-07-12,1,test,train_plus_validation,41.0,34.00995821576158,30.0
Kegalle,2025-07-18,2025-07-19,1,test,train_plus_validation,33.0,37.77732850863627,41.0
Kegalle,2025-07-25,2025-07-26,1,test,train_plus_validation,29.0,34.408049247922875,33.0
Kegalle,2025-08-01,2025-08-02,1,test,train_plus_validation,31.0,31.174707612336825,29.0
Kegalle,2025-08-08,2025-08-09,1,test,train_plus_validation,19.0,29.898252263679304,31.0
Kegalle,2025-08-15,2025-08-16,1,test,train_plus_validation,24.0,27.234111451130897,19.0
Kegalle,2025-08-22,2025-08-23,1,test,train_plus_validation,27.0,24.567339768933415,24.0
Kegalle,2025-08-29,2025-08-30,1,test,train_plus_validation,19.0,23.544999393677855,27.0
Kegalle,2025-09-05,2025-09-06,1,test,train_plus_validation,67.0,23.328717464208314,19.0
Kegalle,2025-09-12,2025-09-13,1,test,train_plus_validation,20.0,48.893115037631055,67.0
Kegalle,2025-09-19,2025-09-20,1,test,train_plus_validation,18.0,34.496413627954695,20.0
Kegalle,2025-09-26,2025-09-27,1,test,train_plus_validation,19.0,26.7879196461092,18.0
Kegalle,2025-10-03,2025-10-04,1,test,train_plus_validation,18.0,26.071651771358813,19.0
Kegalle,2025-10-10,2025-10-11,1,test,train_plus_validation,11.0,26.41721812825354,18.0
Kegalle,2025-10-17,2025-10-18,1,test,train_plus_validation,17.0,17.451918066071773,11.0
Kegalle,2025-10-24,2025-10-25,1,test,train_plus_validation,19.0,18.046085664566824,17.0
Kegalle,2025-10-31,2025-11-01,1,test,train_plus_validation,17.0,19.824231458540645,19.0
Kegalle,2025-11-07,2025-11-08,1,test,train_plus_validation,18.0,20.572307367382933,17.0
Kegalle,2025-11-14,2025-11-15,1,test,train_plus_validation,34.0,32.15762821592284,18.0
Kegalle,2025-11-21,2025-11-22,1,test,train_plus_validation,30.0,40.275761451485366,34.0
Kegalle,2025-11-28,2025-11-29,1,test,train_plus_validation,18.0,34.30279724246493,30.0
Kegalle,2025-12-05,2025-12-06,1,test,train_plus_validation,36.0,28.084299487122063,18.0
Kegalle,2025-12-12,2025-12-13,1,test,train_plus_validation,37.0,35.97866467425644,36.0
Kilinochchi,2025-01-03,2025-01-04,1,test,train_plus_validation,8.0,6.617236647874417,5.0
Kilinochchi,2025-01-10,2025-01-11,1,test,train_plus_validation,3.0,8.205398641112447,8.0
Kilinochchi,2025-01-17,2025-01-18,1,test,train_plus_validation,6.0,5.413024055594067,3.0
Kilinochchi,2025-01-24,2025-01-25,1,test,train_plus_validation,3.0,6.111264806705728,6.0
Kilinochchi,2025-01-31,2025-02-01,1,test,train_plus_validation,2.0,5.090815438064973,3.0
Kilinochchi,2025-02-07,2025-02-08,1,test,train_plus_validation,2.0,4.245435354397476,2.0
Kilinochchi,2025-02-14,2025-02-15,1,test,train_plus_validation,2.0,2.78238672578486,2.0
Kilinochchi,2025-02-21,2025-02-22,1,test,train_plus_validation,1.0,2.279686552104269,2.0
Kilinochchi,2025-02-28,2025-03-01,1,test,train_plus_validation,3.0,2.376156783203388,1.0
Kilinochchi,2025-03-07,2025-03-08,1,test,train_plus_validation,6.0,2.0228101728033137,3.0
Kilinochchi,2025-03-14,2025-03-15,1,test,train_plus_validation,0.0,3.68076833349386,6.0
Kilinochchi,2025-03-21,2025-03-22,1,test,train_plus_validation,2.0,3.4312132233001966,0.0
Kilinochchi,2025-03-28,2025-03-29,1,test,train_plus_validation,0.0,2.5612314336939908,2.0
Kilinochchi,2025-04-04,2025-04-05,1,test,train_plus_validation,1.0,2.010726790439146,0.0
Kilinochchi,2025-04-11,2025-04-12,1,test,train_plus_validation,1.0,1.717206307911273,1.0
Kilinochchi,2025-04-18,2025-04-19,1,test,train_plus_validation,7.0,1.0562536310644883,1.0
Kilinochchi,2025-04-25,2025-04-26,1,test,train_plus_validation,1.0,3.4910426664353773,7.0
Kilinochchi,2025-05-02,2025-05-03,1,test,train_plus_validation,1.0,2.8628919188415267,1.0
Kilinochchi,2025-05-09,2025-05-10,1,test,train_plus_validation,4.0,2.1351479586889717,1.0
Kilinochchi,2025-05-16,2025-05-17,1,test,train_plus_validation,2.0,2.3596922631709467,4.0
Kilinochchi,2025-05-23,2025-05-24,1,test,train_plus_validation,2.0,2.328659220300948,2.0
Kilinochchi,2025-05-30,2025-05-31,1,test,train_plus_validation,1.0,1.908947823695134,2.0
Kilinochchi,2025-06-06,2025-06-07,1,test,train_plus_validation,2.0,2.1186629729568196,1.0
Kilinochchi,2025-06-13,2025-06-14,1,test,train_plus_validation,0.0,2.172318970179195,2.0
Kilinochchi,2025-06-20,2025-06-21,1,test,train_plus_validation,1.0,1.9619065606568162,0.0
Kilinochchi,2025-06-27,2025-06-28,1,test,train_plus_validation,2.0,1.6625097640646362,1.0
Kilinochchi,2025-07-04,2025-07-05,1,test,train_plus_validation,0.0,1.7977001466366622,2.0
Kilinochchi,2025-07-11,2025-07-12,1,test,train_plus_validation,3.0,1.747852006043921,0.0
Kilinochchi,2025-07-18,2025-07-19,1,test,train_plus_validation,1.0,1.3011084862990587,3.0
Kilinochchi,2025-07-25,2025-07-26,1,test,train_plus_validation,0.0,1.9043641356025613,1.0
Kilinochchi,2025-08-01,2025-08-02,1,test,train_plus_validation,0.0,1.6811753337166229,0.0
Kilinochchi,2025-08-08,2025-08-09,1,test,train_plus_validation,2.0,1.3056697585303167,0.0
Kilinochchi,2025-08-15,2025-08-16,1,test,train_plus_validation,0.0,1.3505001527527907,2.0
Kilinochchi,2025-08-22,2025-08-23,1,test,train_plus_validation,0.0,0.8843182950489815,0.0
Kilinochchi,2025-08-29,2025-08-30,1,test,train_plus_validation,2.0,0.6073474319811151,0.0
Kilinochchi,2025-09-05,2025-09-06,1,test,train_plus_validation,1.0,0.8833590569784759,2.0
Kilinochchi,2025-09-12,2025-09-13,1,test,train_plus_validation,1.0,1.17393418727311,1.0
Kilinochchi,2025-09-19,2025-09-20,1,test,train_plus_validation,0.0,1.0943851821156567,1.0
Kilinochchi,2025-09-26,2025-09-27,1,test,train_plus_validation,3.0,1.144116155640961,0.0
Kilinochchi,2025-10-03,2025-10-04,1,test,train_plus_validation,4.0,1.459763254169989,3.0
Kilinochchi,2025-10-10,2025-10-11,1,test,train_plus_validation,2.0,2.1775062804366017,4.0
Kilinochchi,2025-10-17,2025-10-18,1,test,train_plus_validation,2.0,2.017289000354464,2.0
Kilinochchi,2025-10-24,2025-10-25,1,test,train_plus_validation,2.0,2.443636404726362,2.0
Kilinochchi,2025-10-31,2025-11-01,1,test,train_plus_validation,6.0,2.8939921197588983,2.0
Kilinochchi,2025-11-07,2025-11-08,1,test,train_plus_validation,5.0,4.420175969520369,6.0
Kilinochchi,2025-11-14,2025-11-15,1,test,train_plus_validation,3.0,5.964753268941373,5.0
Kilinochchi,2025-11-21,2025-11-22,1,test,train_plus_validation,1.0,4.070488989491121,3.0
Kilinochchi,2025-11-28,2025-11-29,1,test,train_plus_validation,4.0,4.518843555005705,1.0
Kilinochchi,2025-12-05,2025-12-06,1,test,train_plus_validation,10.0,4.393515079121841,4.0
Kilinochchi,2025-12-12,2025-12-13,1,test,train_plus_validation,5.0,8.484432003588145,10.0
Kurunegala,2025-01-03,2025-01-04,1,test,train_plus_validation,39.0,28.811982132991325,26.0
Kurunegala,2025-01-10,2025-01-11,1,test,train_plus_validation,30.0,35.215463830292165,39.0
Kurunegala,2025-01-17,2025-01-18,1,test,train_plus_validation,34.0,31.71599665451733,30.0
Kurunegala,2025-01-24,2025-01-25,1,test,train_plus_validation,18.0,33.226940418840655,34.0
Kurunegala,2025-01-31,2025-02-01,1,test,train_plus_validation,27.0,29.302608366900714,18.0
Kurunegala,2025-02-07,2025-02-08,1,test,train_plus_validation,27.0,25.26195685768471,27.0
Kurunegala,2025-02-14,2025-02-15,1,test,train_plus_validation,20.0,24.850819048892834,27.0
Kurunegala,2025-02-21,2025-02-22,1,test,train_plus_validation,25.0,22.169771545499785,20.0
Kurunegala,2025-02-28,2025-03-01,1,test,train_plus_validation,17.0,20.68724177902692,25.0
Kurunegala,2025-03-07,2025-03-08,1,test,train_plus_validation,23.0,17.98079090386644,17.0
Kurunegala,2025-03-14,2025-03-15,1,test,train_plus_validation,21.0,19.20241138733508,23.0
Kurunegala,2025-03-21,2025-03-22,1,test,train_plus_validation,19.0,18.992051097320157,21.0
Kurunegala,2025-03-28,2025-03-29,1,test,train_plus_validation,19.0,19.267295536638912,19.0
Kurunegala,2025-04-04,2025-04-05,1,test,train_plus_validation,17.0,18.014326375887233,19.0
Kurunegala,2025-04-11,2025-04-12,1,test,train_plus_validation,13.0,17.263778535050402,17.0
Kurunegala,2025-04-18,2025-04-19,1,test,train_plus_validation,53.0,15.415359233746049,13.0
Kurunegala,2025-04-25,2025-04-26,1,test,train_plus_validation,34.0,39.799681444002594,53.0
Kurunegala,2025-05-02,2025-05-03,1,test,train_plus_validation,30.0,32.81834644402091,34.0
Kurunegala,2025-05-09,2025-05-10,1,test,train_plus_validation,44.0,32.92752988934666,30.0
Kurunegala,2025-05-16,2025-05-17,1,test,train_plus_validation,47.0,41.1424633142121,44.0
Kurunegala,2025-05-23,2025-05-24,1,test,train_plus_validation,60.0,42.402146666599066,47.0
Kurunegala,2025-05-30,2025-05-31,1,test,train_plus_validation,43.0,55.96545431611875,60.0
Kurunegala,2025-06-06,2025-06-07,1,test,train_plus_validation,68.0,50.42847764205362,43.0
Kurunegala,2025-06-13,2025-06-14,1,test,train_plus_validation,77.0,54.56910290216006,68.0
Kurunegala,2025-06-20,2025-06-21,1,test,train_plus_validation,70.0,66.40795661698687,77.0
Kurunegala,2025-06-27,2025-06-28,1,test,train_plus_validation,51.0,66.9973415594521,70.0
Kurunegala,2025-07-04,2025-07-05,1,test,train_plus_validation,50.0,62.55143428140405,51.0
Kurunegala,2025-07-11,2025-07-12,1,test,train_plus_validation,49.0,52.12411775243207,50.0
Kurunegala,2025-07-18,2025-07-19,1,test,train_plus_validation,84.0,49.44030079662925,49.0
Kurunegala,2025-07-25,2025-07-26,1,test,train_plus_validation,39.0,69.03743022806297,84.0
Kurunegala,2025-08-01,2025-08-02,1,test,train_plus_validation,37.0,44.41038664859743,39.0
Kurunegala,2025-08-08,2025-08-09,1,test,train_plus_validation,23.0,37.79386255039109,37.0
Kurunegala,2025-08-15,2025-08-16,1,test,train_plus_validation,24.0,33.48132623063567,23.0
Kurunegala,2025-08-22,2025-08-23,1,test,train_plus_validation,24.0,28.532813291775,24.0
Kurunegala,2025-08-29,2025-08-30,1,test,train_plus_validation,8.0,23.266807623041462,24.0
Kurunegala,2025-09-05,2025-09-06,1,test,train_plus_validation,19.0,16.848706172141767,8.0
Kurunegala,2025-09-12,2025-09-13,1,test,train_plus_validation,15.0,17.75243449540457,19.0
Kurunegala,2025-09-19,2025-09-20,1,test,train_plus_validation,19.0,14.817300745078894,15.0
Kurunegala,2025-09-26,2025-09-27,1,test,train_plus_validation,8.0,19.12861955480013,19.0
Kurunegala,2025-10-03,2025-10-04,1,test,train_plus_validation,15.0,12.635063947091165,8.0
Kurunegala,2025-10-10,2025-10-11,1,test,train_plus_validation,24.0,14.651229514281653,15.0
Kurunegala,2025-10-17,2025-10-18,1,test,train_plus_validation,17.0,21.154941905709123,24.0
Kurunegala,2025-10-24,2025-10-25,1,test,train_plus_validation,15.0,19.50822360452442,17.0
Kurunegala,2025-10-31,2025-11-01,1,test,train_plus_validation,13.0,16.78118440034011,15.0
Kurunegala,2025-11-07,2025-11-08,1,test,train_plus_validation,20.0,19.36541132921745,13.0
Kurunegala,2025-11-14,2025-11-15,1,test,train_plus_validation,23.0,24.38252099833944,20.0
Kurunegala,2025-11-21,2025-11-22,1,test,train_plus_validation,21.0,24.063070502128777,23.0
Kurunegala,2025-11-28,2025-11-29,1,test,train_plus_validation,19.0,23.451999669169254,21.0
Kurunegala,2025-12-05,2025-12-06,1,test,train_plus_validation,24.0,21.847683169592713,19.0
Kurunegala,2025-12-12,2025-12-13,1,test,train_plus_validation,32.0,27.535727054787245,24.0
Mannar,2025-01-03,2025-01-04,1,test,train_plus_validation,15.0,13.242541465274703,11.0
Mannar,2025-01-10,2025-01-11,1,test,train_plus_validation,12.0,14.478676969309312,15.0
Mannar,2025-01-17,2025-01-18,1,test,train_plus_validation,7.0,14.230531862555075,12.0
Mannar,2025-01-24,2025-01-25,1,test,train_plus_validation,12.0,11.21883446985306,7.0
Mannar,2025-01-31,2025-02-01,1,test,train_plus_validation,3.0,11.144668373632324,12.0
Mannar,2025-02-07,2025-02-08,1,test,train_plus_validation,3.0,7.652934350887379,3.0
Mannar,2025-02-14,2025-02-15,1,test,train_plus_validation,4.0,5.834158064743419,3.0
Mannar,2025-02-21,2025-02-22,1,test,train_plus_validation,3.0,4.350278714795456,4.0
Mannar,2025-02-28,2025-03-01,1,test,train_plus_validation,0.0,3.4247261454144065,3.0
Mannar,2025-03-07,2025-03-08,1,test,train_plus_validation,2.0,2.3619680829956127,0.0
Mannar,2025-03-14,2025-03-15,1,test,train_plus_validation,2.0,2.14802031380232,2.0
Mannar,2025-03-21,2025-03-22,1,test,train_plus_validation,4.0,2.211924233226107,2.0
Mannar,2025-03-28,2025-03-29,1,test,train_plus_validation,2.0,2.605804642736624,4.0
Mannar,2025-04-04,2025-04-05,1,test,train_plus_validation,1.0,1.945173147986324,2.0
Mannar,2025-04-11,2025-04-12,1,test,train_plus_validation,2.0,2.03157831763362,1.0
Mannar,2025-04-18,2025-04-19,1,test,train_plus_validation,1.0,2.0750667178899107,2.0
Mannar,2025-04-25,2025-04-26,1,test,train_plus_validation,6.0,1.9642757170699512,1.0
Mannar,2025-05-02,2025-05-03,1,test,train_plus_validation,1.0,2.884079379495987,6.0
Mannar,2025-05-09,2025-05-10,1,test,train_plus_validation,3.0,2.68939022997136,1.0
Mannar,2025-05-16,2025-05-17,1,test,train_plus_validation,4.0,2.303416262871572,3.0
Mannar,2025-05-23,2025-05-24,1,test,train_plus_validation,2.0,2.518898017853956,4.0
Mannar,2025-05-30,2025-05-31,1,test,train_plus_validation,3.0,2.600746182920686,2.0
Mannar,2025-06-06,2025-06-07,1,test,train_plus_validation,2.0,2.325180857269395,3.0
Mannar,2025-06-13,2025-06-14,1,test,train_plus_validation,4.0,2.317844178241532,2.0
Mannar,2025-06-20,2025-06-21,1,test,train_plus_validation,0.0,2.557235588452359,4.0
Mannar,2025-06-27,2025-06-28,1,test,train_plus_validation,2.0,2.1065955545534396,0.0
Mannar,2025-07-04,2025-07-05,1,test,train_plus_validation,1.0,2.121621564660748,2.0
Mannar,2025-07-11,2025-07-12,1,test,train_plus_validation,2.0,1.8189624178365211,1.0
Mannar,2025-07-18,2025-07-19,1,test,train_plus_validation,4.0,1.8911106878397026,2.0
Mannar,2025-07-25,2025-07-26,1,test,train_plus_validation,2.0,2.533666003961156,4.0
Mannar,2025-08-01,2025-08-02,1,test,train_plus_validation,3.0,2.1096799928238967,2.0
Mannar,2025-08-08,2025-08-09,1,test,train_plus_validation,1.0,2.1032259796613784,3.0
Mannar,2025-08-15,2025-08-16,1,test,train_plus_validation,1.0,1.98490932447503,1.0
Mannar,2025-08-22,2025-08-23,1,test,train_plus_validation,2.0,1.9362971070848312,1.0
Mannar,2025-08-29,2025-08-30,1,test,train_plus_validation,2.0,1.720708102190699,2.0
Mannar,2025-09-05,2025-09-06,1,test,train_plus_validation,2.0,1.7433560983223462,2.0
Mannar,2025-09-12,2025-09-13,1,test,train_plus_validation,3.0,1.7584592049064547,2.0
Mannar,2025-09-19,2025-09-20,1,test,train_plus_validation,2.0,1.89566932318342,3.0
Mannar,2025-09-26,2025-09-27,1,test,train_plus_validation,0.0,2.1718864875759847,2.0
Mannar,2025-10-03,2025-10-04,1,test,train_plus_validation,1.0,2.0558374504469445,0.0
Mannar,2025-10-10,2025-10-11,1,test,train_plus_validation,3.0,1.871137877953208,1.0
Mannar,2025-10-17,2025-10-18,1,test,train_plus_validation,5.0,1.991814543495229,3.0
Mannar,2025-10-24,2025-10-25,1,test,train_plus_validation,7.0,3.419599600941675,5.0
Mannar,2025-10-31,2025-11-01,1,test,train_plus_validation,6.0,5.859657725817289,7.0
Mannar,2025-11-07,2025-11-08,1,test,train_plus_validation,12.0,6.511231736825939,6.0
Mannar,2025-11-14,2025-11-15,1,test,train_plus_validation,5.0,12.496533060182752,12.0
Mannar,2025-11-21,2025-11-22,1,test,train_plus_validation,5.0,8.99699207409271,5.0
Mannar,2025-11-28,2025-11-29,1,test,train_plus_validation,0.0,8.213128313897135,5.0
Mannar,2025-12-05,2025-12-06,1,test,train_plus_validation,5.0,7.662728709702841,0.0
Mannar,2025-12-12,2025-12-13,1,test,train_plus_validation,0.0,7.397726144552427,5.0
Matale,2025-01-03,2025-01-04,1,test,train_plus_validation,39.0,46.238707661747064,52.0
Matale,2025-01-10,2025-01-11,1,test,train_plus_validation,44.0,40.94235141197405,39.0
Matale,2025-01-17,2025-01-18,1,test,train_plus_validation,39.0,45.8175249272295,44.0
Matale,2025-01-24,2025-01-25,1,test,train_plus_validation,45.0,38.02905794392263,39.0
Matale,2025-01-31,2025-02-01,1,test,train_plus_validation,38.0,46.81160843132397,45.0
Matale,2025-02-07,2025-02-08,1,test,train_plus_validation,38.0,35.8866642078013,38.0
Matale,2025-02-14,2025-02-15,1,test,train_plus_validation,40.0,37.53041167603085,38.0
Matale,2025-02-21,2025-02-22,1,test,train_plus_validation,28.0,37.659185653605356,40.0
Matale,2025-02-28,2025-03-01,1,test,train_plus_validation,39.0,30.241245921495125,28.0
Matale,2025-03-07,2025-03-08,1,test,train_plus_validation,22.0,30.42930730821782,39.0
Matale,2025-03-14,2025-03-15,1,test,train_plus_validation,20.0,26.41849254655268,22.0
Matale,2025-03-21,2025-03-22,1,test,train_plus_validation,32.0,23.128455990778292,20.0
Matale,2025-03-28,2025-03-29,1,test,train_plus_validation,21.0,24.504356427599767,32.0
Matale,2025-04-04,2025-04-05,1,test,train_plus_validation,30.0,26.048917633834183,21.0
Matale,2025-04-11,2025-04-12,1,test,train_plus_validation,28.0,27.677947739508298,30.0
Matale,2025-04-18,2025-04-19,1,test,train_plus_validation,42.0,26.40300153331051,28.0
Matale,2025-04-25,2025-04-26,1,test,train_plus_validation,28.0,36.65059942547264,42.0
Matale,2025-05-02,2025-05-03,1,test,train_plus_validation,23.0,32.56632525138054,28.0
Matale,2025-05-09,2025-05-10,1,test,train_plus_validation,16.0,27.248549024503735,23.0
Matale,2025-05-16,2025-05-17,1,test,train_plus_validation,20.0,21.263680276497894,16.0
Matale,2025-05-23,2025-05-24,1,test,train_plus_validation,20.0,21.0207082509741,20.0
Matale,2025-05-30,2025-05-31,1,test,train_plus_validation,24.0,20.438357349069122,20.0
Matale,2025-06-06,2025-06-07,1,test,train_plus_validation,17.0,21.52431994299824,24.0
Matale,2025-06-13,2025-06-14,1,test,train_plus_validation,24.0,19.563508352221046,17.0
Matale,2025-06-20,2025-06-21,1,test,train_plus_validation,23.0,22.61052033464318,24.0
Matale,2025-06-27,2025-06-28,1,test,train_plus_validation,14.0,23.93792656143723,23.0
Matale,2025-07-04,2025-07-05,1,test,train_plus_validation,12.0,21.99885205957301,14.0
Matale,2025-07-11,2025-07-12,1,test,train_plus_validation,19.0,17.013940092212636,12.0
Matale,2025-07-18,2025-07-19,1,test,train_plus_validation,27.0,19.248249995581688,19.0
Matale,2025-07-25,2025-07-26,1,test,train_plus_validation,19.0,22.023153863183357,27.0
Matale,2025-08-01,2025-08-02,1,test,train_plus_validation,17.0,20.55629180489611,19.0
Matale,2025-08-08,2025-08-09,1,test,train_plus_validation,13.0,18.89745120030129,17.0
Matale,2025-08-15,2025-08-16,1,test,train_plus_validation,17.0,16.518869823184165,13.0
Matale,2025-08-22,2025-08-23,1,test,train_plus_validation,11.0,15.778765923878716,17.0
Matale,2025-08-29,2025-08-30,1,test,train_plus_validation,31.0,13.988020571659257,11.0
Matale,2025-09-05,2025-09-06,1,test,train_plus_validation,22.0,23.171368686663335,31.0
Matale,2025-09-12,2025-09-13,1,test,train_plus_validation,34.0,22.533214379324534,22.0
Matale,2025-09-19,2025-09-20,1,test,train_plus_validation,24.0,31.56020984608338,34.0
Matale,2025-09-26,2025-09-27,1,test,train_plus_validation,19.0,26.851499759547586,24.0
Matale,2025-10-03,2025-10-04,1,test,train_plus_validation,9.0,24.50382783407216,19.0
Matale,2025-10-10,2025-10-11,1,test,train_plus_validation,15.0,15.773081944466739,9.0
Matale,2025-10-17,2025-10-18,1,test,train_plus_validation,24.0,16.248528975902612,15.0
Matale,2025-10-24,2025-10-25,1,test,train_plus_validation,22.0,23.038063315884642,24.0
Matale,2025-10-31,2025-11-01,1,test,train_plus_validation,12.0,22.659390367205756,22.0
Matale,2025-11-07,2025-11-08,1,test,train_plus_validation,22.0,21.74962706315302,12.0
Matale,2025-11-14,2025-11-15,1,test,train_plus_validation,20.0,24.9216324239527,22.0
Matale,2025-11-21,2025-11-22,1,test,train_plus_validation,15.0,21.524782922628106,20.0
Matale,2025-11-28,2025-11-29,1,test,train_plus_validation,21.0,19.60071579709743,15.0
Matale,2025-12-05,2025-12-06,1,test,train_plus_validation,25.0,21.752554634823213,21.0
Matale,2025-12-12,2025-12-13,1,test,train_plus_validation,16.0,27.771990000720987,25.0
Matara,2025-01-03,2025-01-04,1,test,train_plus_validation,23.0,29.16262834615998,28.0
Matara,2025-01-10,2025-01-11,1,test,train_plus_validation,45.0,27.053589729139137,23.0
Matara,2025-01-17,2025-01-18,1,test,train_plus_validation,32.0,40.42669729519329,45.0
Matara,2025-01-24,2025-01-25,1,test,train_plus_validation,59.0,34.33873121831644,32.0
Matara,2025-01-31,2025-02-01,1,test,train_plus_validation,34.0,52.459096761992534,59.0
Matara,2025-02-07,2025-02-08,1,test,train_plus_validation,34.0,39.78202860461584,34.0
Matara,2025-02-14,2025-02-15,1,test,train_plus_validation,35.0,36.77293478435655,34.0
Matara,2025-02-21,2025-02-22,1,test,train_plus_validation,24.0,35.404263726770246,35.0
Matara,2025-02-28,2025-03-01,1,test,train_plus_validation,50.0,28.735117710860965,24.0
Matara,2025-03-07,2025-03-08,1,test,train_plus_validation,32.0,40.95579822279542,50.0
Matara,2025-03-14,2025-03-15,1,test,train_plus_validation,30.0,34.839621999370976,32.0
Matara,2025-03-21,2025-03-22,1,test,train_plus_validation,44.0,30.974308526588242,30.0
Matara,2025-03-28,2025-03-29,1,test,train_plus_validation,38.0,40.4072865335244,44.0
Matara,2025-04-04,2025-04-05,1,test,train_plus_validation,32.0,36.29065002637235,38.0
Matara,2025-04-11,2025-04-12,1,test,train_plus_validation,35.0,37.765972160157794,32.0
Matara,2025-04-18,2025-04-19,1,test,train_plus_validation,38.0,34.472509462194395,35.0
Matara,2025-04-25,2025-04-26,1,test,train_plus_validation,38.0,36.650330564259335,38.0
Matara,2025-05-02,2025-05-03,1,test,train_plus_validation,17.0,35.911641538657875,38.0
Matara,2025-05-09,2025-05-10,1,test,train_plus_validation,27.0,33.53348071397334,17.0
Matara,2025-05-16,2025-05-17,1,test,train_plus_validation,21.0,26.79987811723651,27.0
Matara,2025-05-23,2025-05-24,1,test,train_plus_validation,26.0,24.70161017893382,21.0
Matara,2025-05-30,2025-05-31,1,test,train_plus_validation,34.0,24.575005661321264,26.0
Matara,2025-06-06,2025-06-07,1,test,train_plus_validation,70.0,34.488125246031345,34.0
Matara,2025-06-13,2025-06-14,1,test,train_plus_validation,39.0,53.40108769114375,70.0
Matara,2025-06-20,2025-06-21,1,test,train_plus_validation,58.0,42.490476700819734,39.0
Matara,2025-06-27,2025-06-28,1,test,train_plus_validation,39.0,55.5279614533167,58.0
Matara,2025-07-04,2025-07-05,1,test,train_plus_validation,28.0,50.122387771098765,39.0
Matara,2025-07-11,2025-07-12,1,test,train_plus_validation,41.0,34.57945240763639,28.0
Matara,2025-07-18,2025-07-19,1,test,train_plus_validation,42.0,38.33546207954166,41.0
Matara,2025-07-25,2025-07-26,1,test,train_plus_validation,30.0,40.84387032987741,42.0
Matara,2025-08-01,2025-08-02,1,test,train_plus_validation,20.0,33.96158417687225,30.0
Matara,2025-08-08,2025-08-09,1,test,train_plus_validation,35.0,25.141445506264795,20.0
Matara,2025-08-15,2025-08-16,1,test,train_plus_validation,26.0,31.50308650787564,35.0
Matara,2025-08-22,2025-08-23,1,test,train_plus_validation,26.0,28.63343973749198,26.0
Matara,2025-08-29,2025-08-30,1,test,train_plus_validation,16.0,25.156044213286854,26.0
Matara,2025-09-05,2025-09-06,1,test,train_plus_validation,18.0,22.994072424780246,16.0
Matara,2025-09-12,2025-09-13,1,test,train_plus_validation,12.0,19.165170992073243,18.0
Matara,2025-09-19,2025-09-20,1,test,train_plus_validation,12.0,15.532701234082003,12.0
Matara,2025-09-26,2025-09-27,1,test,train_plus_validation,12.0,15.272611912653911,12.0
Matara,2025-10-03,2025-10-04,1,test,train_plus_validation,20.0,13.694320650204856,12.0
Matara,2025-10-10,2025-10-11,1,test,train_plus_validation,22.0,18.45055125950729,20.0
Matara,2025-10-17,2025-10-18,1,test,train_plus_validation,10.0,21.393263117581824,22.0
Matara,2025-10-24,2025-10-25,1,test,train_plus_validation,23.0,18.21972301826493,10.0
Matara,2025-10-31,2025-11-01,1,test,train_plus_validation,17.0,21.129801536477782,23.0
Matara,2025-11-07,2025-11-08,1,test,train_plus_validation,36.0,18.88633438623824,17.0
Matara,2025-11-14,2025-11-15,1,test,train_plus_validation,22.0,32.26774400032186,36.0
Matara,2025-11-21,2025-11-22,1,test,train_plus_validation,37.0,30.863442212374217,22.0
Matara,2025-11-28,2025-11-29,1,test,train_plus_validation,45.0,41.56114073469985,37.0
Matara,2025-12-05,2025-12-06,1,test,train_plus_validation,67.0,46.126379062639224,45.0
Matara,2025-12-12,2025-12-13,1,test,train_plus_validation,44.0,55.68629713144783,67.0
Monaragala,2025-01-03,2025-01-04,1,test,train_plus_validation,26.0,22.07152882940309,25.0
Monaragala,2025-01-10,2025-01-11,1,test,train_plus_validation,23.0,23.524319530100282,26.0
Monaragala,2025-01-17,2025-01-18,1,test,train_plus_validation,24.0,25.33566032553644,23.0
Monaragala,2025-01-24,2025-01-25,1,test,train_plus_validation,20.0,24.270463917688843,24.0
Monaragala,2025-01-31,2025-02-01,1,test,train_plus_validation,6.0,26.145786865074886,20.0
Monaragala,2025-02-07,2025-02-08,1,test,train_plus_validation,6.0,24.450168138635714,6.0
Monaragala,2025-02-14,2025-02-15,1,test,train_plus_validation,15.0,15.0844442890305,6.0
Monaragala,2025-02-21,2025-02-22,1,test,train_plus_validation,10.0,13.692028418405702,15.0
Monaragala,2025-02-28,2025-03-01,1,test,train_plus_validation,17.0,11.645388088681084,10.0
Monaragala,2025-03-07,2025-03-08,1,test,train_plus_validation,23.0,14.38072934205052,17.0
Monaragala,2025-03-14,2025-03-15,1,test,train_plus_validation,24.0,19.43502278913947,23.0
Monaragala,2025-03-21,2025-03-22,1,test,train_plus_validation,21.0,21.686503907627174,24.0
Monaragala,2025-03-28,2025-03-29,1,test,train_plus_validation,15.0,22.19466335875415,21.0
Monaragala,2025-04-04,2025-04-05,1,test,train_plus_validation,29.0,20.705496658853534,15.0
Monaragala,2025-04-11,2025-04-12,1,test,train_plus_validation,27.0,23.35112271654653,29.0
Monaragala,2025-04-18,2025-04-19,1,test,train_plus_validation,12.0,25.016564984199583,27.0
Monaragala,2025-04-25,2025-04-26,1,test,train_plus_validation,22.0,25.42775850386679,12.0
Monaragala,2025-05-02,2025-05-03,1,test,train_plus_validation,10.0,22.48304775831359,22.0
Monaragala,2025-05-09,2025-05-10,1,test,train_plus_validation,17.0,17.996406864624934,10.0
Monaragala,2025-05-16,2025-05-17,1,test,train_plus_validation,15.0,16.571936495396642,17.0
Monaragala,2025-05-23,2025-05-24,1,test,train_plus_validation,26.0,15.700035314596073,15.0
Monaragala,2025-05-30,2025-05-31,1,test,train_plus_validation,29.0,22.95284008567148,26.0
Monaragala,2025-06-06,2025-06-07,1,test,train_plus_validation,26.0,24.971216814745596,29.0
Monaragala,2025-06-13,2025-06-14,1,test,train_plus_validation,24.0,25.868974120320285,26.0
Monaragala,2025-06-20,2025-06-21,1,test,train_plus_validation,27.0,25.637005241586387,24.0
Monaragala,2025-06-27,2025-06-28,1,test,train_plus_validation,12.0,24.0766113940263,27.0
Monaragala,2025-07-04,2025-07-05,1,test,train_plus_validation,13.0,23.150403677324917,12.0
Monaragala,2025-07-11,2025-07-12,1,test,train_plus_validation,19.0,15.414897015496784,13.0
Monaragala,2025-07-18,2025-07-19,1,test,train_plus_validation,17.0,17.73503196020458,19.0
Monaragala,2025-07-25,2025-07-26,1,test,train_plus_validation,17.0,15.508218781964569,17.0
Monaragala,2025-08-01,2025-08-02,1,test,train_plus_validation,11.0,15.877375977437778,17.0
Monaragala,2025-08-08,2025-08-09,1,test,train_plus_validation,17.0,15.411791839792794,11.0
Monaragala,2025-08-15,2025-08-16,1,test,train_plus_validation,8.0,15.609906724949754,17.0
Monaragala,2025-08-22,2025-08-23,1,test,train_plus_validation,16.0,10.847947684129936,8.0
Monaragala,2025-08-29,2025-08-30,1,test,train_plus_validation,3.0,14.092168066262893,16.0
Monaragala,2025-09-05,2025-09-06,1,test,train_plus_validation,16.0,9.164328344866716,3.0
Monaragala,2025-09-12,2025-09-13,1,test,train_plus_validation,10.0,12.816819544517617,16.0
Monaragala,2025-09-19,2025-09-20,1,test,train_plus_validation,8.0,10.974233046047893,10.0
Monaragala,2025-09-26,2025-09-27,1,test,train_plus_validation,9.0,11.839819664884196,8.0
Monaragala,2025-10-03,2025-10-04,1,test,train_plus_validation,4.0,10.339294559307557,9.0
Monaragala,2025-10-10,2025-10-11,1,test,train_plus_validation,11.0,7.7356870159143165,4.0
Monaragala,2025-10-17,2025-10-18,1,test,train_plus_validation,17.0,11.74090564621165,11.0
Monaragala,2025-10-24,2025-10-25,1,test,train_plus_validation,16.0,14.077308152019329,17.0
Monaragala,2025-10-31,2025-11-01,1,test,train_plus_validation,7.0,15.414612594090004,16.0
Monaragala,2025-11-07,2025-11-08,1,test,train_plus_validation,10.0,11.802340232347813,7.0
Monaragala,2025-11-14,2025-11-15,1,test,train_plus_validation,15.0,13.903711205086395,10.0
Monaragala,2025-11-21,2025-11-22,1,test,train_plus_validation,15.0,14.349989360703285,15.0
Monaragala,2025-11-28,2025-11-29,1,test,train_plus_validation,10.0,14.350558853435281,15.0
Monaragala,2025-12-05,2025-12-06,1,test,train_plus_validation,14.0,15.32201741831599,10.0
Monaragala,2025-12-12,2025-12-13,1,test,train_plus_validation,24.0,16.745548755228075,14.0
Mullaitivu,2025-01-03,2025-01-04,1,test,train_plus_validation,1.0,4.219390795177354,3.0
Mullaitivu,2025-01-10,2025-01-11,1,test,train_plus_validation,1.0,3.912678244236393,1.0
Mullaitivu,2025-01-17,2025-01-18,1,test,train_plus_validation,4.0,3.1160061563578436,1.0
Mullaitivu,2025-01-24,2025-01-25,1,test,train_plus_validation,1.0,3.1946325860355187,4.0
Mullaitivu,2025-01-31,2025-02-01,1,test,train_plus_validation,2.0,3.0725197428652766,1.0
Mullaitivu,2025-02-07,2025-02-08,1,test,train_plus_validation,2.0,2.4585115589329707,2.0
Mullaitivu,2025-02-14,2025-02-15,1,test,train_plus_validation,0.0,2.4091474554493018,2.0
Mullaitivu,2025-02-21,2025-02-22,1,test,train_plus_validation,1.0,2.1621382145083614,0.0
Mullaitivu,2025-02-28,2025-03-01,1,test,train_plus_validation,1.0,1.7930682672628167,1.0
Mullaitivu,2025-03-07,2025-03-08,1,test,train_plus_validation,3.0,1.4371241457509774,1.0
Mullaitivu,2025-03-14,2025-03-15,1,test,train_plus_validation,0.0,1.6509863857853633,3.0
Mullaitivu,2025-03-21,2025-03-22,1,test,train_plus_validation,0.0,1.9460435898964457,0.0
Mullaitivu,2025-03-28,2025-03-29,1,test,train_plus_validation,2.0,1.6641112215205607,0.0
Mullaitivu,2025-04-04,2025-04-05,1,test,train_plus_validation,2.0,1.5830673609509676,2.0
Mullaitivu,2025-04-11,2025-04-12,1,test,train_plus_validation,1.0,1.7182331404286006,2.0
Mullaitivu,2025-04-18,2025-04-19,1,test,train_plus_validation,0.0,1.4478248919463996,1.0
Mullaitivu,2025-04-25,2025-04-26,1,test,train_plus_validation,2.0,1.6011845588973947,0.0
Mullaitivu,2025-05-02,2025-05-03,1,test,train_plus_validation,1.0,1.650575700750518,2.0
Mullaitivu,2025-05-09,2025-05-10,1,test,train_plus_validation,2.0,1.3864599795665944,1.0
Mullaitivu,2025-05-16,2025-05-17,1,test,train_plus_validation,1.0,1.4602529124819623,2.0
Mullaitivu,2025-05-23,2025-05-24,1,test,train_plus_validation,1.0,1.7512518109579973,1.0
Mullaitivu,2025-05-30,2025-05-31,1,test,train_plus_validation,4.0,1.6211043657783422,1.0
Mullaitivu,2025-06-06,2025-06-07,1,test,train_plus_validation,2.0,2.256852154088973,4.0
Mullaitivu,2025-06-13,2025-06-14,1,test,train_plus_validation,1.0,2.0572281084473176,2.0
Mullaitivu,2025-06-20,2025-06-21,1,test,train_plus_validation,3.0,1.9402731403460614,1.0
Mullaitivu,2025-06-27,2025-06-28,1,test,train_plus_validation,2.0,2.0315684816695327,3.0
Mullaitivu,2025-07-04,2025-07-05,1,test,train_plus_validation,0.0,2.1370032443878544,2.0
Mullaitivu,2025-07-11,2025-07-12,1,test,train_plus_validation,0.0,1.8826668877353374,0.0
Mullaitivu,2025-07-18,2025-07-19,1,test,train_plus_validation,0.0,1.7485076394865506,0.0
Mullaitivu,2025-07-25,2025-07-26,1,test,train_plus_validation,0.0,1.4183873571454944,0.0
Mullaitivu,2025-08-01,2025-08-02,1,test,train_plus_validation,0.0,0.5345653992800042,0.0
Mullaitivu,2025-08-08,2025-08-09,1,test,train_plus_validation,0.0,0.4808798643551104,0.0
Mullaitivu,2025-08-15,2025-08-16,1,test,train_plus_validation,0.0,0.4544430697515917,0.0
Mullaitivu,2025-08-22,2025-08-23,1,test,train_plus_validation,1.0,0.45630860976087356,0.0
Mullaitivu,2025-08-29,2025-08-30,1,test,train_plus_validation,0.0,0.5803457549832438,1.0
Mullaitivu,2025-09-05,2025-09-06,1,test,train_plus_validation,2.0,0.5348693347863461,0.0
Mullaitivu,2025-09-12,2025-09-13,1,test,train_plus_validation,2.0,0.7618842430880981,2.0
Mullaitivu,2025-09-19,2025-09-20,1,test,train_plus_validation,0.0,1.1098376528386213,2.0
Mullaitivu,2025-09-26,2025-09-27,1,test,train_plus_validation,1.0,1.5485984576115304,0.0
Mullaitivu,2025-10-03,2025-10-04,1,test,train_plus_validation,0.0,1.47226447430018,1.0
Mullaitivu,2025-10-10,2025-10-11,1,test,train_plus_validation,0.0,1.5074421595317444,0.0
Mullaitivu,2025-10-17,2025-10-18,1,test,train_plus_validation,0.0,0.882772683002403,0.0
Mullaitivu,2025-10-24,2025-10-25,1,test,train_plus_validation,1.0,0.5612645576745889,0.0
Mullaitivu,2025-10-31,2025-11-01,1,test,train_plus_validation,0.0,0.6823526899839135,1.0
Mullaitivu,2025-11-07,2025-11-08,1,test,train_plus_validation,2.0,0.7290040695610833,0.0
Mullaitivu,2025-11-14,2025-11-15,1,test,train_plus_validation,4.0,1.269871162422657,2.0
Mullaitivu,2025-11-21,2025-11-22,1,test,train_plus_validation,2.0,2.3445506297177876,4.0
Mullaitivu,2025-11-28,2025-11-29,1,test,train_plus_validation,0.0,3.228612999282421,2.0
Mullaitivu,2025-12-05,2025-12-06,1,test,train_plus_validation,2.0,2.9881738057854257,0.0
Mullaitivu,2025-12-12,2025-12-13,1,test,train_plus_validation,3.0,3.811920354736962,2.0
Nuwara Eliya,2025-01-03,2025-01-04,1,test,train_plus_validation,8.0,6.852029383450945,5.0
Nuwara Eliya,2025-01-10,2025-01-11,1,test,train_plus_validation,1.0,8.106450601453092,8.0
Nuwara Eliya,2025-01-17,2025-01-18,1,test,train_plus_validation,10.0,6.430524261974215,1.0
Nuwara Eliya,2025-01-24,2025-01-25,1,test,train_plus_validation,6.0,8.121380642979096,10.0
Nuwara Eliya,2025-01-31,2025-02-01,1,test,train_plus_validation,4.0,8.410562665192701,6.0
Nuwara Eliya,2025-02-07,2025-02-08,1,test,train_plus_validation,4.0,7.455821960581267,4.0
Nuwara Eliya,2025-02-14,2025-02-15,1,test,train_plus_validation,6.0,5.9082618790478385,4.0
Nuwara Eliya,2025-02-21,2025-02-22,1,test,train_plus_validation,2.0,7.836774544329375,6.0
Nuwara Eliya,2025-02-28,2025-03-01,1,test,train_plus_validation,2.0,4.236563668475828,2.0
Nuwara Eliya,2025-03-07,2025-03-08,1,test,train_plus_validation,1.0,2.945187705479691,2.0
Nuwara Eliya,2025-03-14,2025-03-15,1,test,train_plus_validation,6.0,2.701614507135155,1.0
Nuwara Eliya,2025-03-21,2025-03-22,1,test,train_plus_validation,4.0,3.591650448451579,6.0
Nuwara Eliya,2025-03-28,2025-03-29,1,test,train_plus_validation,3.0,3.2750387788841056,4.0
Nuwara Eliya,2025-04-04,2025-04-05,1,test,train_plus_validation,1.0,3.3864067412884533,3.0
Nuwara Eliya,2025-04-11,2025-04-12,1,test,train_plus_validation,3.0,3.265961729696938,1.0
Nuwara Eliya,2025-04-18,2025-04-19,1,test,train_plus_validation,6.0,3.2298784933149616,3.0
Nuwara Eliya,2025-04-25,2025-04-26,1,test,train_plus_validation,6.0,4.554675068656182,6.0
Nuwara Eliya,2025-05-02,2025-05-03,1,test,train_plus_validation,7.0,6.060352970285176,6.0
Nuwara Eliya,2025-05-09,2025-05-10,1,test,train_plus_validation,9.0,6.37043655593353,7.0
Nuwara Eliya,2025-05-16,2025-05-17,1,test,train_plus_validation,4.0,8.182144873144068,9.0
Nuwara Eliya,2025-05-23,2025-05-24,1,test,train_plus_validation,7.0,7.093773260062585,4.0
Nuwara Eliya,2025-05-30,2025-05-31,1,test,train_plus_validation,9.0,7.690807306476123,7.0
Nuwara Eliya,2025-06-06,2025-06-07,1,test,train_plus_validation,17.0,8.087452082208014,9.0
Nuwara Eliya,2025-06-13,2025-06-14,1,test,train_plus_validation,20.0,14.917492392505189,17.0
Nuwara Eliya,2025-06-20,2025-06-21,1,test,train_plus_validation,6.0,18.680259178604032,20.0
Nuwara Eliya,2025-06-27,2025-06-28,1,test,train_plus_validation,8.0,13.789752570307591,6.0
Nuwara Eliya,2025-07-04,2025-07-05,1,test,train_plus_validation,10.0,10.922402323145983,8.0
Nuwara Eliya,2025-07-11,2025-07-12,1,test,train_plus_validation,24.0,11.551846054313694,10.0
Nuwara Eliya,2025-07-18,2025-07-19,1,test,train_plus_validation,18.0,22.97394082528939,24.0
Nuwara Eliya,2025-07-25,2025-07-26,1,test,train_plus_validation,9.0,17.127325420740785,18.0
Nuwara Eliya,2025-08-01,2025-08-02,1,test,train_plus_validation,10.0,14.536506681862788,9.0
Nuwara Eliya,2025-08-08,2025-08-09,1,test,train_plus_validation,3.0,15.532585369023117,10.0
Nuwara Eliya,2025-08-15,2025-08-16,1,test,train_plus_validation,8.0,9.211717234927555,3.0
Nuwara Eliya,2025-08-22,2025-08-23,1,test,train_plus_validation,5.0,8.033604038944071,8.0
Nuwara Eliya,2025-08-29,2025-08-30,1,test,train_plus_validation,7.0,6.7348058596148075,5.0
Nuwara Eliya,2025-09-05,2025-09-06,1,test,train_plus_validation,5.0,6.790706043745935,7.0
Nuwara Eliya,2025-09-12,2025-09-13,1,test,train_plus_validation,6.0,6.050542689043971,5.0
Nuwara Eliya,2025-09-19,2025-09-20,1,test,train_plus_validation,6.0,6.541333754572671,6.0
Nuwara Eliya,2025-09-26,2025-09-27,1,test,train_plus_validation,10.0,6.906024034318489,6.0
Nuwara Eliya,2025-10-03,2025-10-04,1,test,train_plus_validation,10.0,9.052145777418477,10.0
Nuwara Eliya,2025-10-10,2025-10-11,1,test,train_plus_validation,5.0,10.297294147261418,10.0
Nuwara Eliya,2025-10-17,2025-10-18,1,test,train_plus_validation,2.0,8.453468317224791,5.0
Nuwara Eliya,2025-10-24,2025-10-25,1,test,train_plus_validation,5.0,6.723355684807252,2.0
Nuwara Eliya,2025-10-31,2025-11-01,1,test,train_plus_validation,5.0,6.363869180548449,5.0
Nuwara Eliya,2025-11-07,2025-11-08,1,test,train_plus_validation,5.0,6.6315675358279,5.0
Nuwara Eliya,2025-11-14,2025-11-15,1,test,train_plus_validation,8.0,6.4592564144650595,5.0
Nuwara Eliya,2025-11-21,2025-11-22,1,test,train_plus_validation,8.0,7.585298058731382,8.0
Nuwara Eliya,2025-11-28,2025-11-29,1,test,train_plus_validation,1.0,7.358079991354818,8.0
Nuwara Eliya,2025-12-05,2025-12-06,1,test,train_plus_validation,3.0,8.091034056784139,1.0
Nuwara Eliya,2025-12-12,2025-12-13,1,test,train_plus_validation,7.0,7.476725205268349,3.0
Polonnaruwa,2025-01-03,2025-01-04,1,test,train_plus_validation,6.0,10.385827656102771,14.0
Polonnaruwa,2025-01-10,2025-01-11,1,test,train_plus_validation,7.0,9.132555288190476,6.0
Polonnaruwa,2025-01-17,2025-01-18,1,test,train_plus_validation,3.0,8.488216404985849,7.0
Polonnaruwa,2025-01-24,2025-01-25,1,test,train_plus_validation,8.0,6.361261788955423,3.0
Polonnaruwa,2025-01-31,2025-02-01,1,test,train_plus_validation,10.0,7.85645514595342,8.0
Polonnaruwa,2025-02-07,2025-02-08,1,test,train_plus_validation,10.0,8.741681892239571,10.0
Polonnaruwa,2025-02-14,2025-02-15,1,test,train_plus_validation,9.0,11.049217299898839,10.0
Polonnaruwa,2025-02-21,2025-02-22,1,test,train_plus_validation,6.0,10.477215693843592,9.0
Polonnaruwa,2025-02-28,2025-03-01,1,test,train_plus_validation,18.0,7.194876816259046,6.0
Polonnaruwa,2025-03-07,2025-03-08,1,test,train_plus_validation,3.0,13.621197086842972,18.0
Polonnaruwa,2025-03-14,2025-03-15,1,test,train_plus_validation,6.0,7.852696992997374,3.0
Polonnaruwa,2025-03-21,2025-03-22,1,test,train_plus_validation,4.0,7.078840399409072,6.0
Polonnaruwa,2025-03-28,2025-03-29,1,test,train_plus_validation,5.0,5.761011173382128,4.0
Polonnaruwa,2025-04-04,2025-04-05,1,test,train_plus_validation,6.0,5.882230199141549,5.0
Polonnaruwa,2025-04-11,2025-04-12,1,test,train_plus_validation,5.0,5.387751723161073,6.0
Polonnaruwa,2025-04-18,2025-04-19,1,test,train_plus_validation,8.0,5.326966179287862,5.0
Polonnaruwa,2025-04-25,2025-04-26,1,test,train_plus_validation,10.0,5.767863054941327,8.0
Polonnaruwa,2025-05-02,2025-05-03,1,test,train_plus_validation,10.0,9.79058098502194,10.0
Polonnaruwa,2025-05-09,2025-05-10,1,test,train_plus_validation,7.0,9.93763343924973,10.0
Polonnaruwa,2025-05-16,2025-05-17,1,test,train_plus_validation,6.0,8.353819686366615,7.0
Polonnaruwa,2025-05-23,2025-05-24,1,test,train_plus_validation,12.0,8.193942232967983,6.0
Polonnaruwa,2025-05-30,2025-05-31,1,test,train_plus_validation,15.0,12.17762237714435,12.0
Polonnaruwa,2025-06-06,2025-06-07,1,test,train_plus_validation,12.0,10.949992798146832,15.0
Polonnaruwa,2025-06-13,2025-06-14,1,test,train_plus_validation,21.0,12.01660306925082,12.0
Polonnaruwa,2025-06-20,2025-06-21,1,test,train_plus_validation,10.0,16.088082821337224,21.0
Polonnaruwa,2025-06-27,2025-06-28,1,test,train_plus_validation,14.0,14.581173247005763,10.0
Polonnaruwa,2025-07-04,2025-07-05,1,test,train_plus_validation,11.0,14.044127246441894,14.0
Polonnaruwa,2025-07-11,2025-07-12,1,test,train_plus_validation,14.0,12.45419117115501,11.0
Polonnaruwa,2025-07-18,2025-07-19,1,test,train_plus_validation,15.0,12.900302567220354,14.0
Polonnaruwa,2025-07-25,2025-07-26,1,test,train_plus_validation,8.0,12.565358660567107,15.0
Polonnaruwa,2025-08-01,2025-08-02,1,test,train_plus_validation,2.0,10.560422286195266,8.0
Polonnaruwa,2025-08-08,2025-08-09,1,test,train_plus_validation,3.0,7.068640336582951,2.0
Polonnaruwa,2025-08-15,2025-08-16,1,test,train_plus_validation,5.0,4.7633532940960075,3.0
Polonnaruwa,2025-08-22,2025-08-23,1,test,train_plus_validation,2.0,4.7774912157025335,5.0
Polonnaruwa,2025-08-29,2025-08-30,1,test,train_plus_validation,4.0,3.415944562329615,2.0
Polonnaruwa,2025-09-05,2025-09-06,1,test,train_plus_validation,2.0,2.593590117373624,4.0
Polonnaruwa,2025-09-12,2025-09-13,1,test,train_plus_validation,2.0,2.5771555472524823,2.0
Polonnaruwa,2025-09-19,2025-09-20,1,test,train_plus_validation,3.0,2.9385536855366716,2.0
Polonnaruwa,2025-09-26,2025-09-27,1,test,train_plus_validation,7.0,2.389570971361444,3.0
Polonnaruwa,2025-10-03,2025-10-04,1,test,train_plus_validation,6.0,4.268291022629863,7.0
Polonnaruwa,2025-10-10,2025-10-11,1,test,train_plus_validation,4.0,4.782580867659274,6.0
Polonnaruwa,2025-10-17,2025-10-18,1,test,train_plus_validation,3.0,4.249319453076106,4.0
Polonnaruwa,2025-10-24,2025-10-25,1,test,train_plus_validation,3.0,4.380124975725017,3.0
Polonnaruwa,2025-10-31,2025-11-01,1,test,train_plus_validation,3.0,4.562022452034932,3.0
Polonnaruwa,2025-11-07,2025-11-08,1,test,train_plus_validation,15.0,3.5884668509787403,3.0
Polonnaruwa,2025-11-14,2025-11-15,1,test,train_plus_validation,15.0,10.629877220437816,15.0
Polonnaruwa,2025-11-21,2025-11-22,1,test,train_plus_validation,8.0,15.271556952173936,15.0
Polonnaruwa,2025-11-28,2025-11-29,1,test,train_plus_validation,5.0,14.47275050170315,8.0
Polonnaruwa,2025-12-05,2025-12-06,1,test,train_plus_validation,6.0,8.907101650270677,5.0
Polonnaruwa,2025-12-12,2025-12-13,1,test,train_plus_validation,14.0,8.481246982184263,6.0
Puttalam,2025-01-03,2025-01-04,1,test,train_plus_validation,45.0,31.449427963225776,30.0
Puttalam,2025-01-10,2025-01-11,1,test,train_plus_validation,17.0,39.578911008130305,45.0
Puttalam,2025-01-17,2025-01-18,1,test,train_plus_validation,16.0,30.38321284295471,17.0
Puttalam,2025-01-24,2025-01-25,1,test,train_plus_validation,22.0,23.102062525483927,16.0
Puttalam,2025-01-31,2025-02-01,1,test,train_plus_validation,16.0,22.81808905872484,22.0
Puttalam,2025-02-07,2025-02-08,1,test,train_plus_validation,16.0,17.921680880422514,16.0
Puttalam,2025-02-14,2025-02-15,1,test,train_plus_validation,24.0,16.893189509442422,16.0
Puttalam,2025-02-21,2025-02-22,1,test,train_plus_validation,23.0,19.621121492319407,24.0
Puttalam,2025-02-28,2025-03-01,1,test,train_plus_validation,24.0,19.31891751204577,23.0
Puttalam,2025-03-07,2025-03-08,1,test,train_plus_validation,15.0,20.866366186037407,24.0
Puttalam,2025-03-14,2025-03-15,1,test,train_plus_validation,10.0,18.457740242068592,15.0
Puttalam,2025-03-21,2025-03-22,1,test,train_plus_validation,14.0,15.319458301324957,10.0
Puttalam,2025-03-28,2025-03-29,1,test,train_plus_validation,11.0,13.91198551316086,14.0
Puttalam,2025-04-04,2025-04-05,1,test,train_plus_validation,8.0,13.30613438074128,11.0
Puttalam,2025-04-11,2025-04-12,1,test,train_plus_validation,7.0,11.421077064065146,8.0
Puttalam,2025-04-18,2025-04-19,1,test,train_plus_validation,10.0,8.358799935441295,7.0
Puttalam,2025-04-25,2025-04-26,1,test,train_plus_validation,9.0,8.925672308792326,10.0
Puttalam,2025-05-02,2025-05-03,1,test,train_plus_validation,12.0,10.122415841164756,9.0
Puttalam,2025-05-09,2025-05-10,1,test,train_plus_validation,8.0,10.296938802439644,12.0
Puttalam,2025-05-16,2025-05-17,1,test,train_plus_validation,13.0,9.451219347600357,8.0
Puttalam,2025-05-23,2025-05-24,1,test,train_plus_validation,11.0,11.101338991323969,13.0
Puttalam,2025-05-30,2025-05-31,1,test,train_plus_validation,17.0,12.515827952667738,11.0
Puttalam,2025-06-06,2025-06-07,1,test,train_plus_validation,10.0,14.348562031857266,17.0
Puttalam,2025-06-13,2025-06-14,1,test,train_plus_validation,10.0,13.957224848791045,10.0
Puttalam,2025-06-20,2025-06-21,1,test,train_plus_validation,7.0,14.74605060750785,10.0
Puttalam,2025-06-27,2025-06-28,1,test,train_plus_validation,12.0,10.093447454924235,7.0
Puttalam,2025-07-04,2025-07-05,1,test,train_plus_validation,7.0,10.37311049113877,12.0
Puttalam,2025-07-11,2025-07-12,1,test,train_plus_validation,12.0,8.514271226830289,7.0
Puttalam,2025-07-18,2025-07-19,1,test,train_plus_validation,12.0,11.357798262362063,12.0
Puttalam,2025-07-25,2025-07-26,1,test,train_plus_validation,15.0,11.070936562434417,12.0
Puttalam,2025-08-01,2025-08-02,1,test,train_plus_validation,17.0,12.427873246755448,15.0
Puttalam,2025-08-08,2025-08-09,1,test,train_plus_validation,11.0,14.594249192622025,17.0
Puttalam,2025-08-15,2025-08-16,1,test,train_plus_validation,4.0,14.58063500205288,11.0
Puttalam,2025-08-22,2025-08-23,1,test,train_plus_validation,9.0,8.909384556192508,4.0
Puttalam,2025-08-29,2025-08-30,1,test,train_plus_validation,5.0,8.144020457561073,9.0
Puttalam,2025-09-05,2025-09-06,1,test,train_plus_validation,10.0,6.755155446341904,5.0
Puttalam,2025-09-12,2025-09-13,1,test,train_plus_validation,6.0,8.819554823931313,10.0
Puttalam,2025-09-19,2025-09-20,1,test,train_plus_validation,4.0,6.339417765207094,6.0
Puttalam,2025-09-26,2025-09-27,1,test,train_plus_validation,5.0,5.5800315766431225,4.0
Puttalam,2025-10-03,2025-10-04,1,test,train_plus_validation,5.0,5.639580094612818,5.0
Puttalam,2025-10-10,2025-10-11,1,test,train_plus_validation,12.0,5.547129114050183,5.0
Puttalam,2025-10-17,2025-10-18,1,test,train_plus_validation,5.0,9.951312193942417,12.0
Puttalam,2025-10-24,2025-10-25,1,test,train_plus_validation,11.0,8.917620099029111,5.0
Puttalam,2025-10-31,2025-11-01,1,test,train_plus_validation,23.0,10.680075588196944,11.0
Puttalam,2025-11-07,2025-11-08,1,test,train_plus_validation,20.0,19.35615221616571,23.0
Puttalam,2025-11-14,2025-11-15,1,test,train_plus_validation,18.0,22.44938255536408,20.0
Puttalam,2025-11-21,2025-11-22,1,test,train_plus_validation,10.0,20.633541111680227,18.0
Puttalam,2025-11-28,2025-11-29,1,test,train_plus_validation,13.0,17.7150246138495,10.0
Puttalam,2025-12-05,2025-12-06,1,test,train_plus_validation,30.0,16.50621243193079,13.0
Puttalam,2025-12-12,2025-12-13,1,test,train_plus_validation,22.0,26.335088025331814,30.0
Ratnapura,2025-01-03,2025-01-04,1,test,train_plus_validation,56.0,36.28630638153543,30.0
Ratnapura,2025-01-10,2025-01-11,1,test,train_plus_validation,46.0,50.531907444360066,56.0
Ratnapura,2025-01-17,2025-01-18,1,test,train_plus_validation,70.0,56.30114078685609,46.0
Ratnapura,2025-01-24,2025-01-25,1,test,train_plus_validation,58.0,63.17189329479799,70.0
Ratnapura,2025-01-31,2025-02-01,1,test,train_plus_validation,47.0,64.76818933236827,58.0
Ratnapura,2025-02-07,2025-02-08,1,test,train_plus_validation,47.0,60.44308600793265,47.0
Ratnapura,2025-02-14,2025-02-15,1,test,train_plus_validation,50.0,56.8239687260588,47.0
Ratnapura,2025-02-21,2025-02-22,1,test,train_plus_validation,47.0,52.57660930600853,50.0
Ratnapura,2025-02-28,2025-03-01,1,test,train_plus_validation,13.0,51.05495829301745,47.0
Ratnapura,2025-03-07,2025-03-08,1,test,train_plus_validation,46.0,34.98827793709472,13.0
Ratnapura,2025-03-14,2025-03-15,1,test,train_plus_validation,56.0,43.10369349525516,46.0
Ratnapura,2025-03-21,2025-03-22,1,test,train_plus_validation,45.0,49.98920842034028,56.0
Ratnapura,2025-03-28,2025-03-29,1,test,train_plus_validation,54.0,57.07726840492002,45.0
Ratnapura,2025-04-04,2025-04-05,1,test,train_plus_validation,146.0,55.93360143776891,54.0
Ratnapura,2025-04-11,2025-04-12,1,test,train_plus_validation,146.0,132.45371496937562,146.0
Ratnapura,2025-04-18,2025-04-19,1,test,train_plus_validation,319.0,160.8241520401062,146.0
Ratnapura,2025-04-25,2025-04-26,1,test,train_plus_validation,273.0,304.92923926169414,319.0
Ratnapura,2025-05-02,2025-05-03,1,test,train_plus_validation,242.0,336.0378796837333,273.0
Ratnapura,2025-05-09,2025-05-10,1,test,train_plus_validation,251.0,247.71472188743792,242.0
Ratnapura,2025-05-16,2025-05-17,1,test,train_plus_validation,203.0,254.60960893922564,251.0
Ratnapura,2025-05-23,2025-05-24,1,test,train_plus_validation,197.0,199.5518823758295,203.0
Ratnapura,2025-05-30,2025-05-31,1,test,train_plus_validation,172.0,196.71684602060859,197.0
Ratnapura,2025-06-06,2025-06-07,1,test,train_plus_validation,145.0,186.60891609610334,172.0
Ratnapura,2025-06-13,2025-06-14,1,test,train_plus_validation,118.0,162.70581471367822,145.0
Ratnapura,2025-06-20,2025-06-21,1,test,train_plus_validation,120.0,117.18885090405112,118.0
Ratnapura,2025-06-27,2025-06-28,1,test,train_plus_validation,104.0,118.84255725641255,120.0
Ratnapura,2025-07-04,2025-07-05,1,test,train_plus_validation,97.0,144.60215465983885,104.0
Ratnapura,2025-07-11,2025-07-12,1,test,train_plus_validation,93.0,109.22221455605084,97.0
Ratnapura,2025-07-18,2025-07-19,1,test,train_plus_validation,99.0,92.59519338864098,93.0
Ratnapura,2025-07-25,2025-07-26,1,test,train_plus_validation,91.0,94.79599616150085,99.0
Ratnapura,2025-08-01,2025-08-02,1,test,train_plus_validation,64.0,92.75064225249686,91.0
Ratnapura,2025-08-08,2025-08-09,1,test,train_plus_validation,79.0,73.51528382001554,64.0
Ratnapura,2025-08-15,2025-08-16,1,test,train_plus_validation,62.0,75.656020598822,79.0
Ratnapura,2025-08-22,2025-08-23,1,test,train_plus_validation,60.0,67.15070404442135,62.0
Ratnapura,2025-08-29,2025-08-30,1,test,train_plus_validation,59.0,57.18581823720891,60.0
Ratnapura,2025-09-05,2025-09-06,1,test,train_plus_validation,15.0,54.557863700623365,59.0
Ratnapura,2025-09-12,2025-09-13,1,test,train_plus_validation,65.0,35.846803673177305,15.0
Ratnapura,2025-09-19,2025-09-20,1,test,train_plus_validation,63.0,52.22872157318136,65.0
Ratnapura,2025-09-26,2025-09-27,1,test,train_plus_validation,70.0,55.782121000235556,63.0
Ratnapura,2025-10-03,2025-10-04,1,test,train_plus_validation,41.0,61.30979483414103,70.0
Ratnapura,2025-10-10,2025-10-11,1,test,train_plus_validation,42.0,46.96423739082126,41.0
Ratnapura,2025-10-17,2025-10-18,1,test,train_plus_validation,36.0,45.95894531568204,42.0
Ratnapura,2025-10-24,2025-10-25,1,test,train_plus_validation,57.0,45.04219078756612,36.0
Ratnapura,2025-10-31,2025-11-01,1,test,train_plus_validation,47.0,51.87085190579573,57.0
Ratnapura,2025-11-07,2025-11-08,1,test,train_plus_validation,43.0,51.397297355588144,47.0
Ratnapura,2025-11-14,2025-11-15,1,test,train_plus_validation,54.0,54.380172726600804,43.0
Ratnapura,2025-11-21,2025-11-22,1,test,train_plus_validation,54.0,59.00736542528715,54.0
Ratnapura,2025-11-28,2025-11-29,1,test,train_plus_validation,64.0,58.6845905908273,54.0
Ratnapura,2025-12-05,2025-12-06,1,test,train_plus_validation,43.0,61.984804718710144,64.0
Ratnapura,2025-12-12,2025-12-13,1,test,train_plus_validation,60.0,56.96537171733518,43.0
Trincomalee,2025-01-03,2025-01-04,1,test,train_plus_validation,34.0,30.739166615519448,28.0
Trincomalee,2025-01-10,2025-01-11,1,test,train_plus_validation,34.0,34.85628565315994,34.0
Trincomalee,2025-01-17,2025-01-18,1,test,train_plus_validation,23.0,38.86848912901766,34.0
Trincomalee,2025-01-24,2025-01-25,1,test,train_plus_validation,22.0,29.570970747305978,23.0
Trincomalee,2025-01-31,2025-02-01,1,test,train_plus_validation,28.0,26.008628459159564,22.0
Trincomalee,2025-02-07,2025-02-08,1,test,train_plus_validation,28.0,24.39035275119152,28.0
Trincomalee,2025-02-14,2025-02-15,1,test,train_plus_validation,29.0,25.787108852785163,28.0
Trincomalee,2025-02-21,2025-02-22,1,test,train_plus_validation,25.0,26.536979433291158,29.0
Trincomalee,2025-02-28,2025-03-01,1,test,train_plus_validation,17.0,23.279875705982995,25.0
Trincomalee,2025-03-07,2025-03-08,1,test,train_plus_validation,25.0,22.687124753755892,17.0
Trincomalee,2025-03-14,2025-03-15,1,test,train_plus_validation,23.0,21.321689699002334,25.0
Trincomalee,2025-03-21,2025-03-22,1,test,train_plus_validation,28.0,22.527053409481585,23.0
Trincomalee,2025-03-28,2025-03-29,1,test,train_plus_validation,36.0,24.331359713723913,28.0
Trincomalee,2025-04-04,2025-04-05,1,test,train_plus_validation,33.0,31.053002684433395,36.0
Trincomalee,2025-04-11,2025-04-12,1,test,train_plus_validation,44.0,31.947677590076875,33.0
Trincomalee,2025-04-18,2025-04-19,1,test,train_plus_validation,46.0,37.9917127591242,44.0
Trincomalee,2025-04-25,2025-04-26,1,test,train_plus_validation,64.0,40.12827472561233,46.0
Trincomalee,2025-05-02,2025-05-03,1,test,train_plus_validation,55.0,53.5581086222146,64.0
Trincomalee,2025-05-09,2025-05-10,1,test,train_plus_validation,45.0,53.61539520154959,55.0
Trincomalee,2025-05-16,2025-05-17,1,test,train_plus_validation,43.0,47.738626204523264,45.0
Trincomalee,2025-05-23,2025-05-24,1,test,train_plus_validation,39.0,41.196333322203806,43.0
Trincomalee,2025-05-30,2025-05-31,1,test,train_plus_validation,40.0,40.53132588949763,39.0
Trincomalee,2025-06-06,2025-06-07,1,test,train_plus_validation,16.0,33.28781821407611,40.0
Trincomalee,2025-06-13,2025-06-14,1,test,train_plus_validation,16.0,23.110513050892415,16.0
Trincomalee,2025-06-20,2025-06-21,1,test,train_plus_validation,12.0,19.250282070446506,16.0
Trincomalee,2025-06-27,2025-06-28,1,test,train_plus_validation,8.0,14.075531173457396,12.0
Trincomalee,2025-07-04,2025-07-05,1,test,train_plus_validation,11.0,10.561152317896623,8.0
Trincomalee,2025-07-11,2025-07-12,1,test,train_plus_validation,11.0,10.801746851915965,11.0
Trincomalee,2025-07-18,2025-07-19,1,test,train_plus_validation,7.0,10.478709554881213,11.0
Trincomalee,2025-07-25,2025-07-26,1,test,train_plus_validation,9.0,7.684905667499392,7.0
Trincomalee,2025-08-01,2025-08-02,1,test,train_plus_validation,4.0,7.711707519547617,9.0
Trincomalee,2025-08-08,2025-08-09,1,test,train_plus_validation,2.0,5.870394427476834,4.0
Trincomalee,2025-08-15,2025-08-16,1,test,train_plus_validation,4.0,4.691683740412298,2.0
Trincomalee,2025-08-22,2025-08-23,1,test,train_plus_validation,4.0,3.4489911227440433,4.0
Trincomalee,2025-08-29,2025-08-30,1,test,train_plus_validation,3.0,3.4646431422424873,4.0
Trincomalee,2025-09-05,2025-09-06,1,test,train_plus_validation,5.0,2.529399658185966,3.0
Trincomalee,2025-09-12,2025-09-13,1,test,train_plus_validation,2.0,3.6882355658085295,5.0
Trincomalee,2025-09-19,2025-09-20,1,test,train_plus_validation,6.0,2.9913612156702016,2.0
Trincomalee,2025-09-26,2025-09-27,1,test,train_plus_validation,8.0,3.7887434248195557,6.0
Trincomalee,2025-10-03,2025-10-04,1,test,train_plus_validation,1.0,5.529864387368646,8.0
Trincomalee,2025-10-10,2025-10-11,1,test,train_plus_validation,5.0,4.447444471146344,1.0
Trincomalee,2025-10-17,2025-10-18,1,test,train_plus_validation,7.0,4.429725122204933,5.0
Trincomalee,2025-10-24,2025-10-25,1,test,train_plus_validation,15.0,5.5691535927621105,7.0
Trincomalee,2025-10-31,2025-11-01,1,test,train_plus_validation,12.0,10.745997941397734,15.0
Trincomalee,2025-11-07,2025-11-08,1,test,train_plus_validation,11.0,12.97238723458128,12.0
Trincomalee,2025-11-14,2025-11-15,1,test,train_plus_validation,19.0,13.643466849784055,11.0
Trincomalee,2025-11-21,2025-11-22,1,test,train_plus_validation,16.0,19.069895738479488,19.0
Trincomalee,2025-11-28,2025-11-29,1,test,train_plus_validation,8.0,17.377104341884817,16.0
Trincomalee,2025-12-05,2025-12-06,1,test,train_plus_validation,26.0,14.067750830677372,8.0
Trincomalee,2025-12-12,2025-12-13,1,test,train_plus_validation,9.0,26.94239545732056,26.0
Vavuniya,2025-01-03,2025-01-04,1,test,train_plus_validation,2.0,3.9843349686144514,4.0
Vavuniya,2025-01-10,2025-01-11,1,test,train_plus_validation,2.0,3.883552545917393,2.0
Vavuniya,2025-01-17,2025-01-18,1,test,train_plus_validation,2.0,3.5676318872205464,2.0
Vavuniya,2025-01-24,2025-01-25,1,test,train_plus_validation,3.0,3.24809771996481,2.0
Vavuniya,2025-01-31,2025-02-01,1,test,train_plus_validation,2.0,3.142849100704204,3.0
Vavuniya,2025-02-07,2025-02-08,1,test,train_plus_validation,2.0,2.6340826777276605,2.0
Vavuniya,2025-02-14,2025-02-15,1,test,train_plus_validation,0.0,2.6277277847655998,2.0
Vavuniya,2025-02-21,2025-02-22,1,test,train_plus_validation,5.0,2.2163269345717214,0.0
Vavuniya,2025-02-28,2025-03-01,1,test,train_plus_validation,0.0,3.2453862547416765,5.0
Vavuniya,2025-03-07,2025-03-08,1,test,train_plus_validation,1.0,2.47945777903654,0.0
Vavuniya,2025-03-14,2025-03-15,1,test,train_plus_validation,1.0,1.8904142018048178,1.0
Vavuniya,2025-03-21,2025-03-22,1,test,train_plus_validation,1.0,2.0702929618701416,1.0
Vavuniya,2025-03-28,2025-03-29,1,test,train_plus_validation,3.0,1.9088805706536396,1.0
Vavuniya,2025-04-04,2025-04-05,1,test,train_plus_validation,0.0,1.325134657810183,3.0
Vavuniya,2025-04-11,2025-04-12,1,test,train_plus_validation,5.0,1.9170470283170864,0.0
Vavuniya,2025-04-18,2025-04-19,1,test,train_plus_validation,1.0,2.9639367660783784,5.0
Vavuniya,2025-04-25,2025-04-26,1,test,train_plus_validation,3.0,2.3510450069895503,1.0
Vavuniya,2025-05-02,2025-05-03,1,test,train_plus_validation,0.0,2.5811592817634477,3.0
Vavuniya,2025-05-09,2025-05-10,1,test,train_plus_validation,2.0,2.434936353244119,0.0
Vavuniya,2025-05-16,2025-05-17,1,test,train_plus_validation,2.0,2.28716687975357,2.0
Vavuniya,2025-05-23,2025-05-24,1,test,train_plus_validation,1.0,1.9924175680535139,2.0
Vavuniya,2025-05-30,2025-05-31,1,test,train_plus_validation,5.0,1.9951759862790175,1.0
Vavuniya,2025-06-06,2025-06-07,1,test,train_plus_validation,2.0,3.0816415181269456,5.0
Vavuniya,2025-06-13,2025-06-14,1,test,train_plus_validation,4.0,2.354946736392126,2.0
Vavuniya,2025-06-20,2025-06-21,1,test,train_plus_validation,3.0,2.604476641695858,4.0
Vavuniya,2025-06-27,2025-06-28,1,test,train_plus_validation,3.0,2.3829871358084387,3.0
Vavuniya,2025-07-04,2025-07-05,1,test,train_plus_validation,2.0,2.458313633822979,3.0
Vavuniya,2025-07-11,2025-07-12,1,test,train_plus_validation,3.0,2.4293018395509365,2.0
Vavuniya,2025-07-18,2025-07-19,1,test,train_plus_validation,0.0,2.4291713399060244,3.0
Vavuniya,2025-07-25,2025-07-26,1,test,train_plus_validation,1.0,2.1195152851143106,0.0
Vavuniya,2025-08-01,2025-08-02,1,test,train_plus_validation,0.0,1.9230482010755705,1.0
Vavuniya,2025-08-08,2025-08-09,1,test,train_plus_validation,2.0,1.6202476043796816,0.0
Vavuniya,2025-08-15,2025-08-16,1,test,train_plus_validation,3.0,1.4019230212904574,2.0
Vavuniya,2025-08-22,2025-08-23,1,test,train_plus_validation,0.0,1.3515016739375962,3.0
Vavuniya,2025-08-29,2025-08-30,1,test,train_plus_validation,0.0,1.8093577699830214,0.0
Vavuniya,2025-09-05,2025-09-06,1,test,train_plus_validation,2.0,1.590784242348485,0.0
Vavuniya,2025-09-12,2025-09-13,1,test,train_plus_validation,1.0,1.6892350553088977,2.0
Vavuniya,2025-09-19,2025-09-20,1,test,train_plus_validation,0.0,1.4062785343557056,1.0
Vavuniya,2025-09-26,2025-09-27,1,test,train_plus_validation,0.0,1.1083429170735044,0.0
Vavuniya,2025-10-03,2025-10-04,1,test,train_plus_validation,4.0,1.0539984723411433,0.0
Vavuniya,2025-10-10,2025-10-11,1,test,train_plus_validation,2.0,2.074314679300059,4.0
Vavuniya,2025-10-17,2025-10-18,1,test,train_plus_validation,0.0,2.008449741281804,2.0
Vavuniya,2025-10-24,2025-10-25,1,test,train_plus_validation,1.0,2.2587728141430508,0.0
Vavuniya,2025-10-31,2025-11-01,1,test,train_plus_validation,1.0,2.302036526484502,1.0
Vavuniya,2025-11-07,2025-11-08,1,test,train_plus_validation,2.0,2.445747339111076,1.0
Vavuniya,2025-11-14,2025-11-15,1,test,train_plus_validation,0.0,2.078299818343855,2.0
Vavuniya,2025-11-21,2025-11-22,1,test,train_plus_validation,0.0,2.201596640741274,0.0
Vavuniya,2025-11-28,2025-11-29,1,test,train_plus_validation,1.0,1.769026467937241,0.0
Vavuniya,2025-12-05,2025-12-06,1,test,train_plus_validation,2.0,1.5691106030507869,1.0
Vavuniya,2025-12-12,2025-12-13,1,test,train_plus_validation,3.0,2.128758082109149,2.0
Ampara,2023-12-29,2024-01-06,2,validation,train_only,45.0,64.2976709510866,39.0
Ampara,2024-01-05,2024-01-13,2,validation,train_only,101.0,72.84806108784603,78.0
Ampara,2024-01-12,2024-01-20,2,validation,train_only,71.0,56.639119731409764,45.0
Ampara,2024-01-19,2024-01-27,2,validation,train_only,56.0,95.6205456474261,101.0
Ampara,2024-01-26,2024-02-03,2,validation,train_only,80.0,74.38099415405325,71.0
Ampara,2024-02-02,2024-02-10,2,validation,train_only,75.0,59.77800947804718,56.0
Ampara,2024-02-09,2024-02-17,2,validation,train_only,25.0,69.45182185411375,80.0
Ampara,2024-02-16,2024-02-24,2,validation,train_only,28.0,63.11035334730664,75.0
Ampara,2024-02-23,2024-03-02,2,validation,train_only,36.0,42.70111856568938,25.0
Ampara,2024-03-01,2024-03-09,2,validation,train_only,35.0,33.73758261713956,28.0
Ampara,2024-03-08,2024-03-16,2,validation,train_only,25.0,29.866142451688894,36.0
Ampara,2024-03-15,2024-03-23,2,validation,train_only,12.0,28.68503061869437,35.0
Ampara,2024-03-22,2024-03-30,2,validation,train_only,15.0,26.61529212295952,25.0
Ampara,2024-03-29,2024-04-06,2,validation,train_only,8.0,23.722186467912348,12.0
Ampara,2024-04-05,2024-04-13,2,validation,train_only,8.0,18.18048203537465,15.0
Ampara,2024-04-12,2024-04-20,2,validation,train_only,12.0,16.83788367677691,8.0
Ampara,2024-04-19,2024-04-27,2,validation,train_only,12.0,11.647452021099944,8.0
Ampara,2024-04-26,2024-05-04,2,validation,train_only,7.0,10.316442118047329,12.0
Ampara,2024-05-03,2024-05-11,2,validation,train_only,4.0,11.41947487661007,12.0
Ampara,2024-05-10,2024-05-18,2,validation,train_only,3.0,8.761440255412095,7.0
Ampara,2024-05-17,2024-05-25,2,validation,train_only,14.0,7.103539135068086,4.0
Ampara,2024-05-24,2024-06-01,2,validation,train_only,11.0,5.956282033947989,3.0
Ampara,2024-05-31,2024-06-08,2,validation,train_only,13.0,12.541435991178236,14.0
Ampara,2024-06-07,2024-06-15,2,validation,train_only,8.0,15.078085230780234,11.0
Ampara,2024-06-14,2024-06-22,2,validation,train_only,23.0,15.336071169057758,13.0
Ampara,2024-06-21,2024-06-29,2,validation,train_only,11.0,9.921284715781475,8.0
Ampara,2024-06-28,2024-07-06,2,validation,train_only,18.0,17.01056026082662,23.0
Ampara,2024-07-05,2024-07-13,2,validation,train_only,12.0,14.936227950174823,11.0
Ampara,2024-07-12,2024-07-20,2,validation,train_only,8.0,15.55612490902368,18.0
Ampara,2024-07-19,2024-07-27,2,validation,train_only,20.0,13.846876687357165,12.0
Ampara,2024-07-26,2024-08-03,2,validation,train_only,12.0,11.232919458750162,8.0
Ampara,2024-08-02,2024-08-10,2,validation,train_only,16.0,15.492971859382806,20.0
Ampara,2024-08-09,2024-08-17,2,validation,train_only,38.0,14.843900836376598,12.0
Ampara,2024-08-16,2024-08-24,2,validation,train_only,17.0,14.991627461971342,16.0
Ampara,2024-08-23,2024-08-31,2,validation,train_only,9.0,32.49415783895009,38.0
Ampara,2024-08-30,2024-09-07,2,validation,train_only,24.0,25.60917797755563,17.0
Ampara,2024-09-06,2024-09-14,2,validation,train_only,5.0,19.958931300397776,9.0
Ampara,2024-09-13,2024-09-21,2,validation,train_only,7.0,21.11553317168827,24.0
Ampara,2024-09-20,2024-09-28,2,validation,train_only,4.0,12.229181804941042,5.0
Ampara,2024-09-27,2024-10-05,2,validation,train_only,7.0,11.402175569824992,7.0
Ampara,2024-10-04,2024-10-12,2,validation,train_only,6.0,8.64091705360132,4.0
Ampara,2024-10-11,2024-10-19,2,validation,train_only,6.0,7.706730409643222,7.0
Ampara,2024-10-18,2024-10-26,2,validation,train_only,1.0,6.108628357454808,6.0
Ampara,2024-10-25,2024-11-02,2,validation,train_only,14.0,7.333632881746974,6.0
Ampara,2024-11-01,2024-11-09,2,validation,train_only,6.0,6.070518278352984,1.0
Ampara,2024-11-08,2024-11-16,2,validation,train_only,9.0,13.76652586379016,14.0
Ampara,2024-11-15,2024-11-23,2,validation,train_only,5.0,13.805971902062058,6.0
Ampara,2024-11-22,2024-11-30,2,validation,train_only,5.0,12.685703574106926,9.0
Ampara,2024-11-29,2024-12-07,2,validation,train_only,10.0,11.808121644970207,5.0
Ampara,2024-12-06,2024-12-14,2,validation,train_only,6.0,12.477255212731666,5.0
Ampara,2024-12-13,2024-12-21,2,validation,train_only,15.0,13.918876423727196,10.0
Ampara,2024-12-20,2024-12-28,2,validation,train_only,58.0,14.221202010176452,6.0
Anuradhapura,2023-12-29,2024-01-06,2,validation,train_only,28.0,39.874893291740065,42.0
Anuradhapura,2024-01-05,2024-01-13,2,validation,train_only,95.0,36.2763770121861,28.0
Anuradhapura,2024-01-12,2024-01-20,2,validation,train_only,34.0,30.271961632951776,28.0
Anuradhapura,2024-01-19,2024-01-27,2,validation,train_only,11.0,68.96619739657699,95.0
Anuradhapura,2024-01-26,2024-02-03,2,validation,train_only,69.0,42.637411173820205,34.0
Anuradhapura,2024-02-02,2024-02-10,2,validation,train_only,29.0,41.37828188439745,11.0
Anuradhapura,2024-02-09,2024-02-17,2,validation,train_only,53.0,49.569183871967326,69.0
Anuradhapura,2024-02-16,2024-02-24,2,validation,train_only,50.0,32.02168415907843,29.0
Anuradhapura,2024-02-23,2024-03-02,2,validation,train_only,42.0,43.12358619763947,53.0
Anuradhapura,2024-03-01,2024-03-09,2,validation,train_only,33.0,42.94825092164858,50.0
Anuradhapura,2024-03-08,2024-03-16,2,validation,train_only,18.0,36.18852721594123,42.0
Anuradhapura,2024-03-15,2024-03-23,2,validation,train_only,11.0,29.218087995011675,33.0
Anuradhapura,2024-03-22,2024-03-30,2,validation,train_only,5.0,19.154760746444534,18.0
Anuradhapura,2024-03-29,2024-04-06,2,validation,train_only,5.0,14.001546180877865,11.0
Anuradhapura,2024-04-05,2024-04-13,2,validation,train_only,4.0,9.220705834839686,5.0
Anuradhapura,2024-04-12,2024-04-20,2,validation,train_only,3.0,7.753282703240173,5.0
Anuradhapura,2024-04-19,2024-04-27,2,validation,train_only,4.0,4.9967621113787395,4.0
Anuradhapura,2024-04-26,2024-05-04,2,validation,train_only,5.0,4.113793178614831,3.0
Anuradhapura,2024-05-03,2024-05-11,2,validation,train_only,7.0,3.364112357889415,4.0
Anuradhapura,2024-05-10,2024-05-18,2,validation,train_only,4.0,4.6244522585925605,5.0
Anuradhapura,2024-05-17,2024-05-25,2,validation,train_only,5.0,6.518509161867036,7.0
Anuradhapura,2024-05-24,2024-06-01,2,validation,train_only,14.0,5.882595948730393,4.0
Anuradhapura,2024-05-31,2024-06-08,2,validation,train_only,8.0,6.49457889876636,5.0
Anuradhapura,2024-06-07,2024-06-15,2,validation,train_only,5.0,15.090611015556272,14.0
Anuradhapura,2024-06-14,2024-06-22,2,validation,train_only,3.0,12.212509197216114,8.0
Anuradhapura,2024-06-21,2024-06-29,2,validation,train_only,5.0,9.142344908625995,5.0
Anuradhapura,2024-06-28,2024-07-06,2,validation,train_only,6.0,6.1625654404950625,3.0
Anuradhapura,2024-07-05,2024-07-13,2,validation,train_only,11.0,6.130183741455416,5.0
Anuradhapura,2024-07-12,2024-07-20,2,validation,train_only,23.0,5.382836883978511,6.0
Anuradhapura,2024-07-19,2024-07-27,2,validation,train_only,5.0,9.010045066134982,11.0
Anuradhapura,2024-07-26,2024-08-03,2,validation,train_only,10.0,17.078277999054073,23.0
Anuradhapura,2024-08-02,2024-08-10,2,validation,train_only,16.0,9.761767929607863,5.0
Anuradhapura,2024-08-09,2024-08-17,2,validation,train_only,7.0,11.56597078387801,10.0
Anuradhapura,2024-08-16,2024-08-24,2,validation,train_only,8.0,13.10577865238241,16.0
Anuradhapura,2024-08-23,2024-08-31,2,validation,train_only,7.0,9.842440409069646,7.0
Anuradhapura,2024-08-30,2024-09-07,2,validation,train_only,8.0,7.747663221300805,8.0
Anuradhapura,2024-09-06,2024-09-14,2,validation,train_only,3.0,8.94455662231279,7.0
Anuradhapura,2024-09-13,2024-09-21,2,validation,train_only,9.0,8.451377443861263,8.0
Anuradhapura,2024-09-20,2024-09-28,2,validation,train_only,4.0,5.926900317504789,3.0
Anuradhapura,2024-09-27,2024-10-05,2,validation,train_only,10.0,6.704871573840616,9.0
Anuradhapura,2024-10-04,2024-10-12,2,validation,train_only,5.0,5.461106728916238,4.0
Anuradhapura,2024-10-11,2024-10-19,2,validation,train_only,6.0,9.454257999727698,10.0
Anuradhapura,2024-10-18,2024-10-26,2,validation,train_only,9.0,7.617766036880413,5.0
Anuradhapura,2024-10-25,2024-11-02,2,validation,train_only,13.0,8.266663491243566,6.0
Anuradhapura,2024-11-01,2024-11-09,2,validation,train_only,13.0,10.541130247696671,9.0
Anuradhapura,2024-11-08,2024-11-16,2,validation,train_only,18.0,13.162000334371694,13.0
Anuradhapura,2024-11-15,2024-11-23,2,validation,train_only,12.0,14.350703804588292,13.0
Anuradhapura,2024-11-22,2024-11-30,2,validation,train_only,7.0,17.536678666980706,18.0
Anuradhapura,2024-11-29,2024-12-07,2,validation,train_only,18.0,16.797909737846947,12.0
Anuradhapura,2024-12-06,2024-12-14,2,validation,train_only,22.0,16.527824405522093,7.0
Anuradhapura,2024-12-13,2024-12-21,2,validation,train_only,12.0,20.36766498057604,18.0
Anuradhapura,2024-12-20,2024-12-28,2,validation,train_only,27.0,26.153894114888626,22.0
Badulla,2023-12-29,2024-01-06,2,validation,train_only,78.0,181.12927103409933,120.0
Badulla,2024-01-05,2024-01-13,2,validation,train_only,13.0,139.33187093011992,111.0
Badulla,2024-01-12,2024-01-20,2,validation,train_only,53.0,120.66911275751988,78.0
Badulla,2024-01-19,2024-01-27,2,validation,train_only,24.0,76.89101633880999,13.0
Badulla,2024-01-26,2024-02-03,2,validation,train_only,44.0,59.66975179994111,53.0
Badulla,2024-02-02,2024-02-10,2,validation,train_only,12.0,43.61399990398767,24.0
Badulla,2024-02-09,2024-02-17,2,validation,train_only,15.0,38.95114549365659,44.0
Badulla,2024-02-16,2024-02-24,2,validation,train_only,8.0,27.99759452517,12.0
Badulla,2024-02-23,2024-03-02,2,validation,train_only,11.0,24.3854640790926,15.0
Badulla,2024-03-01,2024-03-09,2,validation,train_only,13.0,13.142655974890657,8.0
Badulla,2024-03-08,2024-03-16,2,validation,train_only,7.0,12.394588426488017,11.0
Badulla,2024-03-15,2024-03-23,2,validation,train_only,8.0,9.595651377528378,13.0
Badulla,2024-03-22,2024-03-30,2,validation,train_only,7.0,8.316829509211196,7.0
Badulla,2024-03-29,2024-04-06,2,validation,train_only,3.0,7.719751981914154,8.0
Badulla,2024-04-05,2024-04-13,2,validation,train_only,9.0,7.215521962264767,7.0
Badulla,2024-04-12,2024-04-20,2,validation,train_only,5.0,5.731836486569859,3.0
Badulla,2024-04-19,2024-04-27,2,validation,train_only,7.0,7.131884639330795,9.0
Badulla,2024-04-26,2024-05-04,2,validation,train_only,7.0,6.0086946181993195,5.0
Badulla,2024-05-03,2024-05-11,2,validation,train_only,2.0,6.622480739518807,7.0
Badulla,2024-05-10,2024-05-18,2,validation,train_only,7.0,6.559898325994718,7.0
Badulla,2024-05-17,2024-05-25,2,validation,train_only,7.0,6.257491645679675,2.0
Badulla,2024-05-24,2024-06-01,2,validation,train_only,6.0,7.109900709765487,7.0
Badulla,2024-05-31,2024-06-08,2,validation,train_only,5.0,8.249662814359132,7.0
Badulla,2024-06-07,2024-06-15,2,validation,train_only,12.0,9.496102249481067,6.0
Badulla,2024-06-14,2024-06-22,2,validation,train_only,21.0,9.45384877573469,5.0
Badulla,2024-06-21,2024-06-29,2,validation,train_only,15.0,11.006096752964776,12.0
Badulla,2024-06-28,2024-07-06,2,validation,train_only,15.0,19.33655129459662,21.0
Badulla,2024-07-05,2024-07-13,2,validation,train_only,12.0,16.12036013544539,15.0
Badulla,2024-07-12,2024-07-20,2,validation,train_only,10.0,15.95917798571867,15.0
Badulla,2024-07-19,2024-07-27,2,validation,train_only,15.0,14.738084681603974,12.0
Badulla,2024-07-26,2024-08-03,2,validation,train_only,18.0,13.061460148153373,10.0
Badulla,2024-08-02,2024-08-10,2,validation,train_only,9.0,12.163828702018405,15.0
Badulla,2024-08-09,2024-08-17,2,validation,train_only,10.0,15.34899954442704,18.0
Badulla,2024-08-16,2024-08-24,2,validation,train_only,20.0,12.928807390645435,9.0
Badulla,2024-08-23,2024-08-31,2,validation,train_only,15.0,12.757577581413365,10.0
Badulla,2024-08-30,2024-09-07,2,validation,train_only,6.0,17.641407088231123,20.0
Badulla,2024-09-06,2024-09-14,2,validation,train_only,8.0,16.95651647496383,15.0
Badulla,2024-09-13,2024-09-21,2,validation,train_only,9.0,12.191870622307466,6.0
Badulla,2024-09-20,2024-09-28,2,validation,train_only,6.0,9.252844116886758,8.0
Badulla,2024-09-27,2024-10-05,2,validation,train_only,9.0,9.8181742952933,9.0
Badulla,2024-10-04,2024-10-12,2,validation,train_only,6.0,7.644218221394642,6.0
Badulla,2024-10-11,2024-10-19,2,validation,train_only,14.0,9.396072237646132,9.0
Badulla,2024-10-18,2024-10-26,2,validation,train_only,10.0,8.202782879423209,6.0
Badulla,2024-10-25,2024-11-02,2,validation,train_only,7.0,11.936897800145594,14.0
Badulla,2024-11-01,2024-11-09,2,validation,train_only,8.0,11.822182072202192,10.0
Badulla,2024-11-08,2024-11-16,2,validation,train_only,19.0,9.58863011944979,7.0
Badulla,2024-11-15,2024-11-23,2,validation,train_only,15.0,9.108620497958228,8.0
Badulla,2024-11-22,2024-11-30,2,validation,train_only,15.0,17.402248037750205,19.0
Badulla,2024-11-29,2024-12-07,2,validation,train_only,19.0,17.002959103315927,15.0
Badulla,2024-12-06,2024-12-14,2,validation,train_only,20.0,18.751775958014978,15.0
Badulla,2024-12-13,2024-12-21,2,validation,train_only,19.0,21.362517281166745,19.0
Badulla,2024-12-20,2024-12-28,2,validation,train_only,5.0,24.167363447707835,20.0
Batticaloa,2023-12-29,2024-01-06,2,validation,train_only,123.0,126.83750310017432,113.0
Batticaloa,2024-01-05,2024-01-13,2,validation,train_only,122.0,153.96617859149146,142.0
Batticaloa,2024-01-12,2024-01-20,2,validation,train_only,88.0,140.21595978029498,123.0
Batticaloa,2024-01-19,2024-01-27,2,validation,train_only,67.0,130.7484301976344,122.0
Batticaloa,2024-01-26,2024-02-03,2,validation,train_only,82.0,91.53768790965087,88.0
Batticaloa,2024-02-02,2024-02-10,2,validation,train_only,61.0,72.14306647039575,67.0
Batticaloa,2024-02-09,2024-02-17,2,validation,train_only,70.0,71.66830459559047,82.0
Batticaloa,2024-02-16,2024-02-24,2,validation,train_only,51.0,59.26758632624521,61.0
Batticaloa,2024-02-23,2024-03-02,2,validation,train_only,67.0,57.59066475615809,70.0
Batticaloa,2024-03-01,2024-03-09,2,validation,train_only,55.0,49.68103405426479,51.0
Batticaloa,2024-03-08,2024-03-16,2,validation,train_only,28.0,55.227203462594744,67.0
Batticaloa,2024-03-15,2024-03-23,2,validation,train_only,26.0,46.39981455658413,55.0
Batticaloa,2024-03-22,2024-03-30,2,validation,train_only,16.0,31.67986623534325,28.0
Batticaloa,2024-03-29,2024-04-06,2,validation,train_only,20.0,28.09885011135435,26.0
Batticaloa,2024-04-05,2024-04-13,2,validation,train_only,11.0,22.338085579282737,16.0
Batticaloa,2024-04-12,2024-04-20,2,validation,train_only,10.0,24.94286453172844,20.0
Batticaloa,2024-04-19,2024-04-27,2,validation,train_only,17.0,16.959821420248744,11.0
Batticaloa,2024-04-26,2024-05-04,2,validation,train_only,19.0,13.69224023460286,10.0
Batticaloa,2024-05-03,2024-05-11,2,validation,train_only,17.0,13.632902721561384,17.0
Batticaloa,2024-05-10,2024-05-18,2,validation,train_only,18.0,17.353830902498874,19.0
Batticaloa,2024-05-17,2024-05-25,2,validation,train_only,13.0,18.104202182062345,17.0
Batticaloa,2024-05-24,2024-06-01,2,validation,train_only,15.0,18.874954355852736,18.0
Batticaloa,2024-05-31,2024-06-08,2,validation,train_only,19.0,16.92612502754606,13.0
Batticaloa,2024-06-07,2024-06-15,2,validation,train_only,14.0,18.052247797168196,15.0
Batticaloa,2024-06-14,2024-06-22,2,validation,train_only,15.0,22.75071879603768,19.0
Batticaloa,2024-06-21,2024-06-29,2,validation,train_only,16.0,16.52362493272601,14.0
Batticaloa,2024-06-28,2024-07-06,2,validation,train_only,21.0,15.365893095252561,15.0
Batticaloa,2024-07-05,2024-07-13,2,validation,train_only,11.0,15.732344757959345,16.0
Batticaloa,2024-07-12,2024-07-20,2,validation,train_only,15.0,17.74583629889574,21.0
Batticaloa,2024-07-19,2024-07-27,2,validation,train_only,25.0,13.984335112162094,11.0
Batticaloa,2024-07-26,2024-08-03,2,validation,train_only,20.0,14.01328387586454,15.0
Batticaloa,2024-08-02,2024-08-10,2,validation,train_only,22.0,19.233338741781996,25.0
Batticaloa,2024-08-09,2024-08-17,2,validation,train_only,21.0,19.11853455231618,20.0
Batticaloa,2024-08-16,2024-08-24,2,validation,train_only,29.0,20.01414290713826,22.0
Batticaloa,2024-08-23,2024-08-31,2,validation,train_only,16.0,21.28235344850031,21.0
Batticaloa,2024-08-30,2024-09-07,2,validation,train_only,17.0,24.054455602827097,29.0
Batticaloa,2024-09-06,2024-09-14,2,validation,train_only,16.0,21.444722130846895,16.0
Batticaloa,2024-09-13,2024-09-21,2,validation,train_only,15.0,19.829315102023134,17.0
Batticaloa,2024-09-20,2024-09-28,2,validation,train_only,5.0,16.722191296748665,16.0
Batticaloa,2024-09-27,2024-10-05,2,validation,train_only,10.0,16.077264183470668,15.0
Batticaloa,2024-10-04,2024-10-12,2,validation,train_only,13.0,13.102929646383762,5.0
Batticaloa,2024-10-11,2024-10-19,2,validation,train_only,7.0,11.773890900284343,10.0
Batticaloa,2024-10-18,2024-10-26,2,validation,train_only,6.0,12.361523919597428,13.0
Batticaloa,2024-10-25,2024-11-02,2,validation,train_only,14.0,10.438522792634396,7.0
Batticaloa,2024-11-01,2024-11-09,2,validation,train_only,11.0,10.213659026845486,6.0
Batticaloa,2024-11-08,2024-11-16,2,validation,train_only,12.0,16.18430653254393,14.0
Batticaloa,2024-11-15,2024-11-23,2,validation,train_only,21.0,15.606875398866054,11.0
Batticaloa,2024-11-22,2024-11-30,2,validation,train_only,31.0,16.082683133809002,12.0
Batticaloa,2024-11-29,2024-12-07,2,validation,train_only,30.0,21.254258401309148,21.0
Batticaloa,2024-12-06,2024-12-14,2,validation,train_only,35.0,39.44589924143349,31.0
Batticaloa,2024-12-13,2024-12-21,2,validation,train_only,47.0,32.122697624117365,30.0
Batticaloa,2024-12-20,2024-12-28,2,validation,train_only,62.0,47.357561891481694,35.0
Colombo,2023-12-29,2024-01-06,2,validation,train_only,549.0,382.1091646015345,375.0
Colombo,2024-01-05,2024-01-13,2,validation,train_only,477.0,312.40675160014575,299.0
Colombo,2024-01-12,2024-01-20,2,validation,train_only,499.0,475.050286965222,549.0
Colombo,2024-01-19,2024-01-27,2,validation,train_only,349.0,420.0718979960804,477.0
Colombo,2024-01-26,2024-02-03,2,validation,train_only,382.0,420.2932998423821,499.0
Colombo,2024-02-02,2024-02-10,2,validation,train_only,286.0,389.81706263218325,349.0
Colombo,2024-02-09,2024-02-17,2,validation,train_only,269.0,330.16713224798775,382.0
Colombo,2024-02-16,2024-02-24,2,validation,train_only,252.0,218.14055527392014,286.0
Colombo,2024-02-23,2024-03-02,2,validation,train_only,170.0,204.25987291280538,269.0
Colombo,2024-03-01,2024-03-09,2,validation,train_only,207.0,199.674427800946,252.0
Colombo,2024-03-08,2024-03-16,2,validation,train_only,146.0,139.28260135692085,170.0
Colombo,2024-03-15,2024-03-23,2,validation,train_only,130.0,128.39331725660568,207.0
Colombo,2024-03-22,2024-03-30,2,validation,train_only,132.0,120.80589516274188,146.0
Colombo,2024-03-29,2024-04-06,2,validation,train_only,68.0,130.09368854018703,130.0
Colombo,2024-04-05,2024-04-13,2,validation,train_only,111.0,135.17346880162137,132.0
Colombo,2024-04-12,2024-04-20,2,validation,train_only,111.0,93.83681701211236,68.0
Colombo,2024-04-19,2024-04-27,2,validation,train_only,114.0,109.64578291709901,111.0
Colombo,2024-04-26,2024-05-04,2,validation,train_only,75.0,115.77630282956876,111.0
Colombo,2024-05-03,2024-05-11,2,validation,train_only,133.0,125.82645880060738,114.0
Colombo,2024-05-10,2024-05-18,2,validation,train_only,119.0,87.92392931893082,75.0
Colombo,2024-05-17,2024-05-25,2,validation,train_only,156.0,153.96682454950727,133.0
Colombo,2024-05-24,2024-06-01,2,validation,train_only,158.0,137.0705898993295,119.0
Colombo,2024-05-31,2024-06-08,2,validation,train_only,182.0,211.31525800050696,156.0
Colombo,2024-06-07,2024-06-15,2,validation,train_only,218.0,229.9330092550154,158.0
Colombo,2024-06-14,2024-06-22,2,validation,train_only,245.0,225.15761746933921,182.0
Colombo,2024-06-21,2024-06-29,2,validation,train_only,292.0,208.61859775321344,218.0
Colombo,2024-06-28,2024-07-06,2,validation,train_only,320.0,267.7836321492183,245.0
Colombo,2024-07-05,2024-07-13,2,validation,train_only,312.0,314.13795789211235,292.0
Colombo,2024-07-12,2024-07-20,2,validation,train_only,321.0,357.00887352169065,320.0
Colombo,2024-07-19,2024-07-27,2,validation,train_only,308.0,310.0393553057827,312.0
Colombo,2024-07-26,2024-08-03,2,validation,train_only,279.0,317.03446958920625,321.0
Colombo,2024-08-02,2024-08-10,2,validation,train_only,266.0,266.1951297916763,308.0
Colombo,2024-08-09,2024-08-17,2,validation,train_only,263.0,226.61517177456196,279.0
Colombo,2024-08-16,2024-08-24,2,validation,train_only,250.0,228.18071964712388,266.0
Colombo,2024-08-23,2024-08-31,2,validation,train_only,192.0,254.28641146669446,263.0
Colombo,2024-08-30,2024-09-07,2,validation,train_only,226.0,243.23617430917525,250.0
Colombo,2024-09-06,2024-09-14,2,validation,train_only,202.0,225.57897527277683,192.0
Colombo,2024-09-13,2024-09-21,2,validation,train_only,143.0,219.2121531646694,226.0
Colombo,2024-09-20,2024-09-28,2,validation,train_only,169.0,191.4445878218803,202.0
Colombo,2024-09-27,2024-10-05,2,validation,train_only,172.0,163.6035669876899,143.0
Colombo,2024-10-04,2024-10-12,2,validation,train_only,180.0,176.6537335894015,169.0
Colombo,2024-10-11,2024-10-19,2,validation,train_only,161.0,178.28369443879217,172.0
Colombo,2024-10-18,2024-10-26,2,validation,train_only,141.0,200.21294908705806,180.0
Colombo,2024-10-25,2024-11-02,2,validation,train_only,152.0,194.88392488454875,161.0
Colombo,2024-11-01,2024-11-09,2,validation,train_only,156.0,178.2414403610094,141.0
Colombo,2024-11-08,2024-11-16,2,validation,train_only,191.0,179.37419154658812,152.0
Colombo,2024-11-15,2024-11-23,2,validation,train_only,185.0,179.4514951812839,156.0
Colombo,2024-11-22,2024-11-30,2,validation,train_only,163.0,205.58781463010322,191.0
Colombo,2024-11-29,2024-12-07,2,validation,train_only,247.0,207.0467033753066,185.0
Colombo,2024-12-06,2024-12-14,2,validation,train_only,220.0,201.4767315976681,163.0
Colombo,2024-12-13,2024-12-21,2,validation,train_only,231.0,261.87026427266085,247.0
Colombo,2024-12-20,2024-12-28,2,validation,train_only,200.0,209.5679025734805,220.0
Galle,2023-12-29,2024-01-06,2,validation,train_only,84.0,104.24453666336474,93.0
Galle,2024-01-05,2024-01-13,2,validation,train_only,132.0,114.65682389620703,107.0
Galle,2024-01-12,2024-01-20,2,validation,train_only,119.0,102.43712998109267,84.0
Galle,2024-01-19,2024-01-27,2,validation,train_only,111.0,131.20294339759795,132.0
Galle,2024-01-26,2024-02-03,2,validation,train_only,103.0,122.92554805935896,119.0
Galle,2024-02-02,2024-02-10,2,validation,train_only,66.0,109.10884050110674,111.0
Galle,2024-02-09,2024-02-17,2,validation,train_only,42.0,97.0444196772264,103.0
Galle,2024-02-16,2024-02-24,2,validation,train_only,75.0,58.41565755991713,66.0
Galle,2024-02-23,2024-03-02,2,validation,train_only,40.0,47.78535914693553,42.0
Galle,2024-03-01,2024-03-09,2,validation,train_only,28.0,57.01118896963953,75.0
Galle,2024-03-08,2024-03-16,2,validation,train_only,30.0,44.61923910709622,40.0
Galle,2024-03-15,2024-03-23,2,validation,train_only,20.0,26.0701865226034,28.0
Galle,2024-03-22,2024-03-30,2,validation,train_only,32.0,26.482486278917413,30.0
Galle,2024-03-29,2024-04-06,2,validation,train_only,18.0,23.48191029493863,20.0
Galle,2024-04-05,2024-04-13,2,validation,train_only,19.0,34.014165062673776,32.0
Galle,2024-04-12,2024-04-20,2,validation,train_only,23.0,24.970761478176293,18.0
Galle,2024-04-19,2024-04-27,2,validation,train_only,24.0,23.361578621874255,19.0
Galle,2024-04-26,2024-05-04,2,validation,train_only,21.0,24.06785046385769,23.0
Galle,2024-05-03,2024-05-11,2,validation,train_only,24.0,24.856373604148285,24.0
Galle,2024-05-10,2024-05-18,2,validation,train_only,13.0,25.152020748931612,21.0
Galle,2024-05-17,2024-05-25,2,validation,train_only,26.0,25.24819593118768,24.0
Galle,2024-05-24,2024-06-01,2,validation,train_only,9.0,22.472749216870742,13.0
Galle,2024-05-31,2024-06-08,2,validation,train_only,21.0,28.66237044916313,26.0
Galle,2024-06-07,2024-06-15,2,validation,train_only,26.0,22.322016761444264,9.0
Galle,2024-06-14,2024-06-22,2,validation,train_only,32.0,28.799798407746795,21.0
Galle,2024-06-21,2024-06-29,2,validation,train_only,29.0,32.25231668755228,26.0
Galle,2024-06-28,2024-07-06,2,validation,train_only,34.0,45.685222536630505,32.0
Galle,2024-07-05,2024-07-13,2,validation,train_only,31.0,35.86735525978884,29.0
Galle,2024-07-12,2024-07-20,2,validation,train_only,33.0,40.97909360748779,34.0
Galle,2024-07-19,2024-07-27,2,validation,train_only,32.0,38.77208521381592,31.0
Galle,2024-07-26,2024-08-03,2,validation,train_only,46.0,38.30336037425699,33.0
Galle,2024-08-02,2024-08-10,2,validation,train_only,40.0,37.34880120946501,32.0
Galle,2024-08-09,2024-08-17,2,validation,train_only,27.0,44.94092402277881,46.0
Galle,2024-08-16,2024-08-24,2,validation,train_only,50.0,45.35003128646702,40.0
Galle,2024-08-23,2024-08-31,2,validation,train_only,38.0,33.105488051067084,27.0
Galle,2024-08-30,2024-09-07,2,validation,train_only,35.0,46.032630102749216,50.0
Galle,2024-09-06,2024-09-14,2,validation,train_only,32.0,45.64199578259543,38.0
Galle,2024-09-13,2024-09-21,2,validation,train_only,46.0,44.8106418366962,35.0
Galle,2024-09-20,2024-09-28,2,validation,train_only,35.0,46.86644554282889,32.0
Galle,2024-09-27,2024-10-05,2,validation,train_only,35.0,47.685488321979754,46.0
Galle,2024-10-04,2024-10-12,2,validation,train_only,27.0,44.66521034886895,35.0
Galle,2024-10-11,2024-10-19,2,validation,train_only,21.0,42.69992190278032,35.0
Galle,2024-10-18,2024-10-26,2,validation,train_only,26.0,32.05497905270826,27.0
Galle,2024-10-25,2024-11-02,2,validation,train_only,27.0,27.164429079814557,21.0
Galle,2024-11-01,2024-11-09,2,validation,train_only,25.0,29.128556130904006,26.0
Galle,2024-11-08,2024-11-16,2,validation,train_only,59.0,29.114704807309735,27.0
Galle,2024-11-15,2024-11-23,2,validation,train_only,26.0,28.940295270524768,25.0
Galle,2024-11-22,2024-11-30,2,validation,train_only,37.0,48.76246702146626,59.0
Galle,2024-11-29,2024-12-07,2,validation,train_only,34.0,35.00329466542724,26.0
Galle,2024-12-06,2024-12-14,2,validation,train_only,27.0,39.36478100651727,37.0
Galle,2024-12-13,2024-12-21,2,validation,train_only,25.0,38.05249143069787,34.0
Galle,2024-12-20,2024-12-28,2,validation,train_only,30.0,31.46395901494109,27.0
Gampaha,2023-12-29,2024-01-06,2,validation,train_only,111.0,174.48815682678614,146.0
Gampaha,2024-01-05,2024-01-13,2,validation,train_only,147.0,162.00827936318552,146.0
Gampaha,2024-01-12,2024-01-20,2,validation,train_only,150.0,121.16951884567719,111.0
Gampaha,2024-01-19,2024-01-27,2,validation,train_only,144.0,138.947719718828,147.0
Gampaha,2024-01-26,2024-02-03,2,validation,train_only,165.0,163.35373847311175,150.0
Gampaha,2024-02-02,2024-02-10,2,validation,train_only,155.0,164.97939726884118,144.0
Gampaha,2024-02-09,2024-02-17,2,validation,train_only,111.0,154.71162696989856,165.0
Gampaha,2024-02-16,2024-02-24,2,validation,train_only,102.0,134.02554666004855,155.0
Gampaha,2024-02-23,2024-03-02,2,validation,train_only,68.0,91.78653170061803,111.0
Gampaha,2024-03-01,2024-03-09,2,validation,train_only,90.0,70.07790275147423,102.0
Gampaha,2024-03-08,2024-03-16,2,validation,train_only,80.0,51.75285533932119,68.0
Gampaha,2024-03-15,2024-03-23,2,validation,train_only,60.0,58.43573604597362,90.0
Gampaha,2024-03-22,2024-03-30,2,validation,train_only,66.0,60.30494500695141,80.0
Gampaha,2024-03-29,2024-04-06,2,validation,train_only,46.0,67.90423769143553,60.0
Gampaha,2024-04-05,2024-04-13,2,validation,train_only,68.0,76.32859862563717,66.0
Gampaha,2024-04-12,2024-04-20,2,validation,train_only,43.0,62.08071972574465,46.0
Gampaha,2024-04-19,2024-04-27,2,validation,train_only,48.0,63.53203434296386,68.0
Gampaha,2024-04-26,2024-05-04,2,validation,train_only,55.0,53.03785916986451,43.0
Gampaha,2024-05-03,2024-05-11,2,validation,train_only,70.0,53.83097928868217,48.0
Gampaha,2024-05-10,2024-05-18,2,validation,train_only,40.0,57.33735566930421,55.0
Gampaha,2024-05-17,2024-05-25,2,validation,train_only,48.0,62.77313444498198,70.0
Gampaha,2024-05-24,2024-06-01,2,validation,train_only,77.0,54.0838430694509,40.0
Gampaha,2024-05-31,2024-06-08,2,validation,train_only,105.0,59.03949029540245,48.0
Gampaha,2024-06-07,2024-06-15,2,validation,train_only,81.0,65.80547204142418,77.0
Gampaha,2024-06-14,2024-06-22,2,validation,train_only,103.0,117.70674665284096,105.0
Gampaha,2024-06-21,2024-06-29,2,validation,train_only,139.0,90.24304473904444,81.0
Gampaha,2024-06-28,2024-07-06,2,validation,train_only,125.0,109.14698382944802,103.0
Gampaha,2024-07-05,2024-07-13,2,validation,train_only,129.0,154.06709015556774,139.0
Gampaha,2024-07-12,2024-07-20,2,validation,train_only,157.0,128.1897242151638,125.0
Gampaha,2024-07-19,2024-07-27,2,validation,train_only,148.0,144.44318865117822,129.0
Gampaha,2024-07-26,2024-08-03,2,validation,train_only,174.0,160.041547244316,157.0
Gampaha,2024-08-02,2024-08-10,2,validation,train_only,123.0,157.6839979669766,148.0
Gampaha,2024-08-09,2024-08-17,2,validation,train_only,124.0,176.77403083477307,174.0
Gampaha,2024-08-16,2024-08-24,2,validation,train_only,122.0,120.46171266059929,123.0
Gampaha,2024-08-23,2024-08-31,2,validation,train_only,128.0,125.81121828956017,124.0
Gampaha,2024-08-30,2024-09-07,2,validation,train_only,84.0,124.88476696283314,122.0
Gampaha,2024-09-06,2024-09-14,2,validation,train_only,96.0,141.1243376575973,128.0
Gampaha,2024-09-13,2024-09-21,2,validation,train_only,91.0,96.29386747304552,84.0
Gampaha,2024-09-20,2024-09-28,2,validation,train_only,101.0,109.48592357540275,96.0
Gampaha,2024-09-27,2024-10-05,2,validation,train_only,120.0,96.94086163220291,91.0
Gampaha,2024-10-04,2024-10-12,2,validation,train_only,95.0,95.21662602951756,101.0
Gampaha,2024-10-11,2024-10-19,2,validation,train_only,98.0,126.89867120506283,120.0
Gampaha,2024-10-18,2024-10-26,2,validation,train_only,103.0,91.97210957750497,95.0
Gampaha,2024-10-25,2024-11-02,2,validation,train_only,111.0,95.56870333554444,98.0
Gampaha,2024-11-01,2024-11-09,2,validation,train_only,95.0,113.32517529831988,103.0
Gampaha,2024-11-08,2024-11-16,2,validation,train_only,153.0,120.26714333949734,111.0
Gampaha,2024-11-15,2024-11-23,2,validation,train_only,186.0,97.12987035733497,95.0
Gampaha,2024-11-22,2024-11-30,2,validation,train_only,133.0,172.31190486491369,153.0
Gampaha,2024-11-29,2024-12-07,2,validation,train_only,161.0,198.6468491689523,186.0
Gampaha,2024-12-06,2024-12-14,2,validation,train_only,103.0,148.18267951450736,133.0
Gampaha,2024-12-13,2024-12-21,2,validation,train_only,131.0,180.99830115373126,161.0
Gampaha,2024-12-20,2024-12-28,2,validation,train_only,186.0,124.70207329078289,103.0
Hambantota,2023-12-29,2024-01-06,2,validation,train_only,55.0,43.61586318264141,18.0
Hambantota,2024-01-05,2024-01-13,2,validation,train_only,33.0,46.48374952499214,38.0
Hambantota,2024-01-12,2024-01-20,2,validation,train_only,50.0,50.90397263962084,55.0
Hambantota,2024-01-19,2024-01-27,2,validation,train_only,37.0,39.13361647743128,33.0
Hambantota,2024-01-26,2024-02-03,2,validation,train_only,29.0,45.05331808258855,50.0
Hambantota,2024-02-02,2024-02-10,2,validation,train_only,14.0,42.428326706138336,37.0
Hambantota,2024-02-09,2024-02-17,2,validation,train_only,35.0,28.82008887646654,29.0
Hambantota,2024-02-16,2024-02-24,2,validation,train_only,18.0,17.204611301201513,14.0
Hambantota,2024-02-23,2024-03-02,2,validation,train_only,22.0,25.962255424157508,35.0
Hambantota,2024-03-01,2024-03-09,2,validation,train_only,27.0,18.334745155068273,18.0
Hambantota,2024-03-08,2024-03-16,2,validation,train_only,17.0,17.425557593545317,22.0
Hambantota,2024-03-15,2024-03-23,2,validation,train_only,29.0,18.975470949780785,27.0
Hambantota,2024-03-22,2024-03-30,2,validation,train_only,13.0,15.737153574558421,17.0
Hambantota,2024-03-29,2024-04-06,2,validation,train_only,10.0,21.48791093839799,29.0
Hambantota,2024-04-05,2024-04-13,2,validation,train_only,32.0,19.17042315041743,13.0
Hambantota,2024-04-12,2024-04-20,2,validation,train_only,12.0,16.234052650837246,10.0
Hambantota,2024-04-19,2024-04-27,2,validation,train_only,15.0,29.172694921603295,32.0
Hambantota,2024-04-26,2024-05-04,2,validation,train_only,18.0,20.349508266440782,12.0
Hambantota,2024-05-03,2024-05-11,2,validation,train_only,9.0,19.085900653375457,15.0
Hambantota,2024-05-10,2024-05-18,2,validation,train_only,6.0,17.029940590299873,18.0
Hambantota,2024-05-17,2024-05-25,2,validation,train_only,12.0,13.595109595855543,9.0
Hambantota,2024-05-24,2024-06-01,2,validation,train_only,16.0,9.90218888374477,6.0
Hambantota,2024-05-31,2024-06-08,2,validation,train_only,9.0,13.249355756589626,12.0
Hambantota,2024-06-07,2024-06-15,2,validation,train_only,8.0,16.771842220884338,16.0
Hambantota,2024-06-14,2024-06-22,2,validation,train_only,10.0,14.767823364653053,9.0
Hambantota,2024-06-21,2024-06-29,2,validation,train_only,12.0,12.165324703518287,8.0
Hambantota,2024-06-28,2024-07-06,2,validation,train_only,5.0,11.085072397222575,10.0
Hambantota,2024-07-05,2024-07-13,2,validation,train_only,15.0,11.59480807709884,12.0
Hambantota,2024-07-12,2024-07-20,2,validation,train_only,14.0,7.392284012703925,5.0
Hambantota,2024-07-19,2024-07-27,2,validation,train_only,11.0,11.197333333714694,15.0
Hambantota,2024-07-26,2024-08-03,2,validation,train_only,5.0,11.486739172411983,14.0
Hambantota,2024-08-02,2024-08-10,2,validation,train_only,8.0,12.283852858518689,11.0
Hambantota,2024-08-09,2024-08-17,2,validation,train_only,11.0,7.375540757735973,5.0
Hambantota,2024-08-16,2024-08-24,2,validation,train_only,15.0,7.803037381644952,8.0
Hambantota,2024-08-23,2024-08-31,2,validation,train_only,10.0,11.082601454251456,11.0
Hambantota,2024-08-30,2024-09-07,2,validation,train_only,14.0,13.289378071697461,15.0
Hambantota,2024-09-06,2024-09-14,2,validation,train_only,10.0,14.17603115932575,10.0
Hambantota,2024-09-13,2024-09-21,2,validation,train_only,10.0,16.59776556510173,14.0
Hambantota,2024-09-20,2024-09-28,2,validation,train_only,10.0,13.336080825188255,10.0
Hambantota,2024-09-27,2024-10-05,2,validation,train_only,11.0,11.805938386636452,10.0
Hambantota,2024-10-04,2024-10-12,2,validation,train_only,14.0,11.8901528668421,10.0
Hambantota,2024-10-11,2024-10-19,2,validation,train_only,9.0,12.014776056306902,11.0
Hambantota,2024-10-18,2024-10-26,2,validation,train_only,10.0,12.788239950221364,14.0
Hambantota,2024-10-25,2024-11-02,2,validation,train_only,12.0,11.599180576974925,9.0
Hambantota,2024-11-01,2024-11-09,2,validation,train_only,4.0,12.131736650868323,10.0
Hambantota,2024-11-08,2024-11-16,2,validation,train_only,23.0,12.46353839668251,12.0
Hambantota,2024-11-15,2024-11-23,2,validation,train_only,6.0,9.131713496122938,4.0
Hambantota,2024-11-22,2024-11-30,2,validation,train_only,15.0,17.29440485299734,23.0
Hambantota,2024-11-29,2024-12-07,2,validation,train_only,12.0,12.148371143873385,6.0
Hambantota,2024-12-06,2024-12-14,2,validation,train_only,22.0,16.680618092163076,15.0
Hambantota,2024-12-13,2024-12-21,2,validation,train_only,21.0,14.234295062619216,12.0
Hambantota,2024-12-20,2024-12-28,2,validation,train_only,36.0,23.07070729394761,22.0
Jaffna,2023-12-29,2024-01-06,2,validation,train_only,805.0,682.459662698413,746.0
Jaffna,2024-01-05,2024-01-13,2,validation,train_only,595.0,711.2101865079367,623.0
Jaffna,2024-01-12,2024-01-20,2,validation,train_only,746.0,771.8327182539682,805.0
Jaffna,2024-01-19,2024-01-27,2,validation,train_only,483.0,650.6586322751325,595.0
Jaffna,2024-01-26,2024-02-03,2,validation,train_only,410.0,714.6714206349208,746.0
Jaffna,2024-02-02,2024-02-10,2,validation,train_only,292.0,447.49509537037045,483.0
Jaffna,2024-02-09,2024-02-17,2,validation,train_only,224.0,346.94725802056234,410.0
Jaffna,2024-02-16,2024-02-24,2,validation,train_only,148.0,225.01899002669137,292.0
Jaffna,2024-02-23,2024-03-02,2,validation,train_only,143.0,149.76294749811157,224.0
Jaffna,2024-03-01,2024-03-09,2,validation,train_only,99.0,104.4162362051548,148.0
Jaffna,2024-03-08,2024-03-16,2,validation,train_only,67.0,102.1463310418156,143.0
Jaffna,2024-03-15,2024-03-23,2,validation,train_only,68.0,75.38763542817445,99.0
Jaffna,2024-03-22,2024-03-30,2,validation,train_only,60.0,59.88891741208925,67.0
Jaffna,2024-03-29,2024-04-06,2,validation,train_only,42.0,57.29011613186642,68.0
Jaffna,2024-04-05,2024-04-13,2,validation,train_only,34.0,60.052268051061326,60.0
Jaffna,2024-04-12,2024-04-20,2,validation,train_only,35.0,44.84494546292537,42.0
Jaffna,2024-04-19,2024-04-27,2,validation,train_only,28.0,32.102838717125536,34.0
Jaffna,2024-04-26,2024-05-04,2,validation,train_only,19.0,26.5719928312175,35.0
Jaffna,2024-05-03,2024-05-11,2,validation,train_only,16.0,23.44481611991677,28.0
Jaffna,2024-05-10,2024-05-18,2,validation,train_only,5.0,21.524891556108884,19.0
Jaffna,2024-05-17,2024-05-25,2,validation,train_only,23.0,18.896789460338915,16.0
Jaffna,2024-05-24,2024-06-01,2,validation,train_only,22.0,15.042033013369197,5.0
Jaffna,2024-05-31,2024-06-08,2,validation,train_only,18.0,22.21451376252997,23.0
Jaffna,2024-06-07,2024-06-15,2,validation,train_only,11.0,26.365927126782214,22.0
Jaffna,2024-06-14,2024-06-22,2,validation,train_only,20.0,27.034904910537655,18.0
Jaffna,2024-06-21,2024-06-29,2,validation,train_only,21.0,25.09832377140346,11.0
Jaffna,2024-06-28,2024-07-06,2,validation,train_only,15.0,24.12927470387896,20.0
Jaffna,2024-07-05,2024-07-13,2,validation,train_only,18.0,23.849007218511456,21.0
Jaffna,2024-07-12,2024-07-20,2,validation,train_only,10.0,18.641289024545614,15.0
Jaffna,2024-07-19,2024-07-27,2,validation,train_only,13.0,17.500520120598253,18.0
Jaffna,2024-07-26,2024-08-03,2,validation,train_only,6.0,13.59238115130632,10.0
Jaffna,2024-08-02,2024-08-10,2,validation,train_only,11.0,13.996175961495613,13.0
Jaffna,2024-08-09,2024-08-17,2,validation,train_only,16.0,8.940402189844903,6.0
Jaffna,2024-08-16,2024-08-24,2,validation,train_only,15.0,11.776557033092967,11.0
Jaffna,2024-08-23,2024-08-31,2,validation,train_only,8.0,18.201502545788912,16.0
Jaffna,2024-08-30,2024-09-07,2,validation,train_only,11.0,15.1021988368431,15.0
Jaffna,2024-09-06,2024-09-14,2,validation,train_only,8.0,10.938931365586585,8.0
Jaffna,2024-09-13,2024-09-21,2,validation,train_only,15.0,14.049484334562754,11.0
Jaffna,2024-09-20,2024-09-28,2,validation,train_only,11.0,8.967828505636998,8.0
Jaffna,2024-09-27,2024-10-05,2,validation,train_only,10.0,12.409527858413496,15.0
Jaffna,2024-10-04,2024-10-12,2,validation,train_only,11.0,15.398525153002701,11.0
Jaffna,2024-10-11,2024-10-19,2,validation,train_only,7.0,12.8438571340849,10.0
Jaffna,2024-10-18,2024-10-26,2,validation,train_only,30.0,13.192846260467698,11.0
Jaffna,2024-10-25,2024-11-02,2,validation,train_only,26.0,11.264812394031507,7.0
Jaffna,2024-11-01,2024-11-09,2,validation,train_only,25.0,29.75128268601003,30.0
Jaffna,2024-11-08,2024-11-16,2,validation,train_only,37.0,30.731913713269677,26.0
Jaffna,2024-11-15,2024-11-23,2,validation,train_only,47.0,33.03700795707663,25.0
Jaffna,2024-11-22,2024-11-30,2,validation,train_only,35.0,49.91545915233956,37.0
Jaffna,2024-11-29,2024-12-07,2,validation,train_only,60.0,64.88811003238068,47.0
Jaffna,2024-12-06,2024-12-14,2,validation,train_only,76.0,46.40915477520786,35.0
Jaffna,2024-12-13,2024-12-21,2,validation,train_only,76.0,63.926545272453694,60.0
Jaffna,2024-12-20,2024-12-28,2,validation,train_only,58.0,69.32901541729599,76.0
Kalutara,2023-12-29,2024-01-06,2,validation,train_only,103.0,195.62038456170757,89.0
Kalutara,2024-01-05,2024-01-13,2,validation,train_only,105.0,113.49327624192384,77.0
Kalutara,2024-01-12,2024-01-20,2,validation,train_only,96.0,108.7316936273187,103.0
Kalutara,2024-01-19,2024-01-27,2,validation,train_only,118.0,104.99089205989291,105.0
Kalutara,2024-01-26,2024-02-03,2,validation,train_only,113.0,87.88732599844455,96.0
Kalutara,2024-02-02,2024-02-10,2,validation,train_only,81.0,130.19382986126718,118.0
Kalutara,2024-02-09,2024-02-17,2,validation,train_only,77.0,102.76731536087335,113.0
Kalutara,2024-02-16,2024-02-24,2,validation,train_only,54.0,69.23279514584674,81.0
Kalutara,2024-02-23,2024-03-02,2,validation,train_only,43.0,64.16724915792261,77.0
Kalutara,2024-03-01,2024-03-09,2,validation,train_only,91.0,51.72958565498047,54.0
Kalutara,2024-03-08,2024-03-16,2,validation,train_only,78.0,38.841238338793886,43.0
Kalutara,2024-03-15,2024-03-23,2,validation,train_only,69.0,64.0351682378273,91.0
Kalutara,2024-03-22,2024-03-30,2,validation,train_only,50.0,74.44014461414412,78.0
Kalutara,2024-03-29,2024-04-06,2,validation,train_only,35.0,70.67997731071885,69.0
Kalutara,2024-04-05,2024-04-13,2,validation,train_only,37.0,64.62394557296278,50.0
Kalutara,2024-04-12,2024-04-20,2,validation,train_only,24.0,50.49334039404268,35.0
Kalutara,2024-04-19,2024-04-27,2,validation,train_only,41.0,41.510185767716905,37.0
Kalutara,2024-04-26,2024-05-04,2,validation,train_only,31.0,29.20508062932075,24.0
Kalutara,2024-05-03,2024-05-11,2,validation,train_only,50.0,39.49452247886374,41.0
Kalutara,2024-05-10,2024-05-18,2,validation,train_only,32.0,40.05143364139849,31.0
Kalutara,2024-05-17,2024-05-25,2,validation,train_only,41.0,55.404972232467514,50.0
Kalutara,2024-05-24,2024-06-01,2,validation,train_only,41.0,44.63885359096298,32.0
Kalutara,2024-05-31,2024-06-08,2,validation,train_only,50.0,54.32317894439056,41.0
Kalutara,2024-06-07,2024-06-15,2,validation,train_only,46.0,50.949786500365136,41.0
Kalutara,2024-06-14,2024-06-22,2,validation,train_only,63.0,55.65265932983828,50.0
Kalutara,2024-06-21,2024-06-29,2,validation,train_only,60.0,60.325586129684964,46.0
Kalutara,2024-06-28,2024-07-06,2,validation,train_only,68.0,58.94441575801426,63.0
Kalutara,2024-07-05,2024-07-13,2,validation,train_only,55.0,60.09391171788034,60.0
Kalutara,2024-07-12,2024-07-20,2,validation,train_only,65.0,62.28074506305145,68.0
Kalutara,2024-07-19,2024-07-27,2,validation,train_only,27.0,54.82890193316013,55.0
Kalutara,2024-07-26,2024-08-03,2,validation,train_only,50.0,58.45863611811019,65.0
Kalutara,2024-08-02,2024-08-10,2,validation,train_only,48.0,33.83962990205462,27.0
Kalutara,2024-08-09,2024-08-17,2,validation,train_only,43.0,48.9691828339105,50.0
Kalutara,2024-08-16,2024-08-24,2,validation,train_only,57.0,53.568208565355626,48.0
Kalutara,2024-08-23,2024-08-31,2,validation,train_only,39.0,52.11152023639671,43.0
Kalutara,2024-08-30,2024-09-07,2,validation,train_only,23.0,50.72725890420798,57.0
Kalutara,2024-09-06,2024-09-14,2,validation,train_only,34.0,48.22040707801656,39.0
Kalutara,2024-09-13,2024-09-21,2,validation,train_only,48.0,40.79894788817396,23.0
Kalutara,2024-09-20,2024-09-28,2,validation,train_only,44.0,48.55987317756344,34.0
Kalutara,2024-09-27,2024-10-05,2,validation,train_only,44.0,50.898428624668675,48.0
Kalutara,2024-10-04,2024-10-12,2,validation,train_only,36.0,45.89298759679258,44.0
Kalutara,2024-10-11,2024-10-19,2,validation,train_only,31.0,49.485131587622305,44.0
Kalutara,2024-10-18,2024-10-26,2,validation,train_only,40.0,43.37608985161203,36.0
Kalutara,2024-10-25,2024-11-02,2,validation,train_only,36.0,37.666375617483844,31.0
Kalutara,2024-11-01,2024-11-09,2,validation,train_only,23.0,41.12117235497063,40.0
Kalutara,2024-11-08,2024-11-16,2,validation,train_only,30.0,42.80564436706085,36.0
Kalutara,2024-11-15,2024-11-23,2,validation,train_only,34.0,30.897598471109124,23.0
Kalutara,2024-11-22,2024-11-30,2,validation,train_only,28.0,32.29162214777138,30.0
Kalutara,2024-11-29,2024-12-07,2,validation,train_only,32.0,40.21704524853281,34.0
Kalutara,2024-12-06,2024-12-14,2,validation,train_only,49.0,35.455107406336516,28.0
Kalutara,2024-12-13,2024-12-21,2,validation,train_only,34.0,37.890164389139514,32.0
Kalutara,2024-12-20,2024-12-28,2,validation,train_only,65.0,51.540307437400486,49.0
Kandy,2023-12-29,2024-01-06,2,validation,train_only,199.0,317.85189651499905,330.0
Kandy,2024-01-05,2024-01-13,2,validation,train_only,165.0,266.96249596931597,237.0
Kandy,2024-01-12,2024-01-20,2,validation,train_only,186.0,208.263005039158,199.0
Kandy,2024-01-19,2024-01-27,2,validation,train_only,126.0,173.59191449148406,165.0
Kandy,2024-01-26,2024-02-03,2,validation,train_only,126.0,171.21039722073255,186.0
Kandy,2024-02-02,2024-02-10,2,validation,train_only,86.0,169.72505926470978,126.0
Kandy,2024-02-09,2024-02-17,2,validation,train_only,83.0,178.98133037104566,126.0
Kandy,2024-02-16,2024-02-24,2,validation,train_only,58.0,71.49591807607048,86.0
Kandy,2024-02-23,2024-03-02,2,validation,train_only,68.0,66.6867957991901,83.0
Kandy,2024-03-01,2024-03-09,2,validation,train_only,59.0,56.4438308936289,58.0
Kandy,2024-03-08,2024-03-16,2,validation,train_only,42.0,53.183032482652855,68.0
Kandy,2024-03-15,2024-03-23,2,validation,train_only,51.0,50.02665103672633,59.0
Kandy,2024-03-22,2024-03-30,2,validation,train_only,47.0,42.07230575074865,42.0
Kandy,2024-03-29,2024-04-06,2,validation,train_only,44.0,57.96294053839782,51.0
Kandy,2024-04-05,2024-04-13,2,validation,train_only,73.0,54.73007995950142,47.0
Kandy,2024-04-12,2024-04-20,2,validation,train_only,64.0,47.21107122528071,44.0
Kandy,2024-04-19,2024-04-27,2,validation,train_only,66.0,57.62716670165137,73.0
Kandy,2024-04-26,2024-05-04,2,validation,train_only,71.0,63.90961064965999,64.0
Kandy,2024-05-03,2024-05-11,2,validation,train_only,98.0,60.085027126297646,66.0
Kandy,2024-05-10,2024-05-18,2,validation,train_only,62.0,66.52781983565434,71.0
Kandy,2024-05-17,2024-05-25,2,validation,train_only,66.0,93.69855022736006,98.0
Kandy,2024-05-24,2024-06-01,2,validation,train_only,69.0,79.66765840981103,62.0
Kandy,2024-05-31,2024-06-08,2,validation,train_only,70.0,69.67963689010114,66.0
Kandy,2024-06-07,2024-06-15,2,validation,train_only,85.0,72.73952000023533,69.0
Kandy,2024-06-14,2024-06-22,2,validation,train_only,91.0,67.92411399617865,70.0
Kandy,2024-06-21,2024-06-29,2,validation,train_only,110.0,80.09760640702855,85.0
Kandy,2024-06-28,2024-07-06,2,validation,train_only,141.0,99.76252880728545,91.0
Kandy,2024-07-05,2024-07-13,2,validation,train_only,105.0,102.15620183382886,110.0
Kandy,2024-07-12,2024-07-20,2,validation,train_only,120.0,124.01315381051845,141.0
Kandy,2024-07-19,2024-07-27,2,validation,train_only,107.0,88.58043524940535,105.0
Kandy,2024-07-26,2024-08-03,2,validation,train_only,120.0,111.23231138230602,120.0
Kandy,2024-08-02,2024-08-10,2,validation,train_only,114.0,87.81963259977125,107.0
Kandy,2024-08-09,2024-08-17,2,validation,train_only,72.0,110.88901603877869,120.0
Kandy,2024-08-16,2024-08-24,2,validation,train_only,94.0,108.0559560616989,114.0
Kandy,2024-08-23,2024-08-31,2,validation,train_only,73.0,74.82365247270424,72.0
Kandy,2024-08-30,2024-09-07,2,validation,train_only,76.0,80.68870121282859,94.0
Kandy,2024-09-06,2024-09-14,2,validation,train_only,64.0,73.46651799070243,73.0
Kandy,2024-09-13,2024-09-21,2,validation,train_only,75.0,72.64122743577741,76.0
Kandy,2024-09-20,2024-09-28,2,validation,train_only,58.0,64.40110580120529,64.0
Kandy,2024-09-27,2024-10-05,2,validation,train_only,59.0,69.3040740636062,75.0
Kandy,2024-10-04,2024-10-12,2,validation,train_only,68.0,58.60519846574754,58.0
Kandy,2024-10-11,2024-10-19,2,validation,train_only,74.0,59.57729312793599,59.0
Kandy,2024-10-18,2024-10-26,2,validation,train_only,66.0,61.383895346012466,68.0
Kandy,2024-10-25,2024-11-02,2,validation,train_only,70.0,67.16666227702633,74.0
Kandy,2024-11-01,2024-11-09,2,validation,train_only,68.0,69.93026800718955,66.0
Kandy,2024-11-08,2024-11-16,2,validation,train_only,84.0,63.67287010000142,70.0
Kandy,2024-11-15,2024-11-23,2,validation,train_only,63.0,61.8390499259569,68.0
Kandy,2024-11-22,2024-11-30,2,validation,train_only,71.0,76.51976275788783,84.0
Kandy,2024-11-29,2024-12-07,2,validation,train_only,73.0,75.91054541053404,63.0
Kandy,2024-12-06,2024-12-14,2,validation,train_only,57.0,59.926206346286996,71.0
Kandy,2024-12-13,2024-12-21,2,validation,train_only,76.0,64.62151064464611,73.0
Kandy,2024-12-20,2024-12-28,2,validation,train_only,66.0,67.48568471311614,57.0
Kegalle,2023-12-29,2024-01-06,2,validation,train_only,104.0,124.5327220476555,119.0
Kegalle,2024-01-05,2024-01-13,2,validation,train_only,77.0,111.678310060796,112.0
Kegalle,2024-01-12,2024-01-20,2,validation,train_only,91.0,101.16930677094197,104.0
Kegalle,2024-01-19,2024-01-27,2,validation,train_only,73.0,73.93029202492794,77.0
Kegalle,2024-01-26,2024-02-03,2,validation,train_only,89.0,74.91935656352197,91.0
Kegalle,2024-02-02,2024-02-10,2,validation,train_only,48.0,67.45397690248562,73.0
Kegalle,2024-02-09,2024-02-17,2,validation,train_only,71.0,77.57318387283289,89.0
Kegalle,2024-02-16,2024-02-24,2,validation,train_only,43.0,46.10446939706094,48.0
Kegalle,2024-02-23,2024-03-02,2,validation,train_only,34.0,53.489606474128756,71.0
Kegalle,2024-03-01,2024-03-09,2,validation,train_only,44.0,40.951397507621785,43.0
Kegalle,2024-03-08,2024-03-16,2,validation,train_only,35.0,29.91982115404121,34.0
Kegalle,2024-03-15,2024-03-23,2,validation,train_only,30.0,34.38966291866334,44.0
Kegalle,2024-03-22,2024-03-30,2,validation,train_only,25.0,35.69711673034628,35.0
Kegalle,2024-03-29,2024-04-06,2,validation,train_only,25.0,27.480275819487257,30.0
Kegalle,2024-04-05,2024-04-13,2,validation,train_only,23.0,20.957627820176864,25.0
Kegalle,2024-04-12,2024-04-20,2,validation,train_only,42.0,25.26492444092613,25.0
Kegalle,2024-04-19,2024-04-27,2,validation,train_only,36.0,24.189824651205065,23.0
Kegalle,2024-04-26,2024-05-04,2,validation,train_only,56.0,37.0270422819497,42.0
Kegalle,2024-05-03,2024-05-11,2,validation,train_only,48.0,36.78073263374158,36.0
Kegalle,2024-05-10,2024-05-18,2,validation,train_only,28.0,55.19063598835028,56.0
Kegalle,2024-05-17,2024-05-25,2,validation,train_only,49.0,55.576186505165495,48.0
Kegalle,2024-05-24,2024-06-01,2,validation,train_only,31.0,38.031634370107135,28.0
Kegalle,2024-05-31,2024-06-08,2,validation,train_only,36.0,54.26422647059772,49.0
Kegalle,2024-06-07,2024-06-15,2,validation,train_only,24.0,45.045074042841925,31.0
Kegalle,2024-06-14,2024-06-22,2,validation,train_only,40.0,47.94902378420593,36.0
Kegalle,2024-06-21,2024-06-29,2,validation,train_only,38.0,35.976199406689936,24.0
Kegalle,2024-06-28,2024-07-06,2,validation,train_only,35.0,39.455789694802974,40.0
Kegalle,2024-07-05,2024-07-13,2,validation,train_only,35.0,37.24443254144082,38.0
Kegalle,2024-07-12,2024-07-20,2,validation,train_only,19.0,37.96627887201651,35.0
Kegalle,2024-07-19,2024-07-27,2,validation,train_only,39.0,37.71035671342574,35.0
Kegalle,2024-07-26,2024-08-03,2,validation,train_only,20.0,30.982849467835248,19.0
Kegalle,2024-08-02,2024-08-10,2,validation,train_only,37.0,35.87196333130552,39.0
Kegalle,2024-08-09,2024-08-17,2,validation,train_only,77.0,26.913361051099045,20.0
Kegalle,2024-08-16,2024-08-24,2,validation,train_only,23.0,39.82450451817498,37.0
Kegalle,2024-08-23,2024-08-31,2,validation,train_only,38.0,69.08810549740835,77.0
Kegalle,2024-08-30,2024-09-07,2,validation,train_only,37.0,46.37339115292911,23.0
Kegalle,2024-09-06,2024-09-14,2,validation,train_only,26.0,50.62971924909787,38.0
Kegalle,2024-09-13,2024-09-21,2,validation,train_only,25.0,54.36111938425589,37.0
Kegalle,2024-09-20,2024-09-28,2,validation,train_only,15.0,31.747037015902546,26.0
Kegalle,2024-09-27,2024-10-05,2,validation,train_only,13.0,28.302951566595045,25.0
Kegalle,2024-10-04,2024-10-12,2,validation,train_only,20.0,24.124464620165703,15.0
Kegalle,2024-10-11,2024-10-19,2,validation,train_only,24.0,20.63580061803745,13.0
Kegalle,2024-10-18,2024-10-26,2,validation,train_only,8.0,20.49731986413535,20.0
Kegalle,2024-10-25,2024-11-02,2,validation,train_only,21.0,23.164813701589058,24.0
Kegalle,2024-11-01,2024-11-09,2,validation,train_only,16.0,17.32614156428392,8.0
Kegalle,2024-11-08,2024-11-16,2,validation,train_only,26.0,22.439719313133544,21.0
Kegalle,2024-11-15,2024-11-23,2,validation,train_only,23.0,18.71213477669112,16.0
Kegalle,2024-11-22,2024-11-30,2,validation,train_only,21.0,24.24939533425191,26.0
Kegalle,2024-11-29,2024-12-07,2,validation,train_only,14.0,26.02866766070033,23.0
Kegalle,2024-12-06,2024-12-14,2,validation,train_only,17.0,28.389866485636,21.0
Kegalle,2024-12-13,2024-12-21,2,validation,train_only,44.0,25.476523459704236,14.0
Kegalle,2024-12-20,2024-12-28,2,validation,train_only,64.0,25.660124312426024,17.0
Kilinochchi,2023-12-29,2024-01-06,2,validation,train_only,52.0,20.785802482222156,17.0
Kilinochchi,2024-01-05,2024-01-13,2,validation,train_only,20.0,33.30851155320522,29.0
Kilinochchi,2024-01-12,2024-01-20,2,validation,train_only,41.0,49.3685422773761,52.0
Kilinochchi,2024-01-19,2024-01-27,2,validation,train_only,22.0,33.429498200843746,20.0
Kilinochchi,2024-01-26,2024-02-03,2,validation,train_only,26.0,36.25349481550528,41.0
Kilinochchi,2024-02-02,2024-02-10,2,validation,train_only,22.0,23.2733101450125,22.0
Kilinochchi,2024-02-09,2024-02-17,2,validation,train_only,12.0,21.561997926597737,26.0
Kilinochchi,2024-02-16,2024-02-24,2,validation,train_only,9.0,19.502550849095346,22.0
Kilinochchi,2024-02-23,2024-03-02,2,validation,train_only,8.0,14.251665837831828,12.0
Kilinochchi,2024-03-01,2024-03-09,2,validation,train_only,8.0,11.34540739518667,9.0
Kilinochchi,2024-03-08,2024-03-16,2,validation,train_only,7.0,8.072035110038863,8.0
Kilinochchi,2024-03-15,2024-03-23,2,validation,train_only,2.0,7.286651082345798,8.0
Kilinochchi,2024-03-22,2024-03-30,2,validation,train_only,3.0,6.438370534302321,7.0
Kilinochchi,2024-03-29,2024-04-06,2,validation,train_only,3.0,4.7882176530215865,2.0
Kilinochchi,2024-04-05,2024-04-13,2,validation,train_only,4.0,3.8146777809370787,3.0
Kilinochchi,2024-04-12,2024-04-20,2,validation,train_only,0.0,3.2373509648444174,3.0
Kilinochchi,2024-04-19,2024-04-27,2,validation,train_only,0.0,2.988656166955057,4.0
Kilinochchi,2024-04-26,2024-05-04,2,validation,train_only,0.0,2.311519919941162,0.0
Kilinochchi,2024-05-03,2024-05-11,2,validation,train_only,1.0,2.5513657057999977,0.0
Kilinochchi,2024-05-10,2024-05-18,2,validation,train_only,0.0,2.3633785470410063,0.0
Kilinochchi,2024-05-17,2024-05-25,2,validation,train_only,0.0,1.1961416197124974,1.0
Kilinochchi,2024-05-24,2024-06-01,2,validation,train_only,0.0,0.7469750503038223,0.0
Kilinochchi,2024-05-31,2024-06-08,2,validation,train_only,0.0,0.7746658586112105,0.0
Kilinochchi,2024-06-07,2024-06-15,2,validation,train_only,0.0,0.9286088997780614,0.0
Kilinochchi,2024-06-14,2024-06-22,2,validation,train_only,0.0,0.931432040377404,0.0
Kilinochchi,2024-06-21,2024-06-29,2,validation,train_only,0.0,1.0333348470381747,0.0
Kilinochchi,2024-06-28,2024-07-06,2,validation,train_only,0.0,0.8095804121132378,0.0
Kilinochchi,2024-07-05,2024-07-13,2,validation,train_only,2.0,0.5819924758674643,0.0
Kilinochchi,2024-07-12,2024-07-20,2,validation,train_only,1.0,0.5009357282350277,0.0
Kilinochchi,2024-07-19,2024-07-27,2,validation,train_only,1.0,1.1484603853314304,2.0
Kilinochchi,2024-07-26,2024-08-03,2,validation,train_only,6.0,0.8485188039928786,1.0
Kilinochchi,2024-08-02,2024-08-10,2,validation,train_only,3.0,1.2045507195913137,1.0
Kilinochchi,2024-08-09,2024-08-17,2,validation,train_only,3.0,4.058177792707999,6.0
Kilinochchi,2024-08-16,2024-08-24,2,validation,train_only,1.0,2.4699347076086844,3.0
Kilinochchi,2024-08-23,2024-08-31,2,validation,train_only,0.0,2.4319362749023496,3.0
Kilinochchi,2024-08-30,2024-09-07,2,validation,train_only,0.0,2.299073230815704,1.0
Kilinochchi,2024-09-06,2024-09-14,2,validation,train_only,0.0,2.3377348794311184,0.0
Kilinochchi,2024-09-13,2024-09-21,2,validation,train_only,2.0,1.8886340264890153,0.0
Kilinochchi,2024-09-20,2024-09-28,2,validation,train_only,2.0,1.0188487514949085,0.0
Kilinochchi,2024-09-27,2024-10-05,2,validation,train_only,0.0,1.1650260047488734,2.0
Kilinochchi,2024-10-04,2024-10-12,2,validation,train_only,1.0,1.3828450635465388,2.0
Kilinochchi,2024-10-11,2024-10-19,2,validation,train_only,1.0,1.4700331219933713,0.0
Kilinochchi,2024-10-18,2024-10-26,2,validation,train_only,3.0,1.3702681847339648,1.0
Kilinochchi,2024-10-25,2024-11-02,2,validation,train_only,5.0,1.622668613417272,1.0
Kilinochchi,2024-11-01,2024-11-09,2,validation,train_only,3.0,2.121499178342468,3.0
Kilinochchi,2024-11-08,2024-11-16,2,validation,train_only,0.0,5.3404647904946785,5.0
Kilinochchi,2024-11-15,2024-11-23,2,validation,train_only,1.0,4.119291208643655,3.0
Kilinochchi,2024-11-22,2024-11-30,2,validation,train_only,1.0,4.615118370607326,0.0
Kilinochchi,2024-11-29,2024-12-07,2,validation,train_only,8.0,4.267245356241037,1.0
Kilinochchi,2024-12-06,2024-12-14,2,validation,train_only,6.0,4.494364224043117,1.0
Kilinochchi,2024-12-13,2024-12-21,2,validation,train_only,5.0,19.752690929243933,8.0
Kilinochchi,2024-12-20,2024-12-28,2,validation,train_only,5.0,10.485174286207673,6.0
Kurunegala,2023-12-29,2024-01-06,2,validation,train_only,127.0,171.84550250156454,164.0
Kurunegala,2024-01-05,2024-01-13,2,validation,train_only,62.0,155.0839607450039,155.0
Kurunegala,2024-01-12,2024-01-20,2,validation,train_only,135.0,113.85187769438596,127.0
Kurunegala,2024-01-19,2024-01-27,2,validation,train_only,103.0,78.3763607090803,62.0
Kurunegala,2024-01-26,2024-02-03,2,validation,train_only,108.0,98.28179353880172,135.0
Kurunegala,2024-02-02,2024-02-10,2,validation,train_only,26.0,87.62487689404087,103.0
Kurunegala,2024-02-09,2024-02-17,2,validation,train_only,61.0,91.1688653930092,108.0
Kurunegala,2024-02-16,2024-02-24,2,validation,train_only,58.0,48.473445061655,26.0
Kurunegala,2024-02-23,2024-03-02,2,validation,train_only,67.0,46.89571837911797,61.0
Kurunegala,2024-03-01,2024-03-09,2,validation,train_only,50.0,44.872147587517276,58.0
Kurunegala,2024-03-08,2024-03-16,2,validation,train_only,29.0,52.92392092020238,67.0
Kurunegala,2024-03-15,2024-03-23,2,validation,train_only,19.0,42.773425125111615,50.0
Kurunegala,2024-03-22,2024-03-30,2,validation,train_only,26.0,31.59065819268745,29.0
Kurunegala,2024-03-29,2024-04-06,2,validation,train_only,6.0,21.504832959621606,19.0
Kurunegala,2024-04-05,2024-04-13,2,validation,train_only,21.0,19.371628626777973,26.0
Kurunegala,2024-04-12,2024-04-20,2,validation,train_only,20.0,17.99779453199931,6.0
Kurunegala,2024-04-19,2024-04-27,2,validation,train_only,19.0,18.741717538890477,21.0
Kurunegala,2024-04-26,2024-05-04,2,validation,train_only,34.0,19.973298522352092,20.0
Kurunegala,2024-05-03,2024-05-11,2,validation,train_only,44.0,18.804546063277904,19.0
Kurunegala,2024-05-10,2024-05-18,2,validation,train_only,39.0,30.24591853934391,34.0
Kurunegala,2024-05-17,2024-05-25,2,validation,train_only,39.0,44.85483382145655,44.0
Kurunegala,2024-05-24,2024-06-01,2,validation,train_only,37.0,47.767560164535794,39.0
Kurunegala,2024-05-31,2024-06-08,2,validation,train_only,36.0,45.11289554173893,39.0
Kurunegala,2024-06-07,2024-06-15,2,validation,train_only,21.0,42.58184617843442,37.0
Kurunegala,2024-06-14,2024-06-22,2,validation,train_only,47.0,49.471364784405004,36.0
Kurunegala,2024-06-21,2024-06-29,2,validation,train_only,39.0,35.33073538841074,21.0
Kurunegala,2024-06-28,2024-07-06,2,validation,train_only,32.0,43.892497264433175,47.0
Kurunegala,2024-07-05,2024-07-13,2,validation,train_only,38.0,39.13892154804384,39.0
Kurunegala,2024-07-12,2024-07-20,2,validation,train_only,27.0,38.03228966155057,32.0
Kurunegala,2024-07-19,2024-07-27,2,validation,train_only,61.0,40.23083463441103,38.0
Kurunegala,2024-07-26,2024-08-03,2,validation,train_only,39.0,29.864569908891152,27.0
Kurunegala,2024-08-02,2024-08-10,2,validation,train_only,31.0,47.62094276864948,61.0
Kurunegala,2024-08-09,2024-08-17,2,validation,train_only,20.0,41.41863866836459,39.0
Kurunegala,2024-08-16,2024-08-24,2,validation,train_only,20.0,40.4998496588313,31.0
Kurunegala,2024-08-23,2024-08-31,2,validation,train_only,21.0,39.908889315789445,20.0
Kurunegala,2024-08-30,2024-09-07,2,validation,train_only,26.0,29.655193713697056,20.0
Kurunegala,2024-09-06,2024-09-14,2,validation,train_only,22.0,29.744455223054775,21.0
Kurunegala,2024-09-13,2024-09-21,2,validation,train_only,28.0,33.671186286593816,26.0
Kurunegala,2024-09-20,2024-09-28,2,validation,train_only,17.0,25.234270834833207,22.0
Kurunegala,2024-09-27,2024-10-05,2,validation,train_only,16.0,27.03675869624852,28.0
Kurunegala,2024-10-04,2024-10-12,2,validation,train_only,16.0,22.967874159568808,17.0
Kurunegala,2024-10-11,2024-10-19,2,validation,train_only,21.0,20.70376778638703,16.0
Kurunegala,2024-10-18,2024-10-26,2,validation,train_only,30.0,17.962456464186072,16.0
Kurunegala,2024-10-25,2024-11-02,2,validation,train_only,20.0,23.494685769572875,21.0
Kurunegala,2024-11-01,2024-11-09,2,validation,train_only,14.0,29.91098183348411,30.0
Kurunegala,2024-11-08,2024-11-16,2,validation,train_only,25.0,26.63825517605144,20.0
Kurunegala,2024-11-15,2024-11-23,2,validation,train_only,20.0,21.307201927473027,14.0
Kurunegala,2024-11-22,2024-11-30,2,validation,train_only,17.0,25.327514820351336,25.0
Kurunegala,2024-11-29,2024-12-07,2,validation,train_only,14.0,24.831005862988352,20.0
Kurunegala,2024-12-06,2024-12-14,2,validation,train_only,25.0,25.16805256286519,17.0
Kurunegala,2024-12-13,2024-12-21,2,validation,train_only,26.0,25.578179175761573,14.0
Kurunegala,2024-12-20,2024-12-28,2,validation,train_only,26.0,29.42373529419292,25.0
Mannar,2023-12-29,2024-01-06,2,validation,train_only,35.0,25.17135975557806,25.0
Mannar,2024-01-05,2024-01-13,2,validation,train_only,13.0,43.36412404367822,53.0
Mannar,2024-01-12,2024-01-20,2,validation,train_only,10.0,40.60512399098597,35.0
Mannar,2024-01-19,2024-01-27,2,validation,train_only,19.0,28.584774191003575,13.0
Mannar,2024-01-26,2024-02-03,2,validation,train_only,21.0,20.546140142682194,10.0
Mannar,2024-02-02,2024-02-10,2,validation,train_only,2.0,21.4895053567779,19.0
Mannar,2024-02-09,2024-02-17,2,validation,train_only,4.0,20.47550618228713,21.0
Mannar,2024-02-16,2024-02-24,2,validation,train_only,4.0,10.946183466969279,2.0
Mannar,2024-02-23,2024-03-02,2,validation,train_only,4.0,6.564168153279876,4.0
Mannar,2024-03-01,2024-03-09,2,validation,train_only,1.0,5.898362950165392,4.0
Mannar,2024-03-08,2024-03-16,2,validation,train_only,1.0,4.565972835843186,4.0
Mannar,2024-03-15,2024-03-23,2,validation,train_only,2.0,2.602620762460976,1.0
Mannar,2024-03-22,2024-03-30,2,validation,train_only,1.0,2.242213047830352,1.0
Mannar,2024-03-29,2024-04-06,2,validation,train_only,2.0,1.9713416117205824,2.0
Mannar,2024-04-05,2024-04-13,2,validation,train_only,1.0,1.840529410468628,1.0
Mannar,2024-04-12,2024-04-20,2,validation,train_only,9.0,1.7126369704933282,2.0
Mannar,2024-04-19,2024-04-27,2,validation,train_only,1.0,1.4608230700026772,1.0
Mannar,2024-04-26,2024-05-04,2,validation,train_only,1.0,5.327328669986775,9.0
Mannar,2024-05-03,2024-05-11,2,validation,train_only,0.0,3.26573341650856,1.0
Mannar,2024-05-10,2024-05-18,2,validation,train_only,0.0,3.0130387849890536,1.0
Mannar,2024-05-17,2024-05-25,2,validation,train_only,2.0,2.690975321317571,0.0
Mannar,2024-05-24,2024-06-01,2,validation,train_only,2.0,2.9039844931559724,0.0
Mannar,2024-05-31,2024-06-08,2,validation,train_only,1.0,1.6206802603213208,2.0
Mannar,2024-06-07,2024-06-15,2,validation,train_only,1.0,2.4334349890573996,2.0
Mannar,2024-06-14,2024-06-22,2,validation,train_only,3.0,3.1623051044528574,1.0
Mannar,2024-06-21,2024-06-29,2,validation,train_only,2.0,2.9256657917629596,1.0
Mannar,2024-06-28,2024-07-06,2,validation,train_only,2.0,2.9734779595365874,3.0
Mannar,2024-07-05,2024-07-13,2,validation,train_only,5.0,2.5904874822380672,2.0
Mannar,2024-07-12,2024-07-20,2,validation,train_only,5.0,2.154993109272505,2.0
Mannar,2024-07-19,2024-07-27,2,validation,train_only,8.0,3.130417873105042,5.0
Mannar,2024-07-26,2024-08-03,2,validation,train_only,3.0,4.013791081532392,5.0
Mannar,2024-08-02,2024-08-10,2,validation,train_only,10.0,5.729034120541662,8.0
Mannar,2024-08-09,2024-08-17,2,validation,train_only,10.0,4.303080872908924,3.0
Mannar,2024-08-16,2024-08-24,2,validation,train_only,8.0,8.68985575524955,10.0
Mannar,2024-08-23,2024-08-31,2,validation,train_only,3.0,10.542349546894954,10.0
Mannar,2024-08-30,2024-09-07,2,validation,train_only,11.0,7.538983454642022,8.0
Mannar,2024-09-06,2024-09-14,2,validation,train_only,14.0,7.03144744890388,3.0
Mannar,2024-09-13,2024-09-21,2,validation,train_only,4.0,10.448436654116593,11.0
Mannar,2024-09-20,2024-09-28,2,validation,train_only,2.0,12.118407801566555,14.0
Mannar,2024-09-27,2024-10-05,2,validation,train_only,2.0,7.831866714287786,4.0
Mannar,2024-10-04,2024-10-12,2,validation,train_only,5.0,6.096740337040106,2.0
Mannar,2024-10-11,2024-10-19,2,validation,train_only,7.0,4.452716425720275,2.0
Mannar,2024-10-18,2024-10-26,2,validation,train_only,5.0,5.82574725112744,5.0
Mannar,2024-10-25,2024-11-02,2,validation,train_only,3.0,6.9836484412912405,7.0
Mannar,2024-11-01,2024-11-09,2,validation,train_only,5.0,8.173777617108794,5.0
Mannar,2024-11-08,2024-11-16,2,validation,train_only,6.0,7.344560968130137,3.0
Mannar,2024-11-15,2024-11-23,2,validation,train_only,6.0,9.501318130549,5.0
Mannar,2024-11-22,2024-11-30,2,validation,train_only,2.0,10.324506260522634,6.0
Mannar,2024-11-29,2024-12-07,2,validation,train_only,2.0,10.059091476604548,6.0
Mannar,2024-12-06,2024-12-14,2,validation,train_only,8.0,8.102857498752055,2.0
Mannar,2024-12-13,2024-12-21,2,validation,train_only,12.0,7.600842711311693,2.0
Mannar,2024-12-20,2024-12-28,2,validation,train_only,11.0,13.289177947344903,8.0
Matale,2023-12-29,2024-01-06,2,validation,train_only,39.0,76.93838833476725,71.0
Matale,2024-01-05,2024-01-13,2,validation,train_only,47.0,57.935001612263186,40.0
Matale,2024-01-12,2024-01-20,2,validation,train_only,28.0,42.49692313118808,39.0
Matale,2024-01-19,2024-01-27,2,validation,train_only,22.0,42.428851802925536,47.0
Matale,2024-01-26,2024-02-03,2,validation,train_only,27.0,29.469808997022742,28.0
Matale,2024-02-02,2024-02-10,2,validation,train_only,30.0,26.76094933915295,22.0
Matale,2024-02-09,2024-02-17,2,validation,train_only,18.0,25.63437335441963,27.0
Matale,2024-02-16,2024-02-24,2,validation,train_only,16.0,22.093435056768023,30.0
Matale,2024-02-23,2024-03-02,2,validation,train_only,11.0,18.950731178061407,18.0
Matale,2024-03-01,2024-03-09,2,validation,train_only,8.0,16.400392641130622,16.0
Matale,2024-03-08,2024-03-16,2,validation,train_only,6.0,13.167820980570246,11.0
Matale,2024-03-15,2024-03-23,2,validation,train_only,12.0,8.5777418252814,8.0
Matale,2024-03-22,2024-03-30,2,validation,train_only,3.0,7.275821311474139,6.0
Matale,2024-03-29,2024-04-06,2,validation,train_only,6.0,10.245290226937994,12.0
Matale,2024-04-05,2024-04-13,2,validation,train_only,16.0,6.1820078203998765,3.0
Matale,2024-04-12,2024-04-20,2,validation,train_only,7.0,6.599039089585119,6.0
Matale,2024-04-19,2024-04-27,2,validation,train_only,6.0,11.881768395989106,16.0
Matale,2024-04-26,2024-05-04,2,validation,train_only,13.0,7.726790706007502,7.0
Matale,2024-05-03,2024-05-11,2,validation,train_only,9.0,7.8672013711724835,6.0
Matale,2024-05-10,2024-05-18,2,validation,train_only,5.0,11.064665792572868,13.0
Matale,2024-05-17,2024-05-25,2,validation,train_only,7.0,11.909656520767006,9.0
Matale,2024-05-24,2024-06-01,2,validation,train_only,8.0,8.907838879193148,5.0
Matale,2024-05-31,2024-06-08,2,validation,train_only,3.0,10.030120881483223,7.0
Matale,2024-06-07,2024-06-15,2,validation,train_only,15.0,9.819820069009433,8.0
Matale,2024-06-14,2024-06-22,2,validation,train_only,13.0,9.409319990005748,3.0
Matale,2024-06-21,2024-06-29,2,validation,train_only,14.0,14.347588878661615,15.0
Matale,2024-06-28,2024-07-06,2,validation,train_only,24.0,13.00655856903917,13.0
Matale,2024-07-05,2024-07-13,2,validation,train_only,18.0,14.014103354762396,14.0
Matale,2024-07-12,2024-07-20,2,validation,train_only,19.0,19.260568509242038,24.0
Matale,2024-07-19,2024-07-27,2,validation,train_only,16.0,19.255244183952392,18.0
Matale,2024-07-26,2024-08-03,2,validation,train_only,14.0,20.051075267900956,19.0
Matale,2024-08-02,2024-08-10,2,validation,train_only,18.0,17.208271684905164,16.0
Matale,2024-08-09,2024-08-17,2,validation,train_only,21.0,16.4024178568515,14.0
Matale,2024-08-16,2024-08-24,2,validation,train_only,8.0,17.363508631883988,18.0
Matale,2024-08-23,2024-08-31,2,validation,train_only,17.0,21.870567363878692,21.0
Matale,2024-08-30,2024-09-07,2,validation,train_only,22.0,16.376983948635083,8.0
Matale,2024-09-06,2024-09-14,2,validation,train_only,16.0,17.501425575962365,17.0
Matale,2024-09-13,2024-09-21,2,validation,train_only,12.0,24.43881272849528,22.0
Matale,2024-09-20,2024-09-28,2,validation,train_only,26.0,18.518689577037456,16.0
Matale,2024-09-27,2024-10-05,2,validation,train_only,32.0,17.27872154314657,12.0
Matale,2024-10-04,2024-10-12,2,validation,train_only,7.0,23.960029375448794,26.0
Matale,2024-10-11,2024-10-19,2,validation,train_only,43.0,33.53369116488328,32.0
Matale,2024-10-18,2024-10-26,2,validation,train_only,35.0,22.012576157463823,7.0
Matale,2024-10-25,2024-11-02,2,validation,train_only,25.0,37.586863619661386,43.0
Matale,2024-11-01,2024-11-09,2,validation,train_only,41.0,39.010185932145276,35.0
Matale,2024-11-08,2024-11-16,2,validation,train_only,41.0,32.70915842898135,25.0
Matale,2024-11-15,2024-11-23,2,validation,train_only,31.0,38.05528905681908,41.0
Matale,2024-11-22,2024-11-30,2,validation,train_only,37.0,41.66551151985122,41.0
Matale,2024-11-29,2024-12-07,2,validation,train_only,38.0,40.17496506411001,31.0
Matale,2024-12-06,2024-12-14,2,validation,train_only,52.0,39.555181215295434,37.0
Matale,2024-12-13,2024-12-21,2,validation,train_only,34.0,43.18530466158123,38.0
Matale,2024-12-20,2024-12-28,2,validation,train_only,52.0,56.12203938555381,52.0
Matara,2023-12-29,2024-01-06,2,validation,train_only,35.0,39.87921850525982,20.0
Matara,2024-01-05,2024-01-13,2,validation,train_only,27.0,44.16969148511075,46.0
Matara,2024-01-12,2024-01-20,2,validation,train_only,32.0,51.55665146607523,35.0
Matara,2024-01-19,2024-01-27,2,validation,train_only,29.0,31.725790179339317,27.0
Matara,2024-01-26,2024-02-03,2,validation,train_only,26.0,33.39474370107314,32.0
Matara,2024-02-02,2024-02-10,2,validation,train_only,23.0,31.670145400547085,29.0
Matara,2024-02-09,2024-02-17,2,validation,train_only,29.0,27.467946785261276,26.0
Matara,2024-02-16,2024-02-24,2,validation,train_only,15.0,19.91067181254204,23.0
Matara,2024-02-23,2024-03-02,2,validation,train_only,28.0,21.90239358310649,29.0
Matara,2024-03-01,2024-03-09,2,validation,train_only,23.0,17.199246955926036,15.0
Matara,2024-03-08,2024-03-16,2,validation,train_only,14.0,20.134647415652335,28.0
Matara,2024-03-15,2024-03-23,2,validation,train_only,14.0,20.37679419793725,23.0
Matara,2024-03-22,2024-03-30,2,validation,train_only,17.0,15.604402439259188,14.0
Matara,2024-03-29,2024-04-06,2,validation,train_only,11.0,15.143668359280024,14.0
Matara,2024-04-05,2024-04-13,2,validation,train_only,3.0,16.129452627331933,17.0
Matara,2024-04-12,2024-04-20,2,validation,train_only,10.0,16.455079665431565,11.0
Matara,2024-04-19,2024-04-27,2,validation,train_only,14.0,10.591218952364663,3.0
Matara,2024-04-26,2024-05-04,2,validation,train_only,16.0,14.332356656688257,10.0
Matara,2024-05-03,2024-05-11,2,validation,train_only,13.0,15.327275853449004,14.0
Matara,2024-05-10,2024-05-18,2,validation,train_only,7.0,17.998440908977635,16.0
Matara,2024-05-17,2024-05-25,2,validation,train_only,17.0,15.82885294399692,13.0
Matara,2024-05-24,2024-06-01,2,validation,train_only,16.0,12.133572730206552,7.0
Matara,2024-05-31,2024-06-08,2,validation,train_only,11.0,20.371282020542978,17.0
Matara,2024-06-07,2024-06-15,2,validation,train_only,5.0,20.332821265138406,16.0
Matara,2024-06-14,2024-06-22,2,validation,train_only,13.0,18.244600553416813,11.0
Matara,2024-06-21,2024-06-29,2,validation,train_only,22.0,12.786569227450615,5.0
Matara,2024-06-28,2024-07-06,2,validation,train_only,19.0,17.391086549322495,13.0
Matara,2024-07-05,2024-07-13,2,validation,train_only,27.0,20.031382080929717,22.0
Matara,2024-07-12,2024-07-20,2,validation,train_only,44.0,20.070546549986034,19.0
Matara,2024-07-19,2024-07-27,2,validation,train_only,31.0,26.76062853409106,27.0
Matara,2024-07-26,2024-08-03,2,validation,train_only,29.0,43.2350723819836,44.0
Matara,2024-08-02,2024-08-10,2,validation,train_only,38.0,38.66950952894896,31.0
Matara,2024-08-09,2024-08-17,2,validation,train_only,22.0,30.76747518659625,29.0
Matara,2024-08-16,2024-08-24,2,validation,train_only,13.0,40.56193504290428,38.0
Matara,2024-08-23,2024-08-31,2,validation,train_only,31.0,29.201711718033234,22.0
Matara,2024-08-30,2024-09-07,2,validation,train_only,22.0,24.07582826733347,13.0
Matara,2024-09-06,2024-09-14,2,validation,train_only,28.0,34.738592204116514,31.0
Matara,2024-09-13,2024-09-21,2,validation,train_only,22.0,29.17162564066207,22.0
Matara,2024-09-20,2024-09-28,2,validation,train_only,75.0,30.46102826571191,28.0
Matara,2024-09-27,2024-10-05,2,validation,train_only,46.0,25.96849800399187,22.0
Matara,2024-10-04,2024-10-12,2,validation,train_only,36.0,57.947641261985204,75.0
Matara,2024-10-11,2024-10-19,2,validation,train_only,29.0,52.82083344822265,46.0
Matara,2024-10-18,2024-10-26,2,validation,train_only,18.0,43.388853870298405,36.0
Matara,2024-10-25,2024-11-02,2,validation,train_only,19.0,36.773550974801054,29.0
Matara,2024-11-01,2024-11-09,2,validation,train_only,14.0,25.571381703444104,18.0
Matara,2024-11-08,2024-11-16,2,validation,train_only,20.0,25.287157658533545,19.0
Matara,2024-11-15,2024-11-23,2,validation,train_only,20.0,20.733866534882107,14.0
Matara,2024-11-22,2024-11-30,2,validation,train_only,15.0,21.262022178024534,20.0
Matara,2024-11-29,2024-12-07,2,validation,train_only,11.0,22.216609865970934,20.0
Matara,2024-12-06,2024-12-14,2,validation,train_only,12.0,20.473179868875235,15.0
Matara,2024-12-13,2024-12-21,2,validation,train_only,26.0,18.074717868292772,11.0
Matara,2024-12-20,2024-12-28,2,validation,train_only,28.0,18.853452989620948,12.0
Monaragala,2023-12-29,2024-01-06,2,validation,train_only,29.0,67.49952001924771,29.0
Monaragala,2024-01-05,2024-01-13,2,validation,train_only,87.0,47.803940250792905,42.0
Monaragala,2024-01-12,2024-01-20,2,validation,train_only,48.0,103.8438013282802,29.0
Monaragala,2024-01-19,2024-01-27,2,validation,train_only,36.0,72.246760322664,87.0
Monaragala,2024-01-26,2024-02-03,2,validation,train_only,21.0,51.60924760305845,48.0
Monaragala,2024-02-02,2024-02-10,2,validation,train_only,15.0,43.40150073894088,36.0
Monaragala,2024-02-09,2024-02-17,2,validation,train_only,27.0,33.61985998370721,21.0
Monaragala,2024-02-16,2024-02-24,2,validation,train_only,25.0,25.215876314232744,15.0
Monaragala,2024-02-23,2024-03-02,2,validation,train_only,17.0,23.290767942045736,27.0
Monaragala,2024-03-01,2024-03-09,2,validation,train_only,19.0,23.844385768353376,25.0
Monaragala,2024-03-08,2024-03-16,2,validation,train_only,12.0,17.9754429172702,17.0
Monaragala,2024-03-15,2024-03-23,2,validation,train_only,10.0,17.658827279005994,19.0
Monaragala,2024-03-22,2024-03-30,2,validation,train_only,8.0,14.647039890612735,12.0
Monaragala,2024-03-29,2024-04-06,2,validation,train_only,12.0,14.610931234369184,10.0
Monaragala,2024-04-05,2024-04-13,2,validation,train_only,10.0,9.138226828537258,8.0
Monaragala,2024-04-12,2024-04-20,2,validation,train_only,15.0,12.193910333578115,12.0
Monaragala,2024-04-19,2024-04-27,2,validation,train_only,7.0,12.067903283267876,10.0
Monaragala,2024-04-26,2024-05-04,2,validation,train_only,12.0,13.926381088739596,15.0
Monaragala,2024-05-03,2024-05-11,2,validation,train_only,14.0,9.535519359332996,7.0
Monaragala,2024-05-10,2024-05-18,2,validation,train_only,5.0,12.65755111572214,12.0
Monaragala,2024-05-17,2024-05-25,2,validation,train_only,15.0,13.404679670564734,14.0
Monaragala,2024-05-24,2024-06-01,2,validation,train_only,20.0,10.950831754315175,5.0
Monaragala,2024-05-31,2024-06-08,2,validation,train_only,14.0,15.628167972830205,15.0
Monaragala,2024-06-07,2024-06-15,2,validation,train_only,16.0,21.264895400465,20.0
Monaragala,2024-06-14,2024-06-22,2,validation,train_only,13.0,16.658938440222126,14.0
Monaragala,2024-06-21,2024-06-29,2,validation,train_only,11.0,17.024842457040354,16.0
Monaragala,2024-06-28,2024-07-06,2,validation,train_only,15.0,15.640093130815284,13.0
Monaragala,2024-07-05,2024-07-13,2,validation,train_only,12.0,13.683121568888176,11.0
Monaragala,2024-07-12,2024-07-20,2,validation,train_only,15.0,14.328226806153198,15.0
Monaragala,2024-07-19,2024-07-27,2,validation,train_only,12.0,14.099459600653411,12.0
Monaragala,2024-07-26,2024-08-03,2,validation,train_only,12.0,14.400769766073715,15.0
Monaragala,2024-08-02,2024-08-10,2,validation,train_only,13.0,13.806244601956566,12.0
Monaragala,2024-08-09,2024-08-17,2,validation,train_only,15.0,14.570729715220347,12.0
Monaragala,2024-08-16,2024-08-24,2,validation,train_only,18.0,14.18231644625669,13.0
Monaragala,2024-08-23,2024-08-31,2,validation,train_only,17.0,15.949027593136137,15.0
Monaragala,2024-08-30,2024-09-07,2,validation,train_only,4.0,20.46373917138733,18.0
Monaragala,2024-09-06,2024-09-14,2,validation,train_only,19.0,18.75077375027165,17.0
Monaragala,2024-09-13,2024-09-21,2,validation,train_only,21.0,11.727279856787272,4.0
Monaragala,2024-09-20,2024-09-28,2,validation,train_only,30.0,15.153735621691965,19.0
Monaragala,2024-09-27,2024-10-05,2,validation,train_only,34.0,19.80863040002833,21.0
Monaragala,2024-10-04,2024-10-12,2,validation,train_only,40.0,27.507222735510016,30.0
Monaragala,2024-10-11,2024-10-19,2,validation,train_only,28.0,36.208820199918335,34.0
Monaragala,2024-10-18,2024-10-26,2,validation,train_only,26.0,40.05993050885242,40.0
Monaragala,2024-10-25,2024-11-02,2,validation,train_only,19.0,32.33042343064264,28.0
Monaragala,2024-11-01,2024-11-09,2,validation,train_only,15.0,30.71354058968416,26.0
Monaragala,2024-11-08,2024-11-16,2,validation,train_only,45.0,26.954050697643897,19.0
Monaragala,2024-11-15,2024-11-23,2,validation,train_only,20.0,22.182101552613698,15.0
Monaragala,2024-11-22,2024-11-30,2,validation,train_only,13.0,41.100690114278976,45.0
Monaragala,2024-11-29,2024-12-07,2,validation,train_only,22.0,30.690155023279107,20.0
Monaragala,2024-12-06,2024-12-14,2,validation,train_only,13.0,25.90313375901815,13.0
Monaragala,2024-12-13,2024-12-21,2,validation,train_only,13.0,27.821883253161936,22.0
Monaragala,2024-12-20,2024-12-28,2,validation,train_only,25.0,22.992027647788266,13.0
Mullaitivu,2023-12-29,2024-01-06,2,validation,train_only,26.0,22.50793228956496,24.0
Mullaitivu,2024-01-05,2024-01-13,2,validation,train_only,31.0,33.59611919549642,25.0
Mullaitivu,2024-01-12,2024-01-20,2,validation,train_only,23.0,30.720589723202973,26.0
Mullaitivu,2024-01-19,2024-01-27,2,validation,train_only,11.0,40.93179866715067,31.0
Mullaitivu,2024-01-26,2024-02-03,2,validation,train_only,22.0,24.783641127323136,23.0
Mullaitivu,2024-02-02,2024-02-10,2,validation,train_only,8.0,21.17542563177328,11.0
Mullaitivu,2024-02-09,2024-02-17,2,validation,train_only,9.0,19.458972269007816,22.0
Mullaitivu,2024-02-16,2024-02-24,2,validation,train_only,2.0,11.412760463844423,8.0
Mullaitivu,2024-02-23,2024-03-02,2,validation,train_only,5.0,10.719544614123276,9.0
Mullaitivu,2024-03-01,2024-03-09,2,validation,train_only,7.0,5.768251071474091,2.0
Mullaitivu,2024-03-08,2024-03-16,2,validation,train_only,1.0,6.308288073835358,5.0
Mullaitivu,2024-03-15,2024-03-23,2,validation,train_only,1.0,5.132283486654462,7.0
Mullaitivu,2024-03-22,2024-03-30,2,validation,train_only,3.0,4.037847901562376,1.0
Mullaitivu,2024-03-29,2024-04-06,2,validation,train_only,2.0,2.67518020490857,1.0
Mullaitivu,2024-04-05,2024-04-13,2,validation,train_only,2.0,2.4544813305566358,3.0
Mullaitivu,2024-04-12,2024-04-20,2,validation,train_only,1.0,2.3070957585560112,2.0
Mullaitivu,2024-04-19,2024-04-27,2,validation,train_only,2.0,2.094793808458889,2.0
Mullaitivu,2024-04-26,2024-05-04,2,validation,train_only,2.0,2.051100230079191,1.0
Mullaitivu,2024-05-03,2024-05-11,2,validation,train_only,0.0,2.4422978751779216,2.0
Mullaitivu,2024-05-10,2024-05-18,2,validation,train_only,0.0,2.466708724167885,2.0
Mullaitivu,2024-05-17,2024-05-25,2,validation,train_only,1.0,2.3947105515892297,0.0
Mullaitivu,2024-05-24,2024-06-01,2,validation,train_only,0.0,1.5679645837881844,0.0
Mullaitivu,2024-05-31,2024-06-08,2,validation,train_only,0.0,1.6235298910522127,1.0
Mullaitivu,2024-06-07,2024-06-15,2,validation,train_only,1.0,1.4302253086892378,0.0
Mullaitivu,2024-06-14,2024-06-22,2,validation,train_only,1.0,0.8534113306150004,0.0
Mullaitivu,2024-06-21,2024-06-29,2,validation,train_only,1.0,1.0291950124944789,1.0
Mullaitivu,2024-06-28,2024-07-06,2,validation,train_only,3.0,0.8226946123259922,1.0
Mullaitivu,2024-07-05,2024-07-13,2,validation,train_only,0.0,0.8120791112150698,1.0
Mullaitivu,2024-07-12,2024-07-20,2,validation,train_only,1.0,1.8219149687136602,3.0
Mullaitivu,2024-07-19,2024-07-27,2,validation,train_only,1.0,1.525187633363413,0.0
Mullaitivu,2024-07-26,2024-08-03,2,validation,train_only,1.0,1.4580465301079977,1.0
Mullaitivu,2024-08-02,2024-08-10,2,validation,train_only,1.0,1.2687551369242989,1.0
Mullaitivu,2024-08-09,2024-08-17,2,validation,train_only,0.0,1.391136875928827,1.0
Mullaitivu,2024-08-16,2024-08-24,2,validation,train_only,2.0,1.3311148551306442,1.0
Mullaitivu,2024-08-23,2024-08-31,2,validation,train_only,2.0,1.1739505564677426,0.0
Mullaitivu,2024-08-30,2024-09-07,2,validation,train_only,2.0,1.4870016527753243,2.0
Mullaitivu,2024-09-06,2024-09-14,2,validation,train_only,4.0,1.700958551708286,2.0
Mullaitivu,2024-09-13,2024-09-21,2,validation,train_only,1.0,1.6968212901097215,2.0
Mullaitivu,2024-09-20,2024-09-28,2,validation,train_only,1.0,2.1434219964801944,4.0
Mullaitivu,2024-09-27,2024-10-05,2,validation,train_only,1.0,2.092338056890341,1.0
Mullaitivu,2024-10-04,2024-10-12,2,validation,train_only,0.0,2.1271312360884336,1.0
Mullaitivu,2024-10-11,2024-10-19,2,validation,train_only,1.0,2.0183052703970703,1.0
Mullaitivu,2024-10-18,2024-10-26,2,validation,train_only,1.0,2.2146363149547352,0.0
Mullaitivu,2024-10-25,2024-11-02,2,validation,train_only,3.0,1.323140552776265,1.0
Mullaitivu,2024-11-01,2024-11-09,2,validation,train_only,1.0,1.664605775094,1.0
Mullaitivu,2024-11-08,2024-11-16,2,validation,train_only,3.0,2.4207153835210553,3.0
Mullaitivu,2024-11-15,2024-11-23,2,validation,train_only,3.0,2.590667953023001,1.0
Mullaitivu,2024-11-22,2024-11-30,2,validation,train_only,0.0,3.0856352111311627,3.0
Mullaitivu,2024-11-29,2024-12-07,2,validation,train_only,5.0,4.3872483001319775,3.0
Mullaitivu,2024-12-06,2024-12-14,2,validation,train_only,2.0,5.576154227621035,0.0
Mullaitivu,2024-12-13,2024-12-21,2,validation,train_only,4.0,12.837088366647158,5.0
Mullaitivu,2024-12-20,2024-12-28,2,validation,train_only,3.0,6.4731611822444775,2.0
Nuwara Eliya,2023-12-29,2024-01-06,2,validation,train_only,28.0,34.467345431192754,13.0
Nuwara Eliya,2024-01-05,2024-01-13,2,validation,train_only,22.0,34.3844006153061,19.0
Nuwara Eliya,2024-01-12,2024-01-20,2,validation,train_only,18.0,28.8059814913219,28.0
Nuwara Eliya,2024-01-19,2024-01-27,2,validation,train_only,13.0,27.210109182664997,22.0
Nuwara Eliya,2024-01-26,2024-02-03,2,validation,train_only,18.0,21.311209672294968,18.0
Nuwara Eliya,2024-02-02,2024-02-10,2,validation,train_only,9.0,19.806989874056892,13.0
Nuwara Eliya,2024-02-09,2024-02-17,2,validation,train_only,9.0,17.444361628751743,18.0
Nuwara Eliya,2024-02-16,2024-02-24,2,validation,train_only,6.0,13.018304897206209,9.0
Nuwara Eliya,2024-02-23,2024-03-02,2,validation,train_only,10.0,11.654258879432483,9.0
Nuwara Eliya,2024-03-01,2024-03-09,2,validation,train_only,4.0,8.681345295817804,6.0
Nuwara Eliya,2024-03-08,2024-03-16,2,validation,train_only,6.0,8.067414231404799,10.0
Nuwara Eliya,2024-03-15,2024-03-23,2,validation,train_only,7.0,5.872872688793806,4.0
Nuwara Eliya,2024-03-22,2024-03-30,2,validation,train_only,3.0,6.153155816046175,6.0
Nuwara Eliya,2024-03-29,2024-04-06,2,validation,train_only,1.0,5.98947744508114,7.0
Nuwara Eliya,2024-04-05,2024-04-13,2,validation,train_only,7.0,4.94082872674477,3.0
Nuwara Eliya,2024-04-12,2024-04-20,2,validation,train_only,3.0,3.5471988426747734,1.0
Nuwara Eliya,2024-04-19,2024-04-27,2,validation,train_only,3.0,5.5860930358441045,7.0
Nuwara Eliya,2024-04-26,2024-05-04,2,validation,train_only,4.0,3.673734838890512,3.0
Nuwara Eliya,2024-05-03,2024-05-11,2,validation,train_only,2.0,3.231164112321432,3.0
Nuwara Eliya,2024-05-10,2024-05-18,2,validation,train_only,1.0,3.4541541046659336,4.0
Nuwara Eliya,2024-05-17,2024-05-25,2,validation,train_only,2.0,4.679624620461114,2.0
Nuwara Eliya,2024-05-24,2024-06-01,2,validation,train_only,5.0,4.359503637854165,1.0
Nuwara Eliya,2024-05-31,2024-06-08,2,validation,train_only,4.0,3.6272519590681553,2.0
Nuwara Eliya,2024-06-07,2024-06-15,2,validation,train_only,2.0,5.65233169649645,5.0
Nuwara Eliya,2024-06-14,2024-06-22,2,validation,train_only,10.0,5.158242958248261,4.0
Nuwara Eliya,2024-06-21,2024-06-29,2,validation,train_only,7.0,5.599357200030091,2.0
Nuwara Eliya,2024-06-28,2024-07-06,2,validation,train_only,10.0,8.984970283457157,10.0
Nuwara Eliya,2024-07-05,2024-07-13,2,validation,train_only,6.0,7.7985265444406755,7.0
Nuwara Eliya,2024-07-12,2024-07-20,2,validation,train_only,5.0,8.943520859032294,10.0
Nuwara Eliya,2024-07-19,2024-07-27,2,validation,train_only,9.0,8.901566351279413,6.0
Nuwara Eliya,2024-07-26,2024-08-03,2,validation,train_only,5.0,7.547451243032083,5.0
Nuwara Eliya,2024-08-02,2024-08-10,2,validation,train_only,10.0,7.902824622744035,9.0
Nuwara Eliya,2024-08-09,2024-08-17,2,validation,train_only,7.0,7.549354311768698,5.0
Nuwara Eliya,2024-08-16,2024-08-24,2,validation,train_only,4.0,9.741591551735535,10.0
Nuwara Eliya,2024-08-23,2024-08-31,2,validation,train_only,1.0,8.355785902790801,7.0
Nuwara Eliya,2024-08-30,2024-09-07,2,validation,train_only,5.0,7.67566757514397,4.0
Nuwara Eliya,2024-09-06,2024-09-14,2,validation,train_only,6.0,7.073541554610389,1.0
Nuwara Eliya,2024-09-13,2024-09-21,2,validation,train_only,8.0,6.750116174961841,5.0
Nuwara Eliya,2024-09-20,2024-09-28,2,validation,train_only,7.0,6.310213596540656,6.0
Nuwara Eliya,2024-09-27,2024-10-05,2,validation,train_only,4.0,7.314074349712578,8.0
Nuwara Eliya,2024-10-04,2024-10-12,2,validation,train_only,5.0,8.75718115267083,7.0
Nuwara Eliya,2024-10-11,2024-10-19,2,validation,train_only,4.0,7.409787400201923,4.0
Nuwara Eliya,2024-10-18,2024-10-26,2,validation,train_only,6.0,6.5129409463206125,5.0
Nuwara Eliya,2024-10-25,2024-11-02,2,validation,train_only,5.0,7.091781002662744,4.0
Nuwara Eliya,2024-11-01,2024-11-09,2,validation,train_only,0.0,7.212056080235882,6.0
Nuwara Eliya,2024-11-08,2024-11-16,2,validation,train_only,4.0,6.9192120309060385,5.0
Nuwara Eliya,2024-11-15,2024-11-23,2,validation,train_only,3.0,5.746871687100617,0.0
Nuwara Eliya,2024-11-22,2024-11-30,2,validation,train_only,2.0,5.208824110715728,4.0
Nuwara Eliya,2024-11-29,2024-12-07,2,validation,train_only,1.0,5.847287991247621,3.0
Nuwara Eliya,2024-12-06,2024-12-14,2,validation,train_only,3.0,4.411893340399003,2.0
Nuwara Eliya,2024-12-13,2024-12-21,2,validation,train_only,10.0,3.844868970544128,1.0
Nuwara Eliya,2024-12-20,2024-12-28,2,validation,train_only,5.0,4.119384621317475,3.0
Polonnaruwa,2023-12-29,2024-01-06,2,validation,train_only,12.0,25.947494669607657,8.0
Polonnaruwa,2024-01-05,2024-01-13,2,validation,train_only,42.0,31.21909931416596,21.0
Polonnaruwa,2024-01-12,2024-01-20,2,validation,train_only,12.0,18.521281618495756,12.0
Polonnaruwa,2024-01-19,2024-01-27,2,validation,train_only,10.0,40.5834169778761,42.0
Polonnaruwa,2024-01-26,2024-02-03,2,validation,train_only,19.0,26.145584226421644,12.0
Polonnaruwa,2024-02-02,2024-02-10,2,validation,train_only,41.0,25.651875888407393,10.0
Polonnaruwa,2024-02-09,2024-02-17,2,validation,train_only,17.0,18.42486387114078,19.0
Polonnaruwa,2024-02-16,2024-02-24,2,validation,train_only,7.0,32.10012460218986,41.0
Polonnaruwa,2024-02-23,2024-03-02,2,validation,train_only,11.0,22.443303031212682,17.0
Polonnaruwa,2024-03-01,2024-03-09,2,validation,train_only,10.0,17.5762906988323,7.0
Polonnaruwa,2024-03-08,2024-03-16,2,validation,train_only,15.0,11.977551038291685,11.0
Polonnaruwa,2024-03-15,2024-03-23,2,validation,train_only,7.0,10.902147134897803,10.0
Polonnaruwa,2024-03-22,2024-03-30,2,validation,train_only,7.0,12.462777368652155,15.0
Polonnaruwa,2024-03-29,2024-04-06,2,validation,train_only,4.0,8.530780600517247,7.0
Polonnaruwa,2024-04-05,2024-04-13,2,validation,train_only,3.0,7.311972259606381,7.0
Polonnaruwa,2024-04-12,2024-04-20,2,validation,train_only,5.0,6.0217908513116045,4.0
Polonnaruwa,2024-04-19,2024-04-27,2,validation,train_only,7.0,4.788855919107586,3.0
Polonnaruwa,2024-04-26,2024-05-04,2,validation,train_only,6.0,4.773370220161206,5.0
Polonnaruwa,2024-05-03,2024-05-11,2,validation,train_only,3.0,4.9986177380233565,7.0
Polonnaruwa,2024-05-10,2024-05-18,2,validation,train_only,6.0,5.793756014131868,6.0
Polonnaruwa,2024-05-17,2024-05-25,2,validation,train_only,2.0,6.1315077913600415,3.0
Polonnaruwa,2024-05-24,2024-06-01,2,validation,train_only,2.0,6.770223118387704,6.0
Polonnaruwa,2024-05-31,2024-06-08,2,validation,train_only,6.0,5.5698703927002775,2.0
Polonnaruwa,2024-06-07,2024-06-15,2,validation,train_only,5.0,5.975460631316169,2.0
Polonnaruwa,2024-06-14,2024-06-22,2,validation,train_only,13.0,8.777651647928938,6.0
Polonnaruwa,2024-06-21,2024-06-29,2,validation,train_only,3.0,6.31603820358702,5.0
Polonnaruwa,2024-06-28,2024-07-06,2,validation,train_only,7.0,9.213746453571757,13.0
Polonnaruwa,2024-07-05,2024-07-13,2,validation,train_only,14.0,6.551004491051165,3.0
Polonnaruwa,2024-07-12,2024-07-20,2,validation,train_only,6.0,6.464828815973121,7.0
Polonnaruwa,2024-07-19,2024-07-27,2,validation,train_only,11.0,9.111122481571465,14.0
Polonnaruwa,2024-07-26,2024-08-03,2,validation,train_only,4.0,6.934893164759131,6.0
Polonnaruwa,2024-08-02,2024-08-10,2,validation,train_only,8.0,9.787213711245526,11.0
Polonnaruwa,2024-08-09,2024-08-17,2,validation,train_only,10.0,6.099697207883138,4.0
Polonnaruwa,2024-08-16,2024-08-24,2,validation,train_only,7.0,6.758201734989932,8.0
Polonnaruwa,2024-08-23,2024-08-31,2,validation,train_only,3.0,9.221273941798108,10.0
Polonnaruwa,2024-08-30,2024-09-07,2,validation,train_only,5.0,7.0025220890328805,7.0
Polonnaruwa,2024-09-06,2024-09-14,2,validation,train_only,5.0,5.907684509785778,3.0
Polonnaruwa,2024-09-13,2024-09-21,2,validation,train_only,8.0,5.473547329630279,5.0
Polonnaruwa,2024-09-20,2024-09-28,2,validation,train_only,8.0,4.9505657146315185,5.0
Polonnaruwa,2024-09-27,2024-10-05,2,validation,train_only,10.0,5.848875617847389,8.0
Polonnaruwa,2024-10-04,2024-10-12,2,validation,train_only,1.0,6.529117073781145,8.0
Polonnaruwa,2024-10-11,2024-10-19,2,validation,train_only,6.0,11.055385442872675,10.0
Polonnaruwa,2024-10-18,2024-10-26,2,validation,train_only,3.0,5.685760226733269,1.0
Polonnaruwa,2024-10-25,2024-11-02,2,validation,train_only,8.0,6.291914980076348,6.0
Polonnaruwa,2024-11-01,2024-11-09,2,validation,train_only,7.0,7.624393088606115,3.0
Polonnaruwa,2024-11-08,2024-11-16,2,validation,train_only,6.0,9.118096110861318,8.0
Polonnaruwa,2024-11-15,2024-11-23,2,validation,train_only,17.0,8.756656063688059,7.0
Polonnaruwa,2024-11-22,2024-11-30,2,validation,train_only,6.0,10.900270578820896,6.0
Polonnaruwa,2024-11-29,2024-12-07,2,validation,train_only,5.0,19.75520178008461,17.0
Polonnaruwa,2024-12-06,2024-12-14,2,validation,train_only,3.0,11.657031927740114,6.0
Polonnaruwa,2024-12-13,2024-12-21,2,validation,train_only,6.0,11.246057687493057,5.0
Polonnaruwa,2024-12-20,2024-12-28,2,validation,train_only,14.0,13.79645653727729,3.0
Puttalam,2023-12-29,2024-01-06,2,validation,train_only,92.0,77.65159955997365,63.0
Puttalam,2024-01-05,2024-01-13,2,validation,train_only,127.0,88.8282722057097,90.0
Puttalam,2024-01-12,2024-01-20,2,validation,train_only,76.0,91.97202628427019,92.0
Puttalam,2024-01-19,2024-01-27,2,validation,train_only,52.0,122.60619292881474,127.0
Puttalam,2024-01-26,2024-02-03,2,validation,train_only,34.0,76.57174722862244,76.0
Puttalam,2024-02-02,2024-02-10,2,validation,train_only,102.0,58.711932887007826,52.0
Puttalam,2024-02-09,2024-02-17,2,validation,train_only,29.0,42.342956024611816,34.0
Puttalam,2024-02-16,2024-02-24,2,validation,train_only,21.0,87.82540557977492,102.0
Puttalam,2024-02-23,2024-03-02,2,validation,train_only,14.0,42.64727780062423,29.0
Puttalam,2024-03-01,2024-03-09,2,validation,train_only,9.0,25.551118738579248,21.0
Puttalam,2024-03-08,2024-03-16,2,validation,train_only,12.0,29.702059886772524,14.0
Puttalam,2024-03-15,2024-03-23,2,validation,train_only,9.0,21.994956954304318,9.0
Puttalam,2024-03-22,2024-03-30,2,validation,train_only,18.0,12.464444569829512,12.0
Puttalam,2024-03-29,2024-04-06,2,validation,train_only,8.0,9.68677924229001,9.0
Puttalam,2024-04-05,2024-04-13,2,validation,train_only,19.0,13.44021706208236,18.0
Puttalam,2024-04-12,2024-04-20,2,validation,train_only,7.0,10.388634405308197,8.0
Puttalam,2024-04-19,2024-04-27,2,validation,train_only,7.0,15.303985926394866,19.0
Puttalam,2024-04-26,2024-05-04,2,validation,train_only,7.0,10.257574118807526,7.0
Puttalam,2024-05-03,2024-05-11,2,validation,train_only,13.0,8.910931343267169,7.0
Puttalam,2024-05-10,2024-05-18,2,validation,train_only,11.0,8.895537663538745,7.0
Puttalam,2024-05-17,2024-05-25,2,validation,train_only,11.0,13.441558709297654,13.0
Puttalam,2024-05-24,2024-06-01,2,validation,train_only,7.0,15.070927881779452,11.0
Puttalam,2024-05-31,2024-06-08,2,validation,train_only,10.0,16.796469613240085,11.0
Puttalam,2024-06-07,2024-06-15,2,validation,train_only,9.0,12.696544018088828,7.0
Puttalam,2024-06-14,2024-06-22,2,validation,train_only,27.0,15.208856356010932,10.0
Puttalam,2024-06-21,2024-06-29,2,validation,train_only,21.0,14.351598621333933,9.0
Puttalam,2024-06-28,2024-07-06,2,validation,train_only,13.0,21.8815920876751,27.0
Puttalam,2024-07-05,2024-07-13,2,validation,train_only,28.0,22.98535918802396,21.0
Puttalam,2024-07-12,2024-07-20,2,validation,train_only,24.0,21.301089610147145,13.0
Puttalam,2024-07-19,2024-07-27,2,validation,train_only,19.0,23.82588100336219,28.0
Puttalam,2024-07-26,2024-08-03,2,validation,train_only,24.0,24.73381349803685,24.0
Puttalam,2024-08-02,2024-08-10,2,validation,train_only,16.0,22.767911734394275,19.0
Puttalam,2024-08-09,2024-08-17,2,validation,train_only,9.0,24.474563494409026,24.0
Puttalam,2024-08-16,2024-08-24,2,validation,train_only,17.0,20.326910151891163,16.0
Puttalam,2024-08-23,2024-08-31,2,validation,train_only,11.0,17.242041821467513,9.0
Puttalam,2024-08-30,2024-09-07,2,validation,train_only,11.0,16.994162634381137,17.0
Puttalam,2024-09-06,2024-09-14,2,validation,train_only,16.0,17.658290159069622,11.0
Puttalam,2024-09-13,2024-09-21,2,validation,train_only,16.0,15.412638238955854,11.0
Puttalam,2024-09-20,2024-09-28,2,validation,train_only,23.0,14.035497376864196,16.0
Puttalam,2024-09-27,2024-10-05,2,validation,train_only,11.0,16.477714098392237,16.0
Puttalam,2024-10-04,2024-10-12,2,validation,train_only,28.0,23.103096902316043,23.0
Puttalam,2024-10-11,2024-10-19,2,validation,train_only,15.0,18.826185129020494,11.0
Puttalam,2024-10-18,2024-10-26,2,validation,train_only,21.0,23.2114132881182,28.0
Puttalam,2024-10-25,2024-11-02,2,validation,train_only,28.0,20.2073224213506,15.0
Puttalam,2024-11-01,2024-11-09,2,validation,train_only,19.0,24.241779778826626,21.0
Puttalam,2024-11-08,2024-11-16,2,validation,train_only,30.0,28.91968125954231,28.0
Puttalam,2024-11-15,2024-11-23,2,validation,train_only,23.0,24.113938467882534,19.0
Puttalam,2024-11-22,2024-11-30,2,validation,train_only,28.0,30.37151739535384,30.0
Puttalam,2024-11-29,2024-12-07,2,validation,train_only,31.0,27.39891363032729,23.0
Puttalam,2024-12-06,2024-12-14,2,validation,train_only,39.0,30.02882596301597,28.0
Puttalam,2024-12-13,2024-12-21,2,validation,train_only,23.0,36.29850926330551,31.0
Puttalam,2024-12-20,2024-12-28,2,validation,train_only,30.0,45.23292540263951,39.0
Ratnapura,2023-12-29,2024-01-06,2,validation,train_only,77.0,62.873296623175264,54.0
Ratnapura,2024-01-05,2024-01-13,2,validation,train_only,43.0,90.75458620639212,76.0
Ratnapura,2024-01-12,2024-01-20,2,validation,train_only,67.0,136.97354241278003,77.0
Ratnapura,2024-01-19,2024-01-27,2,validation,train_only,72.0,60.0781432848281,43.0
Ratnapura,2024-01-26,2024-02-03,2,validation,train_only,82.0,58.36188461949696,67.0
Ratnapura,2024-02-02,2024-02-10,2,validation,train_only,14.0,65.14107059197222,72.0
Ratnapura,2024-02-09,2024-02-17,2,validation,train_only,57.0,73.61487083927148,82.0
Ratnapura,2024-02-16,2024-02-24,2,validation,train_only,57.0,39.123451579961696,14.0
Ratnapura,2024-02-23,2024-03-02,2,validation,train_only,38.0,52.4064545849292,57.0
Ratnapura,2024-03-01,2024-03-09,2,validation,train_only,56.0,51.01108994917871,57.0
Ratnapura,2024-03-08,2024-03-16,2,validation,train_only,48.0,43.45804240205455,38.0
Ratnapura,2024-03-15,2024-03-23,2,validation,train_only,53.0,51.74213595367594,56.0
Ratnapura,2024-03-22,2024-03-30,2,validation,train_only,49.0,53.05277501683836,48.0
Ratnapura,2024-03-29,2024-04-06,2,validation,train_only,39.0,63.26729033693356,53.0
Ratnapura,2024-04-05,2024-04-13,2,validation,train_only,44.0,63.70734157312778,49.0
Ratnapura,2024-04-12,2024-04-20,2,validation,train_only,67.0,55.04761719207852,39.0
Ratnapura,2024-04-19,2024-04-27,2,validation,train_only,74.0,54.93172468970651,44.0
Ratnapura,2024-04-26,2024-05-04,2,validation,train_only,88.0,57.441692104790185,67.0
Ratnapura,2024-05-03,2024-05-11,2,validation,train_only,72.0,77.18473570438307,74.0
Ratnapura,2024-05-10,2024-05-18,2,validation,train_only,76.0,107.25051958764354,88.0
Ratnapura,2024-05-17,2024-05-25,2,validation,train_only,84.0,81.24973124565695,72.0
Ratnapura,2024-05-24,2024-06-01,2,validation,train_only,60.0,80.9216199848328,76.0
Ratnapura,2024-05-31,2024-06-08,2,validation,train_only,47.0,135.54602287991636,84.0
Ratnapura,2024-06-07,2024-06-15,2,validation,train_only,57.0,104.63109814732204,60.0
Ratnapura,2024-06-14,2024-06-22,2,validation,train_only,58.0,79.70565048334362,47.0
Ratnapura,2024-06-21,2024-06-29,2,validation,train_only,52.0,71.73991616230256,57.0
Ratnapura,2024-06-28,2024-07-06,2,validation,train_only,51.0,68.91596866428914,58.0
Ratnapura,2024-07-05,2024-07-13,2,validation,train_only,81.0,65.41321510278942,52.0
Ratnapura,2024-07-12,2024-07-20,2,validation,train_only,76.0,54.607605153149656,51.0
Ratnapura,2024-07-19,2024-07-27,2,validation,train_only,72.0,67.15936708688179,81.0
Ratnapura,2024-07-26,2024-08-03,2,validation,train_only,51.0,77.35143837295276,76.0
Ratnapura,2024-08-02,2024-08-10,2,validation,train_only,38.0,71.71861122496759,72.0
Ratnapura,2024-08-09,2024-08-17,2,validation,train_only,25.0,55.6448468478978,51.0
Ratnapura,2024-08-16,2024-08-24,2,validation,train_only,48.0,48.803542740931704,38.0
Ratnapura,2024-08-23,2024-08-31,2,validation,train_only,51.0,37.332743055465215,25.0
Ratnapura,2024-08-30,2024-09-07,2,validation,train_only,18.0,49.0420153397739,48.0
Ratnapura,2024-09-06,2024-09-14,2,validation,train_only,32.0,55.72601147867509,51.0
Ratnapura,2024-09-13,2024-09-21,2,validation,train_only,40.0,56.064941207966136,18.0
Ratnapura,2024-09-20,2024-09-28,2,validation,train_only,31.0,44.77984919749697,32.0
Ratnapura,2024-09-27,2024-10-05,2,validation,train_only,45.0,43.140669296500405,40.0
Ratnapura,2024-10-04,2024-10-12,2,validation,train_only,42.0,49.65571141030759,31.0
Ratnapura,2024-10-11,2024-10-19,2,validation,train_only,54.0,47.9871847078163,45.0
Ratnapura,2024-10-18,2024-10-26,2,validation,train_only,61.0,43.61140534009858,42.0
Ratnapura,2024-10-25,2024-11-02,2,validation,train_only,48.0,53.377347611870555,54.0
Ratnapura,2024-11-01,2024-11-09,2,validation,train_only,41.0,58.901277635774605,61.0
Ratnapura,2024-11-08,2024-11-16,2,validation,train_only,54.0,56.94459966582287,48.0
Ratnapura,2024-11-15,2024-11-23,2,validation,train_only,53.0,46.429919286785804,41.0
Ratnapura,2024-11-22,2024-11-30,2,validation,train_only,38.0,66.92778521312889,54.0
Ratnapura,2024-11-29,2024-12-07,2,validation,train_only,44.0,67.74106591820578,53.0
Ratnapura,2024-12-06,2024-12-14,2,validation,train_only,20.0,53.39714766422702,38.0
Ratnapura,2024-12-13,2024-12-21,2,validation,train_only,47.0,50.238801873350184,44.0
Ratnapura,2024-12-20,2024-12-28,2,validation,train_only,30.0,57.69012519724787,20.0
Trincomalee,2023-12-29,2024-01-06,2,validation,train_only,50.0,29.30539156292102,23.0
Trincomalee,2024-01-05,2024-01-13,2,validation,train_only,33.0,39.79973428633934,42.0
Trincomalee,2024-01-12,2024-01-20,2,validation,train_only,42.0,56.24702948187089,50.0
Trincomalee,2024-01-19,2024-01-27,2,validation,train_only,29.0,42.35256606111674,33.0
Trincomalee,2024-01-26,2024-02-03,2,validation,train_only,31.0,39.72683627030233,42.0
Trincomalee,2024-02-02,2024-02-10,2,validation,train_only,33.0,31.982359596150722,29.0
Trincomalee,2024-02-09,2024-02-17,2,validation,train_only,26.0,32.231351544193195,31.0
Trincomalee,2024-02-16,2024-02-24,2,validation,train_only,26.0,29.123936248965524,33.0
Trincomalee,2024-02-23,2024-03-02,2,validation,train_only,13.0,23.707354188281222,26.0
Trincomalee,2024-03-01,2024-03-09,2,validation,train_only,23.0,22.229006801311318,26.0
Trincomalee,2024-03-08,2024-03-16,2,validation,train_only,21.0,16.584708954376314,13.0
Trincomalee,2024-03-15,2024-03-23,2,validation,train_only,12.0,19.396087907663276,23.0
Trincomalee,2024-03-22,2024-03-30,2,validation,train_only,7.0,19.68885747026135,21.0
Trincomalee,2024-03-29,2024-04-06,2,validation,train_only,9.0,16.805475126023534,12.0
Trincomalee,2024-04-05,2024-04-13,2,validation,train_only,17.0,10.763298974389778,7.0
Trincomalee,2024-04-12,2024-04-20,2,validation,train_only,9.0,9.805107140682008,9.0
Trincomalee,2024-04-19,2024-04-27,2,validation,train_only,19.0,12.910641082134108,17.0
Trincomalee,2024-04-26,2024-05-04,2,validation,train_only,18.0,10.971219998769767,9.0
Trincomalee,2024-05-03,2024-05-11,2,validation,train_only,12.0,14.886112961657249,19.0
Trincomalee,2024-05-10,2024-05-18,2,validation,train_only,6.0,16.909896231189485,18.0
Trincomalee,2024-05-17,2024-05-25,2,validation,train_only,7.0,16.345218276324985,12.0
Trincomalee,2024-05-24,2024-06-01,2,validation,train_only,10.0,11.746685079970975,6.0
Trincomalee,2024-05-31,2024-06-08,2,validation,train_only,7.0,9.675301190354428,7.0
Trincomalee,2024-06-07,2024-06-15,2,validation,train_only,12.0,13.258250097985744,10.0
Trincomalee,2024-06-14,2024-06-22,2,validation,train_only,10.0,11.348456312470066,7.0
Trincomalee,2024-06-21,2024-06-29,2,validation,train_only,11.0,10.71030391698371,12.0
Trincomalee,2024-06-28,2024-07-06,2,validation,train_only,7.0,9.707280277928696,10.0
Trincomalee,2024-07-05,2024-07-13,2,validation,train_only,14.0,10.612279086991373,11.0
Trincomalee,2024-07-12,2024-07-20,2,validation,train_only,8.0,7.281496068836444,7.0
Trincomalee,2024-07-19,2024-07-27,2,validation,train_only,12.0,10.24668327047489,14.0
Trincomalee,2024-07-26,2024-08-03,2,validation,train_only,12.0,7.6957412100926055,8.0
Trincomalee,2024-08-02,2024-08-10,2,validation,train_only,10.0,10.171051420497434,12.0
Trincomalee,2024-08-09,2024-08-17,2,validation,train_only,3.0,11.974040987305324,12.0
Trincomalee,2024-08-16,2024-08-24,2,validation,train_only,8.0,12.290408139579004,10.0
Trincomalee,2024-08-23,2024-08-31,2,validation,train_only,2.0,6.718940208064923,3.0
Trincomalee,2024-08-30,2024-09-07,2,validation,train_only,6.0,7.553791028578719,8.0
Trincomalee,2024-09-06,2024-09-14,2,validation,train_only,3.0,6.5714721023713345,2.0
Trincomalee,2024-09-13,2024-09-21,2,validation,train_only,2.0,6.815925697004335,6.0
Trincomalee,2024-09-20,2024-09-28,2,validation,train_only,2.0,3.51190566843211,3.0
Trincomalee,2024-09-27,2024-10-05,2,validation,train_only,5.0,3.420066820286434,2.0
Trincomalee,2024-10-04,2024-10-12,2,validation,train_only,3.0,2.483810638117987,2.0
Trincomalee,2024-10-11,2024-10-19,2,validation,train_only,4.0,4.535657262210725,5.0
Trincomalee,2024-10-18,2024-10-26,2,validation,train_only,9.0,3.1022345759803724,3.0
Trincomalee,2024-10-25,2024-11-02,2,validation,train_only,8.0,3.3017037502895334,4.0
Trincomalee,2024-11-01,2024-11-09,2,validation,train_only,16.0,7.412148619649661,9.0
Trincomalee,2024-11-08,2024-11-16,2,validation,train_only,13.0,8.559485500026813,8.0
Trincomalee,2024-11-15,2024-11-23,2,validation,train_only,9.0,14.832506478634814,16.0
Trincomalee,2024-11-22,2024-11-30,2,validation,train_only,14.0,15.311418575774484,13.0
Trincomalee,2024-11-29,2024-12-07,2,validation,train_only,20.0,14.139436549497235,9.0
Trincomalee,2024-12-06,2024-12-14,2,validation,train_only,19.0,17.885971051640833,14.0
Trincomalee,2024-12-13,2024-12-21,2,validation,train_only,30.0,28.531952607351528,20.0
Trincomalee,2024-12-20,2024-12-28,2,validation,train_only,28.0,28.199181672644215,19.0
Vavuniya,2023-12-29,2024-01-06,2,validation,train_only,27.0,20.827062007479196,19.0
Vavuniya,2024-01-05,2024-01-13,2,validation,train_only,14.0,23.701549182755876,20.0
Vavuniya,2024-01-12,2024-01-20,2,validation,train_only,19.0,25.699096477961515,27.0
Vavuniya,2024-01-19,2024-01-27,2,validation,train_only,5.0,21.967456163958506,14.0
Vavuniya,2024-01-26,2024-02-03,2,validation,train_only,7.0,18.84905324537361,19.0
Vavuniya,2024-02-02,2024-02-10,2,validation,train_only,3.0,13.564370512722972,5.0
Vavuniya,2024-02-09,2024-02-17,2,validation,train_only,4.0,10.953997538932718,7.0
Vavuniya,2024-02-16,2024-02-24,2,validation,train_only,3.0,5.899823392384527,3.0
Vavuniya,2024-02-23,2024-03-02,2,validation,train_only,5.0,4.662938069365737,4.0
Vavuniya,2024-03-01,2024-03-09,2,validation,train_only,5.0,3.144985029285033,3.0
Vavuniya,2024-03-08,2024-03-16,2,validation,train_only,2.0,4.6359562571272015,5.0
Vavuniya,2024-03-15,2024-03-23,2,validation,train_only,2.0,6.218194972724437,5.0
Vavuniya,2024-03-22,2024-03-30,2,validation,train_only,1.0,3.2021436930887637,2.0
Vavuniya,2024-03-29,2024-04-06,2,validation,train_only,0.0,2.7067913313794043,2.0
Vavuniya,2024-04-05,2024-04-13,2,validation,train_only,0.0,2.5049054279569214,1.0
Vavuniya,2024-04-12,2024-04-20,2,validation,train_only,0.0,2.014247810959785,0.0
Vavuniya,2024-04-19,2024-04-27,2,validation,train_only,0.0,1.2209139918301444,0.0
Vavuniya,2024-04-26,2024-05-04,2,validation,train_only,4.0,1.0176530316156411,0.0
Vavuniya,2024-05-03,2024-05-11,2,validation,train_only,2.0,0.7981484402652189,0.0
Vavuniya,2024-05-10,2024-05-18,2,validation,train_only,0.0,2.726091438135253,4.0
Vavuniya,2024-05-17,2024-05-25,2,validation,train_only,1.0,2.2505024024009836,2.0
Vavuniya,2024-05-24,2024-06-01,2,validation,train_only,4.0,2.4989347345832176,0.0
Vavuniya,2024-05-31,2024-06-08,2,validation,train_only,2.0,2.1422077569903273,1.0
Vavuniya,2024-06-07,2024-06-15,2,validation,train_only,1.0,4.028416991762999,4.0
Vavuniya,2024-06-14,2024-06-22,2,validation,train_only,1.0,3.8943991688738198,2.0
Vavuniya,2024-06-21,2024-06-29,2,validation,train_only,4.0,3.0210421150346423,1.0
Vavuniya,2024-06-28,2024-07-06,2,validation,train_only,3.0,1.990978341321051,1.0
Vavuniya,2024-07-05,2024-07-13,2,validation,train_only,1.0,2.713048833696059,4.0
Vavuniya,2024-07-12,2024-07-20,2,validation,train_only,5.0,2.1860451400792975,3.0
Vavuniya,2024-07-19,2024-07-27,2,validation,train_only,1.0,2.207464482164919,1.0
Vavuniya,2024-07-26,2024-08-03,2,validation,train_only,0.0,3.2242375275294584,5.0
Vavuniya,2024-08-02,2024-08-10,2,validation,train_only,5.0,2.4368539584649267,1.0
Vavuniya,2024-08-09,2024-08-17,2,validation,train_only,3.0,2.1594314996821007,0.0
Vavuniya,2024-08-16,2024-08-24,2,validation,train_only,0.0,4.136868099752763,5.0
Vavuniya,2024-08-23,2024-08-31,2,validation,train_only,1.0,2.9796289838417622,3.0
Vavuniya,2024-08-30,2024-09-07,2,validation,train_only,1.0,2.851728013373505,0.0
Vavuniya,2024-09-06,2024-09-14,2,validation,train_only,2.0,2.6102185944207075,1.0
Vavuniya,2024-09-13,2024-09-21,2,validation,train_only,0.0,2.437391309132955,1.0
Vavuniya,2024-09-20,2024-09-28,2,validation,train_only,0.0,1.6544581669385428,2.0
Vavuniya,2024-09-27,2024-10-05,2,validation,train_only,1.0,1.231813228354038,0.0
Vavuniya,2024-10-04,2024-10-12,2,validation,train_only,3.0,1.2658578667788407,0.0
Vavuniya,2024-10-11,2024-10-19,2,validation,train_only,1.0,1.1320686061116214,1.0
Vavuniya,2024-10-18,2024-10-26,2,validation,train_only,1.0,2.01021413278349,3.0
Vavuniya,2024-10-25,2024-11-02,2,validation,train_only,2.0,2.035796848608076,1.0
Vavuniya,2024-11-01,2024-11-09,2,validation,train_only,0.0,2.6998450063918784,1.0
Vavuniya,2024-11-08,2024-11-16,2,validation,train_only,5.0,2.575733874629036,2.0
Vavuniya,2024-11-15,2024-11-23,2,validation,train_only,3.0,3.4900153916494188,0.0
Vavuniya,2024-11-22,2024-11-30,2,validation,train_only,2.0,5.8305046671193805,5.0
Vavuniya,2024-11-29,2024-12-07,2,validation,train_only,4.0,4.433224006888302,3.0
Vavuniya,2024-12-06,2024-12-14,2,validation,train_only,4.0,5.176363101633568,2.0
Vavuniya,2024-12-13,2024-12-21,2,validation,train_only,2.0,7.087659259536004,4.0
Vavuniya,2024-12-20,2024-12-28,2,validation,train_only,4.0,7.872914994163796,4.0
Ampara,2024-12-27,2025-01-04,2,test,train_plus_validation,20.0,14.992501750455046,15.0
Ampara,2025-01-03,2025-01-11,2,test,train_plus_validation,27.0,50.890414601409915,58.0
Ampara,2025-01-10,2025-01-18,2,test,train_plus_validation,16.0,33.23702572996153,20.0
Ampara,2025-01-17,2025-01-25,2,test,train_plus_validation,13.0,30.258019499862634,27.0
Ampara,2025-01-24,2025-02-01,2,test,train_plus_validation,17.0,24.714833298689253,16.0
Ampara,2025-01-31,2025-02-08,2,test,train_plus_validation,17.0,22.950725769773634,13.0
Ampara,2025-02-07,2025-02-15,2,test,train_plus_validation,15.0,19.18306270448879,17.0
Ampara,2025-02-14,2025-02-22,2,test,train_plus_validation,11.0,19.23908807408172,17.0
Ampara,2025-02-21,2025-03-01,2,test,train_plus_validation,16.0,17.417673464785974,15.0
Ampara,2025-02-28,2025-03-08,2,test,train_plus_validation,11.0,14.999336232084682,11.0
Ampara,2025-03-07,2025-03-15,2,test,train_plus_validation,9.0,14.455850816094204,16.0
Ampara,2025-03-14,2025-03-22,2,test,train_plus_validation,12.0,14.43313110528921,11.0
Ampara,2025-03-21,2025-03-29,2,test,train_plus_validation,15.0,15.422184413862015,9.0
Ampara,2025-03-28,2025-04-05,2,test,train_plus_validation,22.0,12.26978987447042,12.0
Ampara,2025-04-04,2025-04-12,2,test,train_plus_validation,13.0,13.787645993590923,15.0
Ampara,2025-04-11,2025-04-19,2,test,train_plus_validation,15.0,20.12853386074697,22.0
Ampara,2025-04-18,2025-04-26,2,test,train_plus_validation,24.0,16.95987969604898,13.0
Ampara,2025-04-25,2025-05-03,2,test,train_plus_validation,17.0,17.36078597639178,15.0
Ampara,2025-05-02,2025-05-10,2,test,train_plus_validation,16.0,23.572834981992063,24.0
Ampara,2025-05-09,2025-05-17,2,test,train_plus_validation,14.0,19.43997084372264,17.0
Ampara,2025-05-16,2025-05-24,2,test,train_plus_validation,14.0,17.975536300239558,16.0
Ampara,2025-05-23,2025-05-31,2,test,train_plus_validation,28.0,15.52358217852519,14.0
Ampara,2025-05-30,2025-06-07,2,test,train_plus_validation,11.0,15.03035921994756,14.0
Ampara,2025-06-06,2025-06-14,2,test,train_plus_validation,12.0,18.865208943966785,28.0
Ampara,2025-06-13,2025-06-21,2,test,train_plus_validation,12.0,15.70325334223209,11.0
Ampara,2025-06-20,2025-06-28,2,test,train_plus_validation,22.0,13.992804971738185,12.0
Ampara,2025-06-27,2025-07-05,2,test,train_plus_validation,16.0,12.73877017578696,12.0
Ampara,2025-07-04,2025-07-12,2,test,train_plus_validation,17.0,17.999700690626714,22.0
Ampara,2025-07-11,2025-07-19,2,test,train_plus_validation,8.0,15.669863439443027,16.0
Ampara,2025-07-18,2025-07-26,2,test,train_plus_validation,11.0,15.943107572621454,17.0
Ampara,2025-07-25,2025-08-02,2,test,train_plus_validation,3.0,10.76557943935374,8.0
Ampara,2025-08-01,2025-08-09,2,test,train_plus_validation,6.0,13.166383799792191,11.0
Ampara,2025-08-08,2025-08-16,2,test,train_plus_validation,7.0,7.303141368350017,3.0
Ampara,2025-08-15,2025-08-23,2,test,train_plus_validation,7.0,7.0385465666904246,6.0
Ampara,2025-08-22,2025-08-30,2,test,train_plus_validation,6.0,5.3455122284410725,7.0
Ampara,2025-08-29,2025-09-06,2,test,train_plus_validation,17.0,6.616211993993909,7.0
Ampara,2025-09-05,2025-09-13,2,test,train_plus_validation,15.0,7.019052384882772,6.0
Ampara,2025-09-12,2025-09-20,2,test,train_plus_validation,4.0,11.833426656872742,17.0
Ampara,2025-09-19,2025-09-27,2,test,train_plus_validation,6.0,14.795096483256014,15.0
Ampara,2025-09-26,2025-10-04,2,test,train_plus_validation,9.0,10.91111099605711,4.0
Ampara,2025-10-03,2025-10-11,2,test,train_plus_validation,14.0,9.282186813619687,6.0
Ampara,2025-10-10,2025-10-18,2,test,train_plus_validation,9.0,10.343160350042629,9.0
Ampara,2025-10-17,2025-10-25,2,test,train_plus_validation,15.0,12.005102718995579,14.0
Ampara,2025-10-24,2025-11-01,2,test,train_plus_validation,10.0,11.94053142708165,9.0
Ampara,2025-10-31,2025-11-08,2,test,train_plus_validation,17.0,15.827735733419667,15.0
Ampara,2025-11-07,2025-11-15,2,test,train_plus_validation,24.0,14.262620155973584,10.0
Ampara,2025-11-14,2025-11-22,2,test,train_plus_validation,11.0,17.772560886008897,17.0
Ampara,2025-11-21,2025-11-29,2,test,train_plus_validation,7.0,22.27196778329387,24.0
Ampara,2025-11-28,2025-12-06,2,test,train_plus_validation,22.0,20.30348852152122,11.0
Ampara,2025-12-05,2025-12-13,2,test,train_plus_validation,18.0,17.765955452163066,7.0
Anuradhapura,2024-12-27,2025-01-04,2,test,train_plus_validation,20.0,25.408750422873062,12.0
Anuradhapura,2025-01-03,2025-01-11,2,test,train_plus_validation,29.0,28.779193672438748,27.0
Anuradhapura,2025-01-10,2025-01-18,2,test,train_plus_validation,16.0,23.874102949756416,20.0
Anuradhapura,2025-01-17,2025-01-25,2,test,train_plus_validation,22.0,26.752976388902738,29.0
Anuradhapura,2025-01-24,2025-02-01,2,test,train_plus_validation,39.0,21.609775772808884,16.0
Anuradhapura,2025-01-31,2025-02-08,2,test,train_plus_validation,39.0,21.916916292408803,22.0
Anuradhapura,2025-02-07,2025-02-15,2,test,train_plus_validation,24.0,33.8704672800587,39.0
Anuradhapura,2025-02-14,2025-02-22,2,test,train_plus_validation,18.0,36.32383678787177,39.0
Anuradhapura,2025-02-21,2025-03-01,2,test,train_plus_validation,25.0,28.19350973723116,24.0
Anuradhapura,2025-02-28,2025-03-08,2,test,train_plus_validation,12.0,17.86568844271591,18.0
Anuradhapura,2025-03-07,2025-03-15,2,test,train_plus_validation,8.0,20.913620630025942,25.0
Anuradhapura,2025-03-14,2025-03-22,2,test,train_plus_validation,9.0,17.27400054429565,12.0
Anuradhapura,2025-03-21,2025-03-29,2,test,train_plus_validation,6.0,13.846489728584293,8.0
Anuradhapura,2025-03-28,2025-04-05,2,test,train_plus_validation,3.0,9.748716621121977,9.0
Anuradhapura,2025-04-04,2025-04-12,2,test,train_plus_validation,4.0,8.937335044634743,6.0
Anuradhapura,2025-04-11,2025-04-19,2,test,train_plus_validation,8.0,7.051058550645818,3.0
Anuradhapura,2025-04-18,2025-04-26,2,test,train_plus_validation,10.0,5.267036110639669,4.0
Anuradhapura,2025-04-25,2025-05-03,2,test,train_plus_validation,11.0,6.489459265849971,8.0
Anuradhapura,2025-05-02,2025-05-10,2,test,train_plus_validation,11.0,9.503693406904388,10.0
Anuradhapura,2025-05-09,2025-05-17,2,test,train_plus_validation,13.0,10.86358891461452,11.0
Anuradhapura,2025-05-16,2025-05-24,2,test,train_plus_validation,11.0,11.558797624544454,11.0
Anuradhapura,2025-05-23,2025-05-31,2,test,train_plus_validation,10.0,12.459610368156437,13.0
Anuradhapura,2025-05-30,2025-06-07,2,test,train_plus_validation,7.0,13.365048595101644,11.0
Anuradhapura,2025-06-06,2025-06-14,2,test,train_plus_validation,8.0,11.553942266826896,10.0
Anuradhapura,2025-06-13,2025-06-21,2,test,train_plus_validation,17.0,8.016820225141256,7.0
Anuradhapura,2025-06-20,2025-06-28,2,test,train_plus_validation,8.0,8.139199186066069,8.0
Anuradhapura,2025-06-27,2025-07-05,2,test,train_plus_validation,8.0,12.046595321840412,17.0
Anuradhapura,2025-07-04,2025-07-12,2,test,train_plus_validation,12.0,9.01424061956368,8.0
Anuradhapura,2025-07-11,2025-07-19,2,test,train_plus_validation,11.0,7.935674309138219,8.0
Anuradhapura,2025-07-18,2025-07-26,2,test,train_plus_validation,3.0,9.730828019749387,12.0
Anuradhapura,2025-07-25,2025-08-02,2,test,train_plus_validation,6.0,10.699529659251276,11.0
Anuradhapura,2025-08-01,2025-08-09,2,test,train_plus_validation,11.0,6.565762093255696,3.0
Anuradhapura,2025-08-08,2025-08-16,2,test,train_plus_validation,6.0,6.8203478759228275,6.0
Anuradhapura,2025-08-15,2025-08-23,2,test,train_plus_validation,9.0,8.648895768242932,11.0
Anuradhapura,2025-08-22,2025-08-30,2,test,train_plus_validation,2.0,6.935105467757139,6.0
Anuradhapura,2025-08-29,2025-09-06,2,test,train_plus_validation,6.0,7.808275522794323,9.0
Anuradhapura,2025-09-05,2025-09-13,2,test,train_plus_validation,3.0,5.442111203350508,2.0
Anuradhapura,2025-09-12,2025-09-20,2,test,train_plus_validation,2.0,5.942561308497104,6.0
Anuradhapura,2025-09-19,2025-09-27,2,test,train_plus_validation,0.0,4.154626055882064,3.0
Anuradhapura,2025-09-26,2025-10-04,2,test,train_plus_validation,7.0,3.6304159760097137,2.0
Anuradhapura,2025-10-03,2025-10-11,2,test,train_plus_validation,9.0,2.8497356275684393,0.0
Anuradhapura,2025-10-10,2025-10-18,2,test,train_plus_validation,4.0,6.101555836606236,7.0
Anuradhapura,2025-10-17,2025-10-25,2,test,train_plus_validation,9.0,6.7113009557047265,9.0
Anuradhapura,2025-10-24,2025-11-01,2,test,train_plus_validation,3.0,7.433652105991801,4.0
Anuradhapura,2025-10-31,2025-11-08,2,test,train_plus_validation,8.0,9.566730723240886,9.0
Anuradhapura,2025-11-07,2025-11-15,2,test,train_plus_validation,10.0,8.931973965048668,3.0
Anuradhapura,2025-11-14,2025-11-22,2,test,train_plus_validation,8.0,9.072581470672544,8.0
Anuradhapura,2025-11-21,2025-11-29,2,test,train_plus_validation,11.0,10.22566290302056,10.0
Anuradhapura,2025-11-28,2025-12-06,2,test,train_plus_validation,12.0,8.83088471751523,8.0
Anuradhapura,2025-12-05,2025-12-13,2,test,train_plus_validation,13.0,12.825867111125778,11.0
Badulla,2024-12-27,2025-01-04,2,test,train_plus_validation,17.0,23.686922060353517,19.0
Badulla,2025-01-03,2025-01-11,2,test,train_plus_validation,28.0,23.184911149444765,5.0
Badulla,2025-01-10,2025-01-18,2,test,train_plus_validation,27.0,17.71213701939381,17.0
Badulla,2025-01-17,2025-01-25,2,test,train_plus_validation,26.0,24.04483942572422,28.0
Badulla,2025-01-24,2025-02-01,2,test,train_plus_validation,17.0,28.852179226863598,27.0
Badulla,2025-01-31,2025-02-08,2,test,train_plus_validation,17.0,29.875508541585877,26.0
Badulla,2025-02-07,2025-02-15,2,test,train_plus_validation,8.0,25.745769824740638,17.0
Badulla,2025-02-14,2025-02-22,2,test,train_plus_validation,11.0,25.80086617084204,17.0
Badulla,2025-02-21,2025-03-01,2,test,train_plus_validation,3.0,16.319224029218788,8.0
Badulla,2025-02-28,2025-03-08,2,test,train_plus_validation,17.0,13.94871160010227,11.0
Badulla,2025-03-07,2025-03-15,2,test,train_plus_validation,6.0,6.7059191810238605,3.0
Badulla,2025-03-14,2025-03-22,2,test,train_plus_validation,12.0,13.788093078745836,17.0
Badulla,2025-03-21,2025-03-29,2,test,train_plus_validation,9.0,8.51381122344542,6.0
Badulla,2025-03-28,2025-04-05,2,test,train_plus_validation,18.0,12.616796735824595,12.0
Badulla,2025-04-04,2025-04-12,2,test,train_plus_validation,11.0,10.018564479548855,9.0
Badulla,2025-04-11,2025-04-19,2,test,train_plus_validation,19.0,15.289878023078828,18.0
Badulla,2025-04-18,2025-04-26,2,test,train_plus_validation,12.0,14.323640884896035,11.0
Badulla,2025-04-25,2025-05-03,2,test,train_plus_validation,7.0,18.11806362607137,19.0
Badulla,2025-05-02,2025-05-10,2,test,train_plus_validation,7.0,16.523641527585195,12.0
Badulla,2025-05-09,2025-05-17,2,test,train_plus_validation,25.0,14.326594504769,7.0
Badulla,2025-05-16,2025-05-24,2,test,train_plus_validation,26.0,12.110350858062192,7.0
Badulla,2025-05-23,2025-05-31,2,test,train_plus_validation,24.0,22.15181806460116,25.0
Badulla,2025-05-30,2025-06-07,2,test,train_plus_validation,24.0,27.712312735641742,26.0
Badulla,2025-06-06,2025-06-14,2,test,train_plus_validation,31.0,24.990524498689922,24.0
Badulla,2025-06-13,2025-06-21,2,test,train_plus_validation,17.0,23.177622660654237,24.0
Badulla,2025-06-20,2025-06-28,2,test,train_plus_validation,17.0,30.23663675491954,31.0
Badulla,2025-06-27,2025-07-05,2,test,train_plus_validation,16.0,22.639706863322818,17.0
Badulla,2025-07-04,2025-07-12,2,test,train_plus_validation,37.0,18.092756214615605,17.0
Badulla,2025-07-11,2025-07-19,2,test,train_plus_validation,20.0,15.164394135688678,16.0
Badulla,2025-07-18,2025-07-26,2,test,train_plus_validation,16.0,29.150437610868302,37.0
Badulla,2025-07-25,2025-08-02,2,test,train_plus_validation,13.0,24.042508570891812,20.0
Badulla,2025-08-01,2025-08-09,2,test,train_plus_validation,12.0,18.768630859083533,16.0
Badulla,2025-08-08,2025-08-16,2,test,train_plus_validation,14.0,16.0197630846191,13.0
Badulla,2025-08-15,2025-08-23,2,test,train_plus_validation,18.0,15.190721117264047,12.0
Badulla,2025-08-22,2025-08-30,2,test,train_plus_validation,8.0,15.006620179550488,14.0
Badulla,2025-08-29,2025-09-06,2,test,train_plus_validation,11.0,14.807789302137593,18.0
Badulla,2025-09-05,2025-09-13,2,test,train_plus_validation,19.0,10.682721583181284,8.0
Badulla,2025-09-12,2025-09-20,2,test,train_plus_validation,8.0,12.410407165312947,11.0
Badulla,2025-09-19,2025-09-27,2,test,train_plus_validation,13.0,15.673624615902044,19.0
Badulla,2025-09-26,2025-10-04,2,test,train_plus_validation,4.0,12.81686942370971,8.0
Badulla,2025-10-03,2025-10-11,2,test,train_plus_validation,8.0,17.154596529300807,13.0
Badulla,2025-10-10,2025-10-18,2,test,train_plus_validation,11.0,11.662587731416712,4.0
Badulla,2025-10-17,2025-10-25,2,test,train_plus_validation,7.0,10.634477119992352,8.0
Badulla,2025-10-24,2025-11-01,2,test,train_plus_validation,14.0,11.240763107406485,11.0
Badulla,2025-10-31,2025-11-08,2,test,train_plus_validation,17.0,10.300005206312035,7.0
Badulla,2025-11-07,2025-11-15,2,test,train_plus_validation,18.0,13.197175967714541,14.0
Badulla,2025-11-14,2025-11-22,2,test,train_plus_validation,14.0,16.651958178831663,17.0
Badulla,2025-11-21,2025-11-29,2,test,train_plus_validation,10.0,17.408762673685096,18.0
Badulla,2025-11-28,2025-12-06,2,test,train_plus_validation,18.0,18.337702368300036,14.0
Badulla,2025-12-05,2025-12-13,2,test,train_plus_validation,25.0,18.692460642082537,10.0
Batticaloa,2024-12-27,2025-01-04,2,test,train_plus_validation,55.0,49.69590571439104,47.0
Batticaloa,2025-01-03,2025-01-11,2,test,train_plus_validation,65.0,57.27830480227292,62.0
Batticaloa,2025-01-10,2025-01-18,2,test,train_plus_validation,64.0,56.450806048906024,55.0
Batticaloa,2025-01-17,2025-01-25,2,test,train_plus_validation,53.0,64.39048091415917,65.0
Batticaloa,2025-01-24,2025-02-01,2,test,train_plus_validation,60.0,66.7421683214021,64.0
Batticaloa,2025-01-31,2025-02-08,2,test,train_plus_validation,60.0,57.40968213482059,53.0
Batticaloa,2025-02-07,2025-02-15,2,test,train_plus_validation,81.0,54.73276885889787,60.0
Batticaloa,2025-02-14,2025-02-22,2,test,train_plus_validation,59.0,52.75631694261433,60.0
Batticaloa,2025-02-21,2025-03-01,2,test,train_plus_validation,56.0,63.332635085039364,81.0
Batticaloa,2025-02-28,2025-03-08,2,test,train_plus_validation,31.0,59.16903573210846,59.0
Batticaloa,2025-03-07,2025-03-15,2,test,train_plus_validation,28.0,54.97967566124414,56.0
Batticaloa,2025-03-14,2025-03-22,2,test,train_plus_validation,28.0,40.081397890878634,31.0
Batticaloa,2025-03-21,2025-03-29,2,test,train_plus_validation,46.0,31.657387620659676,28.0
Batticaloa,2025-03-28,2025-04-05,2,test,train_plus_validation,70.0,28.293716949864233,28.0
Batticaloa,2025-04-04,2025-04-12,2,test,train_plus_validation,62.0,42.679192775429506,46.0
Batticaloa,2025-04-11,2025-04-19,2,test,train_plus_validation,94.0,57.404104989364676,70.0
Batticaloa,2025-04-18,2025-04-26,2,test,train_plus_validation,84.0,62.218513413199446,62.0
Batticaloa,2025-04-25,2025-05-03,2,test,train_plus_validation,59.0,92.9881716103447,94.0
Batticaloa,2025-05-02,2025-05-10,2,test,train_plus_validation,58.0,86.05435329873737,84.0
Batticaloa,2025-05-09,2025-05-17,2,test,train_plus_validation,53.0,72.35580580049346,59.0
Batticaloa,2025-05-16,2025-05-24,2,test,train_plus_validation,52.0,54.605989335934275,58.0
Batticaloa,2025-05-23,2025-05-31,2,test,train_plus_validation,59.0,50.54374114187238,53.0
Batticaloa,2025-05-30,2025-06-07,2,test,train_plus_validation,30.0,49.28616741982368,52.0
Batticaloa,2025-06-06,2025-06-14,2,test,train_plus_validation,40.0,50.81342068020679,59.0
Batticaloa,2025-06-13,2025-06-21,2,test,train_plus_validation,16.0,36.73409123428351,30.0
Batticaloa,2025-06-20,2025-06-28,2,test,train_plus_validation,20.0,43.387306661295064,40.0
Batticaloa,2025-06-27,2025-07-05,2,test,train_plus_validation,13.0,21.55314136224916,16.0
Batticaloa,2025-07-04,2025-07-12,2,test,train_plus_validation,19.0,20.51916624694379,20.0
Batticaloa,2025-07-11,2025-07-19,2,test,train_plus_validation,6.0,15.810124393394993,13.0
Batticaloa,2025-07-18,2025-07-26,2,test,train_plus_validation,6.0,15.228329412293782,19.0
Batticaloa,2025-07-25,2025-08-02,2,test,train_plus_validation,12.0,10.224960327854385,6.0
Batticaloa,2025-08-01,2025-08-09,2,test,train_plus_validation,5.0,8.828788653430234,6.0
Batticaloa,2025-08-08,2025-08-16,2,test,train_plus_validation,6.0,11.210211408747675,12.0
Batticaloa,2025-08-15,2025-08-23,2,test,train_plus_validation,9.0,7.544103354218279,5.0
Batticaloa,2025-08-22,2025-08-30,2,test,train_plus_validation,8.0,6.930278053867821,6.0
Batticaloa,2025-08-29,2025-09-06,2,test,train_plus_validation,8.0,7.190962557366597,9.0
Batticaloa,2025-09-05,2025-09-13,2,test,train_plus_validation,9.0,7.442384961544744,8.0
Batticaloa,2025-09-12,2025-09-20,2,test,train_plus_validation,9.0,7.234628557617573,8.0
Batticaloa,2025-09-19,2025-09-27,2,test,train_plus_validation,14.0,8.396103596502,9.0
Batticaloa,2025-09-26,2025-10-04,2,test,train_plus_validation,16.0,8.489377721288978,9.0
Batticaloa,2025-10-03,2025-10-11,2,test,train_plus_validation,17.0,11.800481987514281,14.0
Batticaloa,2025-10-10,2025-10-18,2,test,train_plus_validation,13.0,15.487609949166439,16.0
Batticaloa,2025-10-17,2025-10-25,2,test,train_plus_validation,19.0,16.889106250232732,17.0
Batticaloa,2025-10-24,2025-11-01,2,test,train_plus_validation,29.0,15.482419944459195,13.0
Batticaloa,2025-10-31,2025-11-08,2,test,train_plus_validation,21.0,18.829052108870805,19.0
Batticaloa,2025-11-07,2025-11-15,2,test,train_plus_validation,21.0,23.10444863315587,29.0
Batticaloa,2025-11-14,2025-11-22,2,test,train_plus_validation,10.0,26.49050017865118,21.0
Batticaloa,2025-11-21,2025-11-29,2,test,train_plus_validation,16.0,25.807799030755,21.0
Batticaloa,2025-11-28,2025-12-06,2,test,train_plus_validation,14.0,20.233368573096392,10.0
Batticaloa,2025-12-05,2025-12-13,2,test,train_plus_validation,20.0,22.430776838027366,16.0
Colombo,2024-12-27,2025-01-04,2,test,train_plus_validation,245.0,226.03410297623554,231.0
Colombo,2025-01-03,2025-01-11,2,test,train_plus_validation,247.0,168.64136039024478,200.0
Colombo,2025-01-10,2025-01-18,2,test,train_plus_validation,284.0,216.41595449890008,245.0
Colombo,2025-01-17,2025-01-25,2,test,train_plus_validation,225.0,230.57630660904042,247.0
Colombo,2025-01-24,2025-02-01,2,test,train_plus_validation,252.0,264.82023687311033,284.0
Colombo,2025-01-31,2025-02-08,2,test,train_plus_validation,252.0,203.85836248903954,225.0
Colombo,2025-02-07,2025-02-15,2,test,train_plus_validation,217.0,260.7699937146247,252.0
Colombo,2025-02-14,2025-02-22,2,test,train_plus_validation,219.0,246.28755121140165,252.0
Colombo,2025-02-21,2025-03-01,2,test,train_plus_validation,262.0,186.93993659030107,217.0
Colombo,2025-02-28,2025-03-08,2,test,train_plus_validation,214.0,161.67482322646728,219.0
Colombo,2025-03-07,2025-03-15,2,test,train_plus_validation,242.0,232.80545910914134,262.0
Colombo,2025-03-14,2025-03-22,2,test,train_plus_validation,239.0,182.09078110929482,214.0
Colombo,2025-03-21,2025-03-29,2,test,train_plus_validation,204.0,257.0704036368474,242.0
Colombo,2025-03-28,2025-04-05,2,test,train_plus_validation,277.0,270.63916095071846,239.0
Colombo,2025-04-04,2025-04-12,2,test,train_plus_validation,230.0,211.787447335412,204.0
Colombo,2025-04-11,2025-04-19,2,test,train_plus_validation,306.0,271.8484995656996,277.0
Colombo,2025-04-18,2025-04-26,2,test,train_plus_validation,276.0,241.31894216638452,230.0
Colombo,2025-04-25,2025-05-03,2,test,train_plus_validation,310.0,334.35538552722426,306.0
Colombo,2025-05-02,2025-05-10,2,test,train_plus_validation,359.0,335.20673395970135,276.0
Colombo,2025-05-09,2025-05-17,2,test,train_plus_validation,336.0,295.0110388231845,310.0
Colombo,2025-05-16,2025-05-24,2,test,train_plus_validation,302.0,375.8883856243642,359.0
Colombo,2025-05-23,2025-05-31,2,test,train_plus_validation,245.0,341.54380414586177,336.0
Colombo,2025-05-30,2025-06-07,2,test,train_plus_validation,279.0,286.1363415573841,302.0
Colombo,2025-06-06,2025-06-14,2,test,train_plus_validation,316.0,229.60591961860328,245.0
Colombo,2025-06-13,2025-06-21,2,test,train_plus_validation,276.0,294.9445591278039,279.0
Colombo,2025-06-20,2025-06-28,2,test,train_plus_validation,285.0,317.59162790735974,316.0
Colombo,2025-06-27,2025-07-05,2,test,train_plus_validation,222.0,308.21506265964496,276.0
Colombo,2025-07-04,2025-07-12,2,test,train_plus_validation,226.0,341.9994182108633,285.0
Colombo,2025-07-11,2025-07-19,2,test,train_plus_validation,237.0,203.70417156760814,222.0
Colombo,2025-07-18,2025-07-26,2,test,train_plus_validation,246.0,177.72360385971152,226.0
Colombo,2025-07-25,2025-08-02,2,test,train_plus_validation,156.0,220.88661543375372,237.0
Colombo,2025-08-01,2025-08-09,2,test,train_plus_validation,87.0,222.38217141690743,246.0
Colombo,2025-08-08,2025-08-16,2,test,train_plus_validation,137.0,168.25997864975787,156.0
Colombo,2025-08-15,2025-08-23,2,test,train_plus_validation,104.0,113.5270577775856,87.0
Colombo,2025-08-22,2025-08-30,2,test,train_plus_validation,103.0,116.32302893225075,137.0
Colombo,2025-08-29,2025-09-06,2,test,train_plus_validation,117.0,89.06155737046012,104.0
Colombo,2025-09-05,2025-09-13,2,test,train_plus_validation,120.0,93.55374900701418,103.0
Colombo,2025-09-12,2025-09-20,2,test,train_plus_validation,155.0,119.04959347266386,117.0
Colombo,2025-09-19,2025-09-27,2,test,train_plus_validation,129.0,118.25887601395198,120.0
Colombo,2025-09-26,2025-10-04,2,test,train_plus_validation,130.0,163.58545005394086,155.0
Colombo,2025-10-03,2025-10-11,2,test,train_plus_validation,157.0,130.96054155850794,129.0
Colombo,2025-10-10,2025-10-18,2,test,train_plus_validation,214.0,138.10674607158816,130.0
Colombo,2025-10-17,2025-10-25,2,test,train_plus_validation,153.0,159.69029938601318,157.0
Colombo,2025-10-24,2025-11-01,2,test,train_plus_validation,184.0,197.0155127447825,214.0
Colombo,2025-10-31,2025-11-08,2,test,train_plus_validation,266.0,190.39869294853185,153.0
Colombo,2025-11-07,2025-11-15,2,test,train_plus_validation,226.0,221.34691571881373,184.0
Colombo,2025-11-14,2025-11-22,2,test,train_plus_validation,286.0,236.9704393647309,266.0
Colombo,2025-11-21,2025-11-29,2,test,train_plus_validation,272.0,203.1987996726064,226.0
Colombo,2025-11-28,2025-12-06,2,test,train_plus_validation,318.0,268.44845228548405,286.0
Colombo,2025-12-05,2025-12-13,2,test,train_plus_validation,340.0,274.06886495379905,272.0
Galle,2024-12-27,2025-01-04,2,test,train_plus_validation,82.0,29.750718115535363,25.0
Galle,2025-01-03,2025-01-11,2,test,train_plus_validation,51.0,37.22778711825987,30.0
Galle,2025-01-10,2025-01-18,2,test,train_plus_validation,48.0,59.944211525808775,82.0
Galle,2025-01-17,2025-01-25,2,test,train_plus_validation,53.0,57.4156143221364,51.0
Galle,2025-01-24,2025-02-01,2,test,train_plus_validation,44.0,57.68122722072982,48.0
Galle,2025-01-31,2025-02-08,2,test,train_plus_validation,44.0,52.18984081373739,53.0
Galle,2025-02-07,2025-02-15,2,test,train_plus_validation,43.0,47.51122463595645,44.0
Galle,2025-02-14,2025-02-22,2,test,train_plus_validation,21.0,46.23360881060656,44.0
Galle,2025-02-21,2025-03-01,2,test,train_plus_validation,40.0,48.29511749729774,43.0
Galle,2025-02-28,2025-03-08,2,test,train_plus_validation,24.0,31.01365050020772,21.0
Galle,2025-03-07,2025-03-15,2,test,train_plus_validation,35.0,34.473972203497915,40.0
Galle,2025-03-14,2025-03-22,2,test,train_plus_validation,31.0,28.876647060560984,24.0
Galle,2025-03-21,2025-03-29,2,test,train_plus_validation,34.0,35.31734209091687,35.0
Galle,2025-03-28,2025-04-05,2,test,train_plus_validation,29.0,35.310734127909264,31.0
Galle,2025-04-04,2025-04-12,2,test,train_plus_validation,23.0,37.18996737100591,34.0
Galle,2025-04-11,2025-04-19,2,test,train_plus_validation,55.0,32.5205659912784,29.0
Galle,2025-04-18,2025-04-26,2,test,train_plus_validation,29.0,27.648632854992204,23.0
Galle,2025-04-25,2025-05-03,2,test,train_plus_validation,32.0,46.27510279294738,55.0
Galle,2025-05-02,2025-05-10,2,test,train_plus_validation,44.0,37.47280078026263,29.0
Galle,2025-05-09,2025-05-17,2,test,train_plus_validation,56.0,38.63552221070321,32.0
Galle,2025-05-16,2025-05-24,2,test,train_plus_validation,44.0,43.571385997568996,44.0
Galle,2025-05-23,2025-05-31,2,test,train_plus_validation,49.0,55.24567510887902,56.0
Galle,2025-05-30,2025-06-07,2,test,train_plus_validation,44.0,52.166671736323735,44.0
Galle,2025-06-06,2025-06-14,2,test,train_plus_validation,73.0,52.7739797594076,49.0
Galle,2025-06-13,2025-06-21,2,test,train_plus_validation,79.0,48.77827304311611,44.0
Galle,2025-06-20,2025-06-28,2,test,train_plus_validation,47.0,57.30542672071988,73.0
Galle,2025-06-27,2025-07-05,2,test,train_plus_validation,56.0,68.72360322103972,79.0
Galle,2025-07-04,2025-07-12,2,test,train_plus_validation,43.0,63.98385819428642,47.0
Galle,2025-07-11,2025-07-19,2,test,train_plus_validation,66.0,54.435544386059576,56.0
Galle,2025-07-18,2025-07-26,2,test,train_plus_validation,44.0,46.308215664873764,43.0
Galle,2025-07-25,2025-08-02,2,test,train_plus_validation,37.0,54.62856384729854,66.0
Galle,2025-08-01,2025-08-09,2,test,train_plus_validation,48.0,46.62268454759145,44.0
Galle,2025-08-08,2025-08-16,2,test,train_plus_validation,27.0,39.28667893192619,37.0
Galle,2025-08-15,2025-08-23,2,test,train_plus_validation,37.0,46.90695436399306,48.0
Galle,2025-08-22,2025-08-30,2,test,train_plus_validation,33.0,31.750497058955087,27.0
Galle,2025-08-29,2025-09-06,2,test,train_plus_validation,44.0,35.21308083070872,37.0
Galle,2025-09-05,2025-09-13,2,test,train_plus_validation,29.0,34.23940906913503,33.0
Galle,2025-09-12,2025-09-20,2,test,train_plus_validation,35.0,39.081978389941966,44.0
Galle,2025-09-19,2025-09-27,2,test,train_plus_validation,30.0,31.68462191895637,29.0
Galle,2025-09-26,2025-10-04,2,test,train_plus_validation,34.0,37.311887947022555,35.0
Galle,2025-10-03,2025-10-11,2,test,train_plus_validation,40.0,32.01929029627807,30.0
Galle,2025-10-10,2025-10-18,2,test,train_plus_validation,29.0,36.678734776161235,34.0
Galle,2025-10-17,2025-10-25,2,test,train_plus_validation,30.0,39.065754545669066,40.0
Galle,2025-10-24,2025-11-01,2,test,train_plus_validation,27.0,32.34805461259052,29.0
Galle,2025-10-31,2025-11-08,2,test,train_plus_validation,36.0,30.46119928935349,30.0
Galle,2025-11-07,2025-11-15,2,test,train_plus_validation,48.0,30.52173276486117,27.0
Galle,2025-11-14,2025-11-22,2,test,train_plus_validation,68.0,38.920576159070606,36.0
Galle,2025-11-21,2025-11-29,2,test,train_plus_validation,68.0,49.00288806071805,48.0
Galle,2025-11-28,2025-12-06,2,test,train_plus_validation,81.0,62.49165822453015,68.0
Galle,2025-12-05,2025-12-13,2,test,train_plus_validation,82.0,63.035395480358204,68.0
Gampaha,2024-12-27,2025-01-04,2,test,train_plus_validation,191.0,113.45735369030534,131.0
Gampaha,2025-01-03,2025-01-11,2,test,train_plus_validation,157.0,144.09590308603123,186.0
Gampaha,2025-01-10,2025-01-18,2,test,train_plus_validation,184.0,185.02277994744506,191.0
Gampaha,2025-01-17,2025-01-25,2,test,train_plus_validation,162.0,158.94275402036942,157.0
Gampaha,2025-01-24,2025-02-01,2,test,train_plus_validation,131.0,172.8870081877048,184.0
Gampaha,2025-01-31,2025-02-08,2,test,train_plus_validation,131.0,160.89267712738473,162.0
Gampaha,2025-02-07,2025-02-15,2,test,train_plus_validation,132.0,131.47158877002647,131.0
Gampaha,2025-02-14,2025-02-22,2,test,train_plus_validation,119.0,115.77571904519274,131.0
Gampaha,2025-02-21,2025-03-01,2,test,train_plus_validation,142.0,111.82750616160524,132.0
Gampaha,2025-02-28,2025-03-08,2,test,train_plus_validation,132.0,92.23382607337857,119.0
Gampaha,2025-03-07,2025-03-15,2,test,train_plus_validation,125.0,123.22403782234856,142.0
Gampaha,2025-03-14,2025-03-22,2,test,train_plus_validation,135.0,121.03691459686658,132.0
Gampaha,2025-03-21,2025-03-29,2,test,train_plus_validation,135.0,111.48125854858064,125.0
Gampaha,2025-03-28,2025-04-05,2,test,train_plus_validation,137.0,137.70810055148434,135.0
Gampaha,2025-04-04,2025-04-12,2,test,train_plus_validation,171.0,132.39576941024316,135.0
Gampaha,2025-04-11,2025-04-19,2,test,train_plus_validation,166.0,150.57676872966138,137.0
Gampaha,2025-04-18,2025-04-26,2,test,train_plus_validation,158.0,160.42169535377369,171.0
Gampaha,2025-04-25,2025-05-03,2,test,train_plus_validation,194.0,190.17275728603937,166.0
Gampaha,2025-05-02,2025-05-10,2,test,train_plus_validation,224.0,194.45956087698409,158.0
Gampaha,2025-05-09,2025-05-17,2,test,train_plus_validation,208.0,192.86141270983384,194.0
Gampaha,2025-05-16,2025-05-24,2,test,train_plus_validation,197.0,212.38363105179593,224.0
Gampaha,2025-05-23,2025-05-31,2,test,train_plus_validation,228.0,205.76032203806932,208.0
Gampaha,2025-05-30,2025-06-07,2,test,train_plus_validation,207.0,179.7139473005002,197.0
Gampaha,2025-06-06,2025-06-14,2,test,train_plus_validation,217.0,222.3851485740473,228.0
Gampaha,2025-06-13,2025-06-21,2,test,train_plus_validation,167.0,203.98204432975328,207.0
Gampaha,2025-06-20,2025-06-28,2,test,train_plus_validation,181.0,187.81274720915923,217.0
Gampaha,2025-06-27,2025-07-05,2,test,train_plus_validation,154.0,162.25137015891315,167.0
Gampaha,2025-07-04,2025-07-12,2,test,train_plus_validation,193.0,178.98610450244007,181.0
Gampaha,2025-07-11,2025-07-19,2,test,train_plus_validation,175.0,180.8185595829295,154.0
Gampaha,2025-07-18,2025-07-26,2,test,train_plus_validation,148.0,178.43863201668393,193.0
Gampaha,2025-07-25,2025-08-02,2,test,train_plus_validation,96.0,164.6870437504671,175.0
Gampaha,2025-08-01,2025-08-09,2,test,train_plus_validation,91.0,138.90625858004137,148.0
Gampaha,2025-08-08,2025-08-16,2,test,train_plus_validation,108.0,99.28807459136345,96.0
Gampaha,2025-08-15,2025-08-23,2,test,train_plus_validation,63.0,88.18299446116787,91.0
Gampaha,2025-08-22,2025-08-30,2,test,train_plus_validation,58.0,88.90626855835306,108.0
Gampaha,2025-08-29,2025-09-06,2,test,train_plus_validation,92.0,69.7508857873652,63.0
Gampaha,2025-09-05,2025-09-13,2,test,train_plus_validation,93.0,55.977093534722044,58.0
Gampaha,2025-09-12,2025-09-20,2,test,train_plus_validation,78.0,88.85617350869164,92.0
Gampaha,2025-09-19,2025-09-27,2,test,train_plus_validation,56.0,92.05721293925605,93.0
Gampaha,2025-09-26,2025-10-04,2,test,train_plus_validation,82.0,80.62523341407802,78.0
Gampaha,2025-10-03,2025-10-11,2,test,train_plus_validation,83.0,63.720995435151856,56.0
Gampaha,2025-10-10,2025-10-18,2,test,train_plus_validation,95.0,79.8954159889799,82.0
Gampaha,2025-10-17,2025-10-25,2,test,train_plus_validation,112.0,82.75247902779563,83.0
Gampaha,2025-10-24,2025-11-01,2,test,train_plus_validation,128.0,95.48991080480461,95.0
Gampaha,2025-10-31,2025-11-08,2,test,train_plus_validation,131.0,118.673176234528,112.0
Gampaha,2025-11-07,2025-11-15,2,test,train_plus_validation,159.0,138.22777620794028,128.0
Gampaha,2025-11-14,2025-11-22,2,test,train_plus_validation,138.0,152.0707583624192,131.0
Gampaha,2025-11-21,2025-11-29,2,test,train_plus_validation,186.0,151.08510858600707,159.0
Gampaha,2025-11-28,2025-12-06,2,test,train_plus_validation,202.0,149.2453971186804,138.0
Gampaha,2025-12-05,2025-12-13,2,test,train_plus_validation,214.0,175.80175627368516,186.0
Hambantota,2024-12-27,2025-01-04,2,test,train_plus_validation,35.0,24.2098761899528,21.0
Hambantota,2025-01-03,2025-01-11,2,test,train_plus_validation,32.0,38.742516397410824,36.0
Hambantota,2025-01-10,2025-01-18,2,test,train_plus_validation,24.0,34.38348021189212,35.0
Hambantota,2025-01-17,2025-01-25,2,test,train_plus_validation,22.0,35.52964609168475,32.0
Hambantota,2025-01-24,2025-02-01,2,test,train_plus_validation,15.0,30.95135068558657,24.0
Hambantota,2025-01-31,2025-02-08,2,test,train_plus_validation,15.0,25.811019809245973,22.0
Hambantota,2025-02-07,2025-02-15,2,test,train_plus_validation,10.0,23.0922173077604,15.0
Hambantota,2025-02-14,2025-02-22,2,test,train_plus_validation,12.0,20.382363696892156,15.0
Hambantota,2025-02-21,2025-03-01,2,test,train_plus_validation,17.0,14.647107250336624,10.0
Hambantota,2025-02-28,2025-03-08,2,test,train_plus_validation,14.0,13.076632276099177,12.0
Hambantota,2025-03-07,2025-03-15,2,test,train_plus_validation,18.0,14.265625488573521,17.0
Hambantota,2025-03-14,2025-03-22,2,test,train_plus_validation,12.0,15.417995382522461,14.0
Hambantota,2025-03-21,2025-03-29,2,test,train_plus_validation,13.0,17.59337825341354,18.0
Hambantota,2025-03-28,2025-04-05,2,test,train_plus_validation,10.0,16.09343680938921,12.0
Hambantota,2025-04-04,2025-04-12,2,test,train_plus_validation,12.0,16.02279644790892,13.0
Hambantota,2025-04-11,2025-04-19,2,test,train_plus_validation,23.0,14.031457267401493,10.0
Hambantota,2025-04-18,2025-04-26,2,test,train_plus_validation,24.0,14.036928166321731,12.0
Hambantota,2025-04-25,2025-05-03,2,test,train_plus_validation,16.0,20.092173706964147,23.0
Hambantota,2025-05-02,2025-05-10,2,test,train_plus_validation,20.0,23.507249147746048,24.0
Hambantota,2025-05-09,2025-05-17,2,test,train_plus_validation,20.0,21.33271179929746,16.0
Hambantota,2025-05-16,2025-05-24,2,test,train_plus_validation,8.0,21.049171280283094,20.0
Hambantota,2025-05-23,2025-05-31,2,test,train_plus_validation,24.0,21.209437544532676,20.0
Hambantota,2025-05-30,2025-06-07,2,test,train_plus_validation,15.0,15.991649910542913,8.0
Hambantota,2025-06-06,2025-06-14,2,test,train_plus_validation,22.0,19.948698056371654,24.0
Hambantota,2025-06-13,2025-06-21,2,test,train_plus_validation,21.0,15.649773009240194,15.0
Hambantota,2025-06-20,2025-06-28,2,test,train_plus_validation,24.0,19.96216498174925,22.0
Hambantota,2025-06-27,2025-07-05,2,test,train_plus_validation,31.0,19.544148189110658,21.0
Hambantota,2025-07-04,2025-07-12,2,test,train_plus_validation,46.0,20.576631754613082,24.0
Hambantota,2025-07-11,2025-07-19,2,test,train_plus_validation,31.0,26.060314424246062,31.0
Hambantota,2025-07-18,2025-07-26,2,test,train_plus_validation,24.0,36.88869098340266,46.0
Hambantota,2025-07-25,2025-08-02,2,test,train_plus_validation,17.0,30.002758406045764,31.0
Hambantota,2025-08-01,2025-08-09,2,test,train_plus_validation,15.0,21.318240978077185,24.0
Hambantota,2025-08-08,2025-08-16,2,test,train_plus_validation,7.0,16.804065351719842,17.0
Hambantota,2025-08-15,2025-08-23,2,test,train_plus_validation,18.0,16.371819533454065,15.0
Hambantota,2025-08-22,2025-08-30,2,test,train_plus_validation,9.0,9.929790346202465,7.0
Hambantota,2025-08-29,2025-09-06,2,test,train_plus_validation,9.0,12.4053055269785,18.0
Hambantota,2025-09-05,2025-09-13,2,test,train_plus_validation,7.0,10.366625824668244,9.0
Hambantota,2025-09-12,2025-09-20,2,test,train_plus_validation,19.0,9.7561502167173,9.0
Hambantota,2025-09-19,2025-09-27,2,test,train_plus_validation,15.0,8.077448201368435,7.0
Hambantota,2025-09-26,2025-10-04,2,test,train_plus_validation,10.0,13.963228022388073,19.0
Hambantota,2025-10-03,2025-10-11,2,test,train_plus_validation,10.0,18.64688394353869,15.0
Hambantota,2025-10-10,2025-10-18,2,test,train_plus_validation,6.0,14.116779284093646,10.0
Hambantota,2025-10-17,2025-10-25,2,test,train_plus_validation,14.0,12.28738186145048,10.0
Hambantota,2025-10-24,2025-11-01,2,test,train_plus_validation,18.0,10.520730408179366,6.0
Hambantota,2025-10-31,2025-11-08,2,test,train_plus_validation,14.0,11.716987519138634,14.0
Hambantota,2025-11-07,2025-11-15,2,test,train_plus_validation,15.0,15.198573144178665,18.0
Hambantota,2025-11-14,2025-11-22,2,test,train_plus_validation,13.0,16.167422033200612,14.0
Hambantota,2025-11-21,2025-11-29,2,test,train_plus_validation,24.0,16.346265052712077,15.0
Hambantota,2025-11-28,2025-12-06,2,test,train_plus_validation,28.0,17.16768900763858,13.0
Hambantota,2025-12-05,2025-12-13,2,test,train_plus_validation,42.0,25.296806154459027,24.0
Jaffna,2024-12-27,2025-01-04,2,test,train_plus_validation,52.0,77.08845959738748,76.0
Jaffna,2025-01-03,2025-01-11,2,test,train_plus_validation,37.0,70.25959267394579,58.0
Jaffna,2025-01-10,2025-01-18,2,test,train_plus_validation,57.0,53.7297986733487,52.0
Jaffna,2025-01-17,2025-01-25,2,test,train_plus_validation,39.0,43.185746766094404,37.0
Jaffna,2025-01-24,2025-02-01,2,test,train_plus_validation,35.0,59.52978904876384,57.0
Jaffna,2025-01-31,2025-02-08,2,test,train_plus_validation,35.0,45.08026079295489,39.0
Jaffna,2025-02-07,2025-02-15,2,test,train_plus_validation,30.0,37.00426067370433,35.0
Jaffna,2025-02-14,2025-02-22,2,test,train_plus_validation,28.0,36.51727034519604,35.0
Jaffna,2025-02-21,2025-03-01,2,test,train_plus_validation,15.0,28.123928419495776,30.0
Jaffna,2025-02-28,2025-03-08,2,test,train_plus_validation,23.0,22.95172074941194,28.0
Jaffna,2025-03-07,2025-03-15,2,test,train_plus_validation,25.0,20.475567589533924,15.0
Jaffna,2025-03-14,2025-03-22,2,test,train_plus_validation,24.0,22.077488966067705,23.0
Jaffna,2025-03-21,2025-03-29,2,test,train_plus_validation,15.0,25.027003265098458,25.0
Jaffna,2025-03-28,2025-04-05,2,test,train_plus_validation,11.0,27.26491479399443,24.0
Jaffna,2025-04-04,2025-04-12,2,test,train_plus_validation,18.0,20.339391195444865,15.0
Jaffna,2025-04-11,2025-04-19,2,test,train_plus_validation,44.0,18.080170358150717,11.0
Jaffna,2025-04-18,2025-04-26,2,test,train_plus_validation,20.0,13.545623234865962,18.0
Jaffna,2025-04-25,2025-05-03,2,test,train_plus_validation,18.0,26.444912449104113,44.0
Jaffna,2025-05-02,2025-05-10,2,test,train_plus_validation,27.0,24.087550194226534,20.0
Jaffna,2025-05-09,2025-05-17,2,test,train_plus_validation,35.0,17.471507726029266,18.0
Jaffna,2025-05-16,2025-05-24,2,test,train_plus_validation,20.0,21.247497021557944,27.0
Jaffna,2025-05-23,2025-05-31,2,test,train_plus_validation,26.0,29.403441591232784,35.0
Jaffna,2025-05-30,2025-06-07,2,test,train_plus_validation,25.0,29.34712769786226,20.0
Jaffna,2025-06-06,2025-06-14,2,test,train_plus_validation,24.0,26.704235679939192,26.0
Jaffna,2025-06-13,2025-06-21,2,test,train_plus_validation,12.0,26.015918152950583,25.0
Jaffna,2025-06-20,2025-06-28,2,test,train_plus_validation,17.0,27.416028049007917,24.0
Jaffna,2025-06-27,2025-07-05,2,test,train_plus_validation,26.0,15.474855181358537,12.0
Jaffna,2025-07-04,2025-07-12,2,test,train_plus_validation,31.0,14.862225230303508,17.0
Jaffna,2025-07-11,2025-07-19,2,test,train_plus_validation,19.0,20.63160760157799,26.0
Jaffna,2025-07-18,2025-07-26,2,test,train_plus_validation,15.0,24.259928497543697,31.0
Jaffna,2025-07-25,2025-08-02,2,test,train_plus_validation,9.0,20.63262932116007,19.0
Jaffna,2025-08-01,2025-08-09,2,test,train_plus_validation,20.0,17.58789794788499,15.0
Jaffna,2025-08-08,2025-08-16,2,test,train_plus_validation,6.0,13.06555333289702,9.0
Jaffna,2025-08-15,2025-08-23,2,test,train_plus_validation,12.0,18.46256507706844,20.0
Jaffna,2025-08-22,2025-08-30,2,test,train_plus_validation,22.0,10.384498502160532,6.0
Jaffna,2025-08-29,2025-09-06,2,test,train_plus_validation,14.0,12.527317849731013,12.0
Jaffna,2025-09-05,2025-09-13,2,test,train_plus_validation,5.0,17.286519959627523,22.0
Jaffna,2025-09-12,2025-09-20,2,test,train_plus_validation,14.0,15.445320895882096,14.0
Jaffna,2025-09-19,2025-09-27,2,test,train_plus_validation,18.0,10.978307052663379,5.0
Jaffna,2025-09-26,2025-10-04,2,test,train_plus_validation,19.0,12.131876016160732,14.0
Jaffna,2025-10-03,2025-10-11,2,test,train_plus_validation,26.0,16.923804789649623,18.0
Jaffna,2025-10-10,2025-10-18,2,test,train_plus_validation,26.0,18.606158059208635,19.0
Jaffna,2025-10-17,2025-10-25,2,test,train_plus_validation,55.0,24.630729056491255,26.0
Jaffna,2025-10-24,2025-11-01,2,test,train_plus_validation,54.0,30.707673934347532,26.0
Jaffna,2025-10-31,2025-11-08,2,test,train_plus_validation,54.0,48.149801292836585,55.0
Jaffna,2025-11-07,2025-11-15,2,test,train_plus_validation,57.0,54.31737814629351,54.0
Jaffna,2025-11-14,2025-11-22,2,test,train_plus_validation,49.0,62.70732998558653,54.0
Jaffna,2025-11-21,2025-11-29,2,test,train_plus_validation,58.0,62.96835028441275,57.0
Jaffna,2025-11-28,2025-12-06,2,test,train_plus_validation,78.0,60.24020959237112,49.0
Jaffna,2025-12-05,2025-12-13,2,test,train_plus_validation,76.0,66.18522408431335,58.0
Kalutara,2024-12-27,2025-01-04,2,test,train_plus_validation,24.0,41.612224428100795,34.0
Kalutara,2025-01-03,2025-01-11,2,test,train_plus_validation,51.0,56.78466823179117,65.0
Kalutara,2025-01-10,2025-01-18,2,test,train_plus_validation,38.0,36.615514693862444,24.0
Kalutara,2025-01-17,2025-01-25,2,test,train_plus_validation,29.0,52.51329753844784,51.0
Kalutara,2025-01-24,2025-02-01,2,test,train_plus_validation,29.0,41.047912275327796,38.0
Kalutara,2025-01-31,2025-02-08,2,test,train_plus_validation,29.0,34.091980116459915,29.0
Kalutara,2025-02-07,2025-02-15,2,test,train_plus_validation,44.0,29.966116749782802,29.0
Kalutara,2025-02-14,2025-02-22,2,test,train_plus_validation,31.0,30.17899488940627,29.0
Kalutara,2025-02-21,2025-03-01,2,test,train_plus_validation,43.0,39.09999740033367,44.0
Kalutara,2025-02-28,2025-03-08,2,test,train_plus_validation,37.0,29.415170865005365,31.0
Kalutara,2025-03-07,2025-03-15,2,test,train_plus_validation,35.0,36.04992557408096,43.0
Kalutara,2025-03-14,2025-03-22,2,test,train_plus_validation,30.0,35.23355495230789,37.0
Kalutara,2025-03-21,2025-03-29,2,test,train_plus_validation,39.0,37.40429993901866,35.0
Kalutara,2025-03-28,2025-04-05,2,test,train_plus_validation,36.0,33.55059528315197,30.0
Kalutara,2025-04-04,2025-04-12,2,test,train_plus_validation,42.0,37.51945505713874,39.0
Kalutara,2025-04-11,2025-04-19,2,test,train_plus_validation,64.0,40.926783525053516,36.0
Kalutara,2025-04-18,2025-04-26,2,test,train_plus_validation,59.0,41.5429047897375,42.0
Kalutara,2025-04-25,2025-05-03,2,test,train_plus_validation,63.0,56.495111722920434,64.0
Kalutara,2025-05-02,2025-05-10,2,test,train_plus_validation,35.0,59.91136326773948,59.0
Kalutara,2025-05-09,2025-05-17,2,test,train_plus_validation,92.0,61.2928069168965,63.0
Kalutara,2025-05-16,2025-05-24,2,test,train_plus_validation,71.0,46.67147865306726,35.0
Kalutara,2025-05-23,2025-05-31,2,test,train_plus_validation,68.0,85.40573638424911,92.0
Kalutara,2025-05-30,2025-06-07,2,test,train_plus_validation,74.0,81.79320995798062,71.0
Kalutara,2025-06-06,2025-06-14,2,test,train_plus_validation,62.0,70.48536631415529,68.0
Kalutara,2025-06-13,2025-06-21,2,test,train_plus_validation,92.0,69.95586597413622,74.0
Kalutara,2025-06-20,2025-06-28,2,test,train_plus_validation,57.0,69.18907809045707,62.0
Kalutara,2025-06-27,2025-07-05,2,test,train_plus_validation,66.0,93.77130530233808,92.0
Kalutara,2025-07-04,2025-07-12,2,test,train_plus_validation,80.0,90.50764371415065,57.0
Kalutara,2025-07-11,2025-07-19,2,test,train_plus_validation,53.0,67.19913540543888,66.0
Kalutara,2025-07-18,2025-07-26,2,test,train_plus_validation,30.0,67.97268355222185,80.0
Kalutara,2025-07-25,2025-08-02,2,test,train_plus_validation,47.0,55.94985487520864,53.0
Kalutara,2025-08-01,2025-08-09,2,test,train_plus_validation,56.0,39.28897968062728,30.0
Kalutara,2025-08-08,2025-08-16,2,test,train_plus_validation,39.0,44.34007065878216,47.0
Kalutara,2025-08-15,2025-08-23,2,test,train_plus_validation,40.0,50.405922386849284,56.0
Kalutara,2025-08-22,2025-08-30,2,test,train_plus_validation,34.0,39.58712500079998,39.0
Kalutara,2025-08-29,2025-09-06,2,test,train_plus_validation,32.0,40.040610543049766,40.0
Kalutara,2025-09-05,2025-09-13,2,test,train_plus_validation,27.0,35.86499291492889,34.0
Kalutara,2025-09-12,2025-09-20,2,test,train_plus_validation,43.0,34.686415847556106,32.0
Kalutara,2025-09-19,2025-09-27,2,test,train_plus_validation,32.0,30.839208939826932,27.0
Kalutara,2025-09-26,2025-10-04,2,test,train_plus_validation,35.0,39.9868374741366,43.0
Kalutara,2025-10-03,2025-10-11,2,test,train_plus_validation,24.0,36.64963236345829,32.0
Kalutara,2025-10-10,2025-10-18,2,test,train_plus_validation,35.0,39.30465034744551,35.0
Kalutara,2025-10-17,2025-10-25,2,test,train_plus_validation,32.0,29.925055328583372,24.0
Kalutara,2025-10-24,2025-11-01,2,test,train_plus_validation,27.0,38.573868041848364,35.0
Kalutara,2025-10-31,2025-11-08,2,test,train_plus_validation,35.0,35.36034007224718,32.0
Kalutara,2025-11-07,2025-11-15,2,test,train_plus_validation,34.0,32.299348956192866,27.0
Kalutara,2025-11-14,2025-11-22,2,test,train_plus_validation,57.0,40.93643752198168,35.0
Kalutara,2025-11-21,2025-11-29,2,test,train_plus_validation,63.0,40.747481162853944,34.0
Kalutara,2025-11-28,2025-12-06,2,test,train_plus_validation,53.0,58.185109749125964,57.0
Kalutara,2025-12-05,2025-12-13,2,test,train_plus_validation,85.0,58.42120482651308,63.0
Kandy,2024-12-27,2025-01-04,2,test,train_plus_validation,65.0,72.82931006275574,76.0
Kandy,2025-01-03,2025-01-11,2,test,train_plus_validation,77.0,66.62135462771954,66.0
Kandy,2025-01-10,2025-01-18,2,test,train_plus_validation,62.0,59.553986223156016,65.0
Kandy,2025-01-17,2025-01-25,2,test,train_plus_validation,80.0,66.8445540798725,77.0
Kandy,2025-01-24,2025-02-01,2,test,train_plus_validation,50.0,65.37986672132514,62.0
Kandy,2025-01-31,2025-02-08,2,test,train_plus_validation,50.0,78.64355832511629,80.0
Kandy,2025-02-07,2025-02-15,2,test,train_plus_validation,63.0,54.35977279632148,50.0
Kandy,2025-02-14,2025-02-22,2,test,train_plus_validation,58.0,50.99210612144425,50.0
Kandy,2025-02-21,2025-03-01,2,test,train_plus_validation,49.0,52.57638856260589,63.0
Kandy,2025-02-28,2025-03-08,2,test,train_plus_validation,59.0,52.853580975656044,58.0
Kandy,2025-03-07,2025-03-15,2,test,train_plus_validation,59.0,48.55684261517529,49.0
Kandy,2025-03-14,2025-03-22,2,test,train_plus_validation,56.0,53.70253988477226,59.0
Kandy,2025-03-21,2025-03-29,2,test,train_plus_validation,65.0,57.47744677665016,59.0
Kandy,2025-03-28,2025-04-05,2,test,train_plus_validation,50.0,56.72249234641683,56.0
Kandy,2025-04-04,2025-04-12,2,test,train_plus_validation,53.0,81.51337103031983,65.0
Kandy,2025-04-11,2025-04-19,2,test,train_plus_validation,73.0,58.39600542332971,50.0
Kandy,2025-04-18,2025-04-26,2,test,train_plus_validation,60.0,50.94537688864812,53.0
Kandy,2025-04-25,2025-05-03,2,test,train_plus_validation,77.0,61.74666597719487,73.0
Kandy,2025-05-02,2025-05-10,2,test,train_plus_validation,98.0,64.63619023933619,60.0
Kandy,2025-05-09,2025-05-17,2,test,train_plus_validation,126.0,66.42532443872936,77.0
Kandy,2025-05-16,2025-05-24,2,test,train_plus_validation,105.0,81.72234575514194,98.0
Kandy,2025-05-23,2025-05-31,2,test,train_plus_validation,126.0,130.92921256963214,126.0
Kandy,2025-05-30,2025-06-07,2,test,train_plus_validation,118.0,97.44762897673198,105.0
Kandy,2025-06-06,2025-06-14,2,test,train_plus_validation,192.0,113.53249911133358,126.0
Kandy,2025-06-13,2025-06-21,2,test,train_plus_validation,161.0,113.67699612047113,118.0
Kandy,2025-06-20,2025-06-28,2,test,train_plus_validation,174.0,173.20141169463972,192.0
Kandy,2025-06-27,2025-07-05,2,test,train_plus_validation,141.0,176.92220588723916,161.0
Kandy,2025-07-04,2025-07-12,2,test,train_plus_validation,184.0,162.28108806941728,174.0
Kandy,2025-07-11,2025-07-19,2,test,train_plus_validation,168.0,137.13237448925508,141.0
Kandy,2025-07-18,2025-07-26,2,test,train_plus_validation,107.0,156.6137549502788,184.0
Kandy,2025-07-25,2025-08-02,2,test,train_plus_validation,145.0,142.3087793674653,168.0
Kandy,2025-08-01,2025-08-09,2,test,train_plus_validation,80.0,91.45347268443948,107.0
Kandy,2025-08-08,2025-08-16,2,test,train_plus_validation,92.0,122.44834338351497,145.0
Kandy,2025-08-15,2025-08-23,2,test,train_plus_validation,94.0,73.09629595402454,80.0
Kandy,2025-08-22,2025-08-30,2,test,train_plus_validation,87.0,81.08919797843912,92.0
Kandy,2025-08-29,2025-09-06,2,test,train_plus_validation,60.0,80.30697027789356,94.0
Kandy,2025-09-05,2025-09-13,2,test,train_plus_validation,79.0,73.34386155639699,87.0
Kandy,2025-09-12,2025-09-20,2,test,train_plus_validation,37.0,60.72083200187369,60.0
Kandy,2025-09-19,2025-09-27,2,test,train_plus_validation,39.0,64.96265456319192,79.0
Kandy,2025-09-26,2025-10-04,2,test,train_plus_validation,44.0,48.36967186260129,37.0
Kandy,2025-10-03,2025-10-11,2,test,train_plus_validation,44.0,39.9391550698119,39.0
Kandy,2025-10-10,2025-10-18,2,test,train_plus_validation,52.0,40.34672377036657,44.0
Kandy,2025-10-17,2025-10-25,2,test,train_plus_validation,58.0,42.892908466355586,44.0
Kandy,2025-10-24,2025-11-01,2,test,train_plus_validation,56.0,55.18591914754996,52.0
Kandy,2025-10-31,2025-11-08,2,test,train_plus_validation,71.0,52.2828773816641,58.0
Kandy,2025-11-07,2025-11-15,2,test,train_plus_validation,88.0,55.59251889420425,56.0
Kandy,2025-11-14,2025-11-22,2,test,train_plus_validation,60.0,64.10968633025729,71.0
Kandy,2025-11-21,2025-11-29,2,test,train_plus_validation,50.0,80.6327335135361,88.0
Kandy,2025-11-28,2025-12-06,2,test,train_plus_validation,82.0,66.36183622259773,60.0
Kandy,2025-12-05,2025-12-13,2,test,train_plus_validation,85.0,56.64259030304232,50.0
Kegalle,2024-12-27,2025-01-04,2,test,train_plus_validation,40.0,42.21347388552578,44.0
Kegalle,2025-01-03,2025-01-11,2,test,train_plus_validation,34.0,56.10738490041075,64.0
Kegalle,2025-01-10,2025-01-18,2,test,train_plus_validation,26.0,46.59121639203221,40.0
Kegalle,2025-01-17,2025-01-25,2,test,train_plus_validation,24.0,38.94623113205589,34.0
Kegalle,2025-01-24,2025-02-01,2,test,train_plus_validation,29.0,32.59781037782088,26.0
Kegalle,2025-01-31,2025-02-08,2,test,train_plus_validation,29.0,26.283377803005717,24.0
Kegalle,2025-02-07,2025-02-15,2,test,train_plus_validation,35.0,27.14290761515816,29.0
Kegalle,2025-02-14,2025-02-22,2,test,train_plus_validation,22.0,29.87891832127408,29.0
Kegalle,2025-02-21,2025-03-01,2,test,train_plus_validation,43.0,32.58305870585956,35.0
Kegalle,2025-02-28,2025-03-08,2,test,train_plus_validation,20.0,20.681918063676857,22.0
Kegalle,2025-03-07,2025-03-15,2,test,train_plus_validation,32.0,38.94862161838477,43.0
Kegalle,2025-03-14,2025-03-22,2,test,train_plus_validation,24.0,23.890474349381808,20.0
Kegalle,2025-03-21,2025-03-29,2,test,train_plus_validation,20.0,30.193598616164344,32.0
Kegalle,2025-03-28,2025-04-05,2,test,train_plus_validation,29.0,26.304069320926452,24.0
Kegalle,2025-04-04,2025-04-12,2,test,train_plus_validation,13.0,23.679781896445764,20.0
Kegalle,2025-04-11,2025-04-19,2,test,train_plus_validation,35.0,25.34331367284474,29.0
Kegalle,2025-04-18,2025-04-26,2,test,train_plus_validation,38.0,21.94704339748607,13.0
Kegalle,2025-04-25,2025-05-03,2,test,train_plus_validation,43.0,32.17157930687222,35.0
Kegalle,2025-05-02,2025-05-10,2,test,train_plus_validation,45.0,36.439589341256784,38.0
Kegalle,2025-05-09,2025-05-17,2,test,train_plus_validation,43.0,41.0727532375497,43.0
Kegalle,2025-05-16,2025-05-24,2,test,train_plus_validation,61.0,41.82335515573939,45.0
Kegalle,2025-05-23,2025-05-31,2,test,train_plus_validation,54.0,44.083238632898706,43.0
Kegalle,2025-05-30,2025-06-07,2,test,train_plus_validation,46.0,53.54710594062128,61.0
Kegalle,2025-06-06,2025-06-14,2,test,train_plus_validation,48.0,52.46826161711268,54.0
Kegalle,2025-06-13,2025-06-21,2,test,train_plus_validation,35.0,50.52023257482288,46.0
Kegalle,2025-06-20,2025-06-28,2,test,train_plus_validation,39.0,50.38055186468546,48.0
Kegalle,2025-06-27,2025-07-05,2,test,train_plus_validation,30.0,40.50408248837632,35.0
Kegalle,2025-07-04,2025-07-12,2,test,train_plus_validation,41.0,36.93002900168331,39.0
Kegalle,2025-07-11,2025-07-19,2,test,train_plus_validation,33.0,35.438089624789235,30.0
Kegalle,2025-07-18,2025-07-26,2,test,train_plus_validation,29.0,38.3722147263018,41.0
Kegalle,2025-07-25,2025-08-02,2,test,train_plus_validation,31.0,35.31938013304713,33.0
Kegalle,2025-08-01,2025-08-09,2,test,train_plus_validation,19.0,31.420036857800234,29.0
Kegalle,2025-08-08,2025-08-16,2,test,train_plus_validation,24.0,33.93966805089132,31.0
Kegalle,2025-08-15,2025-08-23,2,test,train_plus_validation,27.0,26.11253975306534,19.0
Kegalle,2025-08-22,2025-08-30,2,test,train_plus_validation,19.0,25.311960536639063,24.0
Kegalle,2025-08-29,2025-09-06,2,test,train_plus_validation,67.0,26.141432731960887,27.0
Kegalle,2025-09-05,2025-09-13,2,test,train_plus_validation,20.0,23.28321956291794,19.0
Kegalle,2025-09-12,2025-09-20,2,test,train_plus_validation,18.0,49.8105530531883,67.0
Kegalle,2025-09-19,2025-09-27,2,test,train_plus_validation,19.0,33.32054338624347,20.0
Kegalle,2025-09-26,2025-10-04,2,test,train_plus_validation,18.0,31.05886768818217,18.0
Kegalle,2025-10-03,2025-10-11,2,test,train_plus_validation,11.0,25.1099808328432,19.0
Kegalle,2025-10-10,2025-10-18,2,test,train_plus_validation,17.0,24.63438525650019,18.0
Kegalle,2025-10-17,2025-10-25,2,test,train_plus_validation,19.0,18.03839396701083,11.0
Kegalle,2025-10-24,2025-11-01,2,test,train_plus_validation,17.0,17.88264166760373,17.0
Kegalle,2025-10-31,2025-11-08,2,test,train_plus_validation,18.0,25.268429766083006,19.0
Kegalle,2025-11-07,2025-11-15,2,test,train_plus_validation,34.0,28.920549093267486,17.0
Kegalle,2025-11-14,2025-11-22,2,test,train_plus_validation,30.0,30.996177645845748,18.0
Kegalle,2025-11-21,2025-11-29,2,test,train_plus_validation,18.0,42.113006827926384,34.0
Kegalle,2025-11-28,2025-12-06,2,test,train_plus_validation,36.0,35.17036480717055,30.0
Kegalle,2025-12-05,2025-12-13,2,test,train_plus_validation,37.0,25.771634299192783,18.0
Kilinochchi,2024-12-27,2025-01-04,2,test,train_plus_validation,8.0,11.896535985079735,5.0
Kilinochchi,2025-01-03,2025-01-11,2,test,train_plus_validation,3.0,7.667272087260205,5.0
Kilinochchi,2025-01-10,2025-01-18,2,test,train_plus_validation,6.0,7.595458171152889,8.0
Kilinochchi,2025-01-17,2025-01-25,2,test,train_plus_validation,3.0,5.731923811541768,3.0
Kilinochchi,2025-01-24,2025-02-01,2,test,train_plus_validation,2.0,6.334056164744283,6.0
Kilinochchi,2025-01-31,2025-02-08,2,test,train_plus_validation,2.0,4.223533487721236,3.0
Kilinochchi,2025-02-07,2025-02-15,2,test,train_plus_validation,2.0,4.754573849465474,2.0
Kilinochchi,2025-02-14,2025-02-22,2,test,train_plus_validation,1.0,3.494430168919715,2.0
Kilinochchi,2025-02-21,2025-03-01,2,test,train_plus_validation,3.0,2.446343569123339,2.0
Kilinochchi,2025-02-28,2025-03-08,2,test,train_plus_validation,6.0,2.2951099374182378,1.0
Kilinochchi,2025-03-07,2025-03-15,2,test,train_plus_validation,0.0,2.2927954610361634,3.0
Kilinochchi,2025-03-14,2025-03-22,2,test,train_plus_validation,2.0,4.770763096939933,6.0
Kilinochchi,2025-03-21,2025-03-29,2,test,train_plus_validation,0.0,3.254839005451845,0.0
Kilinochchi,2025-03-28,2025-04-05,2,test,train_plus_validation,1.0,2.7464161152254483,2.0
Kilinochchi,2025-04-04,2025-04-12,2,test,train_plus_validation,1.0,2.3475390683607062,0.0
Kilinochchi,2025-04-11,2025-04-19,2,test,train_plus_validation,7.0,1.9497873184687804,1.0
Kilinochchi,2025-04-18,2025-04-26,2,test,train_plus_validation,1.0,1.179499875015317,1.0
Kilinochchi,2025-04-25,2025-05-03,2,test,train_plus_validation,1.0,3.638008578965917,7.0
Kilinochchi,2025-05-02,2025-05-10,2,test,train_plus_validation,4.0,2.292459969836628,1.0
Kilinochchi,2025-05-09,2025-05-17,2,test,train_plus_validation,2.0,2.061103132187656,1.0
Kilinochchi,2025-05-16,2025-05-24,2,test,train_plus_validation,2.0,2.311964078587175,4.0
Kilinochchi,2025-05-23,2025-05-31,2,test,train_plus_validation,1.0,2.214289739266564,2.0
Kilinochchi,2025-05-30,2025-06-07,2,test,train_plus_validation,2.0,2.0618846922659517,2.0
Kilinochchi,2025-06-06,2025-06-14,2,test,train_plus_validation,0.0,2.1173764184846195,1.0
Kilinochchi,2025-06-13,2025-06-21,2,test,train_plus_validation,1.0,2.170637154823949,2.0
Kilinochchi,2025-06-20,2025-06-28,2,test,train_plus_validation,2.0,1.9162286815868435,0.0
Kilinochchi,2025-06-27,2025-07-05,2,test,train_plus_validation,0.0,1.2898304707332284,1.0
Kilinochchi,2025-07-04,2025-07-12,2,test,train_plus_validation,3.0,1.4333995477360544,2.0
Kilinochchi,2025-07-11,2025-07-19,2,test,train_plus_validation,1.0,1.360668034106321,0.0
Kilinochchi,2025-07-18,2025-07-26,2,test,train_plus_validation,0.0,1.9795808916670474,3.0
Kilinochchi,2025-07-25,2025-08-02,2,test,train_plus_validation,0.0,1.4660494793790624,1.0
Kilinochchi,2025-08-01,2025-08-09,2,test,train_plus_validation,2.0,1.5576179785841826,0.0
Kilinochchi,2025-08-08,2025-08-16,2,test,train_plus_validation,0.0,1.0555951561650634,0.0
Kilinochchi,2025-08-15,2025-08-23,2,test,train_plus_validation,0.0,1.353441346693305,2.0
Kilinochchi,2025-08-22,2025-08-30,2,test,train_plus_validation,2.0,1.0981771495940038,0.0
Kilinochchi,2025-08-29,2025-09-06,2,test,train_plus_validation,1.0,0.7108448305760404,0.0
Kilinochchi,2025-09-05,2025-09-13,2,test,train_plus_validation,1.0,0.9900744336411693,2.0
Kilinochchi,2025-09-12,2025-09-20,2,test,train_plus_validation,0.0,1.1953167696098503,1.0
Kilinochchi,2025-09-19,2025-09-27,2,test,train_plus_validation,3.0,1.253778913320456,1.0
Kilinochchi,2025-09-26,2025-10-04,2,test,train_plus_validation,4.0,1.1646994991491681,0.0
Kilinochchi,2025-10-03,2025-10-11,2,test,train_plus_validation,2.0,1.8015397885959465,3.0
Kilinochchi,2025-10-10,2025-10-18,2,test,train_plus_validation,2.0,1.996922920883579,4.0
Kilinochchi,2025-10-17,2025-10-25,2,test,train_plus_validation,2.0,2.2910208894993613,2.0
Kilinochchi,2025-10-24,2025-11-01,2,test,train_plus_validation,6.0,3.0461865054575057,2.0
Kilinochchi,2025-10-31,2025-11-08,2,test,train_plus_validation,5.0,3.1167615207962265,2.0
Kilinochchi,2025-11-07,2025-11-15,2,test,train_plus_validation,3.0,5.588615783416693,6.0
Kilinochchi,2025-11-14,2025-11-22,2,test,train_plus_validation,1.0,6.336960133930622,5.0
Kilinochchi,2025-11-21,2025-11-29,2,test,train_plus_validation,4.0,5.46575515009009,3.0
Kilinochchi,2025-11-28,2025-12-06,2,test,train_plus_validation,10.0,5.668412036505811,1.0
Kilinochchi,2025-12-05,2025-12-13,2,test,train_plus_validation,5.0,6.2618933073130165,4.0
Kurunegala,2024-12-27,2025-01-04,2,test,train_plus_validation,39.0,27.96710874808492,26.0
Kurunegala,2025-01-03,2025-01-11,2,test,train_plus_validation,30.0,32.99407948157744,26.0
Kurunegala,2025-01-10,2025-01-18,2,test,train_plus_validation,34.0,35.051641562169486,39.0
Kurunegala,2025-01-17,2025-01-25,2,test,train_plus_validation,18.0,31.478571378801533,30.0
Kurunegala,2025-01-24,2025-02-01,2,test,train_plus_validation,27.0,36.16381972905914,34.0
Kurunegala,2025-01-31,2025-02-08,2,test,train_plus_validation,27.0,24.800699422446282,18.0
Kurunegala,2025-02-07,2025-02-15,2,test,train_plus_validation,20.0,27.233794831536514,27.0
Kurunegala,2025-02-14,2025-02-22,2,test,train_plus_validation,25.0,29.491071179953487,27.0
Kurunegala,2025-02-21,2025-03-01,2,test,train_plus_validation,17.0,24.201342366063535,20.0
Kurunegala,2025-02-28,2025-03-08,2,test,train_plus_validation,23.0,20.710846982053962,25.0
Kurunegala,2025-03-07,2025-03-15,2,test,train_plus_validation,21.0,15.653761339405376,17.0
Kurunegala,2025-03-14,2025-03-22,2,test,train_plus_validation,19.0,19.471434061853344,23.0
Kurunegala,2025-03-21,2025-03-29,2,test,train_plus_validation,19.0,21.551838310422674,21.0
Kurunegala,2025-03-28,2025-04-05,2,test,train_plus_validation,17.0,19.87697184095072,19.0
Kurunegala,2025-04-04,2025-04-12,2,test,train_plus_validation,13.0,20.24521441858862,19.0
Kurunegala,2025-04-11,2025-04-19,2,test,train_plus_validation,53.0,18.757419505089516,17.0
Kurunegala,2025-04-18,2025-04-26,2,test,train_plus_validation,34.0,16.43211963750424,13.0
Kurunegala,2025-04-25,2025-05-03,2,test,train_plus_validation,30.0,40.249135620684186,53.0
Kurunegala,2025-05-02,2025-05-10,2,test,train_plus_validation,44.0,39.6090844205901,34.0
Kurunegala,2025-05-09,2025-05-17,2,test,train_plus_validation,47.0,34.5072076107039,30.0
Kurunegala,2025-05-16,2025-05-24,2,test,train_plus_validation,60.0,39.341645773948066,44.0
Kurunegala,2025-05-23,2025-05-31,2,test,train_plus_validation,43.0,47.60121369244618,47.0
Kurunegala,2025-05-30,2025-06-07,2,test,train_plus_validation,68.0,56.27153381072168,60.0
Kurunegala,2025-06-06,2025-06-14,2,test,train_plus_validation,77.0,47.937980549534444,43.0
Kurunegala,2025-06-13,2025-06-21,2,test,train_plus_validation,70.0,57.28921713270226,68.0
Kurunegala,2025-06-20,2025-06-28,2,test,train_plus_validation,51.0,63.40084078413421,77.0
Kurunegala,2025-06-27,2025-07-05,2,test,train_plus_validation,50.0,72.09197157927325,70.0
Kurunegala,2025-07-04,2025-07-12,2,test,train_plus_validation,49.0,63.755073753040946,51.0
Kurunegala,2025-07-11,2025-07-19,2,test,train_plus_validation,84.0,49.78480880999007,50.0
Kurunegala,2025-07-18,2025-07-26,2,test,train_plus_validation,39.0,48.961139480370015,49.0
Kurunegala,2025-07-25,2025-08-02,2,test,train_plus_validation,37.0,69.17133373618672,84.0
Kurunegala,2025-08-01,2025-08-09,2,test,train_plus_validation,23.0,41.95375241169649,39.0
Kurunegala,2025-08-08,2025-08-16,2,test,train_plus_validation,24.0,40.24095757526682,37.0
Kurunegala,2025-08-15,2025-08-23,2,test,train_plus_validation,24.0,34.36460777861907,23.0
Kurunegala,2025-08-22,2025-08-30,2,test,train_plus_validation,8.0,26.701308397020213,24.0
Kurunegala,2025-08-29,2025-09-06,2,test,train_plus_validation,19.0,24.136749159473815,24.0
Kurunegala,2025-09-05,2025-09-13,2,test,train_plus_validation,15.0,17.672394858115243,8.0
Kurunegala,2025-09-12,2025-09-20,2,test,train_plus_validation,19.0,17.11969024705834,19.0
Kurunegala,2025-09-19,2025-09-27,2,test,train_plus_validation,8.0,15.688613959878381,15.0
Kurunegala,2025-09-26,2025-10-04,2,test,train_plus_validation,15.0,18.13658730163561,19.0
Kurunegala,2025-10-03,2025-10-11,2,test,train_plus_validation,24.0,13.816664215899008,8.0
Kurunegala,2025-10-10,2025-10-18,2,test,train_plus_validation,17.0,16.46664078977121,15.0
Kurunegala,2025-10-17,2025-10-25,2,test,train_plus_validation,15.0,22.343850300679605,24.0
Kurunegala,2025-10-24,2025-11-01,2,test,train_plus_validation,13.0,20.064811780424726,17.0
Kurunegala,2025-10-31,2025-11-08,2,test,train_plus_validation,20.0,21.773353578893246,15.0
Kurunegala,2025-11-07,2025-11-15,2,test,train_plus_validation,23.0,23.237462083824486,13.0
Kurunegala,2025-11-14,2025-11-22,2,test,train_plus_validation,21.0,28.381296073015044,20.0
Kurunegala,2025-11-21,2025-11-29,2,test,train_plus_validation,19.0,26.484127685753435,23.0
Kurunegala,2025-11-28,2025-12-06,2,test,train_plus_validation,24.0,23.450934506848682,21.0
Kurunegala,2025-12-05,2025-12-13,2,test,train_plus_validation,32.0,22.339760008583788,19.0
Mannar,2024-12-27,2025-01-04,2,test,train_plus_validation,15.0,13.120938304665788,12.0
Mannar,2025-01-03,2025-01-11,2,test,train_plus_validation,12.0,12.990120290306862,11.0
Mannar,2025-01-10,2025-01-18,2,test,train_plus_validation,7.0,15.524638807246287,15.0
Mannar,2025-01-17,2025-01-25,2,test,train_plus_validation,12.0,14.469058285984255,12.0
Mannar,2025-01-24,2025-02-01,2,test,train_plus_validation,3.0,10.402486176374197,7.0
Mannar,2025-01-31,2025-02-08,2,test,train_plus_validation,3.0,11.367913438597316,12.0
Mannar,2025-02-07,2025-02-15,2,test,train_plus_validation,4.0,9.012916630583742,3.0
Mannar,2025-02-14,2025-02-22,2,test,train_plus_validation,3.0,7.20098104638146,3.0
Mannar,2025-02-21,2025-03-01,2,test,train_plus_validation,0.0,4.019115437280168,4.0
Mannar,2025-02-28,2025-03-08,2,test,train_plus_validation,2.0,3.517169087842031,3.0
Mannar,2025-03-07,2025-03-15,2,test,train_plus_validation,2.0,2.4123569520368147,0.0
Mannar,2025-03-14,2025-03-22,2,test,train_plus_validation,4.0,2.1040922832555005,2.0
Mannar,2025-03-21,2025-03-29,2,test,train_plus_validation,2.0,2.369920233973878,2.0
Mannar,2025-03-28,2025-04-05,2,test,train_plus_validation,1.0,2.8032098799930067,4.0
Mannar,2025-04-04,2025-04-12,2,test,train_plus_validation,2.0,2.1740892329475905,2.0
Mannar,2025-04-11,2025-04-19,2,test,train_plus_validation,1.0,2.1349227057769435,1.0
Mannar,2025-04-18,2025-04-26,2,test,train_plus_validation,6.0,2.178557948155526,2.0
Mannar,2025-04-25,2025-05-03,2,test,train_plus_validation,1.0,1.907671396127781,1.0
Mannar,2025-05-02,2025-05-10,2,test,train_plus_validation,3.0,4.305199922694509,6.0
Mannar,2025-05-09,2025-05-17,2,test,train_plus_validation,4.0,2.137503751905328,1.0
Mannar,2025-05-16,2025-05-24,2,test,train_plus_validation,2.0,2.218006775863487,3.0
Mannar,2025-05-23,2025-05-31,2,test,train_plus_validation,3.0,2.57671542966462,4.0
Mannar,2025-05-30,2025-06-07,2,test,train_plus_validation,2.0,2.696973216957191,2.0
Mannar,2025-06-06,2025-06-14,2,test,train_plus_validation,4.0,2.287170119110306,3.0
Mannar,2025-06-13,2025-06-21,2,test,train_plus_validation,0.0,2.8186451252542155,2.0
Mannar,2025-06-20,2025-06-28,2,test,train_plus_validation,2.0,2.7411110222422574,4.0
Mannar,2025-06-27,2025-07-05,2,test,train_plus_validation,1.0,1.999445298313896,0.0
Mannar,2025-07-04,2025-07-12,2,test,train_plus_validation,2.0,2.1447365595884778,2.0
Mannar,2025-07-11,2025-07-19,2,test,train_plus_validation,4.0,1.7934261544736323,1.0
Mannar,2025-07-18,2025-07-26,2,test,train_plus_validation,2.0,1.9658878085777414,2.0
Mannar,2025-07-25,2025-08-02,2,test,train_plus_validation,3.0,1.9244213358833708,4.0
Mannar,2025-08-01,2025-08-09,2,test,train_plus_validation,1.0,2.0951401360728257,2.0
Mannar,2025-08-08,2025-08-16,2,test,train_plus_validation,1.0,2.171405220184808,3.0
Mannar,2025-08-15,2025-08-23,2,test,train_plus_validation,2.0,1.9980861620157582,1.0
Mannar,2025-08-22,2025-08-30,2,test,train_plus_validation,2.0,2.0130809044164777,1.0
Mannar,2025-08-29,2025-09-06,2,test,train_plus_validation,2.0,1.939598397646755,2.0
Mannar,2025-09-05,2025-09-13,2,test,train_plus_validation,3.0,1.9431368169906678,2.0
Mannar,2025-09-12,2025-09-20,2,test,train_plus_validation,2.0,1.602501158170685,2.0
Mannar,2025-09-19,2025-09-27,2,test,train_plus_validation,0.0,2.1403422658094353,3.0
Mannar,2025-09-26,2025-10-04,2,test,train_plus_validation,1.0,2.117192565334142,2.0
Mannar,2025-10-03,2025-10-11,2,test,train_plus_validation,3.0,2.030060225997559,0.0
Mannar,2025-10-10,2025-10-18,2,test,train_plus_validation,5.0,1.9434332630895308,1.0
Mannar,2025-10-17,2025-10-25,2,test,train_plus_validation,7.0,1.6783391442787243,3.0
Mannar,2025-10-24,2025-11-01,2,test,train_plus_validation,6.0,3.958735515616222,5.0
Mannar,2025-10-31,2025-11-08,2,test,train_plus_validation,12.0,5.894531061110299,7.0
Mannar,2025-11-07,2025-11-15,2,test,train_plus_validation,5.0,8.82912744536456,6.0
Mannar,2025-11-14,2025-11-22,2,test,train_plus_validation,5.0,14.236671522136128,12.0
Mannar,2025-11-21,2025-11-29,2,test,train_plus_validation,0.0,9.517119341169069,5.0
Mannar,2025-11-28,2025-12-06,2,test,train_plus_validation,5.0,8.397138715000143,5.0
Mannar,2025-12-05,2025-12-13,2,test,train_plus_validation,0.0,7.636340538684317,0.0
Matale,2024-12-27,2025-01-04,2,test,train_plus_validation,39.0,45.6204646347892,34.0
Matale,2025-01-03,2025-01-11,2,test,train_plus_validation,44.0,50.65904401864679,52.0
Matale,2025-01-10,2025-01-18,2,test,train_plus_validation,39.0,37.96322689174131,39.0
Matale,2025-01-17,2025-01-25,2,test,train_plus_validation,45.0,42.89809186730551,44.0
Matale,2025-01-24,2025-02-01,2,test,train_plus_validation,38.0,38.54993671483005,39.0
Matale,2025-01-31,2025-02-08,2,test,train_plus_validation,38.0,41.6911561923202,45.0
Matale,2025-02-07,2025-02-15,2,test,train_plus_validation,40.0,36.54918352316968,38.0
Matale,2025-02-14,2025-02-22,2,test,train_plus_validation,28.0,38.711716227993016,38.0
Matale,2025-02-21,2025-03-01,2,test,train_plus_validation,39.0,37.922850358639344,40.0
Matale,2025-02-28,2025-03-08,2,test,train_plus_validation,22.0,25.891217972797065,28.0
Matale,2025-03-07,2025-03-15,2,test,train_plus_validation,20.0,30.069068605652827,39.0
Matale,2025-03-14,2025-03-22,2,test,train_plus_validation,32.0,25.312247277558132,22.0
Matale,2025-03-21,2025-03-29,2,test,train_plus_validation,21.0,25.19968568769705,20.0
Matale,2025-03-28,2025-04-05,2,test,train_plus_validation,30.0,31.278934526169838,32.0
Matale,2025-04-04,2025-04-12,2,test,train_plus_validation,28.0,27.971122931023025,21.0
Matale,2025-04-11,2025-04-19,2,test,train_plus_validation,42.0,29.954889799390365,30.0
Matale,2025-04-18,2025-04-26,2,test,train_plus_validation,28.0,28.273245052781217,28.0
Matale,2025-04-25,2025-05-03,2,test,train_plus_validation,23.0,37.79041307280442,42.0
Matale,2025-05-02,2025-05-10,2,test,train_plus_validation,16.0,32.73463866680345,28.0
Matale,2025-05-09,2025-05-17,2,test,train_plus_validation,20.0,27.1309096776767,23.0
Matale,2025-05-16,2025-05-24,2,test,train_plus_validation,20.0,21.61950498463368,16.0
Matale,2025-05-23,2025-05-31,2,test,train_plus_validation,24.0,23.49752328058729,20.0
Matale,2025-05-30,2025-06-07,2,test,train_plus_validation,17.0,21.49974494841674,20.0
Matale,2025-06-06,2025-06-14,2,test,train_plus_validation,24.0,22.183513862371253,24.0
Matale,2025-06-13,2025-06-21,2,test,train_plus_validation,23.0,19.549228967376234,17.0
Matale,2025-06-20,2025-06-28,2,test,train_plus_validation,14.0,23.135256365898037,24.0
Matale,2025-06-27,2025-07-05,2,test,train_plus_validation,12.0,24.56178852455933,23.0
Matale,2025-07-04,2025-07-12,2,test,train_plus_validation,19.0,20.044864162103202,14.0
Matale,2025-07-11,2025-07-19,2,test,train_plus_validation,27.0,16.726595334629202,12.0
Matale,2025-07-18,2025-07-26,2,test,train_plus_validation,19.0,16.507349770328936,19.0
Matale,2025-07-25,2025-08-02,2,test,train_plus_validation,17.0,22.75036927962386,27.0
Matale,2025-08-01,2025-08-09,2,test,train_plus_validation,13.0,21.00399190673294,19.0
Matale,2025-08-08,2025-08-16,2,test,train_plus_validation,17.0,18.89352745574017,17.0
Matale,2025-08-15,2025-08-23,2,test,train_plus_validation,11.0,16.871545968479577,13.0
Matale,2025-08-22,2025-08-30,2,test,train_plus_validation,31.0,15.423594002082325,17.0
Matale,2025-08-29,2025-09-06,2,test,train_plus_validation,22.0,14.302229567980802,11.0
Matale,2025-09-05,2025-09-13,2,test,train_plus_validation,34.0,27.883338142329656,31.0
Matale,2025-09-12,2025-09-20,2,test,train_plus_validation,24.0,23.14577142920721,22.0
Matale,2025-09-19,2025-09-27,2,test,train_plus_validation,19.0,32.38186998822997,34.0
Matale,2025-09-26,2025-10-04,2,test,train_plus_validation,9.0,27.111360302401284,24.0
Matale,2025-10-03,2025-10-11,2,test,train_plus_validation,15.0,22.90510333555332,19.0
Matale,2025-10-10,2025-10-18,2,test,train_plus_validation,24.0,17.14619832251529,9.0
Matale,2025-10-17,2025-10-25,2,test,train_plus_validation,22.0,16.202405738221366,15.0
Matale,2025-10-24,2025-11-01,2,test,train_plus_validation,12.0,20.61580218402403,24.0
Matale,2025-10-31,2025-11-08,2,test,train_plus_validation,22.0,24.639003076794435,22.0
Matale,2025-11-07,2025-11-15,2,test,train_plus_validation,20.0,22.889788463275647,12.0
Matale,2025-11-14,2025-11-22,2,test,train_plus_validation,15.0,28.090676541395066,22.0
Matale,2025-11-21,2025-11-29,2,test,train_plus_validation,21.0,24.453092813463805,20.0
Matale,2025-11-28,2025-12-06,2,test,train_plus_validation,25.0,19.595388010660564,15.0
Matale,2025-12-05,2025-12-13,2,test,train_plus_validation,16.0,25.157859773057346,21.0
Matara,2024-12-27,2025-01-04,2,test,train_plus_validation,23.0,23.482629946697884,26.0
Matara,2025-01-03,2025-01-11,2,test,train_plus_validation,45.0,35.018999625301994,28.0
Matara,2025-01-10,2025-01-18,2,test,train_plus_validation,32.0,29.473813780089888,23.0
Matara,2025-01-17,2025-01-25,2,test,train_plus_validation,59.0,38.34167257183669,45.0
Matara,2025-01-24,2025-02-01,2,test,train_plus_validation,34.0,36.3885971159381,32.0
Matara,2025-01-31,2025-02-08,2,test,train_plus_validation,34.0,49.89169682851121,59.0
Matara,2025-02-07,2025-02-15,2,test,train_plus_validation,35.0,42.026779111007954,34.0
Matara,2025-02-14,2025-02-22,2,test,train_plus_validation,24.0,40.172196024815705,34.0
Matara,2025-02-21,2025-03-01,2,test,train_plus_validation,50.0,37.64667679429329,35.0
Matara,2025-02-28,2025-03-08,2,test,train_plus_validation,32.0,27.86477515916051,24.0
Matara,2025-03-07,2025-03-15,2,test,train_plus_validation,30.0,43.874467389544165,50.0
Matara,2025-03-14,2025-03-22,2,test,train_plus_validation,44.0,37.337907531218654,32.0
Matara,2025-03-21,2025-03-29,2,test,train_plus_validation,38.0,32.992136746943785,30.0
Matara,2025-03-28,2025-04-05,2,test,train_plus_validation,32.0,41.031827813270255,44.0
Matara,2025-04-04,2025-04-12,2,test,train_plus_validation,35.0,39.52467051758514,38.0
Matara,2025-04-11,2025-04-19,2,test,train_plus_validation,38.0,38.568414857861804,32.0
Matara,2025-04-18,2025-04-26,2,test,train_plus_validation,38.0,38.42524497494169,35.0
Matara,2025-04-25,2025-05-03,2,test,train_plus_validation,17.0,40.300068360229446,38.0
Matara,2025-05-02,2025-05-10,2,test,train_plus_validation,27.0,41.54032307748954,38.0
Matara,2025-05-09,2025-05-17,2,test,train_plus_validation,21.0,30.990334135424266,17.0
Matara,2025-05-16,2025-05-24,2,test,train_plus_validation,26.0,28.105196478476216,27.0
Matara,2025-05-23,2025-05-31,2,test,train_plus_validation,34.0,25.776121171020097,21.0
Matara,2025-05-30,2025-06-07,2,test,train_plus_validation,70.0,29.59408609826254,26.0
Matara,2025-06-06,2025-06-14,2,test,train_plus_validation,39.0,40.33006516464149,34.0
Matara,2025-06-13,2025-06-21,2,test,train_plus_validation,58.0,54.50043312844052,70.0
Matara,2025-06-20,2025-06-28,2,test,train_plus_validation,39.0,46.10338417749091,39.0
Matara,2025-06-27,2025-07-05,2,test,train_plus_validation,28.0,53.36465178841009,58.0
Matara,2025-07-04,2025-07-12,2,test,train_plus_validation,41.0,49.46991629056563,39.0
Matara,2025-07-11,2025-07-19,2,test,train_plus_validation,42.0,34.17517649630398,28.0
Matara,2025-07-18,2025-07-26,2,test,train_plus_validation,30.0,39.313308750182145,41.0
Matara,2025-07-25,2025-08-02,2,test,train_plus_validation,20.0,39.8345614986917,42.0
Matara,2025-08-01,2025-08-09,2,test,train_plus_validation,35.0,31.739059792662985,30.0
Matara,2025-08-08,2025-08-16,2,test,train_plus_validation,26.0,26.54865116953899,20.0
Matara,2025-08-15,2025-08-23,2,test,train_plus_validation,26.0,33.53002218304347,35.0
Matara,2025-08-22,2025-08-30,2,test,train_plus_validation,16.0,28.289078646721464,26.0
Matara,2025-08-29,2025-09-06,2,test,train_plus_validation,18.0,25.68240221016095,26.0
Matara,2025-09-05,2025-09-13,2,test,train_plus_validation,12.0,21.77553112084879,16.0
Matara,2025-09-12,2025-09-20,2,test,train_plus_validation,12.0,19.351273985455606,18.0
Matara,2025-09-19,2025-09-27,2,test,train_plus_validation,12.0,15.892025077302343,12.0
Matara,2025-09-26,2025-10-04,2,test,train_plus_validation,20.0,15.859722223882406,12.0
Matara,2025-10-03,2025-10-11,2,test,train_plus_validation,22.0,17.56084072091679,12.0
Matara,2025-10-10,2025-10-18,2,test,train_plus_validation,10.0,19.652942682283168,20.0
Matara,2025-10-17,2025-10-25,2,test,train_plus_validation,23.0,23.16479851293315,22.0
Matara,2025-10-24,2025-11-01,2,test,train_plus_validation,17.0,19.05274058913908,10.0
Matara,2025-10-31,2025-11-08,2,test,train_plus_validation,36.0,22.58536607762425,23.0
Matara,2025-11-07,2025-11-15,2,test,train_plus_validation,22.0,19.94237322203115,17.0
Matara,2025-11-14,2025-11-22,2,test,train_plus_validation,37.0,38.84345832004342,36.0
Matara,2025-11-21,2025-11-29,2,test,train_plus_validation,45.0,30.688940121494355,22.0
Matara,2025-11-28,2025-12-06,2,test,train_plus_validation,67.0,38.44503359054453,37.0
Matara,2025-12-05,2025-12-13,2,test,train_plus_validation,44.0,43.9532772336369,45.0
Monaragala,2024-12-27,2025-01-04,2,test,train_plus_validation,26.0,21.172240588106664,13.0
Monaragala,2025-01-03,2025-01-11,2,test,train_plus_validation,23.0,24.085280186482002,25.0
Monaragala,2025-01-10,2025-01-18,2,test,train_plus_validation,24.0,25.65249691978022,26.0
Monaragala,2025-01-17,2025-01-25,2,test,train_plus_validation,20.0,25.669499955730497,23.0
Monaragala,2025-01-24,2025-02-01,2,test,train_plus_validation,6.0,27.270807396586097,24.0
Monaragala,2025-01-31,2025-02-08,2,test,train_plus_validation,6.0,24.70157316372391,20.0
Monaragala,2025-02-07,2025-02-15,2,test,train_plus_validation,15.0,23.789531487249995,6.0
Monaragala,2025-02-14,2025-02-22,2,test,train_plus_validation,10.0,19.288434178872183,6.0
Monaragala,2025-02-21,2025-03-01,2,test,train_plus_validation,17.0,14.441107616385061,15.0
Monaragala,2025-02-28,2025-03-08,2,test,train_plus_validation,23.0,11.931888566508544,10.0
Monaragala,2025-03-07,2025-03-15,2,test,train_plus_validation,24.0,14.546067636771898,17.0
Monaragala,2025-03-14,2025-03-22,2,test,train_plus_validation,21.0,19.54822051986529,23.0
Monaragala,2025-03-21,2025-03-29,2,test,train_plus_validation,15.0,23.27690522532597,24.0
Monaragala,2025-03-28,2025-04-05,2,test,train_plus_validation,29.0,24.268274952952773,21.0
Monaragala,2025-04-04,2025-04-12,2,test,train_plus_validation,27.0,20.616106491939018,15.0
Monaragala,2025-04-11,2025-04-19,2,test,train_plus_validation,12.0,25.137225940434586,29.0
Monaragala,2025-04-18,2025-04-26,2,test,train_plus_validation,22.0,27.41300818259727,27.0
Monaragala,2025-04-25,2025-05-03,2,test,train_plus_validation,10.0,23.71133015798148,12.0
Monaragala,2025-05-02,2025-05-10,2,test,train_plus_validation,17.0,23.52628914097389,22.0
Monaragala,2025-05-09,2025-05-17,2,test,train_plus_validation,15.0,18.180701647649876,10.0
Monaragala,2025-05-16,2025-05-24,2,test,train_plus_validation,26.0,18.82333569071665,17.0
Monaragala,2025-05-23,2025-05-31,2,test,train_plus_validation,29.0,17.16431620735792,15.0
Monaragala,2025-05-30,2025-06-07,2,test,train_plus_validation,26.0,24.65080207002021,26.0
Monaragala,2025-06-06,2025-06-14,2,test,train_plus_validation,24.0,26.50585460749373,29.0
Monaragala,2025-06-13,2025-06-21,2,test,train_plus_validation,27.0,26.65089932240764,26.0
Monaragala,2025-06-20,2025-06-28,2,test,train_plus_validation,12.0,24.966268622839195,24.0
Monaragala,2025-06-27,2025-07-05,2,test,train_plus_validation,13.0,26.505823134812093,27.0
Monaragala,2025-07-04,2025-07-12,2,test,train_plus_validation,19.0,21.57770180456328,12.0
Monaragala,2025-07-11,2025-07-19,2,test,train_plus_validation,17.0,16.311949663706102,13.0
Monaragala,2025-07-18,2025-07-26,2,test,train_plus_validation,17.0,15.922896194257058,19.0
Monaragala,2025-07-25,2025-08-02,2,test,train_plus_validation,11.0,17.246054033199275,17.0
Monaragala,2025-08-01,2025-08-09,2,test,train_plus_validation,17.0,17.612535978982397,17.0
Monaragala,2025-08-08,2025-08-16,2,test,train_plus_validation,8.0,16.774359856701547,11.0
Monaragala,2025-08-15,2025-08-23,2,test,train_plus_validation,16.0,16.771488844834394,17.0
Monaragala,2025-08-22,2025-08-30,2,test,train_plus_validation,3.0,11.07058405125381,8.0
Monaragala,2025-08-29,2025-09-06,2,test,train_plus_validation,16.0,14.989019824172152,16.0
Monaragala,2025-09-05,2025-09-13,2,test,train_plus_validation,10.0,8.25444670235734,3.0
Monaragala,2025-09-12,2025-09-20,2,test,train_plus_validation,8.0,13.201439420066283,16.0
Monaragala,2025-09-19,2025-09-27,2,test,train_plus_validation,9.0,12.344527530095428,10.0
Monaragala,2025-09-26,2025-10-04,2,test,train_plus_validation,4.0,13.698398861364021,8.0
Monaragala,2025-10-03,2025-10-11,2,test,train_plus_validation,11.0,11.638994963619496,9.0
Monaragala,2025-10-10,2025-10-18,2,test,train_plus_validation,17.0,10.989851066380828,4.0
Monaragala,2025-10-17,2025-10-25,2,test,train_plus_validation,16.0,12.617610486872657,11.0
Monaragala,2025-10-24,2025-11-01,2,test,train_plus_validation,7.0,14.037872444950093,17.0
Monaragala,2025-10-31,2025-11-08,2,test,train_plus_validation,10.0,17.97356969560743,16.0
Monaragala,2025-11-07,2025-11-15,2,test,train_plus_validation,15.0,12.947719539883805,7.0
Monaragala,2025-11-14,2025-11-22,2,test,train_plus_validation,15.0,14.007473803444446,10.0
Monaragala,2025-11-21,2025-11-29,2,test,train_plus_validation,10.0,13.920204984251107,15.0
Monaragala,2025-11-28,2025-12-06,2,test,train_plus_validation,14.0,15.681880118258226,15.0
Monaragala,2025-12-05,2025-12-13,2,test,train_plus_validation,24.0,16.265335279940278,10.0
Mullaitivu,2024-12-27,2025-01-04,2,test,train_plus_validation,1.0,7.658957035324306,4.0
Mullaitivu,2025-01-03,2025-01-11,2,test,train_plus_validation,1.0,5.022202068979927,3.0
Mullaitivu,2025-01-10,2025-01-18,2,test,train_plus_validation,4.0,4.6678171508864885,1.0
Mullaitivu,2025-01-17,2025-01-25,2,test,train_plus_validation,1.0,3.1572994988148557,1.0
Mullaitivu,2025-01-24,2025-02-01,2,test,train_plus_validation,2.0,3.551822578448432,4.0
Mullaitivu,2025-01-31,2025-02-08,2,test,train_plus_validation,2.0,3.2951922688250224,1.0
Mullaitivu,2025-02-07,2025-02-15,2,test,train_plus_validation,0.0,3.38964232123304,2.0
Mullaitivu,2025-02-14,2025-02-22,2,test,train_plus_validation,1.0,3.120321873860023,2.0
Mullaitivu,2025-02-21,2025-03-01,2,test,train_plus_validation,1.0,2.6030385399696905,0.0
Mullaitivu,2025-02-28,2025-03-08,2,test,train_plus_validation,3.0,1.2977378012325793,1.0
Mullaitivu,2025-03-07,2025-03-15,2,test,train_plus_validation,0.0,1.4310445472753854,1.0
Mullaitivu,2025-03-14,2025-03-22,2,test,train_plus_validation,0.0,1.8356938915194008,3.0
Mullaitivu,2025-03-21,2025-03-29,2,test,train_plus_validation,2.0,2.0941264682643546,0.0
Mullaitivu,2025-03-28,2025-04-05,2,test,train_plus_validation,2.0,1.997390348975141,0.0
Mullaitivu,2025-04-04,2025-04-12,2,test,train_plus_validation,1.0,1.7840363739488874,2.0
Mullaitivu,2025-04-11,2025-04-19,2,test,train_plus_validation,0.0,2.0273267921281803,2.0
Mullaitivu,2025-04-18,2025-04-26,2,test,train_plus_validation,2.0,1.5579941615242465,1.0
Mullaitivu,2025-04-25,2025-05-03,2,test,train_plus_validation,1.0,1.4129370493917905,0.0
Mullaitivu,2025-05-02,2025-05-10,2,test,train_plus_validation,2.0,1.5210259389453569,2.0
Mullaitivu,2025-05-09,2025-05-17,2,test,train_plus_validation,1.0,1.4126377166210184,1.0
Mullaitivu,2025-05-16,2025-05-24,2,test,train_plus_validation,1.0,1.7400522679845263,2.0
Mullaitivu,2025-05-23,2025-05-31,2,test,train_plus_validation,4.0,1.490124861203409,1.0
Mullaitivu,2025-05-30,2025-06-07,2,test,train_plus_validation,2.0,1.603767024663592,1.0
Mullaitivu,2025-06-06,2025-06-14,2,test,train_plus_validation,1.0,1.9742687768340257,4.0
Mullaitivu,2025-06-13,2025-06-21,2,test,train_plus_validation,3.0,2.1204289395849183,2.0
Mullaitivu,2025-06-20,2025-06-28,2,test,train_plus_validation,2.0,1.9545873507042695,1.0
Mullaitivu,2025-06-27,2025-07-05,2,test,train_plus_validation,0.0,2.0629521734681906,3.0
Mullaitivu,2025-07-04,2025-07-12,2,test,train_plus_validation,0.0,2.167155311562028,2.0
Mullaitivu,2025-07-11,2025-07-19,2,test,train_plus_validation,0.0,1.940140653670361,0.0
Mullaitivu,2025-07-18,2025-07-26,2,test,train_plus_validation,0.0,1.2869101137461578,0.0
Mullaitivu,2025-07-25,2025-08-02,2,test,train_plus_validation,0.0,1.1917271617010525,0.0
Mullaitivu,2025-08-01,2025-08-09,2,test,train_plus_validation,0.0,0.7018108563069074,0.0
Mullaitivu,2025-08-08,2025-08-16,2,test,train_plus_validation,0.0,0.4959753964611375,0.0
Mullaitivu,2025-08-15,2025-08-23,2,test,train_plus_validation,1.0,0.48169690175902247,0.0
Mullaitivu,2025-08-22,2025-08-30,2,test,train_plus_validation,0.0,0.4798865813764592,0.0
Mullaitivu,2025-08-29,2025-09-06,2,test,train_plus_validation,2.0,0.6467819725855438,1.0
Mullaitivu,2025-09-05,2025-09-13,2,test,train_plus_validation,2.0,0.5517119662929372,0.0
Mullaitivu,2025-09-12,2025-09-20,2,test,train_plus_validation,0.0,0.9532051020601233,2.0
Mullaitivu,2025-09-19,2025-09-27,2,test,train_plus_validation,1.0,1.412691459508288,2.0
Mullaitivu,2025-09-26,2025-10-04,2,test,train_plus_validation,0.0,1.5003944461580998,0.0
Mullaitivu,2025-10-03,2025-10-11,2,test,train_plus_validation,0.0,1.3023094556722705,1.0
Mullaitivu,2025-10-10,2025-10-18,2,test,train_plus_validation,0.0,1.2899538588779085,0.0
Mullaitivu,2025-10-17,2025-10-25,2,test,train_plus_validation,1.0,1.1141810591695362,0.0
Mullaitivu,2025-10-24,2025-11-01,2,test,train_plus_validation,0.0,0.6483779537050834,0.0
Mullaitivu,2025-10-31,2025-11-08,2,test,train_plus_validation,2.0,1.0479759056911062,1.0
Mullaitivu,2025-11-07,2025-11-15,2,test,train_plus_validation,4.0,0.8039240998416144,0.0
Mullaitivu,2025-11-14,2025-11-22,2,test,train_plus_validation,2.0,1.5170062929247647,2.0
Mullaitivu,2025-11-21,2025-11-29,2,test,train_plus_validation,0.0,3.7345959140366682,4.0
Mullaitivu,2025-11-28,2025-12-06,2,test,train_plus_validation,2.0,3.937562687976168,2.0
Mullaitivu,2025-12-05,2025-12-13,2,test,train_plus_validation,3.0,4.2641949653146085,0.0
Nuwara Eliya,2024-12-27,2025-01-04,2,test,train_plus_validation,8.0,8.62794217830115,10.0
Nuwara Eliya,2025-01-03,2025-01-11,2,test,train_plus_validation,1.0,7.651664058419774,5.0
Nuwara Eliya,2025-01-10,2025-01-18,2,test,train_plus_validation,10.0,7.6668486784790035,8.0
Nuwara Eliya,2025-01-17,2025-01-25,2,test,train_plus_validation,6.0,6.2148081866259846,1.0
Nuwara Eliya,2025-01-24,2025-02-01,2,test,train_plus_validation,4.0,9.81736755336338,10.0
Nuwara Eliya,2025-01-31,2025-02-08,2,test,train_plus_validation,4.0,7.900925308458813,6.0
Nuwara Eliya,2025-02-07,2025-02-15,2,test,train_plus_validation,6.0,9.024639012468908,4.0
Nuwara Eliya,2025-02-14,2025-02-22,2,test,train_plus_validation,2.0,7.489411273849379,4.0
Nuwara Eliya,2025-02-21,2025-03-01,2,test,train_plus_validation,2.0,7.136695644376028,6.0
Nuwara Eliya,2025-02-28,2025-03-08,2,test,train_plus_validation,1.0,4.045164015097,2.0
Nuwara Eliya,2025-03-07,2025-03-15,2,test,train_plus_validation,6.0,2.899702925809875,2.0
Nuwara Eliya,2025-03-14,2025-03-22,2,test,train_plus_validation,4.0,2.6980026719927768,1.0
Nuwara Eliya,2025-03-21,2025-03-29,2,test,train_plus_validation,3.0,4.668054761400066,6.0
Nuwara Eliya,2025-03-28,2025-04-05,2,test,train_plus_validation,1.0,3.4129820900027297,4.0
Nuwara Eliya,2025-04-04,2025-04-12,2,test,train_plus_validation,3.0,4.14461648585949,3.0
Nuwara Eliya,2025-04-11,2025-04-19,2,test,train_plus_validation,6.0,3.645025668779311,1.0
Nuwara Eliya,2025-04-18,2025-04-26,2,test,train_plus_validation,6.0,3.6384057674041173,3.0
Nuwara Eliya,2025-04-25,2025-05-03,2,test,train_plus_validation,7.0,5.0949598983015285,6.0
Nuwara Eliya,2025-05-02,2025-05-10,2,test,train_plus_validation,9.0,6.24815118094348,6.0
Nuwara Eliya,2025-05-09,2025-05-17,2,test,train_plus_validation,4.0,7.054964730991798,7.0
Nuwara Eliya,2025-05-16,2025-05-24,2,test,train_plus_validation,7.0,8.987497817136198,9.0
Nuwara Eliya,2025-05-23,2025-05-31,2,test,train_plus_validation,9.0,8.133876714600657,4.0
Nuwara Eliya,2025-05-30,2025-06-07,2,test,train_plus_validation,17.0,7.959796912554877,7.0
Nuwara Eliya,2025-06-06,2025-06-14,2,test,train_plus_validation,20.0,8.282983142176844,9.0
Nuwara Eliya,2025-06-13,2025-06-21,2,test,train_plus_validation,6.0,15.103134312612722,17.0
Nuwara Eliya,2025-06-20,2025-06-28,2,test,train_plus_validation,8.0,21.413881584708022,20.0
Nuwara Eliya,2025-06-27,2025-07-05,2,test,train_plus_validation,10.0,13.410483078608268,6.0
Nuwara Eliya,2025-07-04,2025-07-12,2,test,train_plus_validation,24.0,10.771763195251491,8.0
Nuwara Eliya,2025-07-11,2025-07-19,2,test,train_plus_validation,18.0,11.003438621919594,10.0
Nuwara Eliya,2025-07-18,2025-07-26,2,test,train_plus_validation,9.0,20.50897691198484,24.0
Nuwara Eliya,2025-07-25,2025-08-02,2,test,train_plus_validation,10.0,18.175422106018345,18.0
Nuwara Eliya,2025-08-01,2025-08-09,2,test,train_plus_validation,3.0,15.582543986866844,9.0
Nuwara Eliya,2025-08-08,2025-08-16,2,test,train_plus_validation,8.0,14.032542526085798,10.0
Nuwara Eliya,2025-08-15,2025-08-23,2,test,train_plus_validation,5.0,11.407799363007815,3.0
Nuwara Eliya,2025-08-22,2025-08-30,2,test,train_plus_validation,7.0,8.774515049767825,8.0
Nuwara Eliya,2025-08-29,2025-09-06,2,test,train_plus_validation,5.0,6.713845173715503,5.0
Nuwara Eliya,2025-09-05,2025-09-13,2,test,train_plus_validation,6.0,7.106932443267,7.0
Nuwara Eliya,2025-09-12,2025-09-20,2,test,train_plus_validation,6.0,6.25388623138246,5.0
Nuwara Eliya,2025-09-19,2025-09-27,2,test,train_plus_validation,10.0,7.021878151811955,6.0
Nuwara Eliya,2025-09-26,2025-10-04,2,test,train_plus_validation,10.0,6.63804910808371,6.0
Nuwara Eliya,2025-10-03,2025-10-11,2,test,train_plus_validation,5.0,10.665417009167598,10.0
Nuwara Eliya,2025-10-10,2025-10-18,2,test,train_plus_validation,2.0,10.448370446789959,10.0
Nuwara Eliya,2025-10-17,2025-10-25,2,test,train_plus_validation,5.0,8.273571183595651,5.0
Nuwara Eliya,2025-10-24,2025-11-01,2,test,train_plus_validation,5.0,6.8469185058221225,2.0
Nuwara Eliya,2025-10-31,2025-11-08,2,test,train_plus_validation,5.0,7.62752560840649,5.0
Nuwara Eliya,2025-11-07,2025-11-15,2,test,train_plus_validation,8.0,7.93903918487102,5.0
Nuwara Eliya,2025-11-14,2025-11-22,2,test,train_plus_validation,8.0,7.280476979982853,5.0
Nuwara Eliya,2025-11-21,2025-11-29,2,test,train_plus_validation,1.0,6.613980028467693,8.0
Nuwara Eliya,2025-11-28,2025-12-06,2,test,train_plus_validation,3.0,8.337736373179668,8.0
Nuwara Eliya,2025-12-05,2025-12-13,2,test,train_plus_validation,7.0,9.102053023242929,1.0
Polonnaruwa,2024-12-27,2025-01-04,2,test,train_plus_validation,6.0,10.930275127385528,6.0
Polonnaruwa,2025-01-03,2025-01-11,2,test,train_plus_validation,7.0,11.5058004531767,14.0
Polonnaruwa,2025-01-10,2025-01-18,2,test,train_plus_validation,3.0,10.235806534121995,6.0
Polonnaruwa,2025-01-17,2025-01-25,2,test,train_plus_validation,8.0,9.518399879800137,7.0
Polonnaruwa,2025-01-24,2025-02-01,2,test,train_plus_validation,10.0,7.294694697447754,3.0
Polonnaruwa,2025-01-31,2025-02-08,2,test,train_plus_validation,10.0,8.302528431057832,8.0
Polonnaruwa,2025-02-07,2025-02-15,2,test,train_plus_validation,9.0,10.815878139505633,10.0
Polonnaruwa,2025-02-14,2025-02-22,2,test,train_plus_validation,6.0,11.519330938657022,10.0
Polonnaruwa,2025-02-21,2025-03-01,2,test,train_plus_validation,18.0,10.063643656715415,9.0
Polonnaruwa,2025-02-28,2025-03-08,2,test,train_plus_validation,3.0,7.3518663014696815,6.0
Polonnaruwa,2025-03-07,2025-03-15,2,test,train_plus_validation,6.0,13.237438697406182,18.0
Polonnaruwa,2025-03-14,2025-03-22,2,test,train_plus_validation,4.0,8.218541013439939,3.0
Polonnaruwa,2025-03-21,2025-03-29,2,test,train_plus_validation,5.0,8.077964103189569,6.0
Polonnaruwa,2025-03-28,2025-04-05,2,test,train_plus_validation,6.0,5.3639633950593755,4.0
Polonnaruwa,2025-04-04,2025-04-12,2,test,train_plus_validation,5.0,6.959352538644921,5.0
Polonnaruwa,2025-04-11,2025-04-19,2,test,train_plus_validation,8.0,5.752011011312332,6.0
Polonnaruwa,2025-04-18,2025-04-26,2,test,train_plus_validation,10.0,5.437055360421626,5.0
Polonnaruwa,2025-04-25,2025-05-03,2,test,train_plus_validation,10.0,6.330266911324348,8.0
Polonnaruwa,2025-05-02,2025-05-10,2,test,train_plus_validation,7.0,9.91508993787997,10.0
Polonnaruwa,2025-05-09,2025-05-17,2,test,train_plus_validation,6.0,10.759788660180392,10.0
Polonnaruwa,2025-05-16,2025-05-24,2,test,train_plus_validation,12.0,8.739685864991156,7.0
Polonnaruwa,2025-05-23,2025-05-31,2,test,train_plus_validation,15.0,9.532443808121513,6.0
Polonnaruwa,2025-05-30,2025-06-07,2,test,train_plus_validation,12.0,11.21936299535989,12.0
Polonnaruwa,2025-06-06,2025-06-14,2,test,train_plus_validation,21.0,10.997556566723262,15.0
Polonnaruwa,2025-06-13,2025-06-21,2,test,train_plus_validation,10.0,12.140677029505804,12.0
Polonnaruwa,2025-06-20,2025-06-28,2,test,train_plus_validation,14.0,16.350512003440723,21.0
Polonnaruwa,2025-06-27,2025-07-05,2,test,train_plus_validation,11.0,13.69825518010606,10.0
Polonnaruwa,2025-07-04,2025-07-12,2,test,train_plus_validation,14.0,12.799120308664483,14.0
Polonnaruwa,2025-07-11,2025-07-19,2,test,train_plus_validation,15.0,12.407427743217909,11.0
Polonnaruwa,2025-07-18,2025-07-26,2,test,train_plus_validation,8.0,12.650490017851922,14.0
Polonnaruwa,2025-07-25,2025-08-02,2,test,train_plus_validation,2.0,12.647759140906121,15.0
Polonnaruwa,2025-08-01,2025-08-09,2,test,train_plus_validation,3.0,9.356461793071384,8.0
Polonnaruwa,2025-08-08,2025-08-16,2,test,train_plus_validation,5.0,6.316848903982978,2.0
Polonnaruwa,2025-08-15,2025-08-23,2,test,train_plus_validation,2.0,4.790686688612067,3.0
Polonnaruwa,2025-08-22,2025-08-30,2,test,train_plus_validation,4.0,4.757281621325177,5.0
Polonnaruwa,2025-08-29,2025-09-06,2,test,train_plus_validation,2.0,3.087263585247693,2.0
Polonnaruwa,2025-09-05,2025-09-13,2,test,train_plus_validation,2.0,2.688926099039062,4.0
Polonnaruwa,2025-09-12,2025-09-20,2,test,train_plus_validation,3.0,2.532262425484205,2.0
Polonnaruwa,2025-09-19,2025-09-27,2,test,train_plus_validation,7.0,2.4976322199913725,2.0
Polonnaruwa,2025-09-26,2025-10-04,2,test,train_plus_validation,6.0,2.426840670040076,3.0
Polonnaruwa,2025-10-03,2025-10-11,2,test,train_plus_validation,4.0,4.454016996552804,7.0
Polonnaruwa,2025-10-10,2025-10-18,2,test,train_plus_validation,3.0,6.264807419085343,6.0
Polonnaruwa,2025-10-17,2025-10-25,2,test,train_plus_validation,3.0,4.9134789555369025,4.0
Polonnaruwa,2025-10-24,2025-11-01,2,test,train_plus_validation,3.0,4.407848470667195,3.0
Polonnaruwa,2025-10-31,2025-11-08,2,test,train_plus_validation,15.0,4.781992889418253,3.0
Polonnaruwa,2025-11-07,2025-11-15,2,test,train_plus_validation,15.0,4.288690076575203,3.0
Polonnaruwa,2025-11-14,2025-11-22,2,test,train_plus_validation,8.0,13.30518539826208,15.0
Polonnaruwa,2025-11-21,2025-11-29,2,test,train_plus_validation,5.0,15.770250167505623,15.0
Polonnaruwa,2025-11-28,2025-12-06,2,test,train_plus_validation,6.0,12.698874442552599,8.0
Polonnaruwa,2025-12-05,2025-12-13,2,test,train_plus_validation,14.0,9.501599427949667,5.0
Puttalam,2024-12-27,2025-01-04,2,test,train_plus_validation,45.0,34.86395560397214,23.0
Puttalam,2025-01-03,2025-01-11,2,test,train_plus_validation,17.0,45.56228933607895,30.0
Puttalam,2025-01-10,2025-01-18,2,test,train_plus_validation,16.0,38.783887653655185,45.0
Puttalam,2025-01-17,2025-01-25,2,test,train_plus_validation,22.0,29.30873865734323,17.0
Puttalam,2025-01-24,2025-02-01,2,test,train_plus_validation,16.0,22.55696980232644,16.0
Puttalam,2025-01-31,2025-02-08,2,test,train_plus_validation,16.0,23.00678671063999,22.0
Puttalam,2025-02-07,2025-02-15,2,test,train_plus_validation,24.0,20.21078673658743,16.0
Puttalam,2025-02-14,2025-02-22,2,test,train_plus_validation,23.0,18.85146555648871,16.0
Puttalam,2025-02-21,2025-03-01,2,test,train_plus_validation,24.0,20.121672476980166,24.0
Puttalam,2025-02-28,2025-03-08,2,test,train_plus_validation,15.0,19.971444672100795,23.0
Puttalam,2025-03-07,2025-03-15,2,test,train_plus_validation,10.0,21.425362075755583,24.0
Puttalam,2025-03-14,2025-03-22,2,test,train_plus_validation,14.0,18.16204216760876,15.0
Puttalam,2025-03-21,2025-03-29,2,test,train_plus_validation,11.0,17.55129129245486,10.0
Puttalam,2025-03-28,2025-04-05,2,test,train_plus_validation,8.0,14.82667891646776,14.0
Puttalam,2025-04-04,2025-04-12,2,test,train_plus_validation,7.0,14.626183072191383,11.0
Puttalam,2025-04-11,2025-04-19,2,test,train_plus_validation,10.0,11.195252007026536,8.0
Puttalam,2025-04-18,2025-04-26,2,test,train_plus_validation,9.0,9.101359870873445,7.0
Puttalam,2025-04-25,2025-05-03,2,test,train_plus_validation,12.0,10.58458079509841,10.0
Puttalam,2025-05-02,2025-05-10,2,test,train_plus_validation,8.0,10.52028713125058,9.0
Puttalam,2025-05-09,2025-05-17,2,test,train_plus_validation,13.0,11.985936259628017,12.0
Puttalam,2025-05-16,2025-05-24,2,test,train_plus_validation,11.0,8.984792275881778,8.0
Puttalam,2025-05-23,2025-05-31,2,test,train_plus_validation,17.0,12.204335017919478,13.0
Puttalam,2025-05-30,2025-06-07,2,test,train_plus_validation,10.0,14.549600163252286,11.0
Puttalam,2025-06-06,2025-06-14,2,test,train_plus_validation,10.0,14.880327967756635,17.0
Puttalam,2025-06-13,2025-06-21,2,test,train_plus_validation,7.0,14.219720239169225,10.0
Puttalam,2025-06-20,2025-06-28,2,test,train_plus_validation,12.0,14.22168742050411,10.0
Puttalam,2025-06-27,2025-07-05,2,test,train_plus_validation,7.0,10.697876371521984,7.0
Puttalam,2025-07-04,2025-07-12,2,test,train_plus_validation,12.0,11.726941027777874,12.0
Puttalam,2025-07-11,2025-07-19,2,test,train_plus_validation,12.0,8.469279412744799,7.0
Puttalam,2025-07-18,2025-07-26,2,test,train_plus_validation,15.0,11.454160718078425,12.0
Puttalam,2025-07-25,2025-08-02,2,test,train_plus_validation,17.0,11.397433112229692,12.0
Puttalam,2025-08-01,2025-08-09,2,test,train_plus_validation,11.0,13.224789944653466,15.0
Puttalam,2025-08-08,2025-08-16,2,test,train_plus_validation,4.0,15.009413880699181,17.0
Puttalam,2025-08-15,2025-08-23,2,test,train_plus_validation,9.0,15.056904014097144,11.0
Puttalam,2025-08-22,2025-08-30,2,test,train_plus_validation,5.0,8.72482458939407,4.0
Puttalam,2025-08-29,2025-09-06,2,test,train_plus_validation,10.0,8.713621663311022,9.0
Puttalam,2025-09-05,2025-09-13,2,test,train_plus_validation,6.0,6.747154362022356,5.0
Puttalam,2025-09-12,2025-09-20,2,test,train_plus_validation,4.0,8.303055220796077,10.0
Puttalam,2025-09-19,2025-09-27,2,test,train_plus_validation,5.0,6.860242629394749,6.0
Puttalam,2025-09-26,2025-10-04,2,test,train_plus_validation,5.0,7.059767983906274,4.0
Puttalam,2025-10-03,2025-10-11,2,test,train_plus_validation,12.0,5.252228190754789,5.0
Puttalam,2025-10-10,2025-10-18,2,test,train_plus_validation,5.0,5.565225928768891,5.0
Puttalam,2025-10-17,2025-10-25,2,test,train_plus_validation,11.0,10.035796808743385,12.0
Puttalam,2025-10-24,2025-11-01,2,test,train_plus_validation,23.0,9.132301099522037,5.0
Puttalam,2025-10-31,2025-11-08,2,test,train_plus_validation,20.0,12.00725715907281,11.0
Puttalam,2025-11-07,2025-11-15,2,test,train_plus_validation,18.0,22.461188247384346,23.0
Puttalam,2025-11-14,2025-11-22,2,test,train_plus_validation,10.0,24.99321512093521,20.0
Puttalam,2025-11-21,2025-11-29,2,test,train_plus_validation,13.0,24.423173773798656,18.0
Puttalam,2025-11-28,2025-12-06,2,test,train_plus_validation,30.0,19.08437474537795,10.0
Puttalam,2025-12-05,2025-12-13,2,test,train_plus_validation,22.0,20.056643366387746,13.0
Ratnapura,2024-12-27,2025-01-04,2,test,train_plus_validation,56.0,43.58183484729565,47.0
Ratnapura,2025-01-03,2025-01-11,2,test,train_plus_validation,46.0,44.605808854592134,30.0
Ratnapura,2025-01-10,2025-01-18,2,test,train_plus_validation,70.0,51.16734960146912,56.0
Ratnapura,2025-01-17,2025-01-25,2,test,train_plus_validation,58.0,51.16049840698991,46.0
Ratnapura,2025-01-24,2025-02-01,2,test,train_plus_validation,47.0,66.06873576632688,70.0
Ratnapura,2025-01-31,2025-02-08,2,test,train_plus_validation,47.0,59.50672399101279,58.0
Ratnapura,2025-02-07,2025-02-15,2,test,train_plus_validation,50.0,57.46254243299082,47.0
Ratnapura,2025-02-14,2025-02-22,2,test,train_plus_validation,47.0,51.40045393296065,47.0
Ratnapura,2025-02-21,2025-03-01,2,test,train_plus_validation,13.0,51.48173623321367,50.0
Ratnapura,2025-02-28,2025-03-08,2,test,train_plus_validation,46.0,48.98567880560829,47.0
Ratnapura,2025-03-07,2025-03-15,2,test,train_plus_validation,56.0,36.18222760710818,13.0
Ratnapura,2025-03-14,2025-03-22,2,test,train_plus_validation,45.0,38.72986992997106,46.0
Ratnapura,2025-03-21,2025-03-29,2,test,train_plus_validation,54.0,54.488084124405304,56.0
Ratnapura,2025-03-28,2025-04-05,2,test,train_plus_validation,146.0,55.19554481912305,45.0
Ratnapura,2025-04-04,2025-04-12,2,test,train_plus_validation,146.0,62.09380899489118,54.0
Ratnapura,2025-04-11,2025-04-19,2,test,train_plus_validation,319.0,171.56359403016813,146.0
Ratnapura,2025-04-18,2025-04-26,2,test,train_plus_validation,273.0,184.01876923618008,146.0
Ratnapura,2025-04-25,2025-05-03,2,test,train_plus_validation,242.0,368.1416642654621,319.0
Ratnapura,2025-05-02,2025-05-10,2,test,train_plus_validation,251.0,305.3665848933619,273.0
Ratnapura,2025-05-09,2025-05-17,2,test,train_plus_validation,203.0,252.90412893701708,242.0
Ratnapura,2025-05-16,2025-05-24,2,test,train_plus_validation,197.0,241.06818002992514,251.0
Ratnapura,2025-05-23,2025-05-31,2,test,train_plus_validation,172.0,211.9199066576535,203.0
Ratnapura,2025-05-30,2025-06-07,2,test,train_plus_validation,145.0,192.1984947965769,197.0
Ratnapura,2025-06-06,2025-06-14,2,test,train_plus_validation,118.0,174.3169914702471,172.0
Ratnapura,2025-06-13,2025-06-21,2,test,train_plus_validation,120.0,162.8271509189399,145.0
Ratnapura,2025-06-20,2025-06-28,2,test,train_plus_validation,104.0,130.71369048251077,118.0
Ratnapura,2025-06-27,2025-07-05,2,test,train_plus_validation,97.0,122.60707797035134,120.0
Ratnapura,2025-07-04,2025-07-12,2,test,train_plus_validation,93.0,125.77298662169237,104.0
Ratnapura,2025-07-11,2025-07-19,2,test,train_plus_validation,99.0,104.97246468811389,97.0
Ratnapura,2025-07-18,2025-07-26,2,test,train_plus_validation,91.0,91.43773991812319,93.0
Ratnapura,2025-07-25,2025-08-02,2,test,train_plus_validation,64.0,90.42355370935933,99.0
Ratnapura,2025-08-01,2025-08-09,2,test,train_plus_validation,79.0,95.13709309446628,91.0
Ratnapura,2025-08-08,2025-08-16,2,test,train_plus_validation,62.0,71.299818191232,64.0
Ratnapura,2025-08-15,2025-08-23,2,test,train_plus_validation,60.0,70.20998323614427,79.0
Ratnapura,2025-08-22,2025-08-30,2,test,train_plus_validation,59.0,68.91509950740381,62.0
Ratnapura,2025-08-29,2025-09-06,2,test,train_plus_validation,15.0,54.97372333483006,60.0
Ratnapura,2025-09-05,2025-09-13,2,test,train_plus_validation,65.0,52.935161350986526,59.0
Ratnapura,2025-09-12,2025-09-20,2,test,train_plus_validation,63.0,35.44670642059436,15.0
Ratnapura,2025-09-19,2025-09-27,2,test,train_plus_validation,70.0,51.3217723333206,65.0
Ratnapura,2025-09-26,2025-10-04,2,test,train_plus_validation,41.0,60.41220180866984,63.0
Ratnapura,2025-10-03,2025-10-11,2,test,train_plus_validation,42.0,66.55131050820822,70.0
Ratnapura,2025-10-10,2025-10-18,2,test,train_plus_validation,36.0,48.44371323510276,41.0
Ratnapura,2025-10-17,2025-10-25,2,test,train_plus_validation,57.0,45.538883577346034,42.0
Ratnapura,2025-10-24,2025-11-01,2,test,train_plus_validation,47.0,40.968053794822076,36.0
Ratnapura,2025-10-31,2025-11-08,2,test,train_plus_validation,43.0,52.14919798683467,57.0
Ratnapura,2025-11-07,2025-11-15,2,test,train_plus_validation,54.0,52.9255037229065,47.0
Ratnapura,2025-11-14,2025-11-22,2,test,train_plus_validation,54.0,55.808114382966345,43.0
Ratnapura,2025-11-21,2025-11-29,2,test,train_plus_validation,64.0,54.15351002376187,54.0
Ratnapura,2025-11-28,2025-12-06,2,test,train_plus_validation,43.0,58.22857568016275,54.0
Ratnapura,2025-12-05,2025-12-13,2,test,train_plus_validation,60.0,63.056657625426986,64.0
Trincomalee,2024-12-27,2025-01-04,2,test,train_plus_validation,34.0,37.32585508082241,30.0
Trincomalee,2025-01-03,2025-01-11,2,test,train_plus_validation,34.0,43.80208136030822,28.0
Trincomalee,2025-01-10,2025-01-18,2,test,train_plus_validation,23.0,38.3949353117619,34.0
Trincomalee,2025-01-17,2025-01-25,2,test,train_plus_validation,22.0,42.361865841705146,34.0
Trincomalee,2025-01-24,2025-02-01,2,test,train_plus_validation,28.0,29.868740471518038,23.0
Trincomalee,2025-01-31,2025-02-08,2,test,train_plus_validation,28.0,25.322172669236842,22.0
Trincomalee,2025-02-07,2025-02-15,2,test,train_plus_validation,29.0,26.567033457769444,28.0
Trincomalee,2025-02-14,2025-02-22,2,test,train_plus_validation,25.0,29.905861515224114,28.0
Trincomalee,2025-02-21,2025-03-01,2,test,train_plus_validation,17.0,27.117218684513947,29.0
Trincomalee,2025-02-28,2025-03-08,2,test,train_plus_validation,25.0,22.417324502310326,25.0
Trincomalee,2025-03-07,2025-03-15,2,test,train_plus_validation,23.0,20.85850698422584,17.0
Trincomalee,2025-03-14,2025-03-22,2,test,train_plus_validation,28.0,22.952975360211692,25.0
Trincomalee,2025-03-21,2025-03-29,2,test,train_plus_validation,36.0,24.357747344161858,23.0
Trincomalee,2025-03-28,2025-04-05,2,test,train_plus_validation,33.0,27.67153061434543,28.0
Trincomalee,2025-04-04,2025-04-12,2,test,train_plus_validation,44.0,35.154623034906166,36.0
Trincomalee,2025-04-11,2025-04-19,2,test,train_plus_validation,46.0,35.27238491709855,33.0
Trincomalee,2025-04-18,2025-04-26,2,test,train_plus_validation,64.0,36.96680130837336,44.0
Trincomalee,2025-04-25,2025-05-03,2,test,train_plus_validation,55.0,45.36554009555136,46.0
Trincomalee,2025-05-02,2025-05-10,2,test,train_plus_validation,45.0,64.96218795464104,64.0
Trincomalee,2025-05-09,2025-05-17,2,test,train_plus_validation,43.0,49.72996822956197,55.0
Trincomalee,2025-05-16,2025-05-24,2,test,train_plus_validation,39.0,43.58826334181873,45.0
Trincomalee,2025-05-23,2025-05-31,2,test,train_plus_validation,40.0,42.53596198413908,43.0
Trincomalee,2025-05-30,2025-06-07,2,test,train_plus_validation,16.0,36.405046160109016,39.0
Trincomalee,2025-06-06,2025-06-14,2,test,train_plus_validation,16.0,29.04485988165649,40.0
Trincomalee,2025-06-13,2025-06-21,2,test,train_plus_validation,12.0,21.65932394791723,16.0
Trincomalee,2025-06-20,2025-06-28,2,test,train_plus_validation,8.0,15.674579173216243,16.0
Trincomalee,2025-06-27,2025-07-05,2,test,train_plus_validation,11.0,15.423386260738425,12.0
Trincomalee,2025-07-04,2025-07-12,2,test,train_plus_validation,11.0,10.288631188494936,8.0
Trincomalee,2025-07-11,2025-07-19,2,test,train_plus_validation,7.0,10.907970469506383,11.0
Trincomalee,2025-07-18,2025-07-26,2,test,train_plus_validation,9.0,10.665123297610084,11.0
Trincomalee,2025-07-25,2025-08-02,2,test,train_plus_validation,4.0,7.544537068343786,7.0
Trincomalee,2025-08-01,2025-08-09,2,test,train_plus_validation,2.0,8.11621830869767,9.0
Trincomalee,2025-08-08,2025-08-16,2,test,train_plus_validation,4.0,6.27698303748441,4.0
Trincomalee,2025-08-15,2025-08-23,2,test,train_plus_validation,4.0,4.6735203769524105,2.0
Trincomalee,2025-08-22,2025-08-30,2,test,train_plus_validation,3.0,3.7226187844446317,4.0
Trincomalee,2025-08-29,2025-09-06,2,test,train_plus_validation,5.0,3.515667863065684,4.0
Trincomalee,2025-09-05,2025-09-13,2,test,train_plus_validation,2.0,2.4080824967501866,3.0
Trincomalee,2025-09-12,2025-09-20,2,test,train_plus_validation,6.0,3.6122031570322406,5.0
Trincomalee,2025-09-19,2025-09-27,2,test,train_plus_validation,8.0,2.67484924854295,2.0
Trincomalee,2025-09-26,2025-10-04,2,test,train_plus_validation,1.0,4.743031270028538,6.0
Trincomalee,2025-10-03,2025-10-11,2,test,train_plus_validation,5.0,5.560744352451128,8.0
Trincomalee,2025-10-10,2025-10-18,2,test,train_plus_validation,7.0,5.050066192084051,1.0
Trincomalee,2025-10-17,2025-10-25,2,test,train_plus_validation,15.0,4.801916815163946,5.0
Trincomalee,2025-10-24,2025-11-01,2,test,train_plus_validation,12.0,6.709607182801479,7.0
Trincomalee,2025-10-31,2025-11-08,2,test,train_plus_validation,11.0,12.94258802960977,15.0
Trincomalee,2025-11-07,2025-11-15,2,test,train_plus_validation,19.0,14.95348195390158,12.0
Trincomalee,2025-11-14,2025-11-22,2,test,train_plus_validation,16.0,16.14879930092459,11.0
Trincomalee,2025-11-21,2025-11-29,2,test,train_plus_validation,8.0,18.135497830093982,19.0
Trincomalee,2025-11-28,2025-12-06,2,test,train_plus_validation,26.0,17.52326168898665,16.0
Trincomalee,2025-12-05,2025-12-13,2,test,train_plus_validation,9.0,15.996903636941267,8.0
Vavuniya,2024-12-27,2025-01-04,2,test,train_plus_validation,2.0,5.851601839976914,2.0
Vavuniya,2025-01-03,2025-01-11,2,test,train_plus_validation,2.0,5.258411386219201,4.0
Vavuniya,2025-01-10,2025-01-18,2,test,train_plus_validation,2.0,4.561154928148398,2.0
Vavuniya,2025-01-17,2025-01-25,2,test,train_plus_validation,3.0,3.9812678523831484,2.0
Vavuniya,2025-01-24,2025-02-01,2,test,train_plus_validation,2.0,3.641030622012783,2.0
Vavuniya,2025-01-31,2025-02-08,2,test,train_plus_validation,2.0,3.3409759236914667,3.0
Vavuniya,2025-02-07,2025-02-15,2,test,train_plus_validation,0.0,3.614223761496349,2.0
Vavuniya,2025-02-14,2025-02-22,2,test,train_plus_validation,5.0,3.5602499598546173,2.0
Vavuniya,2025-02-21,2025-03-01,2,test,train_plus_validation,0.0,2.891348636930051,0.0
Vavuniya,2025-02-28,2025-03-08,2,test,train_plus_validation,1.0,3.391249663744866,5.0
Vavuniya,2025-03-07,2025-03-15,2,test,train_plus_validation,1.0,2.1902308846759153,0.0
Vavuniya,2025-03-14,2025-03-22,2,test,train_plus_validation,1.0,2.287580727820439,1.0
Vavuniya,2025-03-21,2025-03-29,2,test,train_plus_validation,3.0,1.8055798515855186,1.0
Vavuniya,2025-03-28,2025-04-05,2,test,train_plus_validation,0.0,2.4564105541798598,1.0
Vavuniya,2025-04-04,2025-04-12,2,test,train_plus_validation,5.0,1.866579350028438,3.0
Vavuniya,2025-04-11,2025-04-19,2,test,train_plus_validation,1.0,1.91344483990932,0.0
Vavuniya,2025-04-18,2025-04-26,2,test,train_plus_validation,3.0,3.3583051501109087,5.0
Vavuniya,2025-04-25,2025-05-03,2,test,train_plus_validation,0.0,2.3344500170385363,1.0
Vavuniya,2025-05-02,2025-05-10,2,test,train_plus_validation,2.0,2.854973852947846,3.0
Vavuniya,2025-05-09,2025-05-17,2,test,train_plus_validation,2.0,2.6246995033052016,0.0
Vavuniya,2025-05-16,2025-05-24,2,test,train_plus_validation,1.0,2.5282982317390075,2.0
Vavuniya,2025-05-23,2025-05-31,2,test,train_plus_validation,5.0,2.048659167010256,2.0
Vavuniya,2025-05-30,2025-06-07,2,test,train_plus_validation,2.0,2.5754248569914626,1.0
Vavuniya,2025-06-06,2025-06-14,2,test,train_plus_validation,4.0,2.814096022660665,5.0
Vavuniya,2025-06-13,2025-06-21,2,test,train_plus_validation,3.0,2.223309328616949,2.0
Vavuniya,2025-06-20,2025-06-28,2,test,train_plus_validation,3.0,2.6980254078194945,4.0
Vavuniya,2025-06-27,2025-07-05,2,test,train_plus_validation,2.0,2.337632864898454,3.0
Vavuniya,2025-07-04,2025-07-12,2,test,train_plus_validation,3.0,2.4950455436519148,3.0
Vavuniya,2025-07-11,2025-07-19,2,test,train_plus_validation,0.0,2.444203249353829,2.0
Vavuniya,2025-07-18,2025-07-26,2,test,train_plus_validation,1.0,2.4225744744949727,3.0
Vavuniya,2025-07-25,2025-08-02,2,test,train_plus_validation,0.0,2.0586133089689,0.0
Vavuniya,2025-08-01,2025-08-09,2,test,train_plus_validation,2.0,2.020942010870591,1.0
Vavuniya,2025-08-08,2025-08-16,2,test,train_plus_validation,3.0,1.298341938869727,0.0
Vavuniya,2025-08-15,2025-08-23,2,test,train_plus_validation,0.0,1.4344653456975187,2.0
Vavuniya,2025-08-22,2025-08-30,2,test,train_plus_validation,0.0,1.6661277975837945,3.0
Vavuniya,2025-08-29,2025-09-06,2,test,train_plus_validation,2.0,1.7342212137435236,0.0
Vavuniya,2025-09-05,2025-09-13,2,test,train_plus_validation,1.0,1.4492994819308547,0.0
Vavuniya,2025-09-12,2025-09-20,2,test,train_plus_validation,0.0,1.4730255479398189,2.0
Vavuniya,2025-09-19,2025-09-27,2,test,train_plus_validation,0.0,1.3849041566547489,1.0
Vavuniya,2025-09-26,2025-10-04,2,test,train_plus_validation,4.0,1.2628404745732735,0.0
Vavuniya,2025-10-03,2025-10-11,2,test,train_plus_validation,2.0,1.1930696234733211,0.0
Vavuniya,2025-10-10,2025-10-18,2,test,train_plus_validation,0.0,2.402309367398628,4.0
Vavuniya,2025-10-17,2025-10-25,2,test,train_plus_validation,1.0,1.9797321930898328,2.0
Vavuniya,2025-10-24,2025-11-01,2,test,train_plus_validation,1.0,2.4027955805388976,0.0
Vavuniya,2025-10-31,2025-11-08,2,test,train_plus_validation,2.0,2.254833176237669,1.0
Vavuniya,2025-11-07,2025-11-15,2,test,train_plus_validation,0.0,3.4060189950342634,1.0
Vavuniya,2025-11-14,2025-11-22,2,test,train_plus_validation,0.0,2.5465985365594475,2.0
Vavuniya,2025-11-21,2025-11-29,2,test,train_plus_validation,1.0,2.276001668931074,0.0
Vavuniya,2025-11-28,2025-12-06,2,test,train_plus_validation,2.0,1.9657046318766327,0.0
Vavuniya,2025-12-05,2025-12-13,2,test,train_plus_validation,3.0,2.4840183343795457,1.0
Ampara,2023-12-15,2024-01-06,4,validation,train_only,45.0,48.289345909086656,40.0
Ampara,2023-12-22,2024-01-13,4,validation,train_only,101.0,110.30465920668335,115.0
Ampara,2023-12-29,2024-01-20,4,validation,train_only,71.0,55.272040893555044,39.0
Ampara,2024-01-05,2024-01-27,4,validation,train_only,56.0,79.62345007481319,78.0
Ampara,2024-01-12,2024-02-03,4,validation,train_only,80.0,55.35032067182299,45.0
Ampara,2024-01-19,2024-02-10,4,validation,train_only,75.0,101.77187618438664,101.0
Ampara,2024-01-26,2024-02-17,4,validation,train_only,25.0,73.37993917910829,71.0
Ampara,2024-02-02,2024-02-24,4,validation,train_only,28.0,58.748950755577155,56.0
Ampara,2024-02-09,2024-03-02,4,validation,train_only,36.0,68.7722850693244,80.0
Ampara,2024-02-16,2024-03-09,4,validation,train_only,35.0,60.92451565665531,75.0
Ampara,2024-02-23,2024-03-16,4,validation,train_only,25.0,42.45431471422113,25.0
Ampara,2024-03-01,2024-03-23,4,validation,train_only,12.0,32.48992282399581,28.0
Ampara,2024-03-08,2024-03-30,4,validation,train_only,15.0,32.16293434652068,36.0
Ampara,2024-03-15,2024-04-06,4,validation,train_only,8.0,31.07642291046206,35.0
Ampara,2024-03-22,2024-04-13,4,validation,train_only,8.0,22.614361222853642,25.0
Ampara,2024-03-29,2024-04-20,4,validation,train_only,12.0,27.854872010491103,12.0
Ampara,2024-04-05,2024-04-27,4,validation,train_only,12.0,22.68985367789101,15.0
Ampara,2024-04-12,2024-05-04,4,validation,train_only,7.0,19.27100952182525,8.0
Ampara,2024-04-19,2024-05-11,4,validation,train_only,4.0,17.30435478343833,8.0
Ampara,2024-04-26,2024-05-18,4,validation,train_only,3.0,11.665747016913807,12.0
Ampara,2024-05-03,2024-05-25,4,validation,train_only,14.0,10.827465318444974,12.0
Ampara,2024-05-10,2024-06-01,4,validation,train_only,11.0,8.480250223540002,7.0
Ampara,2024-05-17,2024-06-08,4,validation,train_only,13.0,8.383267486609213,4.0
Ampara,2024-05-24,2024-06-15,4,validation,train_only,8.0,7.482339154977479,3.0
Ampara,2024-05-31,2024-06-22,4,validation,train_only,23.0,16.183819153142622,14.0
Ampara,2024-06-07,2024-06-29,4,validation,train_only,11.0,14.385218483605676,11.0
Ampara,2024-06-14,2024-07-06,4,validation,train_only,18.0,17.46842235969866,13.0
Ampara,2024-06-21,2024-07-13,4,validation,train_only,12.0,10.105035095146267,8.0
Ampara,2024-06-28,2024-07-20,4,validation,train_only,8.0,21.137270656444862,23.0
Ampara,2024-07-05,2024-07-27,4,validation,train_only,20.0,12.500734893137315,11.0
Ampara,2024-07-12,2024-08-03,4,validation,train_only,12.0,14.312579733339362,18.0
Ampara,2024-07-19,2024-08-10,4,validation,train_only,16.0,12.119896257059388,12.0
Ampara,2024-07-26,2024-08-17,4,validation,train_only,38.0,10.598478625629333,8.0
Ampara,2024-08-02,2024-08-24,4,validation,train_only,17.0,17.199275551336235,20.0
Ampara,2024-08-09,2024-08-31,4,validation,train_only,9.0,12.94228268113176,12.0
Ampara,2024-08-16,2024-09-07,4,validation,train_only,24.0,13.548394263085495,16.0
Ampara,2024-08-23,2024-09-14,4,validation,train_only,5.0,39.7201028723886,38.0
Ampara,2024-08-30,2024-09-21,4,validation,train_only,7.0,23.40282552251229,17.0
Ampara,2024-09-06,2024-09-28,4,validation,train_only,4.0,27.2105213069922,9.0
Ampara,2024-09-13,2024-10-05,4,validation,train_only,7.0,25.15650813784988,24.0
Ampara,2024-09-20,2024-10-12,4,validation,train_only,6.0,18.14197388032051,5.0
Ampara,2024-09-27,2024-10-19,4,validation,train_only,6.0,12.518456488988429,7.0
Ampara,2024-10-04,2024-10-26,4,validation,train_only,1.0,10.065896767475493,4.0
Ampara,2024-10-11,2024-11-02,4,validation,train_only,14.0,13.329840736754988,7.0
Ampara,2024-10-18,2024-11-09,4,validation,train_only,6.0,6.34616422796019,6.0
Ampara,2024-10-25,2024-11-16,4,validation,train_only,9.0,8.890520276253161,6.0
Ampara,2024-11-01,2024-11-23,4,validation,train_only,5.0,8.82760813650614,1.0
Ampara,2024-11-08,2024-11-30,4,validation,train_only,5.0,15.132843535222655,14.0
Ampara,2024-11-15,2024-12-07,4,validation,train_only,10.0,12.384526454100246,6.0
Ampara,2024-11-22,2024-12-14,4,validation,train_only,6.0,16.118367476223934,9.0
Ampara,2024-11-29,2024-12-21,4,validation,train_only,15.0,13.135749011583359,5.0
Ampara,2024-12-06,2024-12-28,4,validation,train_only,58.0,14.302731371082876,5.0
Anuradhapura,2023-12-15,2024-01-06,4,validation,train_only,28.0,42.460787841088504,30.0
Anuradhapura,2023-12-22,2024-01-13,4,validation,train_only,95.0,35.52187978363649,22.0
Anuradhapura,2023-12-29,2024-01-20,4,validation,train_only,34.0,43.70690059711841,42.0
Anuradhapura,2024-01-05,2024-01-27,4,validation,train_only,11.0,33.43283369530498,28.0
Anuradhapura,2024-01-12,2024-02-03,4,validation,train_only,69.0,32.662486181701816,28.0
Anuradhapura,2024-01-19,2024-02-10,4,validation,train_only,29.0,79.67845924155301,95.0
Anuradhapura,2024-01-26,2024-02-17,4,validation,train_only,53.0,42.32218981857076,34.0
Anuradhapura,2024-02-02,2024-02-24,4,validation,train_only,50.0,45.26040000369564,11.0
Anuradhapura,2024-02-09,2024-03-02,4,validation,train_only,42.0,53.5363507496554,69.0
Anuradhapura,2024-02-16,2024-03-09,4,validation,train_only,33.0,31.140103704233468,29.0
Anuradhapura,2024-02-23,2024-03-16,4,validation,train_only,18.0,44.58929423242313,53.0
Anuradhapura,2024-03-01,2024-03-23,4,validation,train_only,11.0,37.45674991787781,50.0
Anuradhapura,2024-03-08,2024-03-30,4,validation,train_only,5.0,24.04961196037965,42.0
Anuradhapura,2024-03-15,2024-04-06,4,validation,train_only,5.0,21.646377485152918,33.0
Anuradhapura,2024-03-22,2024-04-13,4,validation,train_only,4.0,13.313375808122549,18.0
Anuradhapura,2024-03-29,2024-04-20,4,validation,train_only,3.0,11.538609697447171,11.0
Anuradhapura,2024-04-05,2024-04-27,4,validation,train_only,4.0,9.242432130795066,5.0
Anuradhapura,2024-04-12,2024-05-04,4,validation,train_only,5.0,7.879674915707543,5.0
Anuradhapura,2024-04-19,2024-05-11,4,validation,train_only,7.0,5.623961963788466,4.0
Anuradhapura,2024-04-26,2024-05-18,4,validation,train_only,4.0,4.510203591385142,3.0
Anuradhapura,2024-05-03,2024-05-25,4,validation,train_only,5.0,4.106981381785834,4.0
Anuradhapura,2024-05-10,2024-06-01,4,validation,train_only,14.0,4.4692945365042505,5.0
Anuradhapura,2024-05-17,2024-06-08,4,validation,train_only,8.0,6.599681155007502,7.0
Anuradhapura,2024-05-24,2024-06-15,4,validation,train_only,5.0,9.293729801225046,4.0
Anuradhapura,2024-05-31,2024-06-22,4,validation,train_only,3.0,10.782309416040983,5.0
Anuradhapura,2024-06-07,2024-06-29,4,validation,train_only,5.0,16.77419891297356,14.0
Anuradhapura,2024-06-14,2024-07-06,4,validation,train_only,6.0,13.426218628504035,8.0
Anuradhapura,2024-06-21,2024-07-13,4,validation,train_only,11.0,8.210000497500223,5.0
Anuradhapura,2024-06-28,2024-07-20,4,validation,train_only,23.0,5.022012922933442,3.0
Anuradhapura,2024-07-05,2024-07-27,4,validation,train_only,5.0,5.3037864920162665,5.0
Anuradhapura,2024-07-12,2024-08-03,4,validation,train_only,10.0,5.501758979598086,6.0
Anuradhapura,2024-07-19,2024-08-10,4,validation,train_only,16.0,7.888604905434283,11.0
Anuradhapura,2024-07-26,2024-08-17,4,validation,train_only,7.0,20.461979637810003,23.0
Anuradhapura,2024-08-02,2024-08-24,4,validation,train_only,8.0,10.588246833279431,5.0
Anuradhapura,2024-08-09,2024-08-31,4,validation,train_only,7.0,10.501788412135845,10.0
Anuradhapura,2024-08-16,2024-09-07,4,validation,train_only,8.0,15.341428926305168,16.0
Anuradhapura,2024-08-23,2024-09-14,4,validation,train_only,3.0,11.295366639130222,7.0
Anuradhapura,2024-08-30,2024-09-21,4,validation,train_only,9.0,9.62684149981125,8.0
Anuradhapura,2024-09-06,2024-09-28,4,validation,train_only,4.0,9.949099935173072,7.0
Anuradhapura,2024-09-13,2024-10-05,4,validation,train_only,10.0,9.687301157973504,8.0
Anuradhapura,2024-09-20,2024-10-12,4,validation,train_only,5.0,5.322519028866053,3.0
Anuradhapura,2024-09-27,2024-10-19,4,validation,train_only,6.0,7.245689669376303,9.0
Anuradhapura,2024-10-04,2024-10-26,4,validation,train_only,9.0,5.688590385290843,4.0
Anuradhapura,2024-10-11,2024-11-02,4,validation,train_only,13.0,9.252725133499986,10.0
Anuradhapura,2024-10-18,2024-11-09,4,validation,train_only,13.0,8.317665186768929,5.0
Anuradhapura,2024-10-25,2024-11-16,4,validation,train_only,18.0,9.671235362578942,6.0
Anuradhapura,2024-11-01,2024-11-23,4,validation,train_only,12.0,10.801480192219799,9.0
Anuradhapura,2024-11-08,2024-11-30,4,validation,train_only,7.0,15.365860012862543,13.0
Anuradhapura,2024-11-15,2024-12-07,4,validation,train_only,18.0,15.35658622520428,13.0
Anuradhapura,2024-11-22,2024-12-14,4,validation,train_only,22.0,19.015988264502322,18.0
Anuradhapura,2024-11-29,2024-12-21,4,validation,train_only,12.0,17.88249413913375,12.0
Anuradhapura,2024-12-06,2024-12-28,4,validation,train_only,27.0,18.880970361335883,7.0
Badulla,2023-12-15,2024-01-06,4,validation,train_only,78.0,200.81340881233314,178.0
Badulla,2023-12-22,2024-01-13,4,validation,train_only,13.0,196.7984765554187,16.0
Badulla,2023-12-29,2024-01-20,4,validation,train_only,53.0,187.1438375985768,120.0
Badulla,2024-01-05,2024-01-27,4,validation,train_only,24.0,133.50141647430155,111.0
Badulla,2024-01-12,2024-02-03,4,validation,train_only,44.0,259.3298486583031,78.0
Badulla,2024-01-19,2024-02-10,4,validation,train_only,12.0,105.94259402350545,13.0
Badulla,2024-01-26,2024-02-17,4,validation,train_only,15.0,60.349909873877586,53.0
Badulla,2024-02-02,2024-02-24,4,validation,train_only,8.0,52.09513933697069,24.0
Badulla,2024-02-09,2024-03-02,4,validation,train_only,11.0,44.37486490357058,44.0
Badulla,2024-02-16,2024-03-09,4,validation,train_only,13.0,18.929572476974897,12.0
Badulla,2024-02-23,2024-03-16,4,validation,train_only,7.0,23.756830879165832,15.0
Badulla,2024-03-01,2024-03-23,4,validation,train_only,8.0,14.66234412072518,8.0
Badulla,2024-03-08,2024-03-30,4,validation,train_only,7.0,12.278020259926786,11.0
Badulla,2024-03-15,2024-04-06,4,validation,train_only,3.0,9.79080104580858,13.0
Badulla,2024-03-22,2024-04-13,4,validation,train_only,9.0,7.94143075373098,7.0
Badulla,2024-03-29,2024-04-20,4,validation,train_only,5.0,8.419829682587979,8.0
Badulla,2024-04-05,2024-04-27,4,validation,train_only,7.0,7.860080748566317,7.0
Badulla,2024-04-12,2024-05-04,4,validation,train_only,7.0,6.2072526909446974,3.0
Badulla,2024-04-19,2024-05-11,4,validation,train_only,2.0,7.106851960209344,9.0
Badulla,2024-04-26,2024-05-18,4,validation,train_only,7.0,6.041434652522789,5.0
Badulla,2024-05-03,2024-05-25,4,validation,train_only,7.0,6.573631017100241,7.0
Badulla,2024-05-10,2024-06-01,4,validation,train_only,6.0,6.221920653457598,7.0
Badulla,2024-05-17,2024-06-08,4,validation,train_only,5.0,8.088291609563326,2.0
Badulla,2024-05-24,2024-06-15,4,validation,train_only,12.0,9.746747429580905,7.0
Badulla,2024-05-31,2024-06-22,4,validation,train_only,21.0,11.93854330135751,7.0
Badulla,2024-06-07,2024-06-29,4,validation,train_only,15.0,13.586540823412214,6.0
Badulla,2024-06-14,2024-07-06,4,validation,train_only,15.0,12.855916677101014,5.0
Badulla,2024-06-21,2024-07-13,4,validation,train_only,12.0,12.098409262789545,12.0
Badulla,2024-06-28,2024-07-20,4,validation,train_only,10.0,23.187864910613595,21.0
Badulla,2024-07-05,2024-07-27,4,validation,train_only,15.0,17.518319625706464,15.0
Badulla,2024-07-12,2024-08-03,4,validation,train_only,18.0,15.277073952377895,15.0
Badulla,2024-07-19,2024-08-10,4,validation,train_only,9.0,13.367673580372518,12.0
Badulla,2024-07-26,2024-08-17,4,validation,train_only,10.0,12.006490749901275,10.0
Badulla,2024-08-02,2024-08-24,4,validation,train_only,20.0,12.024962098674632,15.0
Badulla,2024-08-09,2024-08-31,4,validation,train_only,15.0,13.863015150794672,18.0
Badulla,2024-08-16,2024-09-07,4,validation,train_only,6.0,12.927347939354464,9.0
Badulla,2024-08-23,2024-09-14,4,validation,train_only,8.0,14.54704060938019,10.0
Badulla,2024-08-30,2024-09-21,4,validation,train_only,9.0,18.892805395598558,20.0
Badulla,2024-09-06,2024-09-28,4,validation,train_only,6.0,17.97636258532609,15.0
Badulla,2024-09-13,2024-10-05,4,validation,train_only,9.0,15.508213252411219,6.0
Badulla,2024-09-20,2024-10-12,4,validation,train_only,6.0,11.492032531788714,8.0
Badulla,2024-09-27,2024-10-19,4,validation,train_only,14.0,11.49662767005818,9.0
Badulla,2024-10-04,2024-10-26,4,validation,train_only,10.0,7.807355114784365,6.0
Badulla,2024-10-11,2024-11-02,4,validation,train_only,7.0,10.734861884930602,9.0
Badulla,2024-10-18,2024-11-09,4,validation,train_only,8.0,9.94666874392079,6.0
Badulla,2024-10-25,2024-11-16,4,validation,train_only,19.0,13.820890796257006,14.0
Badulla,2024-11-01,2024-11-23,4,validation,train_only,15.0,12.801744479803704,10.0
Badulla,2024-11-08,2024-11-30,4,validation,train_only,15.0,13.897938807048908,7.0
Badulla,2024-11-15,2024-12-07,4,validation,train_only,19.0,11.850643633634327,8.0
Badulla,2024-11-22,2024-12-14,4,validation,train_only,20.0,18.7305466314429,19.0
Badulla,2024-11-29,2024-12-21,4,validation,train_only,19.0,19.321967365647996,15.0
Badulla,2024-12-06,2024-12-28,4,validation,train_only,5.0,22.51675193791251,15.0
Batticaloa,2023-12-15,2024-01-06,4,validation,train_only,123.0,99.17645211603171,95.0
Batticaloa,2023-12-22,2024-01-13,4,validation,train_only,122.0,94.9680939271758,88.0
Batticaloa,2023-12-29,2024-01-20,4,validation,train_only,88.0,134.22595336241884,113.0
Batticaloa,2024-01-05,2024-01-27,4,validation,train_only,67.0,178.55288538235467,142.0
Batticaloa,2024-01-12,2024-02-03,4,validation,train_only,82.0,155.34936180408175,123.0
Batticaloa,2024-01-19,2024-02-10,4,validation,train_only,61.0,146.77213252106986,122.0
Batticaloa,2024-01-26,2024-02-17,4,validation,train_only,70.0,87.33287188847454,88.0
Batticaloa,2024-02-02,2024-02-24,4,validation,train_only,51.0,62.52161975581923,67.0
Batticaloa,2024-02-09,2024-03-02,4,validation,train_only,67.0,63.90349966588846,82.0
Batticaloa,2024-02-16,2024-03-09,4,validation,train_only,55.0,54.346541420059644,61.0
Batticaloa,2024-02-23,2024-03-16,4,validation,train_only,28.0,56.80304271546085,70.0
Batticaloa,2024-03-01,2024-03-23,4,validation,train_only,26.0,48.28808559283163,51.0
Batticaloa,2024-03-08,2024-03-30,4,validation,train_only,16.0,55.144536958351,67.0
Batticaloa,2024-03-15,2024-04-06,4,validation,train_only,20.0,42.683691624767064,55.0
Batticaloa,2024-03-22,2024-04-13,4,validation,train_only,11.0,26.50121477530568,28.0
Batticaloa,2024-03-29,2024-04-20,4,validation,train_only,10.0,29.447241070476192,26.0
Batticaloa,2024-04-05,2024-04-27,4,validation,train_only,17.0,19.297181052817752,16.0
Batticaloa,2024-04-12,2024-05-04,4,validation,train_only,19.0,22.54970476978415,20.0
Batticaloa,2024-04-19,2024-05-11,4,validation,train_only,17.0,17.985170738987275,11.0
Batticaloa,2024-04-26,2024-05-18,4,validation,train_only,18.0,13.242054136224482,10.0
Batticaloa,2024-05-03,2024-05-25,4,validation,train_only,13.0,13.478156227158955,17.0
Batticaloa,2024-05-10,2024-06-01,4,validation,train_only,15.0,16.862949198011922,19.0
Batticaloa,2024-05-17,2024-06-08,4,validation,train_only,19.0,19.779823698271862,17.0
Batticaloa,2024-05-24,2024-06-15,4,validation,train_only,14.0,20.425645190479162,18.0
Batticaloa,2024-05-31,2024-06-22,4,validation,train_only,15.0,21.464215814357022,13.0
Batticaloa,2024-06-07,2024-06-29,4,validation,train_only,16.0,22.339751977296864,15.0
Batticaloa,2024-06-14,2024-07-06,4,validation,train_only,21.0,22.65819311388785,19.0
Batticaloa,2024-06-21,2024-07-13,4,validation,train_only,11.0,17.26421100161932,14.0
Batticaloa,2024-06-28,2024-07-20,4,validation,train_only,15.0,13.331464840478507,15.0
Batticaloa,2024-07-05,2024-07-27,4,validation,train_only,25.0,14.752677337933097,16.0
Batticaloa,2024-07-12,2024-08-03,4,validation,train_only,20.0,16.90716424531262,21.0
Batticaloa,2024-07-19,2024-08-10,4,validation,train_only,22.0,12.570062101256662,11.0
Batticaloa,2024-07-26,2024-08-17,4,validation,train_only,21.0,14.204879590659326,15.0
Batticaloa,2024-08-02,2024-08-24,4,validation,train_only,29.0,19.01794176459962,25.0
Batticaloa,2024-08-09,2024-08-31,4,validation,train_only,16.0,15.511277584632452,20.0
Batticaloa,2024-08-16,2024-09-07,4,validation,train_only,17.0,19.09494827260796,22.0
Batticaloa,2024-08-23,2024-09-14,4,validation,train_only,16.0,23.46717053809295,21.0
Batticaloa,2024-08-30,2024-09-21,4,validation,train_only,15.0,25.950221522877747,29.0
Batticaloa,2024-09-06,2024-09-28,4,validation,train_only,5.0,24.509148346926136,16.0
Batticaloa,2024-09-13,2024-10-05,4,validation,train_only,10.0,23.17848537330646,17.0
Batticaloa,2024-09-20,2024-10-12,4,validation,train_only,13.0,24.990233253057117,16.0
Batticaloa,2024-09-27,2024-10-19,4,validation,train_only,7.0,19.870305869301227,15.0
Batticaloa,2024-10-04,2024-10-26,4,validation,train_only,6.0,16.587507146790525,5.0
Batticaloa,2024-10-11,2024-11-02,4,validation,train_only,14.0,22.792664691014572,10.0
Batticaloa,2024-10-18,2024-11-09,4,validation,train_only,11.0,21.291619635000764,13.0
Batticaloa,2024-10-25,2024-11-16,4,validation,train_only,12.0,17.116438977114566,7.0
Batticaloa,2024-11-01,2024-11-23,4,validation,train_only,21.0,14.193078426519621,6.0
Batticaloa,2024-11-08,2024-11-30,4,validation,train_only,31.0,17.001858008063284,14.0
Batticaloa,2024-11-15,2024-12-07,4,validation,train_only,30.0,17.10933122966888,11.0
Batticaloa,2024-11-22,2024-12-14,4,validation,train_only,35.0,17.955299435869193,12.0
Batticaloa,2024-11-29,2024-12-21,4,validation,train_only,47.0,24.3798508452192,21.0
Batticaloa,2024-12-06,2024-12-28,4,validation,train_only,62.0,40.69077480397087,31.0
Colombo,2023-12-15,2024-01-06,4,validation,train_only,549.0,357.017212609243,409.0
Colombo,2023-12-22,2024-01-13,4,validation,train_only,477.0,343.7687868783067,476.0
Colombo,2023-12-29,2024-01-20,4,validation,train_only,499.0,320.591631699442,375.0
Colombo,2024-01-05,2024-01-27,4,validation,train_only,349.0,305.1508802069764,299.0
Colombo,2024-01-12,2024-02-03,4,validation,train_only,382.0,432.29071263640265,549.0
Colombo,2024-01-19,2024-02-10,4,validation,train_only,286.0,375.59442625826074,477.0
Colombo,2024-01-26,2024-02-17,4,validation,train_only,269.0,423.1716519693582,499.0
Colombo,2024-02-02,2024-02-24,4,validation,train_only,252.0,341.92710256315064,349.0
Colombo,2024-02-09,2024-03-02,4,validation,train_only,170.0,302.1307716615855,382.0
Colombo,2024-02-16,2024-03-09,4,validation,train_only,207.0,190.70928508136416,286.0
Colombo,2024-02-23,2024-03-16,4,validation,train_only,146.0,173.59609013701814,269.0
Colombo,2024-03-01,2024-03-23,4,validation,train_only,130.0,161.1721317159398,252.0
Colombo,2024-03-08,2024-03-30,4,validation,train_only,132.0,106.48286413042295,170.0
Colombo,2024-03-15,2024-04-06,4,validation,train_only,68.0,129.6779082305504,207.0
Colombo,2024-03-22,2024-04-13,4,validation,train_only,111.0,102.78587177360356,146.0
Colombo,2024-03-29,2024-04-20,4,validation,train_only,111.0,111.49298781067645,130.0
Colombo,2024-04-05,2024-04-27,4,validation,train_only,114.0,132.6883739612641,132.0
Colombo,2024-04-12,2024-05-04,4,validation,train_only,75.0,108.4370850810766,68.0
Colombo,2024-04-19,2024-05-11,4,validation,train_only,133.0,123.94861892905551,111.0
Colombo,2024-04-26,2024-05-18,4,validation,train_only,119.0,118.65153607603857,111.0
Colombo,2024-05-03,2024-05-25,4,validation,train_only,156.0,115.95595961882684,114.0
Colombo,2024-05-10,2024-06-01,4,validation,train_only,158.0,104.96304185978435,75.0
Colombo,2024-05-17,2024-06-08,4,validation,train_only,182.0,193.9305251327143,133.0
Colombo,2024-05-24,2024-06-15,4,validation,train_only,218.0,180.05348589941065,119.0
Colombo,2024-05-31,2024-06-22,4,validation,train_only,245.0,297.336530108267,156.0
Colombo,2024-06-07,2024-06-29,4,validation,train_only,292.0,307.8764570169388,158.0
Colombo,2024-06-14,2024-07-06,4,validation,train_only,320.0,288.87891984977705,182.0
Colombo,2024-06-21,2024-07-13,4,validation,train_only,312.0,261.80539790897103,218.0
Colombo,2024-06-28,2024-07-20,4,validation,train_only,321.0,306.98057761136107,245.0
Colombo,2024-07-05,2024-07-27,4,validation,train_only,308.0,343.00098864911996,292.0
Colombo,2024-07-12,2024-08-03,4,validation,train_only,279.0,310.9974503878311,320.0
Colombo,2024-07-19,2024-08-10,4,validation,train_only,266.0,289.5581062556018,312.0
Colombo,2024-07-26,2024-08-17,4,validation,train_only,263.0,258.07635126482796,321.0
Colombo,2024-08-02,2024-08-24,4,validation,train_only,250.0,223.04606151839855,308.0
Colombo,2024-08-09,2024-08-31,4,validation,train_only,192.0,205.29115367056338,279.0
Colombo,2024-08-16,2024-09-07,4,validation,train_only,226.0,222.38004677074622,266.0
Colombo,2024-08-23,2024-09-14,4,validation,train_only,202.0,285.77823433608506,263.0
Colombo,2024-08-30,2024-09-21,4,validation,train_only,143.0,288.02096695570293,250.0
Colombo,2024-09-06,2024-09-28,4,validation,train_only,169.0,256.4404368075396,192.0
Colombo,2024-09-13,2024-10-05,4,validation,train_only,172.0,260.1369453121535,226.0
Colombo,2024-09-20,2024-10-12,4,validation,train_only,180.0,236.48227659087692,202.0
Colombo,2024-09-27,2024-10-19,4,validation,train_only,161.0,174.29014187952646,143.0
Colombo,2024-10-04,2024-10-26,4,validation,train_only,141.0,177.4527705540603,169.0
Colombo,2024-10-11,2024-11-02,4,validation,train_only,152.0,191.97434779575602,172.0
Colombo,2024-10-18,2024-11-09,4,validation,train_only,156.0,224.80552463065897,180.0
Colombo,2024-10-25,2024-11-16,4,validation,train_only,191.0,221.63770900230165,161.0
Colombo,2024-11-01,2024-11-23,4,validation,train_only,185.0,222.16219572216465,141.0
Colombo,2024-11-08,2024-11-30,4,validation,train_only,163.0,222.87074677925233,152.0
Colombo,2024-11-15,2024-12-07,4,validation,train_only,247.0,208.39500071672623,156.0
Colombo,2024-11-22,2024-12-14,4,validation,train_only,220.0,227.3329455688753,191.0
Colombo,2024-11-29,2024-12-21,4,validation,train_only,231.0,276.3674311521954,185.0
Colombo,2024-12-06,2024-12-28,4,validation,train_only,200.0,268.85509510614344,163.0
Galle,2023-12-15,2024-01-06,4,validation,train_only,84.0,117.10370423043801,113.0
Galle,2023-12-22,2024-01-13,4,validation,train_only,132.0,139.40140170788627,126.0
Galle,2023-12-29,2024-01-20,4,validation,train_only,119.0,96.6403280105942,93.0
Galle,2024-01-05,2024-01-27,4,validation,train_only,111.0,108.1427379025222,107.0
Galle,2024-01-12,2024-02-03,4,validation,train_only,103.0,90.69052718128066,84.0
Galle,2024-01-19,2024-02-10,4,validation,train_only,66.0,132.17307288007802,132.0
Galle,2024-01-26,2024-02-17,4,validation,train_only,42.0,126.0587313884842,119.0
Galle,2024-02-02,2024-02-24,4,validation,train_only,75.0,89.09059305333996,111.0
Galle,2024-02-09,2024-03-02,4,validation,train_only,40.0,82.35683590997313,103.0
Galle,2024-02-16,2024-03-09,4,validation,train_only,28.0,54.46807382073474,66.0
Galle,2024-02-23,2024-03-16,4,validation,train_only,30.0,38.33215938165262,42.0
Galle,2024-03-01,2024-03-23,4,validation,train_only,20.0,52.1699860488466,75.0
Galle,2024-03-08,2024-03-30,4,validation,train_only,32.0,35.18603431254844,40.0
Galle,2024-03-15,2024-04-06,4,validation,train_only,18.0,19.950804434519952,28.0
Galle,2024-03-22,2024-04-13,4,validation,train_only,19.0,22.429674776093314,30.0
Galle,2024-03-29,2024-04-20,4,validation,train_only,23.0,22.740385152985514,20.0
Galle,2024-04-05,2024-04-27,4,validation,train_only,24.0,35.750300659653,32.0
Galle,2024-04-12,2024-05-04,4,validation,train_only,21.0,26.379945386595764,18.0
Galle,2024-04-19,2024-05-11,4,validation,train_only,24.0,26.763109641966256,19.0
Galle,2024-04-26,2024-05-18,4,validation,train_only,13.0,29.66033267902969,23.0
Galle,2024-05-03,2024-05-25,4,validation,train_only,26.0,27.504538326504388,24.0
Galle,2024-05-10,2024-06-01,4,validation,train_only,9.0,28.622394945632603,21.0
Galle,2024-05-17,2024-06-08,4,validation,train_only,21.0,30.842128484012733,24.0
Galle,2024-05-24,2024-06-15,4,validation,train_only,26.0,28.012281164445813,13.0
Galle,2024-05-31,2024-06-22,4,validation,train_only,32.0,37.015613874324345,26.0
Galle,2024-06-07,2024-06-29,4,validation,train_only,29.0,35.56660691965487,9.0
Galle,2024-06-14,2024-07-06,4,validation,train_only,34.0,35.08646567005884,21.0
Galle,2024-06-21,2024-07-13,4,validation,train_only,31.0,36.51160536159002,26.0
Galle,2024-06-28,2024-07-20,4,validation,train_only,33.0,40.00544216085984,32.0
Galle,2024-07-05,2024-07-27,4,validation,train_only,32.0,33.56947131186817,29.0
Galle,2024-07-12,2024-08-03,4,validation,train_only,46.0,43.770110979659734,34.0
Galle,2024-07-19,2024-08-10,4,validation,train_only,40.0,34.687334390676305,31.0
Galle,2024-07-26,2024-08-17,4,validation,train_only,27.0,40.769457635438414,33.0
Galle,2024-08-02,2024-08-24,4,validation,train_only,50.0,35.849286514496,32.0
Galle,2024-08-09,2024-08-31,4,validation,train_only,38.0,48.50787425236426,46.0
Galle,2024-08-16,2024-09-07,4,validation,train_only,35.0,42.32193980012231,40.0
Galle,2024-08-23,2024-09-14,4,validation,train_only,32.0,35.782852084194175,27.0
Galle,2024-08-30,2024-09-21,4,validation,train_only,46.0,52.798010824639036,50.0
Galle,2024-09-06,2024-09-28,4,validation,train_only,35.0,46.82704982698837,38.0
Galle,2024-09-13,2024-10-05,4,validation,train_only,35.0,45.65185988251895,35.0
Galle,2024-09-20,2024-10-12,4,validation,train_only,27.0,41.24487730707797,32.0
Galle,2024-09-27,2024-10-19,4,validation,train_only,21.0,55.324542340735825,46.0
Galle,2024-10-04,2024-10-26,4,validation,train_only,26.0,48.55108527422357,35.0
Galle,2024-10-11,2024-11-02,4,validation,train_only,27.0,43.39205267889349,35.0
Galle,2024-10-18,2024-11-09,4,validation,train_only,25.0,34.58745420098988,27.0
Galle,2024-10-25,2024-11-16,4,validation,train_only,59.0,33.3273773550158,21.0
Galle,2024-11-01,2024-11-23,4,validation,train_only,26.0,30.97377732395701,26.0
Galle,2024-11-08,2024-11-30,4,validation,train_only,37.0,30.27562462355922,27.0
Galle,2024-11-15,2024-12-07,4,validation,train_only,34.0,30.477984394444793,25.0
Galle,2024-11-22,2024-12-14,4,validation,train_only,27.0,55.10724179488587,59.0
Galle,2024-11-29,2024-12-21,4,validation,train_only,25.0,37.99618258161338,26.0
Galle,2024-12-06,2024-12-28,4,validation,train_only,30.0,43.439210175787856,37.0
Gampaha,2023-12-15,2024-01-06,4,validation,train_only,111.0,173.7312445146263,130.0
Gampaha,2023-12-22,2024-01-13,4,validation,train_only,147.0,216.8837701302052,217.0
Gampaha,2023-12-29,2024-01-20,4,validation,train_only,150.0,184.6700874452002,146.0
Gampaha,2024-01-05,2024-01-27,4,validation,train_only,144.0,149.43263988479703,146.0
Gampaha,2024-01-12,2024-02-03,4,validation,train_only,165.0,107.93842846320173,111.0
Gampaha,2024-01-19,2024-02-10,4,validation,train_only,155.0,157.80265187970898,147.0
Gampaha,2024-01-26,2024-02-17,4,validation,train_only,111.0,160.68670776502054,150.0
Gampaha,2024-02-02,2024-02-24,4,validation,train_only,102.0,146.08868169338012,144.0
Gampaha,2024-02-09,2024-03-02,4,validation,train_only,68.0,158.64006078785792,165.0
Gampaha,2024-02-16,2024-03-09,4,validation,train_only,90.0,116.06786637294337,155.0
Gampaha,2024-02-23,2024-03-16,4,validation,train_only,80.0,68.39138927177726,111.0
Gampaha,2024-03-01,2024-03-23,4,validation,train_only,60.0,51.72388923393917,102.0
Gampaha,2024-03-08,2024-03-30,4,validation,train_only,66.0,39.56625486792979,68.0
Gampaha,2024-03-15,2024-04-06,4,validation,train_only,46.0,53.81759218378131,90.0
Gampaha,2024-03-22,2024-04-13,4,validation,train_only,68.0,60.667007934561056,80.0
Gampaha,2024-03-29,2024-04-20,4,validation,train_only,43.0,76.93962178181563,60.0
Gampaha,2024-04-05,2024-04-27,4,validation,train_only,48.0,82.72541334993467,66.0
Gampaha,2024-04-12,2024-05-04,4,validation,train_only,55.0,74.84155059109939,46.0
Gampaha,2024-04-19,2024-05-11,4,validation,train_only,70.0,76.98474597468162,68.0
Gampaha,2024-04-26,2024-05-18,4,validation,train_only,40.0,58.0522940330664,43.0
Gampaha,2024-05-03,2024-05-25,4,validation,train_only,48.0,58.89552616054391,48.0
Gampaha,2024-05-10,2024-06-01,4,validation,train_only,77.0,72.60025939737076,55.0
Gampaha,2024-05-17,2024-06-08,4,validation,train_only,105.0,69.57794920911542,70.0
Gampaha,2024-05-24,2024-06-15,4,validation,train_only,81.0,59.36890671447979,40.0
Gampaha,2024-05-31,2024-06-22,4,validation,train_only,103.0,87.0881388897256,48.0
Gampaha,2024-06-07,2024-06-29,4,validation,train_only,139.0,80.68450348700351,77.0
Gampaha,2024-06-14,2024-07-06,4,validation,train_only,125.0,135.60811389084492,105.0
Gampaha,2024-06-21,2024-07-13,4,validation,train_only,129.0,106.99142270261675,81.0
Gampaha,2024-06-28,2024-07-20,4,validation,train_only,157.0,119.05607805914286,103.0
Gampaha,2024-07-05,2024-07-27,4,validation,train_only,148.0,158.3743871689251,139.0
Gampaha,2024-07-12,2024-08-03,4,validation,train_only,174.0,127.10986897187307,125.0
Gampaha,2024-07-19,2024-08-10,4,validation,train_only,123.0,142.0042395793913,129.0
Gampaha,2024-07-26,2024-08-17,4,validation,train_only,124.0,163.52313170604424,157.0
Gampaha,2024-08-02,2024-08-24,4,validation,train_only,122.0,141.7879028034522,148.0
Gampaha,2024-08-09,2024-08-31,4,validation,train_only,128.0,166.74144325368897,174.0
Gampaha,2024-08-16,2024-09-07,4,validation,train_only,84.0,136.10668543953324,123.0
Gampaha,2024-08-23,2024-09-14,4,validation,train_only,96.0,141.49541936565984,124.0
Gampaha,2024-08-30,2024-09-21,4,validation,train_only,91.0,138.7961758228287,122.0
Gampaha,2024-09-06,2024-09-28,4,validation,train_only,101.0,156.1313975140424,128.0
Gampaha,2024-09-13,2024-10-05,4,validation,train_only,120.0,105.74883412429175,84.0
Gampaha,2024-09-20,2024-10-12,4,validation,train_only,95.0,117.21902032475421,96.0
Gampaha,2024-09-27,2024-10-19,4,validation,train_only,98.0,128.6191494408983,91.0
Gampaha,2024-10-04,2024-10-26,4,validation,train_only,103.0,120.05816673327216,101.0
Gampaha,2024-10-11,2024-11-02,4,validation,train_only,111.0,158.44659892047886,120.0
Gampaha,2024-10-18,2024-11-09,4,validation,train_only,95.0,110.17011986196282,95.0
Gampaha,2024-10-25,2024-11-16,4,validation,train_only,153.0,107.68506629130256,98.0
Gampaha,2024-11-01,2024-11-23,4,validation,train_only,186.0,113.89290602965089,103.0
Gampaha,2024-11-08,2024-11-30,4,validation,train_only,133.0,110.09810653682847,111.0
Gampaha,2024-11-15,2024-12-07,4,validation,train_only,161.0,93.14434150507844,95.0
Gampaha,2024-11-22,2024-12-14,4,validation,train_only,103.0,196.3458551666348,153.0
Gampaha,2024-11-29,2024-12-21,4,validation,train_only,131.0,216.6321138707982,186.0
Gampaha,2024-12-06,2024-12-28,4,validation,train_only,186.0,174.63639889532558,133.0
Hambantota,2023-12-15,2024-01-06,4,validation,train_only,55.0,46.09630550735217,43.0
Hambantota,2023-12-22,2024-01-13,4,validation,train_only,33.0,60.64469569852051,72.0
Hambantota,2023-12-29,2024-01-20,4,validation,train_only,50.0,52.72176387318859,18.0
Hambantota,2024-01-05,2024-01-27,4,validation,train_only,37.0,41.56151992710294,38.0
Hambantota,2024-01-12,2024-02-03,4,validation,train_only,29.0,53.671052788384145,55.0
Hambantota,2024-01-19,2024-02-10,4,validation,train_only,14.0,42.14741462248395,33.0
Hambantota,2024-01-26,2024-02-17,4,validation,train_only,35.0,45.498344249428534,50.0
Hambantota,2024-02-02,2024-02-24,4,validation,train_only,18.0,43.23259130007882,37.0
Hambantota,2024-02-09,2024-03-02,4,validation,train_only,22.0,34.1897767956633,29.0
Hambantota,2024-02-16,2024-03-09,4,validation,train_only,27.0,12.96463354858835,14.0
Hambantota,2024-02-23,2024-03-16,4,validation,train_only,17.0,19.415340410420754,35.0
Hambantota,2024-03-01,2024-03-23,4,validation,train_only,29.0,13.072094207398761,18.0
Hambantota,2024-03-08,2024-03-30,4,validation,train_only,13.0,14.22194278509287,22.0
Hambantota,2024-03-15,2024-04-06,4,validation,train_only,10.0,15.856579089314007,27.0
Hambantota,2024-03-22,2024-04-13,4,validation,train_only,32.0,12.947275041030903,17.0
Hambantota,2024-03-29,2024-04-20,4,validation,train_only,12.0,20.581415051513545,29.0
Hambantota,2024-04-05,2024-04-27,4,validation,train_only,15.0,14.157424230976368,13.0
Hambantota,2024-04-12,2024-05-04,4,validation,train_only,18.0,14.508873467962866,10.0
Hambantota,2024-04-19,2024-05-11,4,validation,train_only,9.0,30.249558093299825,32.0
Hambantota,2024-04-26,2024-05-18,4,validation,train_only,6.0,23.690311246490207,12.0
Hambantota,2024-05-03,2024-05-25,4,validation,train_only,12.0,19.497046512259118,15.0
Hambantota,2024-05-10,2024-06-01,4,validation,train_only,16.0,18.867519033112046,18.0
Hambantota,2024-05-17,2024-06-08,4,validation,train_only,9.0,15.869318434605745,9.0
Hambantota,2024-05-24,2024-06-15,4,validation,train_only,8.0,13.070222574430577,6.0
Hambantota,2024-05-31,2024-06-22,4,validation,train_only,10.0,17.091279805813564,12.0
Hambantota,2024-06-07,2024-06-29,4,validation,train_only,12.0,20.84139042157194,16.0
Hambantota,2024-06-14,2024-07-06,4,validation,train_only,5.0,19.37544991471353,9.0
Hambantota,2024-06-21,2024-07-13,4,validation,train_only,15.0,16.47292915414084,8.0
Hambantota,2024-06-28,2024-07-20,4,validation,train_only,14.0,12.316529747860594,10.0
Hambantota,2024-07-05,2024-07-27,4,validation,train_only,11.0,10.898480706979889,12.0
Hambantota,2024-07-12,2024-08-03,4,validation,train_only,5.0,6.607573162551575,5.0
Hambantota,2024-07-19,2024-08-10,4,validation,train_only,8.0,11.111838892974866,15.0
Hambantota,2024-07-26,2024-08-17,4,validation,train_only,11.0,10.87471597884815,14.0
Hambantota,2024-08-02,2024-08-24,4,validation,train_only,15.0,10.723636899591428,11.0
Hambantota,2024-08-09,2024-08-31,4,validation,train_only,10.0,7.2072023298281325,5.0
Hambantota,2024-08-16,2024-09-07,4,validation,train_only,14.0,8.900984080875507,8.0
Hambantota,2024-08-23,2024-09-14,4,validation,train_only,10.0,11.028859445892994,11.0
Hambantota,2024-08-30,2024-09-21,4,validation,train_only,10.0,15.420462490928461,15.0
Hambantota,2024-09-06,2024-09-28,4,validation,train_only,10.0,18.038355033650646,10.0
Hambantota,2024-09-13,2024-10-05,4,validation,train_only,11.0,18.987858826028372,14.0
Hambantota,2024-09-20,2024-10-12,4,validation,train_only,14.0,18.27909629500166,10.0
Hambantota,2024-09-27,2024-10-19,4,validation,train_only,9.0,12.985973370699519,10.0
Hambantota,2024-10-04,2024-10-26,4,validation,train_only,10.0,14.772609417705786,10.0
Hambantota,2024-10-11,2024-11-02,4,validation,train_only,12.0,14.712928512128434,11.0
Hambantota,2024-10-18,2024-11-09,4,validation,train_only,4.0,15.329782418984857,14.0
Hambantota,2024-10-25,2024-11-16,4,validation,train_only,23.0,13.303090577078462,9.0
Hambantota,2024-11-01,2024-11-23,4,validation,train_only,6.0,13.168821801318323,10.0
Hambantota,2024-11-08,2024-11-30,4,validation,train_only,15.0,12.994241797610828,12.0
Hambantota,2024-11-15,2024-12-07,4,validation,train_only,12.0,10.68166515283012,4.0
Hambantota,2024-11-22,2024-12-14,4,validation,train_only,22.0,24.384046433701727,23.0
Hambantota,2024-11-29,2024-12-21,4,validation,train_only,21.0,16.030060748728356,6.0
Hambantota,2024-12-06,2024-12-28,4,validation,train_only,36.0,20.239006841845285,15.0
Jaffna,2023-12-15,2024-01-06,4,validation,train_only,805.0,432.172563577745,423.0
Jaffna,2023-12-22,2024-01-13,4,validation,train_only,595.0,514.5353616946448,706.0
Jaffna,2023-12-29,2024-01-20,4,validation,train_only,746.0,985.355163179413,746.0
Jaffna,2024-01-05,2024-01-27,4,validation,train_only,483.0,750.1458981446118,623.0
Jaffna,2024-01-12,2024-02-03,4,validation,train_only,410.0,1039.3988486394558,805.0
Jaffna,2024-01-19,2024-02-10,4,validation,train_only,292.0,685.6758835860549,595.0
Jaffna,2024-01-26,2024-02-17,4,validation,train_only,224.0,789.7371957294032,746.0
Jaffna,2024-02-02,2024-02-24,4,validation,train_only,148.0,396.5317984977593,483.0
Jaffna,2024-02-09,2024-03-02,4,validation,train_only,143.0,217.88703496238395,410.0
Jaffna,2024-02-16,2024-03-09,4,validation,train_only,99.0,164.4455440706765,292.0
Jaffna,2024-02-23,2024-03-16,4,validation,train_only,67.0,125.04150037873083,224.0
Jaffna,2024-03-01,2024-03-23,4,validation,train_only,68.0,66.96495782392293,148.0
Jaffna,2024-03-08,2024-03-30,4,validation,train_only,60.0,61.60909007740525,143.0
Jaffna,2024-03-15,2024-04-06,4,validation,train_only,42.0,51.92076769179099,99.0
Jaffna,2024-03-22,2024-04-13,4,validation,train_only,34.0,50.55387547903194,67.0
Jaffna,2024-03-29,2024-04-20,4,validation,train_only,35.0,57.87434363662554,68.0
Jaffna,2024-04-05,2024-04-27,4,validation,train_only,28.0,51.966771673527546,60.0
Jaffna,2024-04-12,2024-05-04,4,validation,train_only,19.0,35.86151412549622,42.0
Jaffna,2024-04-19,2024-05-11,4,validation,train_only,16.0,28.072694741375564,34.0
Jaffna,2024-04-26,2024-05-18,4,validation,train_only,5.0,27.22772012840785,35.0
Jaffna,2024-05-03,2024-05-25,4,validation,train_only,23.0,21.5925017130558,28.0
Jaffna,2024-05-10,2024-06-01,4,validation,train_only,22.0,21.80472526839566,19.0
Jaffna,2024-05-17,2024-06-08,4,validation,train_only,18.0,22.201123479429217,16.0
Jaffna,2024-05-24,2024-06-15,4,validation,train_only,11.0,32.63296384154236,5.0
Jaffna,2024-05-31,2024-06-22,4,validation,train_only,20.0,39.506770155382455,23.0
Jaffna,2024-06-07,2024-06-29,4,validation,train_only,21.0,33.71513624120659,22.0
Jaffna,2024-06-14,2024-07-06,4,validation,train_only,15.0,33.068364527507754,18.0
Jaffna,2024-06-21,2024-07-13,4,validation,train_only,18.0,27.472901913674285,11.0
Jaffna,2024-06-28,2024-07-20,4,validation,train_only,10.0,30.725721991287163,20.0
Jaffna,2024-07-05,2024-07-27,4,validation,train_only,13.0,29.61938048121307,21.0
Jaffna,2024-07-12,2024-08-03,4,validation,train_only,6.0,19.276927064923946,15.0
Jaffna,2024-07-19,2024-08-10,4,validation,train_only,11.0,19.759090376984638,18.0
Jaffna,2024-07-26,2024-08-17,4,validation,train_only,16.0,16.229749255425705,10.0
Jaffna,2024-08-02,2024-08-24,4,validation,train_only,15.0,13.425354643111291,13.0
Jaffna,2024-08-09,2024-08-31,4,validation,train_only,8.0,8.30956432386394,6.0
Jaffna,2024-08-16,2024-09-07,4,validation,train_only,11.0,12.53438844642824,11.0
Jaffna,2024-08-23,2024-09-14,4,validation,train_only,8.0,17.773695097433336,16.0
Jaffna,2024-08-30,2024-09-21,4,validation,train_only,15.0,16.957815511915314,15.0
Jaffna,2024-09-06,2024-09-28,4,validation,train_only,11.0,11.472820289715587,8.0
Jaffna,2024-09-13,2024-10-05,4,validation,train_only,10.0,13.944679607977344,11.0
Jaffna,2024-09-20,2024-10-12,4,validation,train_only,11.0,11.444810321817451,8.0
Jaffna,2024-09-27,2024-10-19,4,validation,train_only,7.0,16.551741321676044,15.0
Jaffna,2024-10-04,2024-10-26,4,validation,train_only,30.0,15.10289770579725,11.0
Jaffna,2024-10-11,2024-11-02,4,validation,train_only,26.0,15.485931542916562,10.0
Jaffna,2024-10-18,2024-11-09,4,validation,train_only,25.0,18.337878031021926,11.0
Jaffna,2024-10-25,2024-11-16,4,validation,train_only,37.0,18.19384600551315,7.0
Jaffna,2024-11-01,2024-11-23,4,validation,train_only,47.0,43.553401252547175,30.0
Jaffna,2024-11-08,2024-11-30,4,validation,train_only,35.0,48.11008841329294,26.0
Jaffna,2024-11-15,2024-12-07,4,validation,train_only,60.0,50.13768893849934,25.0
Jaffna,2024-11-22,2024-12-14,4,validation,train_only,76.0,78.73209377348581,37.0
Jaffna,2024-11-29,2024-12-21,4,validation,train_only,76.0,89.25883143457654,47.0
Jaffna,2024-12-06,2024-12-28,4,validation,train_only,58.0,65.8018548948496,35.0
Kalutara,2023-12-15,2024-01-06,4,validation,train_only,103.0,114.03782290619883,104.0
Kalutara,2023-12-22,2024-01-13,4,validation,train_only,105.0,409.1390459318874,693.0
Kalutara,2023-12-29,2024-01-20,4,validation,train_only,96.0,195.58678376067076,89.0
Kalutara,2024-01-05,2024-01-27,4,validation,train_only,118.0,117.45678785220136,77.0
Kalutara,2024-01-12,2024-02-03,4,validation,train_only,113.0,105.5923334366285,103.0
Kalutara,2024-01-19,2024-02-10,4,validation,train_only,81.0,111.87947992157864,105.0
Kalutara,2024-01-26,2024-02-17,4,validation,train_only,77.0,81.79578423459833,96.0
Kalutara,2024-02-02,2024-02-24,4,validation,train_only,54.0,118.29153876964968,118.0
Kalutara,2024-02-09,2024-03-02,4,validation,train_only,43.0,92.32936923192557,113.0
Kalutara,2024-02-16,2024-03-09,4,validation,train_only,91.0,54.38208108626157,81.0
Kalutara,2024-02-23,2024-03-16,4,validation,train_only,78.0,53.558082906290636,77.0
Kalutara,2024-03-01,2024-03-23,4,validation,train_only,69.0,41.19980891411123,54.0
Kalutara,2024-03-08,2024-03-30,4,validation,train_only,50.0,33.113626700591325,43.0
Kalutara,2024-03-15,2024-04-06,4,validation,train_only,35.0,59.54933205988174,91.0
Kalutara,2024-03-22,2024-04-13,4,validation,train_only,37.0,64.46375313536618,78.0
Kalutara,2024-03-29,2024-04-20,4,validation,train_only,24.0,81.22951746013622,69.0
Kalutara,2024-04-05,2024-04-27,4,validation,train_only,41.0,69.46167256066893,50.0
Kalutara,2024-04-12,2024-05-04,4,validation,train_only,31.0,61.9801183531949,35.0
Kalutara,2024-04-19,2024-05-11,4,validation,train_only,50.0,48.36364147816128,37.0
Kalutara,2024-04-26,2024-05-18,4,validation,train_only,32.0,34.84640843110846,24.0
Kalutara,2024-05-03,2024-05-25,4,validation,train_only,41.0,42.79931999906766,41.0
Kalutara,2024-05-10,2024-06-01,4,validation,train_only,41.0,35.54087994043691,31.0
Kalutara,2024-05-17,2024-06-08,4,validation,train_only,50.0,58.190267997958074,50.0
Kalutara,2024-05-24,2024-06-15,4,validation,train_only,46.0,46.03725986127812,32.0
Kalutara,2024-05-31,2024-06-22,4,validation,train_only,63.0,71.435062877767,41.0
Kalutara,2024-06-07,2024-06-29,4,validation,train_only,60.0,59.7955266875632,41.0
Kalutara,2024-06-14,2024-07-06,4,validation,train_only,68.0,60.10852655117735,50.0
Kalutara,2024-06-21,2024-07-13,4,validation,train_only,55.0,58.10700103329693,46.0
Kalutara,2024-06-28,2024-07-20,4,validation,train_only,65.0,57.70478254025947,63.0
Kalutara,2024-07-05,2024-07-27,4,validation,train_only,27.0,59.13308208541405,60.0
Kalutara,2024-07-12,2024-08-03,4,validation,train_only,50.0,61.529286080753394,68.0
Kalutara,2024-07-19,2024-08-10,4,validation,train_only,48.0,52.455727549084585,55.0
Kalutara,2024-07-26,2024-08-17,4,validation,train_only,43.0,55.44417607018391,65.0
Kalutara,2024-08-02,2024-08-24,4,validation,train_only,57.0,37.42967412825446,27.0
Kalutara,2024-08-09,2024-08-31,4,validation,train_only,39.0,49.53024401161403,50.0
Kalutara,2024-08-16,2024-09-07,4,validation,train_only,23.0,51.737922358354446,48.0
Kalutara,2024-08-23,2024-09-14,4,validation,train_only,34.0,49.149844965561094,43.0
Kalutara,2024-08-30,2024-09-21,4,validation,train_only,48.0,59.66958405530582,57.0
Kalutara,2024-09-06,2024-09-28,4,validation,train_only,44.0,49.34061674371603,39.0
Kalutara,2024-09-13,2024-10-05,4,validation,train_only,44.0,45.58902226677093,23.0
Kalutara,2024-09-20,2024-10-12,4,validation,train_only,36.0,46.49483408851309,34.0
Kalutara,2024-09-27,2024-10-19,4,validation,train_only,31.0,57.98020353457947,48.0
Kalutara,2024-10-04,2024-10-26,4,validation,train_only,40.0,52.851007887515024,44.0
Kalutara,2024-10-11,2024-11-02,4,validation,train_only,36.0,50.16060751941064,44.0
Kalutara,2024-10-18,2024-11-09,4,validation,train_only,23.0,47.254704783394274,36.0
Kalutara,2024-10-25,2024-11-16,4,validation,train_only,30.0,36.501780944756916,31.0
Kalutara,2024-11-01,2024-11-23,4,validation,train_only,34.0,42.21249249776392,40.0
Kalutara,2024-11-08,2024-11-30,4,validation,train_only,28.0,40.20087424269069,36.0
Kalutara,2024-11-15,2024-12-07,4,validation,train_only,32.0,34.0220174288531,23.0
Kalutara,2024-11-22,2024-12-14,4,validation,train_only,49.0,33.130178441586175,30.0
Kalutara,2024-11-29,2024-12-21,4,validation,train_only,34.0,41.20156305477775,34.0
Kalutara,2024-12-06,2024-12-28,4,validation,train_only,65.0,41.4561347551791,28.0
Kandy,2023-12-15,2024-01-06,4,validation,train_only,199.0,345.4863468186723,353.0
Kandy,2023-12-22,2024-01-13,4,validation,train_only,165.0,325.3360854435835,418.0
Kandy,2023-12-29,2024-01-20,4,validation,train_only,186.0,304.7323298343532,330.0
Kandy,2024-01-05,2024-01-27,4,validation,train_only,126.0,226.55948658156248,237.0
Kandy,2024-01-12,2024-02-03,4,validation,train_only,126.0,182.47492342300745,199.0
Kandy,2024-01-19,2024-02-10,4,validation,train_only,86.0,167.77524484879862,165.0
Kandy,2024-01-26,2024-02-17,4,validation,train_only,83.0,160.717845143396,186.0
Kandy,2024-02-02,2024-02-24,4,validation,train_only,58.0,141.57429925330823,126.0
Kandy,2024-02-09,2024-03-02,4,validation,train_only,68.0,142.58426853203434,126.0
Kandy,2024-02-16,2024-03-09,4,validation,train_only,59.0,62.17446868358135,86.0
Kandy,2024-02-23,2024-03-16,4,validation,train_only,42.0,62.24550960562193,83.0
Kandy,2024-03-01,2024-03-23,4,validation,train_only,51.0,52.13450157820122,58.0
Kandy,2024-03-08,2024-03-30,4,validation,train_only,47.0,54.019117645386224,68.0
Kandy,2024-03-15,2024-04-06,4,validation,train_only,44.0,42.505275606893505,59.0
Kandy,2024-03-22,2024-04-13,4,validation,train_only,73.0,33.22138254672335,42.0
Kandy,2024-03-29,2024-04-20,4,validation,train_only,64.0,57.46270226894251,51.0
Kandy,2024-04-05,2024-04-27,4,validation,train_only,66.0,59.64856944467238,47.0
Kandy,2024-04-12,2024-05-04,4,validation,train_only,71.0,51.70446408726218,44.0
Kandy,2024-04-19,2024-05-11,4,validation,train_only,98.0,74.87411259635309,73.0
Kandy,2024-04-26,2024-05-18,4,validation,train_only,62.0,67.96583921865702,64.0
Kandy,2024-05-03,2024-05-25,4,validation,train_only,66.0,63.80892599163462,66.0
Kandy,2024-05-10,2024-06-01,4,validation,train_only,69.0,64.84443002778653,71.0
Kandy,2024-05-17,2024-06-08,4,validation,train_only,70.0,104.19472287230934,98.0
Kandy,2024-05-24,2024-06-15,4,validation,train_only,85.0,95.35133057022287,62.0
Kandy,2024-05-31,2024-06-22,4,validation,train_only,91.0,84.9301060097645,66.0
Kandy,2024-06-07,2024-06-29,4,validation,train_only,110.0,84.99418497774832,69.0
Kandy,2024-06-14,2024-07-06,4,validation,train_only,141.0,72.19130682866455,70.0
Kandy,2024-06-21,2024-07-13,4,validation,train_only,105.0,76.49524412473548,85.0
Kandy,2024-06-28,2024-07-20,4,validation,train_only,120.0,77.4411351046269,91.0
Kandy,2024-07-05,2024-07-27,4,validation,train_only,107.0,87.42594962609462,110.0
Kandy,2024-07-12,2024-08-03,4,validation,train_only,120.0,120.59339638174531,141.0
Kandy,2024-07-19,2024-08-10,4,validation,train_only,114.0,76.61155106982986,105.0
Kandy,2024-07-26,2024-08-17,4,validation,train_only,72.0,107.21749036321371,120.0
Kandy,2024-08-02,2024-08-24,4,validation,train_only,94.0,76.17832381479036,107.0
Kandy,2024-08-09,2024-08-31,4,validation,train_only,73.0,99.68257380157587,120.0
Kandy,2024-08-16,2024-09-07,4,validation,train_only,76.0,94.12579670120385,114.0
Kandy,2024-08-23,2024-09-14,4,validation,train_only,64.0,81.8847813484148,72.0
Kandy,2024-08-30,2024-09-21,4,validation,train_only,75.0,78.85654711775334,94.0
Kandy,2024-09-06,2024-09-28,4,validation,train_only,58.0,74.45102853983616,73.0
Kandy,2024-09-13,2024-10-05,4,validation,train_only,59.0,70.36706170077869,76.0
Kandy,2024-09-20,2024-10-12,4,validation,train_only,68.0,64.47969912812538,64.0
Kandy,2024-09-27,2024-10-19,4,validation,train_only,74.0,73.25062180226571,75.0
Kandy,2024-10-04,2024-10-26,4,validation,train_only,66.0,59.29109547101677,58.0
Kandy,2024-10-11,2024-11-02,4,validation,train_only,70.0,67.52329377740017,59.0
Kandy,2024-10-18,2024-11-09,4,validation,train_only,68.0,67.99709516684656,68.0
Kandy,2024-10-25,2024-11-16,4,validation,train_only,84.0,74.10156862476335,74.0
Kandy,2024-11-01,2024-11-23,4,validation,train_only,63.0,75.37516982218858,66.0
Kandy,2024-11-08,2024-11-30,4,validation,train_only,71.0,68.99216660718135,70.0
Kandy,2024-11-15,2024-12-07,4,validation,train_only,73.0,66.05699701889202,68.0
Kandy,2024-11-22,2024-12-14,4,validation,train_only,57.0,76.163679920735,84.0
Kandy,2024-11-29,2024-12-21,4,validation,train_only,76.0,65.49359995536634,63.0
Kandy,2024-12-06,2024-12-28,4,validation,train_only,66.0,76.32653061575598,71.0
Kegalle,2023-12-15,2024-01-06,4,validation,train_only,104.0,70.62224062147014,63.0
Kegalle,2023-12-22,2024-01-13,4,validation,train_only,77.0,86.83802319253552,90.0
Kegalle,2023-12-29,2024-01-20,4,validation,train_only,91.0,120.93441428835618,119.0
Kegalle,2024-01-05,2024-01-27,4,validation,train_only,73.0,93.26187814970788,112.0
Kegalle,2024-01-12,2024-02-03,4,validation,train_only,89.0,83.71709445502935,104.0
Kegalle,2024-01-19,2024-02-10,4,validation,train_only,48.0,66.40485867530417,77.0
Kegalle,2024-01-26,2024-02-17,4,validation,train_only,71.0,70.73255388092878,91.0
Kegalle,2024-02-02,2024-02-24,4,validation,train_only,43.0,57.49379776833572,73.0
Kegalle,2024-02-09,2024-03-02,4,validation,train_only,34.0,64.60849533873306,89.0
Kegalle,2024-02-16,2024-03-09,4,validation,train_only,44.0,36.250344731219045,48.0
Kegalle,2024-02-23,2024-03-16,4,validation,train_only,35.0,45.25409932337141,71.0
Kegalle,2024-03-01,2024-03-23,4,validation,train_only,30.0,28.32355842689632,43.0
Kegalle,2024-03-08,2024-03-30,4,validation,train_only,25.0,20.81919696465253,34.0
Kegalle,2024-03-15,2024-04-06,4,validation,train_only,25.0,24.623581756597677,44.0
Kegalle,2024-03-22,2024-04-13,4,validation,train_only,23.0,31.46538018683188,35.0
Kegalle,2024-03-29,2024-04-20,4,validation,train_only,42.0,23.385998278496608,30.0
Kegalle,2024-04-05,2024-04-27,4,validation,train_only,36.0,22.10292672626118,25.0
Kegalle,2024-04-12,2024-05-04,4,validation,train_only,56.0,26.775057041055447,25.0
Kegalle,2024-04-19,2024-05-11,4,validation,train_only,48.0,26.55918717390773,23.0
Kegalle,2024-04-26,2024-05-18,4,validation,train_only,28.0,41.88029884865294,42.0
Kegalle,2024-05-03,2024-05-25,4,validation,train_only,49.0,41.36953991529848,36.0
Kegalle,2024-05-10,2024-06-01,4,validation,train_only,31.0,59.76469807164025,56.0
Kegalle,2024-05-17,2024-06-08,4,validation,train_only,36.0,58.98395377163747,48.0
Kegalle,2024-05-24,2024-06-15,4,validation,train_only,24.0,42.92226233301191,28.0
Kegalle,2024-05-31,2024-06-22,4,validation,train_only,40.0,70.15863597068866,49.0
Kegalle,2024-06-07,2024-06-29,4,validation,train_only,38.0,45.80930693047796,31.0
Kegalle,2024-06-14,2024-07-06,4,validation,train_only,35.0,46.806579512402855,36.0
Kegalle,2024-06-21,2024-07-13,4,validation,train_only,35.0,35.716316951262776,24.0
Kegalle,2024-06-28,2024-07-20,4,validation,train_only,19.0,39.86821697960429,40.0
Kegalle,2024-07-05,2024-07-27,4,validation,train_only,39.0,38.96798056744503,38.0
Kegalle,2024-07-12,2024-08-03,4,validation,train_only,20.0,39.04601774470985,35.0
Kegalle,2024-07-19,2024-08-10,4,validation,train_only,37.0,39.51287653628038,35.0
Kegalle,2024-07-26,2024-08-17,4,validation,train_only,77.0,32.7547145640476,19.0
Kegalle,2024-08-02,2024-08-24,4,validation,train_only,23.0,37.199830302036176,39.0
Kegalle,2024-08-09,2024-08-31,4,validation,train_only,38.0,28.991838242765322,20.0
Kegalle,2024-08-16,2024-09-07,4,validation,train_only,37.0,42.211458929131794,37.0
Kegalle,2024-08-23,2024-09-14,4,validation,train_only,26.0,94.25765155029978,77.0
Kegalle,2024-08-30,2024-09-21,4,validation,train_only,25.0,51.104004865869314,23.0
Kegalle,2024-09-06,2024-09-28,4,validation,train_only,15.0,51.484536058970555,38.0
Kegalle,2024-09-13,2024-10-05,4,validation,train_only,13.0,50.004212302757004,37.0
Kegalle,2024-09-20,2024-10-12,4,validation,train_only,20.0,33.02236371753238,26.0
Kegalle,2024-09-27,2024-10-19,4,validation,train_only,24.0,30.844572225506884,25.0
Kegalle,2024-10-04,2024-10-26,4,validation,train_only,8.0,27.902021696661528,15.0
Kegalle,2024-10-11,2024-11-02,4,validation,train_only,21.0,25.233690358494975,13.0
Kegalle,2024-10-18,2024-11-09,4,validation,train_only,16.0,25.078076635293204,20.0
Kegalle,2024-10-25,2024-11-16,4,validation,train_only,26.0,28.090624174162514,24.0
Kegalle,2024-11-01,2024-11-23,4,validation,train_only,23.0,28.346852047368873,8.0
Kegalle,2024-11-08,2024-11-30,4,validation,train_only,21.0,26.78376481552309,21.0
Kegalle,2024-11-15,2024-12-07,4,validation,train_only,14.0,26.02832446730162,16.0
Kegalle,2024-11-22,2024-12-14,4,validation,train_only,17.0,28.30424219290379,26.0
Kegalle,2024-11-29,2024-12-21,4,validation,train_only,44.0,35.0153539203807,23.0
Kegalle,2024-12-06,2024-12-28,4,validation,train_only,64.0,40.118192524915415,21.0
Kilinochchi,2023-12-15,2024-01-06,4,validation,train_only,52.0,16.714116039504173,11.0
Kilinochchi,2023-12-22,2024-01-13,4,validation,train_only,20.0,21.84270077921201,20.0
Kilinochchi,2023-12-29,2024-01-20,4,validation,train_only,41.0,23.342653955973645,17.0
Kilinochchi,2024-01-05,2024-01-27,4,validation,train_only,22.0,32.68881288868759,29.0
Kilinochchi,2024-01-12,2024-02-03,4,validation,train_only,26.0,50.13684839935871,52.0
Kilinochchi,2024-01-19,2024-02-10,4,validation,train_only,22.0,35.86778519060757,20.0
Kilinochchi,2024-01-26,2024-02-17,4,validation,train_only,12.0,39.794001167682744,41.0
Kilinochchi,2024-02-02,2024-02-24,4,validation,train_only,9.0,22.339309159912965,22.0
Kilinochchi,2024-02-09,2024-03-02,4,validation,train_only,8.0,18.993117652140064,26.0
Kilinochchi,2024-02-16,2024-03-09,4,validation,train_only,8.0,16.459039247341728,22.0
Kilinochchi,2024-02-23,2024-03-16,4,validation,train_only,7.0,11.034925876609133,12.0
Kilinochchi,2024-03-01,2024-03-23,4,validation,train_only,2.0,9.34888194785176,9.0
Kilinochchi,2024-03-08,2024-03-30,4,validation,train_only,3.0,7.897562600347099,8.0
Kilinochchi,2024-03-15,2024-04-06,4,validation,train_only,3.0,7.505770439241152,8.0
Kilinochchi,2024-03-22,2024-04-13,4,validation,train_only,4.0,6.696874080682363,7.0
Kilinochchi,2024-03-29,2024-04-20,4,validation,train_only,0.0,4.657957941177253,2.0
Kilinochchi,2024-04-05,2024-04-27,4,validation,train_only,0.0,4.134466692477553,3.0
Kilinochchi,2024-04-12,2024-05-04,4,validation,train_only,0.0,3.6931650767408866,3.0
Kilinochchi,2024-04-19,2024-05-11,4,validation,train_only,1.0,3.741344985513622,4.0
Kilinochchi,2024-04-26,2024-05-18,4,validation,train_only,0.0,2.673182218618367,0.0
Kilinochchi,2024-05-03,2024-05-25,4,validation,train_only,0.0,1.9994096246333604,0.0
Kilinochchi,2024-05-10,2024-06-01,4,validation,train_only,0.0,1.6912460089424608,0.0
Kilinochchi,2024-05-17,2024-06-08,4,validation,train_only,0.0,1.5095838539782918,1.0
Kilinochchi,2024-05-24,2024-06-15,4,validation,train_only,0.0,1.545080661880755,0.0
Kilinochchi,2024-05-31,2024-06-22,4,validation,train_only,0.0,1.6119316030312287,0.0
Kilinochchi,2024-06-07,2024-06-29,4,validation,train_only,0.0,2.0071754352672446,0.0
Kilinochchi,2024-06-14,2024-07-06,4,validation,train_only,0.0,2.5401411210518194,0.0
Kilinochchi,2024-06-21,2024-07-13,4,validation,train_only,2.0,2.0072115010380593,0.0
Kilinochchi,2024-06-28,2024-07-20,4,validation,train_only,1.0,0.8994970853139739,0.0
Kilinochchi,2024-07-05,2024-07-27,4,validation,train_only,1.0,0.7619412492607273,0.0
Kilinochchi,2024-07-12,2024-08-03,4,validation,train_only,6.0,0.767138501504533,0.0
Kilinochchi,2024-07-19,2024-08-10,4,validation,train_only,3.0,1.252253121892297,2.0
Kilinochchi,2024-07-26,2024-08-17,4,validation,train_only,3.0,0.8757275463940934,1.0
Kilinochchi,2024-08-02,2024-08-24,4,validation,train_only,1.0,1.2736625274523106,1.0
Kilinochchi,2024-08-09,2024-08-31,4,validation,train_only,0.0,3.0751247904119254,6.0
Kilinochchi,2024-08-16,2024-09-07,4,validation,train_only,0.0,2.8426004866406855,3.0
Kilinochchi,2024-08-23,2024-09-14,4,validation,train_only,0.0,2.760926053113942,3.0
Kilinochchi,2024-08-30,2024-09-21,4,validation,train_only,2.0,3.108997531336228,1.0
Kilinochchi,2024-09-06,2024-09-28,4,validation,train_only,2.0,2.853503691361192,0.0
Kilinochchi,2024-09-13,2024-10-05,4,validation,train_only,0.0,1.8250297262147084,0.0
Kilinochchi,2024-09-20,2024-10-12,4,validation,train_only,1.0,1.2646538415991733,0.0
Kilinochchi,2024-09-27,2024-10-19,4,validation,train_only,1.0,1.278812437775642,2.0
Kilinochchi,2024-10-04,2024-10-26,4,validation,train_only,3.0,1.3826937987938972,2.0
Kilinochchi,2024-10-11,2024-11-02,4,validation,train_only,5.0,2.0097797170260945,0.0
Kilinochchi,2024-10-18,2024-11-09,4,validation,train_only,3.0,1.9820966793242307,1.0
Kilinochchi,2024-10-25,2024-11-16,4,validation,train_only,0.0,2.5151949453932247,1.0
Kilinochchi,2024-11-01,2024-11-23,4,validation,train_only,1.0,3.430255861765559,3.0
Kilinochchi,2024-11-08,2024-11-30,4,validation,train_only,1.0,5.383257705608682,5.0
Kilinochchi,2024-11-15,2024-12-07,4,validation,train_only,8.0,6.039120520986536,3.0
Kilinochchi,2024-11-22,2024-12-14,4,validation,train_only,6.0,7.217010699093615,0.0
Kilinochchi,2024-11-29,2024-12-21,4,validation,train_only,5.0,6.59756616615773,1.0
Kilinochchi,2024-12-06,2024-12-28,4,validation,train_only,5.0,8.31851381318109,1.0
Kurunegala,2023-12-15,2024-01-06,4,validation,train_only,127.0,193.56714820739103,155.0
Kurunegala,2023-12-22,2024-01-13,4,validation,train_only,62.0,155.24686679189583,172.0
Kurunegala,2023-12-29,2024-01-20,4,validation,train_only,135.0,141.766699502342,164.0
Kurunegala,2024-01-05,2024-01-27,4,validation,train_only,103.0,119.97624398184935,155.0
Kurunegala,2024-01-12,2024-02-03,4,validation,train_only,108.0,103.54625671417854,127.0
Kurunegala,2024-01-19,2024-02-10,4,validation,train_only,26.0,65.86992920456704,62.0
Kurunegala,2024-01-26,2024-02-17,4,validation,train_only,61.0,101.67049406970582,135.0
Kurunegala,2024-02-02,2024-02-24,4,validation,train_only,58.0,70.69937416384492,103.0
Kurunegala,2024-02-09,2024-03-02,4,validation,train_only,67.0,74.08339726951333,108.0
Kurunegala,2024-02-16,2024-03-09,4,validation,train_only,50.0,61.75492601535813,26.0
Kurunegala,2024-02-23,2024-03-16,4,validation,train_only,29.0,38.0763392145147,61.0
Kurunegala,2024-03-01,2024-03-23,4,validation,train_only,19.0,34.473252271232774,58.0
Kurunegala,2024-03-08,2024-03-30,4,validation,train_only,26.0,41.346329954294745,67.0
Kurunegala,2024-03-15,2024-04-06,4,validation,train_only,6.0,31.87243799391187,50.0
Kurunegala,2024-03-22,2024-04-13,4,validation,train_only,21.0,24.311255160366372,29.0
Kurunegala,2024-03-29,2024-04-20,4,validation,train_only,20.0,18.067485895033983,19.0
Kurunegala,2024-04-05,2024-04-27,4,validation,train_only,19.0,20.501880410584917,26.0
Kurunegala,2024-04-12,2024-05-04,4,validation,train_only,34.0,15.981439381048304,6.0
Kurunegala,2024-04-19,2024-05-11,4,validation,train_only,44.0,23.561166015980163,21.0
Kurunegala,2024-04-26,2024-05-18,4,validation,train_only,39.0,22.990655546378353,20.0
Kurunegala,2024-05-03,2024-05-25,4,validation,train_only,39.0,21.079710572336953,19.0
Kurunegala,2024-05-10,2024-06-01,4,validation,train_only,37.0,39.57926786047941,34.0
Kurunegala,2024-05-17,2024-06-08,4,validation,train_only,36.0,55.81540215551897,44.0
Kurunegala,2024-05-24,2024-06-15,4,validation,train_only,21.0,58.815010279399104,39.0
Kurunegala,2024-05-31,2024-06-22,4,validation,train_only,47.0,68.35406234893999,39.0
Kurunegala,2024-06-07,2024-06-29,4,validation,train_only,39.0,51.23377754407811,37.0
Kurunegala,2024-06-14,2024-07-06,4,validation,train_only,32.0,44.22844848314082,36.0
Kurunegala,2024-06-21,2024-07-13,4,validation,train_only,38.0,34.51730638618325,21.0
Kurunegala,2024-06-28,2024-07-20,4,validation,train_only,27.0,45.612209483485096,47.0
Kurunegala,2024-07-05,2024-07-27,4,validation,train_only,61.0,37.978712340082105,39.0
Kurunegala,2024-07-12,2024-08-03,4,validation,train_only,39.0,35.1185373561641,32.0
Kurunegala,2024-07-19,2024-08-10,4,validation,train_only,31.0,38.74889415487052,38.0
Kurunegala,2024-07-26,2024-08-17,4,validation,train_only,20.0,33.509636597428766,27.0
Kurunegala,2024-08-02,2024-08-24,4,validation,train_only,20.0,50.12632170063544,61.0
Kurunegala,2024-08-09,2024-08-31,4,validation,train_only,21.0,42.01307998428221,39.0
Kurunegala,2024-08-16,2024-09-07,4,validation,train_only,26.0,38.71006201599001,31.0
Kurunegala,2024-08-23,2024-09-14,4,validation,train_only,22.0,37.129188648938054,20.0
Kurunegala,2024-08-30,2024-09-21,4,validation,train_only,28.0,40.99847843754186,20.0
Kurunegala,2024-09-06,2024-09-28,4,validation,train_only,17.0,40.34195285023919,21.0
Kurunegala,2024-09-13,2024-10-05,4,validation,train_only,16.0,33.16443275111505,26.0
Kurunegala,2024-09-20,2024-10-12,4,validation,train_only,16.0,28.92011964637644,22.0
Kurunegala,2024-09-27,2024-10-19,4,validation,train_only,21.0,27.00448900562208,28.0
Kurunegala,2024-10-04,2024-10-26,4,validation,train_only,30.0,26.276265245278346,17.0
Kurunegala,2024-10-11,2024-11-02,4,validation,train_only,20.0,24.42031887904698,16.0
Kurunegala,2024-10-18,2024-11-09,4,validation,train_only,14.0,23.90933264089619,16.0
Kurunegala,2024-10-25,2024-11-16,4,validation,train_only,25.0,26.188955891802028,21.0
Kurunegala,2024-11-01,2024-11-23,4,validation,train_only,20.0,30.326997089084763,30.0
Kurunegala,2024-11-08,2024-11-30,4,validation,train_only,17.0,30.115440973443505,20.0
Kurunegala,2024-11-15,2024-12-07,4,validation,train_only,14.0,29.76921895287171,14.0
Kurunegala,2024-11-22,2024-12-14,4,validation,train_only,25.0,29.497507284747527,25.0
Kurunegala,2024-11-29,2024-12-21,4,validation,train_only,26.0,34.10980575448422,20.0
Kurunegala,2024-12-06,2024-12-28,4,validation,train_only,26.0,35.80701310983543,17.0
Mannar,2023-12-15,2024-01-06,4,validation,train_only,35.0,20.69819823859328,14.0
Mannar,2023-12-22,2024-01-13,4,validation,train_only,13.0,18.863003322381,17.0
Mannar,2023-12-29,2024-01-20,4,validation,train_only,10.0,26.265525118886742,25.0
Mannar,2024-01-05,2024-01-27,4,validation,train_only,19.0,46.19887769623902,53.0
Mannar,2024-01-12,2024-02-03,4,validation,train_only,21.0,40.797111277420775,35.0
Mannar,2024-01-19,2024-02-10,4,validation,train_only,2.0,41.57750960631029,13.0
Mannar,2024-01-26,2024-02-17,4,validation,train_only,4.0,28.380952785089733,10.0
Mannar,2024-02-02,2024-02-24,4,validation,train_only,4.0,20.228299309470405,19.0
Mannar,2024-02-09,2024-03-02,4,validation,train_only,4.0,24.40065174801249,21.0
Mannar,2024-02-16,2024-03-09,4,validation,train_only,1.0,11.451618112908484,2.0
Mannar,2024-02-23,2024-03-16,4,validation,train_only,1.0,6.454011431756865,4.0
Mannar,2024-03-01,2024-03-23,4,validation,train_only,2.0,6.125388200686866,4.0
Mannar,2024-03-08,2024-03-30,4,validation,train_only,1.0,4.493642504652376,4.0
Mannar,2024-03-15,2024-04-06,4,validation,train_only,2.0,3.3304323030129095,1.0
Mannar,2024-03-22,2024-04-13,4,validation,train_only,1.0,2.639219997833969,1.0
Mannar,2024-03-29,2024-04-20,4,validation,train_only,9.0,2.036691276040015,2.0
Mannar,2024-04-05,2024-04-27,4,validation,train_only,1.0,1.8327228031841272,1.0
Mannar,2024-04-12,2024-05-04,4,validation,train_only,1.0,1.833699939990708,2.0
Mannar,2024-04-19,2024-05-11,4,validation,train_only,0.0,1.6005205367941182,1.0
Mannar,2024-04-26,2024-05-18,4,validation,train_only,0.0,6.195291372109476,9.0
Mannar,2024-05-03,2024-05-25,4,validation,train_only,2.0,3.88970137755002,1.0
Mannar,2024-05-10,2024-06-01,4,validation,train_only,2.0,3.5400976263161588,1.0
Mannar,2024-05-17,2024-06-08,4,validation,train_only,1.0,2.807183924263772,0.0
Mannar,2024-05-24,2024-06-15,4,validation,train_only,1.0,4.243738692984638,0.0
Mannar,2024-05-31,2024-06-22,4,validation,train_only,3.0,3.3344617442407176,2.0
Mannar,2024-06-07,2024-06-29,4,validation,train_only,2.0,4.014595265779591,2.0
Mannar,2024-06-14,2024-07-06,4,validation,train_only,2.0,4.0884626883669934,1.0
Mannar,2024-06-21,2024-07-13,4,validation,train_only,5.0,3.6902170775754244,1.0
Mannar,2024-06-28,2024-07-20,4,validation,train_only,5.0,6.064818373059537,3.0
Mannar,2024-07-05,2024-07-27,4,validation,train_only,8.0,3.7403261300122486,2.0
Mannar,2024-07-12,2024-08-03,4,validation,train_only,3.0,2.389303080500199,2.0
Mannar,2024-07-19,2024-08-10,4,validation,train_only,10.0,3.1314957643735473,5.0
Mannar,2024-07-26,2024-08-17,4,validation,train_only,10.0,4.018807002128248,5.0
Mannar,2024-08-02,2024-08-24,4,validation,train_only,8.0,5.691443555377396,8.0
Mannar,2024-08-09,2024-08-31,4,validation,train_only,3.0,4.2738910993704815,3.0
Mannar,2024-08-16,2024-09-07,4,validation,train_only,11.0,6.980323687261493,10.0
Mannar,2024-08-23,2024-09-14,4,validation,train_only,14.0,8.911332427323963,10.0
Mannar,2024-08-30,2024-09-21,4,validation,train_only,4.0,8.844169278554817,8.0
Mannar,2024-09-06,2024-09-28,4,validation,train_only,2.0,6.050871584572542,3.0
Mannar,2024-09-13,2024-10-05,4,validation,train_only,2.0,10.428698801583451,11.0
Mannar,2024-09-20,2024-10-12,4,validation,train_only,5.0,11.918020087273067,14.0
Mannar,2024-09-27,2024-10-19,4,validation,train_only,7.0,7.020833307416847,4.0
Mannar,2024-10-04,2024-10-26,4,validation,train_only,5.0,5.614550925966451,2.0
Mannar,2024-10-11,2024-11-02,4,validation,train_only,3.0,5.364076935803328,2.0
Mannar,2024-10-18,2024-11-09,4,validation,train_only,5.0,8.37630558362749,5.0
Mannar,2024-10-25,2024-11-16,4,validation,train_only,6.0,11.370530096412908,7.0
Mannar,2024-11-01,2024-11-23,4,validation,train_only,6.0,11.457865585319855,5.0
Mannar,2024-11-08,2024-11-30,4,validation,train_only,2.0,12.351154310334055,3.0
Mannar,2024-11-15,2024-12-07,4,validation,train_only,2.0,15.181339581694013,5.0
Mannar,2024-11-22,2024-12-14,4,validation,train_only,8.0,12.578241157418095,6.0
Mannar,2024-11-29,2024-12-21,4,validation,train_only,12.0,12.31643426914475,6.0
Mannar,2024-12-06,2024-12-28,4,validation,train_only,11.0,14.916225638868685,2.0
Matale,2023-12-15,2024-01-06,4,validation,train_only,39.0,83.233029165735,74.0
Matale,2023-12-22,2024-01-13,4,validation,train_only,47.0,116.78506491039768,101.0
Matale,2023-12-29,2024-01-20,4,validation,train_only,28.0,74.85033488184187,71.0
Matale,2024-01-05,2024-01-27,4,validation,train_only,22.0,46.064875315411754,40.0
Matale,2024-01-12,2024-02-03,4,validation,train_only,27.0,40.490682640797374,39.0
Matale,2024-01-19,2024-02-10,4,validation,train_only,30.0,42.80149505032409,47.0
Matale,2024-01-26,2024-02-17,4,validation,train_only,18.0,30.32259214364937,28.0
Matale,2024-02-02,2024-02-24,4,validation,train_only,16.0,30.26202276708309,22.0
Matale,2024-02-09,2024-03-02,4,validation,train_only,11.0,27.921942708032304,27.0
Matale,2024-02-16,2024-03-09,4,validation,train_only,8.0,18.593903495292256,30.0
Matale,2024-02-23,2024-03-16,4,validation,train_only,6.0,15.022875701174753,18.0
Matale,2024-03-01,2024-03-23,4,validation,train_only,12.0,14.198696242767237,16.0
Matale,2024-03-08,2024-03-30,4,validation,train_only,3.0,11.04891323032789,11.0
Matale,2024-03-15,2024-04-06,4,validation,train_only,6.0,8.24017676183221,8.0
Matale,2024-03-22,2024-04-13,4,validation,train_only,16.0,6.759907951985159,6.0
Matale,2024-03-29,2024-04-20,4,validation,train_only,7.0,11.162072586070515,12.0
Matale,2024-04-05,2024-04-27,4,validation,train_only,6.0,5.956787981782805,3.0
Matale,2024-04-12,2024-05-04,4,validation,train_only,13.0,6.235420397504469,6.0
Matale,2024-04-19,2024-05-11,4,validation,train_only,9.0,12.949001308836287,16.0
Matale,2024-04-26,2024-05-18,4,validation,train_only,5.0,9.773449316459155,7.0
Matale,2024-05-03,2024-05-25,4,validation,train_only,7.0,8.757103075140428,6.0
Matale,2024-05-10,2024-06-01,4,validation,train_only,8.0,12.403684702251535,13.0
Matale,2024-05-17,2024-06-08,4,validation,train_only,3.0,13.721331974191948,9.0
Matale,2024-05-24,2024-06-15,4,validation,train_only,15.0,13.300402690859729,5.0
Matale,2024-05-31,2024-06-22,4,validation,train_only,13.0,14.996962242481862,7.0
Matale,2024-06-07,2024-06-29,4,validation,train_only,14.0,14.287593080934082,8.0
Matale,2024-06-14,2024-07-06,4,validation,train_only,24.0,13.28109412161395,3.0
Matale,2024-06-21,2024-07-13,4,validation,train_only,18.0,14.193373043214276,15.0
Matale,2024-06-28,2024-07-20,4,validation,train_only,19.0,12.510747667361258,13.0
Matale,2024-07-05,2024-07-27,4,validation,train_only,16.0,13.58586471891344,14.0
Matale,2024-07-12,2024-08-03,4,validation,train_only,14.0,21.97841783606324,24.0
Matale,2024-07-19,2024-08-10,4,validation,train_only,18.0,19.124599268788323,18.0
Matale,2024-07-26,2024-08-17,4,validation,train_only,21.0,21.180154948816465,19.0
Matale,2024-08-02,2024-08-24,4,validation,train_only,8.0,19.658963235392104,16.0
Matale,2024-08-09,2024-08-31,4,validation,train_only,17.0,17.894168860625225,14.0
Matale,2024-08-16,2024-09-07,4,validation,train_only,22.0,19.377978704633037,18.0
Matale,2024-08-23,2024-09-14,4,validation,train_only,16.0,26.348706991873527,21.0
Matale,2024-08-30,2024-09-21,4,validation,train_only,12.0,22.632230016597294,8.0
Matale,2024-09-06,2024-09-28,4,validation,train_only,26.0,20.241502508422524,17.0
Matale,2024-09-13,2024-10-05,4,validation,train_only,32.0,26.713394815052563,22.0
Matale,2024-09-20,2024-10-12,4,validation,train_only,7.0,22.61129941457676,16.0
Matale,2024-09-27,2024-10-19,4,validation,train_only,43.0,19.63117859526343,12.0
Matale,2024-10-04,2024-10-26,4,validation,train_only,35.0,31.535263727309083,26.0
Matale,2024-10-11,2024-11-02,4,validation,train_only,25.0,34.211092309496486,32.0
Matale,2024-10-18,2024-11-09,4,validation,train_only,41.0,27.44275992677284,7.0
Matale,2024-10-25,2024-11-16,4,validation,train_only,41.0,43.595307509616156,43.0
Matale,2024-11-01,2024-11-23,4,validation,train_only,31.0,42.38461804054252,35.0
Matale,2024-11-08,2024-11-30,4,validation,train_only,37.0,33.739684958353514,25.0
Matale,2024-11-15,2024-12-07,4,validation,train_only,38.0,41.037873863906185,41.0
Matale,2024-11-22,2024-12-14,4,validation,train_only,52.0,40.17423016329204,41.0
Matale,2024-11-29,2024-12-21,4,validation,train_only,34.0,39.306604239334,31.0
Matale,2024-12-06,2024-12-28,4,validation,train_only,52.0,53.63725083713071,37.0
Matara,2023-12-15,2024-01-06,4,validation,train_only,35.0,50.9518828669694,38.0
Matara,2023-12-22,2024-01-13,4,validation,train_only,27.0,52.79779372763483,36.0
Matara,2023-12-29,2024-01-20,4,validation,train_only,32.0,41.97879595575676,20.0
Matara,2024-01-05,2024-01-27,4,validation,train_only,29.0,49.94901092714081,46.0
Matara,2024-01-12,2024-02-03,4,validation,train_only,26.0,47.39787617969189,35.0
Matara,2024-01-19,2024-02-10,4,validation,train_only,23.0,37.58961807531781,27.0
Matara,2024-01-26,2024-02-17,4,validation,train_only,29.0,35.464885871165606,32.0
Matara,2024-02-02,2024-02-24,4,validation,train_only,15.0,35.38874171122873,29.0
Matara,2024-02-09,2024-03-02,4,validation,train_only,28.0,30.05882374820916,26.0
Matara,2024-02-16,2024-03-09,4,validation,train_only,23.0,18.76427849796372,23.0
Matara,2024-02-23,2024-03-16,4,validation,train_only,14.0,18.711761197455097,29.0
Matara,2024-03-01,2024-03-23,4,validation,train_only,14.0,13.896846364762483,15.0
Matara,2024-03-08,2024-03-30,4,validation,train_only,17.0,17.35971450746122,28.0
Matara,2024-03-15,2024-04-06,4,validation,train_only,11.0,16.768298059921456,23.0
Matara,2024-03-22,2024-04-13,4,validation,train_only,3.0,12.865523776329557,14.0
Matara,2024-03-29,2024-04-20,4,validation,train_only,10.0,15.663397536594772,14.0
Matara,2024-04-05,2024-04-27,4,validation,train_only,14.0,19.711705219712375,17.0
Matara,2024-04-12,2024-05-04,4,validation,train_only,16.0,16.357715163821027,11.0
Matara,2024-04-19,2024-05-11,4,validation,train_only,13.0,14.612683208659906,3.0
Matara,2024-04-26,2024-05-18,4,validation,train_only,7.0,17.076787704065538,10.0
Matara,2024-05-03,2024-05-25,4,validation,train_only,17.0,16.560408517581163,14.0
Matara,2024-05-10,2024-06-01,4,validation,train_only,16.0,19.56005765591008,16.0
Matara,2024-05-17,2024-06-08,4,validation,train_only,11.0,17.849319453084494,13.0
Matara,2024-05-24,2024-06-15,4,validation,train_only,5.0,16.645850857271387,7.0
Matara,2024-05-31,2024-06-22,4,validation,train_only,13.0,30.411571777966795,17.0
Matara,2024-06-07,2024-06-29,4,validation,train_only,22.0,30.727628704958345,16.0
Matara,2024-06-14,2024-07-06,4,validation,train_only,19.0,26.12811514707006,11.0
Matara,2024-06-21,2024-07-13,4,validation,train_only,27.0,20.547484463487226,5.0
Matara,2024-06-28,2024-07-20,4,validation,train_only,44.0,20.657752534531145,13.0
Matara,2024-07-05,2024-07-27,4,validation,train_only,31.0,27.86617360306651,22.0
Matara,2024-07-12,2024-08-03,4,validation,train_only,29.0,21.25964842937246,19.0
Matara,2024-07-19,2024-08-10,4,validation,train_only,38.0,29.480188935289632,27.0
Matara,2024-07-26,2024-08-17,4,validation,train_only,22.0,44.909149968096386,44.0
Matara,2024-08-02,2024-08-24,4,validation,train_only,13.0,32.60232546875682,31.0
Matara,2024-08-09,2024-08-31,4,validation,train_only,31.0,31.797162715579635,29.0
Matara,2024-08-16,2024-09-07,4,validation,train_only,22.0,42.1463634100137,38.0
Matara,2024-08-23,2024-09-14,4,validation,train_only,28.0,33.45252259020469,22.0
Matara,2024-08-30,2024-09-21,4,validation,train_only,22.0,32.73651102474511,13.0
Matara,2024-09-06,2024-09-28,4,validation,train_only,75.0,34.12926702779597,31.0
Matara,2024-09-13,2024-10-05,4,validation,train_only,46.0,34.31255218970298,22.0
Matara,2024-09-20,2024-10-12,4,validation,train_only,36.0,32.4230833171768,28.0
Matara,2024-09-27,2024-10-19,4,validation,train_only,29.0,29.255552518048965,22.0
Matara,2024-10-04,2024-10-26,4,validation,train_only,18.0,86.56143173941514,75.0
Matara,2024-10-11,2024-11-02,4,validation,train_only,19.0,57.53954089286339,46.0
Matara,2024-10-18,2024-11-09,4,validation,train_only,14.0,46.85734038302475,36.0
Matara,2024-10-25,2024-11-16,4,validation,train_only,20.0,42.3605295165268,29.0
Matara,2024-11-01,2024-11-23,4,validation,train_only,20.0,31.428128539628286,18.0
Matara,2024-11-08,2024-11-30,4,validation,train_only,15.0,30.444689998178124,19.0
Matara,2024-11-15,2024-12-07,4,validation,train_only,11.0,28.18400042186953,14.0
Matara,2024-11-22,2024-12-14,4,validation,train_only,12.0,26.12673957858273,20.0
Matara,2024-11-29,2024-12-21,4,validation,train_only,26.0,25.036880443211054,20.0
Matara,2024-12-06,2024-12-28,4,validation,train_only,28.0,31.213127981598277,15.0
Monaragala,2023-12-15,2024-01-06,4,validation,train_only,29.0,43.64154927613856,30.0
Monaragala,2023-12-22,2024-01-13,4,validation,train_only,87.0,141.94622385970368,172.0
Monaragala,2023-12-29,2024-01-20,4,validation,train_only,48.0,102.04158945345885,29.0
Monaragala,2024-01-05,2024-01-27,4,validation,train_only,36.0,47.775652775289196,42.0
Monaragala,2024-01-12,2024-02-03,4,validation,train_only,21.0,78.2571232019338,29.0
Monaragala,2024-01-19,2024-02-10,4,validation,train_only,15.0,75.7876209369857,87.0
Monaragala,2024-01-26,2024-02-17,4,validation,train_only,27.0,51.226438550926744,48.0
Monaragala,2024-02-02,2024-02-24,4,validation,train_only,25.0,48.05306500880229,36.0
Monaragala,2024-02-09,2024-03-02,4,validation,train_only,17.0,47.13682826645566,21.0
Monaragala,2024-02-16,2024-03-09,4,validation,train_only,19.0,21.29455488586881,15.0
Monaragala,2024-02-23,2024-03-16,4,validation,train_only,12.0,20.715305278989092,27.0
Monaragala,2024-03-01,2024-03-23,4,validation,train_only,10.0,22.564623495747572,25.0
Monaragala,2024-03-08,2024-03-30,4,validation,train_only,8.0,15.099249966675755,17.0
Monaragala,2024-03-15,2024-04-06,4,validation,train_only,12.0,15.963825487184616,19.0
Monaragala,2024-03-22,2024-04-13,4,validation,train_only,10.0,12.798421959008573,12.0
Monaragala,2024-03-29,2024-04-20,4,validation,train_only,15.0,13.918023122026154,10.0
Monaragala,2024-04-05,2024-04-27,4,validation,train_only,7.0,11.748499117207968,8.0
Monaragala,2024-04-12,2024-05-04,4,validation,train_only,12.0,15.562346546948456,12.0
Monaragala,2024-04-19,2024-05-11,4,validation,train_only,14.0,14.078594453325923,10.0
Monaragala,2024-04-26,2024-05-18,4,validation,train_only,5.0,16.276487521255483,15.0
Monaragala,2024-05-03,2024-05-25,4,validation,train_only,15.0,10.144283512154622,7.0
Monaragala,2024-05-10,2024-06-01,4,validation,train_only,20.0,13.748301999314469,12.0
Monaragala,2024-05-17,2024-06-08,4,validation,train_only,14.0,13.76356424782736,14.0
Monaragala,2024-05-24,2024-06-15,4,validation,train_only,16.0,14.286646600429567,5.0
Monaragala,2024-05-31,2024-06-22,4,validation,train_only,13.0,17.142498176101846,15.0
Monaragala,2024-06-07,2024-06-29,4,validation,train_only,11.0,21.550643122873474,20.0
Monaragala,2024-06-14,2024-07-06,4,validation,train_only,15.0,20.240292052864216,14.0
Monaragala,2024-06-21,2024-07-13,4,validation,train_only,12.0,18.76248801977433,16.0
Monaragala,2024-06-28,2024-07-20,4,validation,train_only,15.0,13.61673280084388,13.0
Monaragala,2024-07-05,2024-07-27,4,validation,train_only,12.0,11.326830601772908,11.0
Monaragala,2024-07-12,2024-08-03,4,validation,train_only,12.0,14.205509089655564,15.0
Monaragala,2024-07-19,2024-08-10,4,validation,train_only,13.0,13.265421775832015,12.0
Monaragala,2024-07-26,2024-08-17,4,validation,train_only,15.0,15.198898999629646,15.0
Monaragala,2024-08-02,2024-08-24,4,validation,train_only,18.0,13.024590680386954,12.0
Monaragala,2024-08-09,2024-08-31,4,validation,train_only,17.0,14.027468561419358,12.0
Monaragala,2024-08-16,2024-09-07,4,validation,train_only,4.0,14.458006832567388,13.0
Monaragala,2024-08-23,2024-09-14,4,validation,train_only,19.0,18.675498852201425,15.0
Monaragala,2024-08-30,2024-09-21,4,validation,train_only,21.0,19.259213942932867,18.0
Monaragala,2024-09-06,2024-09-28,4,validation,train_only,30.0,21.45627681807293,17.0
Monaragala,2024-09-13,2024-10-05,4,validation,train_only,34.0,15.241425769730721,4.0
Monaragala,2024-09-20,2024-10-12,4,validation,train_only,40.0,19.288391730819047,19.0
Monaragala,2024-09-27,2024-10-19,4,validation,train_only,28.0,24.614274635196317,21.0
Monaragala,2024-10-04,2024-10-26,4,validation,train_only,26.0,32.25686838995421,30.0
Monaragala,2024-10-11,2024-11-02,4,validation,train_only,19.0,52.05686201214558,34.0
Monaragala,2024-10-18,2024-11-09,4,validation,train_only,15.0,49.511374134651675,40.0
Monaragala,2024-10-25,2024-11-16,4,validation,train_only,45.0,34.08601581450223,28.0
Monaragala,2024-11-01,2024-11-23,4,validation,train_only,20.0,32.7842295608497,26.0
Monaragala,2024-11-08,2024-11-30,4,validation,train_only,13.0,31.709378335906482,19.0
Monaragala,2024-11-15,2024-12-07,4,validation,train_only,22.0,31.4251799436256,15.0
Monaragala,2024-11-22,2024-12-14,4,validation,train_only,13.0,47.18653793766854,45.0
Monaragala,2024-11-29,2024-12-21,4,validation,train_only,13.0,33.03910681825906,20.0
Monaragala,2024-12-06,2024-12-28,4,validation,train_only,25.0,35.203536216953644,13.0
Mullaitivu,2023-12-15,2024-01-06,4,validation,train_only,26.0,7.457867159350211,4.0
Mullaitivu,2023-12-22,2024-01-13,4,validation,train_only,31.0,14.53196382843293,13.0
Mullaitivu,2023-12-29,2024-01-20,4,validation,train_only,23.0,34.460923951900945,24.0
Mullaitivu,2024-01-05,2024-01-27,4,validation,train_only,11.0,34.092134118213586,25.0
Mullaitivu,2024-01-12,2024-02-03,4,validation,train_only,22.0,30.266797439331924,26.0
Mullaitivu,2024-01-19,2024-02-10,4,validation,train_only,8.0,34.46116143213362,31.0
Mullaitivu,2024-01-26,2024-02-17,4,validation,train_only,9.0,26.010803293634943,23.0
Mullaitivu,2024-02-02,2024-02-24,4,validation,train_only,2.0,17.49218293471566,11.0
Mullaitivu,2024-02-09,2024-03-02,4,validation,train_only,5.0,20.76355594467242,22.0
Mullaitivu,2024-02-16,2024-03-09,4,validation,train_only,7.0,11.341352023168128,8.0
Mullaitivu,2024-02-23,2024-03-16,4,validation,train_only,1.0,9.915329602278526,9.0
Mullaitivu,2024-03-01,2024-03-23,4,validation,train_only,1.0,5.846608939471073,2.0
Mullaitivu,2024-03-08,2024-03-30,4,validation,train_only,3.0,6.0807636671869,5.0
Mullaitivu,2024-03-15,2024-04-06,4,validation,train_only,2.0,5.411050466218524,7.0
Mullaitivu,2024-03-22,2024-04-13,4,validation,train_only,2.0,4.904546977111437,1.0
Mullaitivu,2024-03-29,2024-04-20,4,validation,train_only,1.0,2.992857916110021,1.0
Mullaitivu,2024-04-05,2024-04-27,4,validation,train_only,2.0,3.0099814391395947,3.0
Mullaitivu,2024-04-12,2024-05-04,4,validation,train_only,2.0,2.3742208294502687,2.0
Mullaitivu,2024-04-19,2024-05-11,4,validation,train_only,0.0,2.2797300049092497,2.0
Mullaitivu,2024-04-26,2024-05-18,4,validation,train_only,0.0,1.9977471811535903,1.0
Mullaitivu,2024-05-03,2024-05-25,4,validation,train_only,1.0,2.2198999602183265,2.0
Mullaitivu,2024-05-10,2024-06-01,4,validation,train_only,0.0,2.0975690137018566,2.0
Mullaitivu,2024-05-17,2024-06-08,4,validation,train_only,0.0,2.425632115803788,0.0
Mullaitivu,2024-05-24,2024-06-15,4,validation,train_only,1.0,2.4284806503229186,0.0
Mullaitivu,2024-05-31,2024-06-22,4,validation,train_only,1.0,2.4284554121795106,1.0
Mullaitivu,2024-06-07,2024-06-29,4,validation,train_only,1.0,2.127026489653475,0.0
Mullaitivu,2024-06-14,2024-07-06,4,validation,train_only,3.0,2.0068071901375615,0.0
Mullaitivu,2024-06-21,2024-07-13,4,validation,train_only,0.0,1.2669344070429125,1.0
Mullaitivu,2024-06-28,2024-07-20,4,validation,train_only,1.0,0.8217588800666719,1.0
Mullaitivu,2024-07-05,2024-07-27,4,validation,train_only,1.0,0.9323507208436251,1.0
Mullaitivu,2024-07-12,2024-08-03,4,validation,train_only,1.0,2.3745446814751303,3.0
Mullaitivu,2024-07-19,2024-08-10,4,validation,train_only,1.0,1.6509486499876993,0.0
Mullaitivu,2024-07-26,2024-08-17,4,validation,train_only,0.0,1.4527551287009874,1.0
Mullaitivu,2024-08-02,2024-08-24,4,validation,train_only,2.0,1.3144514721498357,1.0
Mullaitivu,2024-08-09,2024-08-31,4,validation,train_only,2.0,1.3726032069009644,1.0
Mullaitivu,2024-08-16,2024-09-07,4,validation,train_only,2.0,1.2495921819583395,1.0
Mullaitivu,2024-08-23,2024-09-14,4,validation,train_only,4.0,1.396414573560635,0.0
Mullaitivu,2024-08-30,2024-09-21,4,validation,train_only,1.0,1.7266517070810956,2.0
Mullaitivu,2024-09-06,2024-09-28,4,validation,train_only,1.0,1.9117292688463643,2.0
Mullaitivu,2024-09-13,2024-10-05,4,validation,train_only,1.0,2.0733101955752113,2.0
Mullaitivu,2024-09-20,2024-10-12,4,validation,train_only,0.0,2.7307488471204175,4.0
Mullaitivu,2024-09-27,2024-10-19,4,validation,train_only,1.0,2.2371341122272863,1.0
Mullaitivu,2024-10-04,2024-10-26,4,validation,train_only,1.0,2.2364895531355855,1.0
Mullaitivu,2024-10-11,2024-11-02,4,validation,train_only,3.0,2.482706516592415,1.0
Mullaitivu,2024-10-18,2024-11-09,4,validation,train_only,1.0,2.839515178683846,0.0
Mullaitivu,2024-10-25,2024-11-16,4,validation,train_only,3.0,2.1028476820064173,1.0
Mullaitivu,2024-11-01,2024-11-23,4,validation,train_only,3.0,2.4694865854341597,1.0
Mullaitivu,2024-11-08,2024-11-30,4,validation,train_only,0.0,3.6566557484169575,3.0
Mullaitivu,2024-11-15,2024-12-07,4,validation,train_only,5.0,3.81340610554079,1.0
Mullaitivu,2024-11-22,2024-12-14,4,validation,train_only,2.0,5.573470031862139,3.0
Mullaitivu,2024-11-29,2024-12-21,4,validation,train_only,4.0,7.332336014789106,3.0
Mullaitivu,2024-12-06,2024-12-28,4,validation,train_only,3.0,8.554696596972926,0.0
Nuwara Eliya,2023-12-15,2024-01-06,4,validation,train_only,28.0,40.12730135389406,25.0
Nuwara Eliya,2023-12-22,2024-01-13,4,validation,train_only,22.0,66.9898477644436,36.0
Nuwara Eliya,2023-12-29,2024-01-20,4,validation,train_only,18.0,34.6572348270272,13.0
Nuwara Eliya,2024-01-05,2024-01-27,4,validation,train_only,13.0,33.66367679483312,19.0
Nuwara Eliya,2024-01-12,2024-02-03,4,validation,train_only,18.0,37.43540567809677,28.0
Nuwara Eliya,2024-01-19,2024-02-10,4,validation,train_only,9.0,31.885441474567724,22.0
Nuwara Eliya,2024-01-26,2024-02-17,4,validation,train_only,9.0,28.07690703323565,18.0
Nuwara Eliya,2024-02-02,2024-02-24,4,validation,train_only,6.0,27.71974819016955,13.0
Nuwara Eliya,2024-02-09,2024-03-02,4,validation,train_only,10.0,23.106707408024636,18.0
Nuwara Eliya,2024-02-16,2024-03-09,4,validation,train_only,4.0,13.41641162543012,9.0
Nuwara Eliya,2024-02-23,2024-03-16,4,validation,train_only,6.0,11.600173784443822,9.0
Nuwara Eliya,2024-03-01,2024-03-23,4,validation,train_only,7.0,8.56261455852884,6.0
Nuwara Eliya,2024-03-08,2024-03-30,4,validation,train_only,3.0,8.944006782613958,10.0
Nuwara Eliya,2024-03-15,2024-04-06,4,validation,train_only,1.0,5.264152357424352,4.0
Nuwara Eliya,2024-03-22,2024-04-13,4,validation,train_only,7.0,5.215310072838404,6.0
Nuwara Eliya,2024-03-29,2024-04-20,4,validation,train_only,3.0,5.455738145694799,7.0
Nuwara Eliya,2024-04-05,2024-04-27,4,validation,train_only,3.0,5.259747381175154,3.0
Nuwara Eliya,2024-04-12,2024-05-04,4,validation,train_only,4.0,4.457595633817535,1.0
Nuwara Eliya,2024-04-19,2024-05-11,4,validation,train_only,2.0,5.583418067767905,7.0
Nuwara Eliya,2024-04-26,2024-05-18,4,validation,train_only,1.0,4.851135645113783,3.0
Nuwara Eliya,2024-05-03,2024-05-25,4,validation,train_only,2.0,4.098118201381304,3.0
Nuwara Eliya,2024-05-10,2024-06-01,4,validation,train_only,5.0,4.314940746153569,4.0
Nuwara Eliya,2024-05-17,2024-06-08,4,validation,train_only,4.0,5.1023302908867345,2.0
Nuwara Eliya,2024-05-24,2024-06-15,4,validation,train_only,2.0,5.018023767311244,1.0
Nuwara Eliya,2024-05-31,2024-06-22,4,validation,train_only,10.0,5.691525278447731,2.0
Nuwara Eliya,2024-06-07,2024-06-29,4,validation,train_only,7.0,8.959453757719858,5.0
Nuwara Eliya,2024-06-14,2024-07-06,4,validation,train_only,10.0,7.672307478504651,4.0
Nuwara Eliya,2024-06-21,2024-07-13,4,validation,train_only,6.0,6.026983234564593,2.0
Nuwara Eliya,2024-06-28,2024-07-20,4,validation,train_only,5.0,8.757583299827068,10.0
Nuwara Eliya,2024-07-05,2024-07-27,4,validation,train_only,9.0,8.2861320016813,7.0
Nuwara Eliya,2024-07-12,2024-08-03,4,validation,train_only,5.0,8.97653781702034,10.0
Nuwara Eliya,2024-07-19,2024-08-10,4,validation,train_only,10.0,8.229090374769681,6.0
Nuwara Eliya,2024-07-26,2024-08-17,4,validation,train_only,7.0,8.359277110966334,5.0
Nuwara Eliya,2024-08-02,2024-08-24,4,validation,train_only,4.0,7.985142662164241,9.0
Nuwara Eliya,2024-08-09,2024-08-31,4,validation,train_only,1.0,7.588053273310087,5.0
Nuwara Eliya,2024-08-16,2024-09-07,4,validation,train_only,5.0,9.485753164227464,10.0
Nuwara Eliya,2024-08-23,2024-09-14,4,validation,train_only,6.0,9.47259961488958,7.0
Nuwara Eliya,2024-08-30,2024-09-21,4,validation,train_only,8.0,9.273085071069163,4.0
Nuwara Eliya,2024-09-06,2024-09-28,4,validation,train_only,7.0,7.6603316141946305,1.0
Nuwara Eliya,2024-09-13,2024-10-05,4,validation,train_only,4.0,8.188506814162258,5.0
Nuwara Eliya,2024-09-20,2024-10-12,4,validation,train_only,5.0,7.077108860637584,6.0
Nuwara Eliya,2024-09-27,2024-10-19,4,validation,train_only,4.0,7.152656879287647,8.0
Nuwara Eliya,2024-10-04,2024-10-26,4,validation,train_only,6.0,8.97847530131706,7.0
Nuwara Eliya,2024-10-11,2024-11-02,4,validation,train_only,5.0,7.542229794401939,4.0
Nuwara Eliya,2024-10-18,2024-11-09,4,validation,train_only,0.0,7.808655972237845,5.0
Nuwara Eliya,2024-10-25,2024-11-16,4,validation,train_only,4.0,7.750199230298969,4.0
Nuwara Eliya,2024-11-01,2024-11-23,4,validation,train_only,3.0,9.073210397215227,6.0
Nuwara Eliya,2024-11-08,2024-11-30,4,validation,train_only,2.0,9.278801251759646,5.0
Nuwara Eliya,2024-11-15,2024-12-07,4,validation,train_only,1.0,8.057190981118964,0.0
Nuwara Eliya,2024-11-22,2024-12-14,4,validation,train_only,3.0,6.977215485167406,4.0
Nuwara Eliya,2024-11-29,2024-12-21,4,validation,train_only,10.0,6.54297198626784,3.0
Nuwara Eliya,2024-12-06,2024-12-28,4,validation,train_only,5.0,6.214781105542529,2.0
Polonnaruwa,2023-12-15,2024-01-06,4,validation,train_only,12.0,22.745141898818236,16.0
Polonnaruwa,2023-12-22,2024-01-13,4,validation,train_only,42.0,40.756486795705804,33.0
Polonnaruwa,2023-12-29,2024-01-20,4,validation,train_only,12.0,29.831019179105684,8.0
Polonnaruwa,2024-01-05,2024-01-27,4,validation,train_only,10.0,34.110290513978825,21.0
Polonnaruwa,2024-01-12,2024-02-03,4,validation,train_only,19.0,26.275879120567517,12.0
Polonnaruwa,2024-01-19,2024-02-10,4,validation,train_only,41.0,42.08657714431213,42.0
Polonnaruwa,2024-01-26,2024-02-17,4,validation,train_only,17.0,29.351736510112048,12.0
Polonnaruwa,2024-02-02,2024-02-24,4,validation,train_only,7.0,34.0615111302781,10.0
Polonnaruwa,2024-02-09,2024-03-02,4,validation,train_only,11.0,23.156504848726264,19.0
Polonnaruwa,2024-02-16,2024-03-09,4,validation,train_only,10.0,31.34330302386221,41.0
Polonnaruwa,2024-02-23,2024-03-16,4,validation,train_only,15.0,20.892276507575072,17.0
Polonnaruwa,2024-03-01,2024-03-23,4,validation,train_only,7.0,18.015132933257245,7.0
Polonnaruwa,2024-03-08,2024-03-30,4,validation,train_only,7.0,11.119285600998838,11.0
Polonnaruwa,2024-03-15,2024-04-06,4,validation,train_only,4.0,11.235335655230637,10.0
Polonnaruwa,2024-03-22,2024-04-13,4,validation,train_only,3.0,11.800367707312361,15.0
Polonnaruwa,2024-03-29,2024-04-20,4,validation,train_only,5.0,9.438015860577064,7.0
Polonnaruwa,2024-04-05,2024-04-27,4,validation,train_only,7.0,7.720932665447772,7.0
Polonnaruwa,2024-04-12,2024-05-04,4,validation,train_only,6.0,5.7482680030765945,4.0
Polonnaruwa,2024-04-19,2024-05-11,4,validation,train_only,3.0,4.937736123806775,3.0
Polonnaruwa,2024-04-26,2024-05-18,4,validation,train_only,6.0,5.067408390468206,5.0
Polonnaruwa,2024-05-03,2024-05-25,4,validation,train_only,2.0,5.598109378021204,7.0
Polonnaruwa,2024-05-10,2024-06-01,4,validation,train_only,2.0,5.63575406394597,6.0
Polonnaruwa,2024-05-17,2024-06-08,4,validation,train_only,6.0,7.309022518046745,3.0
Polonnaruwa,2024-05-24,2024-06-15,4,validation,train_only,5.0,11.569084627396188,6.0
Polonnaruwa,2024-05-31,2024-06-22,4,validation,train_only,13.0,12.37088659002383,2.0
Polonnaruwa,2024-06-07,2024-06-29,4,validation,train_only,3.0,10.449479307736658,2.0
Polonnaruwa,2024-06-14,2024-07-06,4,validation,train_only,7.0,11.915236835817327,6.0
Polonnaruwa,2024-06-21,2024-07-13,4,validation,train_only,14.0,5.503869148414516,5.0
Polonnaruwa,2024-06-28,2024-07-20,4,validation,train_only,6.0,9.35008789971211,13.0
Polonnaruwa,2024-07-05,2024-07-27,4,validation,train_only,11.0,5.061702316266269,3.0
Polonnaruwa,2024-07-12,2024-08-03,4,validation,train_only,4.0,6.384591021564361,7.0
Polonnaruwa,2024-07-19,2024-08-10,4,validation,train_only,8.0,9.359070363774798,14.0
Polonnaruwa,2024-07-26,2024-08-17,4,validation,train_only,10.0,6.363426425459221,6.0
Polonnaruwa,2024-08-02,2024-08-24,4,validation,train_only,7.0,9.008213041776713,11.0
Polonnaruwa,2024-08-09,2024-08-31,4,validation,train_only,3.0,5.388567602119746,4.0
Polonnaruwa,2024-08-16,2024-09-07,4,validation,train_only,5.0,7.0097632605666895,8.0
Polonnaruwa,2024-08-23,2024-09-14,4,validation,train_only,5.0,7.881706680452903,10.0
Polonnaruwa,2024-08-30,2024-09-21,4,validation,train_only,8.0,7.340328445560202,7.0
Polonnaruwa,2024-09-06,2024-09-28,4,validation,train_only,8.0,5.359094294611291,3.0
Polonnaruwa,2024-09-13,2024-10-05,4,validation,train_only,10.0,5.250733643887241,5.0
Polonnaruwa,2024-09-20,2024-10-12,4,validation,train_only,1.0,4.805238072098455,5.0
Polonnaruwa,2024-09-27,2024-10-19,4,validation,train_only,6.0,6.258643976564897,8.0
Polonnaruwa,2024-10-04,2024-10-26,4,validation,train_only,3.0,6.954694086100629,8.0
Polonnaruwa,2024-10-11,2024-11-02,4,validation,train_only,8.0,10.736153217260956,10.0
Polonnaruwa,2024-10-18,2024-11-09,4,validation,train_only,7.0,7.495067632140394,1.0
Polonnaruwa,2024-10-25,2024-11-16,4,validation,train_only,6.0,7.1809097590254565,6.0
Polonnaruwa,2024-11-01,2024-11-23,4,validation,train_only,17.0,9.239429583342885,3.0
Polonnaruwa,2024-11-08,2024-11-30,4,validation,train_only,6.0,13.780699690831865,8.0
Polonnaruwa,2024-11-15,2024-12-07,4,validation,train_only,5.0,13.525910391849136,7.0
Polonnaruwa,2024-11-22,2024-12-14,4,validation,train_only,3.0,13.303405495568715,6.0
Polonnaruwa,2024-11-29,2024-12-21,4,validation,train_only,6.0,23.91908548001823,17.0
Polonnaruwa,2024-12-06,2024-12-28,4,validation,train_only,14.0,15.275510113357454,6.0
Puttalam,2023-12-15,2024-01-06,4,validation,train_only,92.0,116.1172419614103,107.0
Puttalam,2023-12-22,2024-01-13,4,validation,train_only,127.0,94.33072909272411,96.0
Puttalam,2023-12-29,2024-01-20,4,validation,train_only,76.0,64.74779481728561,63.0
Puttalam,2024-01-05,2024-01-27,4,validation,train_only,52.0,76.26996153220433,90.0
Puttalam,2024-01-12,2024-02-03,4,validation,train_only,34.0,74.07398825882274,92.0
Puttalam,2024-01-19,2024-02-10,4,validation,train_only,102.0,116.68982958272706,127.0
Puttalam,2024-01-26,2024-02-17,4,validation,train_only,29.0,72.97407262472457,76.0
Puttalam,2024-02-02,2024-02-24,4,validation,train_only,21.0,55.47074293763136,52.0
Puttalam,2024-02-09,2024-03-02,4,validation,train_only,14.0,51.399841708295995,34.0
Puttalam,2024-02-16,2024-03-09,4,validation,train_only,9.0,71.4916264759399,102.0
Puttalam,2024-02-23,2024-03-16,4,validation,train_only,12.0,38.18694638784896,29.0
Puttalam,2024-03-01,2024-03-23,4,validation,train_only,9.0,19.909366266520507,21.0
Puttalam,2024-03-08,2024-03-30,4,validation,train_only,18.0,17.486179024581713,14.0
Puttalam,2024-03-15,2024-04-06,4,validation,train_only,8.0,17.62821142007443,9.0
Puttalam,2024-03-22,2024-04-13,4,validation,train_only,19.0,10.320150158110577,12.0
Puttalam,2024-03-29,2024-04-20,4,validation,train_only,7.0,9.551306807243241,9.0
Puttalam,2024-04-05,2024-04-27,4,validation,train_only,7.0,14.667602550949665,18.0
Puttalam,2024-04-12,2024-05-04,4,validation,train_only,7.0,11.796817839833269,8.0
Puttalam,2024-04-19,2024-05-11,4,validation,train_only,13.0,17.78136710281928,19.0
Puttalam,2024-04-26,2024-05-18,4,validation,train_only,11.0,11.753105708073958,7.0
Puttalam,2024-05-03,2024-05-25,4,validation,train_only,11.0,9.547062349101331,7.0
Puttalam,2024-05-10,2024-06-01,4,validation,train_only,7.0,10.936530485915991,7.0
Puttalam,2024-05-17,2024-06-08,4,validation,train_only,10.0,15.527709392250209,13.0
Puttalam,2024-05-24,2024-06-15,4,validation,train_only,9.0,17.519926959250686,11.0
Puttalam,2024-05-31,2024-06-22,4,validation,train_only,27.0,21.42481882769997,11.0
Puttalam,2024-06-07,2024-06-29,4,validation,train_only,21.0,20.667597462024155,7.0
Puttalam,2024-06-14,2024-07-06,4,validation,train_only,13.0,24.201603779865525,10.0
Puttalam,2024-06-21,2024-07-13,4,validation,train_only,28.0,16.735851272085256,9.0
Puttalam,2024-06-28,2024-07-20,4,validation,train_only,24.0,28.071756976730875,27.0
Puttalam,2024-07-05,2024-07-27,4,validation,train_only,19.0,25.23033864356344,21.0
Puttalam,2024-07-12,2024-08-03,4,validation,train_only,24.0,19.513870797133496,13.0
Puttalam,2024-07-19,2024-08-10,4,validation,train_only,16.0,25.285028545563787,28.0
Puttalam,2024-07-26,2024-08-17,4,validation,train_only,9.0,26.78218289302226,24.0
Puttalam,2024-08-02,2024-08-24,4,validation,train_only,17.0,23.21162178887106,19.0
Puttalam,2024-08-09,2024-08-31,4,validation,train_only,11.0,25.665496009421634,24.0
Puttalam,2024-08-16,2024-09-07,4,validation,train_only,11.0,21.96104745616457,16.0
Puttalam,2024-08-23,2024-09-14,4,validation,train_only,16.0,20.499972600458143,9.0
Puttalam,2024-08-30,2024-09-21,4,validation,train_only,16.0,22.798857264914545,17.0
Puttalam,2024-09-06,2024-09-28,4,validation,train_only,23.0,24.982993656632356,11.0
Puttalam,2024-09-13,2024-10-05,4,validation,train_only,11.0,20.02408780664288,11.0
Puttalam,2024-09-20,2024-10-12,4,validation,train_only,28.0,19.01221655420908,16.0
Puttalam,2024-09-27,2024-10-19,4,validation,train_only,15.0,21.61754299217512,16.0
Puttalam,2024-10-04,2024-10-26,4,validation,train_only,21.0,31.394230139680943,23.0
Puttalam,2024-10-11,2024-11-02,4,validation,train_only,28.0,21.741419208202977,11.0
Puttalam,2024-10-18,2024-11-09,4,validation,train_only,19.0,26.96543021744342,28.0
Puttalam,2024-10-25,2024-11-16,4,validation,train_only,30.0,26.6699560993731,15.0
Puttalam,2024-11-01,2024-11-23,4,validation,train_only,23.0,29.106719420355052,21.0
Puttalam,2024-11-08,2024-11-30,4,validation,train_only,28.0,32.564753997060194,28.0
Puttalam,2024-11-15,2024-12-07,4,validation,train_only,31.0,31.953616189230992,19.0
Puttalam,2024-11-22,2024-12-14,4,validation,train_only,39.0,33.585727136643946,30.0
Puttalam,2024-11-29,2024-12-21,4,validation,train_only,23.0,33.431374997676336,23.0
Puttalam,2024-12-06,2024-12-28,4,validation,train_only,30.0,43.1999612856444,28.0
Ratnapura,2023-12-15,2024-01-06,4,validation,train_only,77.0,300.08955413806257,106.0
Ratnapura,2023-12-22,2024-01-13,4,validation,train_only,43.0,172.34566969928485,44.0
Ratnapura,2023-12-29,2024-01-20,4,validation,train_only,67.0,98.681260430088,54.0
Ratnapura,2024-01-05,2024-01-27,4,validation,train_only,72.0,132.88281602399564,76.0
Ratnapura,2024-01-12,2024-02-03,4,validation,train_only,82.0,169.0695712668558,77.0
Ratnapura,2024-01-19,2024-02-10,4,validation,train_only,14.0,66.08399263308546,43.0
Ratnapura,2024-01-26,2024-02-17,4,validation,train_only,57.0,61.664772514001136,67.0
Ratnapura,2024-02-02,2024-02-24,4,validation,train_only,57.0,77.26856060178923,72.0
Ratnapura,2024-02-09,2024-03-02,4,validation,train_only,38.0,70.33616973976554,82.0
Ratnapura,2024-02-16,2024-03-09,4,validation,train_only,56.0,45.428809526556336,14.0
Ratnapura,2024-02-23,2024-03-16,4,validation,train_only,48.0,55.40520354083785,57.0
Ratnapura,2024-03-01,2024-03-23,4,validation,train_only,53.0,54.52333692369661,57.0
Ratnapura,2024-03-08,2024-03-30,4,validation,train_only,49.0,43.30892332295229,38.0
Ratnapura,2024-03-15,2024-04-06,4,validation,train_only,39.0,55.350990188413284,56.0
Ratnapura,2024-03-22,2024-04-13,4,validation,train_only,44.0,52.70258398615912,48.0
Ratnapura,2024-03-29,2024-04-20,4,validation,train_only,67.0,62.42192859284758,53.0
Ratnapura,2024-04-05,2024-04-27,4,validation,train_only,74.0,64.4068531029441,49.0
Ratnapura,2024-04-12,2024-05-04,4,validation,train_only,88.0,53.310677015242305,39.0
Ratnapura,2024-04-19,2024-05-11,4,validation,train_only,72.0,66.71972220082476,44.0
Ratnapura,2024-04-26,2024-05-18,4,validation,train_only,76.0,65.29547554400521,67.0
Ratnapura,2024-05-03,2024-05-25,4,validation,train_only,84.0,85.88693808446509,74.0
Ratnapura,2024-05-10,2024-06-01,4,validation,train_only,60.0,102.39632174493902,88.0
Ratnapura,2024-05-17,2024-06-08,4,validation,train_only,47.0,84.02897153831096,72.0
Ratnapura,2024-05-24,2024-06-15,4,validation,train_only,57.0,91.90531798998607,76.0
Ratnapura,2024-05-31,2024-06-22,4,validation,train_only,58.0,378.1934285325705,84.0
Ratnapura,2024-06-07,2024-06-29,4,validation,train_only,52.0,296.8478305231145,60.0
Ratnapura,2024-06-14,2024-07-06,4,validation,train_only,51.0,149.82496791614852,47.0
Ratnapura,2024-06-21,2024-07-13,4,validation,train_only,81.0,194.42370962657574,57.0
Ratnapura,2024-06-28,2024-07-20,4,validation,train_only,76.0,192.7957338171856,58.0
Ratnapura,2024-07-05,2024-07-27,4,validation,train_only,72.0,73.01129142040521,52.0
Ratnapura,2024-07-12,2024-08-03,4,validation,train_only,51.0,52.01508963808458,51.0
Ratnapura,2024-07-19,2024-08-10,4,validation,train_only,38.0,65.8793197877639,81.0
Ratnapura,2024-07-26,2024-08-17,4,validation,train_only,25.0,72.67573964975317,76.0
Ratnapura,2024-08-02,2024-08-24,4,validation,train_only,48.0,68.67019381632151,72.0
Ratnapura,2024-08-09,2024-08-31,4,validation,train_only,51.0,49.361551227924274,51.0
Ratnapura,2024-08-16,2024-09-07,4,validation,train_only,18.0,47.057947211583134,38.0
Ratnapura,2024-08-23,2024-09-14,4,validation,train_only,32.0,46.98593090206603,25.0
Ratnapura,2024-08-30,2024-09-21,4,validation,train_only,40.0,55.91514036876684,48.0
Ratnapura,2024-09-06,2024-09-28,4,validation,train_only,31.0,58.22233907254624,51.0
Ratnapura,2024-09-13,2024-10-05,4,validation,train_only,45.0,51.20059421300892,18.0
Ratnapura,2024-09-20,2024-10-12,4,validation,train_only,42.0,46.011473434200475,32.0
Ratnapura,2024-09-27,2024-10-19,4,validation,train_only,54.0,52.35951507262654,40.0
Ratnapura,2024-10-04,2024-10-26,4,validation,train_only,61.0,40.067282616025565,31.0
Ratnapura,2024-10-11,2024-11-02,4,validation,train_only,48.0,53.692964282627955,45.0
Ratnapura,2024-10-18,2024-11-09,4,validation,train_only,41.0,44.0161614026657,42.0
Ratnapura,2024-10-25,2024-11-16,4,validation,train_only,54.0,53.65472914952161,54.0
Ratnapura,2024-11-01,2024-11-23,4,validation,train_only,53.0,59.15647631298241,61.0
Ratnapura,2024-11-08,2024-11-30,4,validation,train_only,38.0,54.90239217562663,48.0
Ratnapura,2024-11-15,2024-12-07,4,validation,train_only,44.0,50.293639159022206,41.0
Ratnapura,2024-11-22,2024-12-14,4,validation,train_only,20.0,59.06567448411897,54.0
Ratnapura,2024-11-29,2024-12-21,4,validation,train_only,47.0,67.40760821378939,53.0
Ratnapura,2024-12-06,2024-12-28,4,validation,train_only,30.0,62.1187965393212,38.0
Trincomalee,2023-12-15,2024-01-06,4,validation,train_only,50.0,31.540471493827663,21.0
Trincomalee,2023-12-22,2024-01-13,4,validation,train_only,33.0,33.52079210086173,28.0
Trincomalee,2023-12-29,2024-01-20,4,validation,train_only,42.0,33.48802312171435,23.0
Trincomalee,2024-01-05,2024-01-27,4,validation,train_only,29.0,46.537559963437616,42.0
Trincomalee,2024-01-12,2024-02-03,4,validation,train_only,31.0,68.11287565616662,50.0
Trincomalee,2024-01-19,2024-02-10,4,validation,train_only,33.0,43.55614852680416,33.0
Trincomalee,2024-01-26,2024-02-17,4,validation,train_only,26.0,43.93052030834772,42.0
Trincomalee,2024-02-02,2024-02-24,4,validation,train_only,26.0,34.03864218441012,29.0
Trincomalee,2024-02-09,2024-03-02,4,validation,train_only,13.0,35.103955352713314,31.0
Trincomalee,2024-02-16,2024-03-09,4,validation,train_only,23.0,32.18756882172923,33.0
Trincomalee,2024-02-23,2024-03-16,4,validation,train_only,21.0,22.31618273063208,26.0
Trincomalee,2024-03-01,2024-03-23,4,validation,train_only,12.0,21.18312441567776,26.0
Trincomalee,2024-03-08,2024-03-30,4,validation,train_only,7.0,12.428254880051458,13.0
Trincomalee,2024-03-15,2024-04-06,4,validation,train_only,9.0,16.682144419958025,23.0
Trincomalee,2024-03-22,2024-04-13,4,validation,train_only,17.0,15.761274213295685,21.0
Trincomalee,2024-03-29,2024-04-20,4,validation,train_only,9.0,15.16354844907729,12.0
Trincomalee,2024-04-05,2024-04-27,4,validation,train_only,19.0,10.41795860447203,7.0
Trincomalee,2024-04-12,2024-05-04,4,validation,train_only,18.0,9.987532961356493,9.0
Trincomalee,2024-04-19,2024-05-11,4,validation,train_only,12.0,14.297487341688678,17.0
Trincomalee,2024-04-26,2024-05-18,4,validation,train_only,6.0,11.459400730390362,9.0
Trincomalee,2024-05-03,2024-05-25,4,validation,train_only,7.0,14.916326620434841,19.0
Trincomalee,2024-05-10,2024-06-01,4,validation,train_only,10.0,16.340657325051005,18.0
Trincomalee,2024-05-17,2024-06-08,4,validation,train_only,7.0,15.481784967125355,12.0
Trincomalee,2024-05-24,2024-06-15,4,validation,train_only,12.0,13.77995608195387,6.0
Trincomalee,2024-05-31,2024-06-22,4,validation,train_only,10.0,15.738070655642256,7.0
Trincomalee,2024-06-07,2024-06-29,4,validation,train_only,11.0,16.977867456769452,10.0
Trincomalee,2024-06-14,2024-07-06,4,validation,train_only,7.0,12.726271511580872,7.0
Trincomalee,2024-06-21,2024-07-13,4,validation,train_only,14.0,11.364933978214713,12.0
Trincomalee,2024-06-28,2024-07-20,4,validation,train_only,8.0,9.100368939106442,10.0
Trincomalee,2024-07-05,2024-07-27,4,validation,train_only,12.0,9.587691244442091,11.0
Trincomalee,2024-07-12,2024-08-03,4,validation,train_only,12.0,7.238798546521349,7.0
Trincomalee,2024-07-19,2024-08-10,4,validation,train_only,10.0,10.100082739562724,14.0
Trincomalee,2024-07-26,2024-08-17,4,validation,train_only,3.0,7.822022767511938,8.0
Trincomalee,2024-08-02,2024-08-24,4,validation,train_only,8.0,9.787834686192607,12.0
Trincomalee,2024-08-09,2024-08-31,4,validation,train_only,2.0,11.056694767959373,12.0
Trincomalee,2024-08-16,2024-09-07,4,validation,train_only,6.0,11.527540042313587,10.0
Trincomalee,2024-08-23,2024-09-14,4,validation,train_only,3.0,9.06021137281083,3.0
Trincomalee,2024-08-30,2024-09-21,4,validation,train_only,2.0,9.047977032330952,8.0
Trincomalee,2024-09-06,2024-09-28,4,validation,train_only,2.0,6.87835250559341,2.0
Trincomalee,2024-09-13,2024-10-05,4,validation,train_only,5.0,6.491387800706236,6.0
Trincomalee,2024-09-20,2024-10-12,4,validation,train_only,3.0,4.427836049231588,3.0
Trincomalee,2024-09-27,2024-10-19,4,validation,train_only,4.0,4.59701030583326,2.0
Trincomalee,2024-10-04,2024-10-26,4,validation,train_only,9.0,3.1757097557069085,2.0
Trincomalee,2024-10-11,2024-11-02,4,validation,train_only,8.0,4.6123130870315485,5.0
Trincomalee,2024-10-18,2024-11-09,4,validation,train_only,16.0,4.390447852946126,3.0
Trincomalee,2024-10-25,2024-11-16,4,validation,train_only,13.0,4.673642657455252,4.0
Trincomalee,2024-11-01,2024-11-23,4,validation,train_only,9.0,8.281094240459813,9.0
Trincomalee,2024-11-08,2024-11-30,4,validation,train_only,14.0,9.382631653397738,8.0
Trincomalee,2024-11-15,2024-12-07,4,validation,train_only,20.0,16.230108549447255,16.0
Trincomalee,2024-11-22,2024-12-14,4,validation,train_only,19.0,16.015607403308554,13.0
Trincomalee,2024-11-29,2024-12-21,4,validation,train_only,30.0,18.533030341090065,9.0
Trincomalee,2024-12-06,2024-12-28,4,validation,train_only,28.0,24.31699042271485,14.0
Vavuniya,2023-12-15,2024-01-06,4,validation,train_only,27.0,7.832278466752588,5.0
Vavuniya,2023-12-22,2024-01-13,4,validation,train_only,14.0,24.242097555381132,22.0
Vavuniya,2023-12-29,2024-01-20,4,validation,train_only,19.0,20.39988171973663,19.0
Vavuniya,2024-01-05,2024-01-27,4,validation,train_only,5.0,27.281834149117344,20.0
Vavuniya,2024-01-12,2024-02-03,4,validation,train_only,7.0,28.50126598474618,27.0
Vavuniya,2024-01-19,2024-02-10,4,validation,train_only,3.0,27.22876602397406,14.0
Vavuniya,2024-01-26,2024-02-17,4,validation,train_only,4.0,21.443636486657528,19.0
Vavuniya,2024-02-02,2024-02-24,4,validation,train_only,3.0,14.418555553029806,5.0
Vavuniya,2024-02-09,2024-03-02,4,validation,train_only,5.0,12.098024025951856,7.0
Vavuniya,2024-02-16,2024-03-09,4,validation,train_only,5.0,6.150077665764402,3.0
Vavuniya,2024-02-23,2024-03-16,4,validation,train_only,2.0,4.654958666577259,4.0
Vavuniya,2024-03-01,2024-03-23,4,validation,train_only,2.0,3.6955866057225544,3.0
Vavuniya,2024-03-08,2024-03-30,4,validation,train_only,1.0,4.385393143158471,5.0
Vavuniya,2024-03-15,2024-04-06,4,validation,train_only,0.0,4.666370437579826,5.0
Vavuniya,2024-03-22,2024-04-13,4,validation,train_only,0.0,4.077109111078174,2.0
Vavuniya,2024-03-29,2024-04-20,4,validation,train_only,0.0,3.116057973675748,2.0
Vavuniya,2024-04-05,2024-04-27,4,validation,train_only,0.0,2.753916495038127,1.0
Vavuniya,2024-04-12,2024-05-04,4,validation,train_only,4.0,1.931468623480018,0.0
Vavuniya,2024-04-19,2024-05-11,4,validation,train_only,2.0,1.343510366739146,0.0
Vavuniya,2024-04-26,2024-05-18,4,validation,train_only,0.0,1.2257622703926445,0.0
Vavuniya,2024-05-03,2024-05-25,4,validation,train_only,1.0,0.8238598008065025,0.0
Vavuniya,2024-05-10,2024-06-01,4,validation,train_only,4.0,2.2959275211163965,4.0
Vavuniya,2024-05-17,2024-06-08,4,validation,train_only,2.0,2.960501665019182,2.0
Vavuniya,2024-05-24,2024-06-15,4,validation,train_only,1.0,3.679253476115191,0.0
Vavuniya,2024-05-31,2024-06-22,4,validation,train_only,1.0,3.47721269728504,1.0
Vavuniya,2024-06-07,2024-06-29,4,validation,train_only,4.0,5.024168990709066,4.0
Vavuniya,2024-06-14,2024-07-06,4,validation,train_only,3.0,4.477136581252536,2.0
Vavuniya,2024-06-21,2024-07-13,4,validation,train_only,1.0,4.014920364983734,1.0
Vavuniya,2024-06-28,2024-07-20,4,validation,train_only,5.0,1.975147015372885,1.0
Vavuniya,2024-07-05,2024-07-27,4,validation,train_only,1.0,4.736253570409422,4.0
Vavuniya,2024-07-12,2024-08-03,4,validation,train_only,0.0,2.437104383728945,3.0
Vavuniya,2024-07-19,2024-08-10,4,validation,train_only,5.0,2.3598609079129895,1.0
Vavuniya,2024-07-26,2024-08-17,4,validation,train_only,3.0,2.993799124547991,5.0
Vavuniya,2024-08-02,2024-08-24,4,validation,train_only,0.0,3.2818215799514983,1.0
Vavuniya,2024-08-09,2024-08-31,4,validation,train_only,1.0,2.248456144198473,0.0
Vavuniya,2024-08-16,2024-09-07,4,validation,train_only,1.0,3.878555608500273,5.0
Vavuniya,2024-08-23,2024-09-14,4,validation,train_only,2.0,3.7295586964713667,3.0
Vavuniya,2024-08-30,2024-09-21,4,validation,train_only,0.0,3.3561144693736726,0.0
Vavuniya,2024-09-06,2024-09-28,4,validation,train_only,0.0,3.1164885175311836,1.0
Vavuniya,2024-09-13,2024-10-05,4,validation,train_only,1.0,2.775644674954921,1.0
Vavuniya,2024-09-20,2024-10-12,4,validation,train_only,3.0,1.9333150646319601,2.0
Vavuniya,2024-09-27,2024-10-19,4,validation,train_only,1.0,1.450024064842009,0.0
Vavuniya,2024-10-04,2024-10-26,4,validation,train_only,1.0,1.3712809051915225,0.0
Vavuniya,2024-10-11,2024-11-02,4,validation,train_only,2.0,1.771934021266272,1.0
Vavuniya,2024-10-18,2024-11-09,4,validation,train_only,0.0,3.6384157540611213,3.0
Vavuniya,2024-10-25,2024-11-16,4,validation,train_only,5.0,2.724914365858017,1.0
Vavuniya,2024-11-01,2024-11-23,4,validation,train_only,3.0,2.776683700395315,1.0
Vavuniya,2024-11-08,2024-11-30,4,validation,train_only,2.0,3.572211320528285,2.0
Vavuniya,2024-11-15,2024-12-07,4,validation,train_only,4.0,4.358401712477471,0.0
Vavuniya,2024-11-22,2024-12-14,4,validation,train_only,4.0,6.498605358445484,5.0
Vavuniya,2024-11-29,2024-12-21,4,validation,train_only,2.0,5.715745773575367,3.0
Vavuniya,2024-12-06,2024-12-28,4,validation,train_only,4.0,7.80922300955933,2.0
Ampara,2024-12-13,2025-01-04,4,test,train_plus_validation,20.0,15.502980830214064,10.0
Ampara,2024-12-20,2025-01-11,4,test,train_plus_validation,27.0,15.779792060749854,6.0
Ampara,2024-12-27,2025-01-18,4,test,train_plus_validation,16.0,18.06286905867748,15.0
Ampara,2025-01-03,2025-01-25,4,test,train_plus_validation,13.0,48.35646072266769,58.0
Ampara,2025-01-10,2025-02-01,4,test,train_plus_validation,17.0,35.035131972154666,20.0
Ampara,2025-01-17,2025-02-08,4,test,train_plus_validation,17.0,33.89408075931571,27.0
Ampara,2025-01-24,2025-02-15,4,test,train_plus_validation,15.0,35.73041660189616,16.0
Ampara,2025-01-31,2025-02-22,4,test,train_plus_validation,11.0,34.519690454339646,13.0
Ampara,2025-02-07,2025-03-01,4,test,train_plus_validation,16.0,28.151727032050367,17.0
Ampara,2025-02-14,2025-03-08,4,test,train_plus_validation,11.0,27.74330970138467,17.0
Ampara,2025-02-21,2025-03-15,4,test,train_plus_validation,9.0,22.47377704413757,15.0
Ampara,2025-02-28,2025-03-22,4,test,train_plus_validation,12.0,14.204490961193398,11.0
Ampara,2025-03-07,2025-03-29,4,test,train_plus_validation,15.0,15.205042293946985,16.0
Ampara,2025-03-14,2025-04-05,4,test,train_plus_validation,22.0,14.522192036941991,11.0
Ampara,2025-03-21,2025-04-12,4,test,train_plus_validation,13.0,13.469689785565103,9.0
Ampara,2025-03-28,2025-04-19,4,test,train_plus_validation,15.0,15.066040920004774,12.0
Ampara,2025-04-04,2025-04-26,4,test,train_plus_validation,24.0,15.108455780162739,15.0
Ampara,2025-04-11,2025-05-03,4,test,train_plus_validation,17.0,25.144262955656192,22.0
Ampara,2025-04-18,2025-05-10,4,test,train_plus_validation,16.0,18.183623118478522,13.0
Ampara,2025-04-25,2025-05-17,4,test,train_plus_validation,14.0,18.678986125522687,15.0
Ampara,2025-05-02,2025-05-24,4,test,train_plus_validation,14.0,27.777876367985403,24.0
Ampara,2025-05-09,2025-05-31,4,test,train_plus_validation,28.0,23.31154381224377,17.0
Ampara,2025-05-16,2025-06-07,4,test,train_plus_validation,11.0,18.332145604620003,16.0
Ampara,2025-05-23,2025-06-14,4,test,train_plus_validation,12.0,14.749387129714993,14.0
Ampara,2025-05-30,2025-06-21,4,test,train_plus_validation,12.0,13.840504678885603,14.0
Ampara,2025-06-06,2025-06-28,4,test,train_plus_validation,22.0,20.177639734907608,28.0
Ampara,2025-06-13,2025-07-05,4,test,train_plus_validation,16.0,14.054155241294815,11.0
Ampara,2025-06-20,2025-07-12,4,test,train_plus_validation,17.0,11.85716044644125,12.0
Ampara,2025-06-27,2025-07-19,4,test,train_plus_validation,8.0,11.227422804711983,12.0
Ampara,2025-07-04,2025-07-26,4,test,train_plus_validation,11.0,17.559719174335722,22.0
Ampara,2025-07-11,2025-08-02,4,test,train_plus_validation,3.0,14.60489995667345,16.0
Ampara,2025-07-18,2025-08-09,4,test,train_plus_validation,6.0,15.859479626010765,17.0
Ampara,2025-07-25,2025-08-16,4,test,train_plus_validation,7.0,10.487858133069833,8.0
Ampara,2025-08-01,2025-08-23,4,test,train_plus_validation,7.0,11.66749577719289,11.0
Ampara,2025-08-08,2025-08-30,4,test,train_plus_validation,6.0,7.798936951643659,3.0
Ampara,2025-08-15,2025-09-06,4,test,train_plus_validation,17.0,7.593890505297471,6.0
Ampara,2025-08-22,2025-09-13,4,test,train_plus_validation,15.0,6.093278127699393,7.0
Ampara,2025-08-29,2025-09-20,4,test,train_plus_validation,4.0,6.53999412108048,7.0
Ampara,2025-09-05,2025-09-27,4,test,train_plus_validation,6.0,6.921009609690194,6.0
Ampara,2025-09-12,2025-10-04,4,test,train_plus_validation,9.0,13.29590554857043,17.0
Ampara,2025-09-19,2025-10-11,4,test,train_plus_validation,14.0,18.279181368025252,15.0
Ampara,2025-09-26,2025-10-18,4,test,train_plus_validation,9.0,14.993794244043654,4.0
Ampara,2025-10-03,2025-10-25,4,test,train_plus_validation,15.0,12.426719510577165,6.0
Ampara,2025-10-10,2025-11-01,4,test,train_plus_validation,10.0,13.459559383067292,9.0
Ampara,2025-10-17,2025-11-08,4,test,train_plus_validation,17.0,16.758326033468112,14.0
Ampara,2025-10-24,2025-11-15,4,test,train_plus_validation,24.0,14.881153831953531,9.0
Ampara,2025-10-31,2025-11-22,4,test,train_plus_validation,11.0,19.65103234756716,15.0
Ampara,2025-11-07,2025-11-29,4,test,train_plus_validation,7.0,18.922335962054206,10.0
Ampara,2025-11-14,2025-12-06,4,test,train_plus_validation,22.0,17.98427704977353,17.0
Ampara,2025-11-21,2025-12-13,4,test,train_plus_validation,18.0,28.860924601121067,24.0
Anuradhapura,2024-12-13,2025-01-04,4,test,train_plus_validation,20.0,24.315072777710654,18.0
Anuradhapura,2024-12-20,2025-01-11,4,test,train_plus_validation,29.0,30.23065586039203,22.0
Anuradhapura,2024-12-27,2025-01-18,4,test,train_plus_validation,16.0,26.80205299561634,12.0
Anuradhapura,2025-01-03,2025-01-25,4,test,train_plus_validation,22.0,26.267394868327283,27.0
Anuradhapura,2025-01-10,2025-02-01,4,test,train_plus_validation,39.0,27.937946662857062,20.0
Anuradhapura,2025-01-17,2025-02-08,4,test,train_plus_validation,39.0,28.66450530138267,29.0
Anuradhapura,2025-01-24,2025-02-15,4,test,train_plus_validation,24.0,23.88035811408096,16.0
Anuradhapura,2025-01-31,2025-02-22,4,test,train_plus_validation,18.0,27.186223645090084,22.0
Anuradhapura,2025-02-07,2025-03-01,4,test,train_plus_validation,25.0,36.79260381287783,39.0
Anuradhapura,2025-02-14,2025-03-08,4,test,train_plus_validation,12.0,37.17570173723437,39.0
Anuradhapura,2025-02-21,2025-03-15,4,test,train_plus_validation,8.0,29.808554633792514,24.0
Anuradhapura,2025-02-28,2025-03-22,4,test,train_plus_validation,9.0,16.265131766520568,18.0
Anuradhapura,2025-03-07,2025-03-29,4,test,train_plus_validation,6.0,18.27542125345169,25.0
Anuradhapura,2025-03-14,2025-04-05,4,test,train_plus_validation,3.0,14.70075905999126,12.0
Anuradhapura,2025-03-21,2025-04-12,4,test,train_plus_validation,4.0,15.009457986289709,8.0
Anuradhapura,2025-03-28,2025-04-19,4,test,train_plus_validation,8.0,11.62233850385051,9.0
Anuradhapura,2025-04-04,2025-04-26,4,test,train_plus_validation,10.0,10.167308335242621,6.0
Anuradhapura,2025-04-11,2025-05-03,4,test,train_plus_validation,11.0,8.390586759102513,3.0
Anuradhapura,2025-04-18,2025-05-10,4,test,train_plus_validation,11.0,6.229892761244394,4.0
Anuradhapura,2025-04-25,2025-05-17,4,test,train_plus_validation,13.0,7.654527825599601,8.0
Anuradhapura,2025-05-02,2025-05-24,4,test,train_plus_validation,11.0,9.535092366237931,10.0
Anuradhapura,2025-05-09,2025-05-31,4,test,train_plus_validation,10.0,11.725290151838207,11.0
Anuradhapura,2025-05-16,2025-06-07,4,test,train_plus_validation,7.0,12.419049208784195,11.0
Anuradhapura,2025-05-23,2025-06-14,4,test,train_plus_validation,8.0,12.58357774958412,13.0
Anuradhapura,2025-05-30,2025-06-21,4,test,train_plus_validation,17.0,13.691938268179905,11.0
Anuradhapura,2025-06-06,2025-06-28,4,test,train_plus_validation,8.0,10.832474671686986,10.0
Anuradhapura,2025-06-13,2025-07-05,4,test,train_plus_validation,8.0,8.460262883068522,7.0
Anuradhapura,2025-06-20,2025-07-12,4,test,train_plus_validation,12.0,8.392881135651788,8.0
Anuradhapura,2025-06-27,2025-07-19,4,test,train_plus_validation,11.0,12.809431910572364,17.0
Anuradhapura,2025-07-04,2025-07-26,4,test,train_plus_validation,3.0,9.14630173308041,8.0
Anuradhapura,2025-07-11,2025-08-02,4,test,train_plus_validation,6.0,8.357480633856547,8.0
Anuradhapura,2025-07-18,2025-08-09,4,test,train_plus_validation,11.0,10.148887911197177,12.0
Anuradhapura,2025-07-25,2025-08-16,4,test,train_plus_validation,6.0,10.587558819148486,11.0
Anuradhapura,2025-08-01,2025-08-23,4,test,train_plus_validation,9.0,6.226323587943684,3.0
Anuradhapura,2025-08-08,2025-08-30,4,test,train_plus_validation,2.0,6.546461243444272,6.0
Anuradhapura,2025-08-15,2025-09-06,4,test,train_plus_validation,6.0,8.16425188225003,11.0
Anuradhapura,2025-08-22,2025-09-13,4,test,train_plus_validation,3.0,6.660209933040565,6.0
Anuradhapura,2025-08-29,2025-09-20,4,test,train_plus_validation,2.0,7.74998378906256,9.0
Anuradhapura,2025-09-05,2025-09-27,4,test,train_plus_validation,0.0,5.049943600879878,2.0
Anuradhapura,2025-09-12,2025-10-04,4,test,train_plus_validation,7.0,6.183920333092752,6.0
Anuradhapura,2025-09-19,2025-10-11,4,test,train_plus_validation,9.0,5.8884545034012294,3.0
Anuradhapura,2025-09-26,2025-10-18,4,test,train_plus_validation,4.0,4.604710811887064,2.0
Anuradhapura,2025-10-03,2025-10-25,4,test,train_plus_validation,9.0,3.2130881065456602,0.0
Anuradhapura,2025-10-10,2025-11-01,4,test,train_plus_validation,3.0,5.540170554470606,7.0
Anuradhapura,2025-10-17,2025-11-08,4,test,train_plus_validation,8.0,7.220992387619669,9.0
Anuradhapura,2025-10-24,2025-11-15,4,test,train_plus_validation,10.0,9.283263893218884,4.0
Anuradhapura,2025-10-31,2025-11-22,4,test,train_plus_validation,8.0,11.108589822739953,9.0
Anuradhapura,2025-11-07,2025-11-29,4,test,train_plus_validation,11.0,10.673948367433606,3.0
Anuradhapura,2025-11-14,2025-12-06,4,test,train_plus_validation,12.0,10.265153089487757,8.0
Anuradhapura,2025-11-21,2025-12-13,4,test,train_plus_validation,13.0,9.842622629348236,10.0
Badulla,2024-12-13,2025-01-04,4,test,train_plus_validation,17.0,22.814283686638486,19.0
Badulla,2024-12-20,2025-01-11,4,test,train_plus_validation,28.0,26.596860430909675,20.0
Badulla,2024-12-27,2025-01-18,4,test,train_plus_validation,27.0,25.329490644546418,19.0
Badulla,2025-01-03,2025-01-25,4,test,train_plus_validation,26.0,22.198657204727247,5.0
Badulla,2025-01-10,2025-02-01,4,test,train_plus_validation,17.0,19.582081129303788,17.0
Badulla,2025-01-17,2025-02-08,4,test,train_plus_validation,17.0,30.05713054505095,28.0
Badulla,2025-01-24,2025-02-15,4,test,train_plus_validation,8.0,32.454825815149235,27.0
Badulla,2025-01-31,2025-02-22,4,test,train_plus_validation,11.0,39.21228951567741,26.0
Badulla,2025-02-07,2025-03-01,4,test,train_plus_validation,3.0,30.41860376037622,17.0
Badulla,2025-02-14,2025-03-08,4,test,train_plus_validation,17.0,29.981020625832947,17.0
Badulla,2025-02-21,2025-03-15,4,test,train_plus_validation,6.0,28.160965404230556,8.0
Badulla,2025-02-28,2025-03-22,4,test,train_plus_validation,12.0,12.57784880573514,11.0
Badulla,2025-03-07,2025-03-29,4,test,train_plus_validation,9.0,7.616697183517216,3.0
Badulla,2025-03-14,2025-04-05,4,test,train_plus_validation,18.0,15.258720174351543,17.0
Badulla,2025-03-21,2025-04-12,4,test,train_plus_validation,11.0,10.579594310207266,6.0
Badulla,2025-03-28,2025-04-19,4,test,train_plus_validation,19.0,14.056539262670707,12.0
Badulla,2025-04-04,2025-04-26,4,test,train_plus_validation,12.0,10.363485420227152,9.0
Badulla,2025-04-11,2025-05-03,4,test,train_plus_validation,7.0,18.106835515283056,18.0
Badulla,2025-04-18,2025-05-10,4,test,train_plus_validation,7.0,15.82977755350725,11.0
Badulla,2025-04-25,2025-05-17,4,test,train_plus_validation,25.0,18.481953928366828,19.0
Badulla,2025-05-02,2025-05-24,4,test,train_plus_validation,26.0,17.73519644875897,12.0
Badulla,2025-05-09,2025-05-31,4,test,train_plus_validation,24.0,20.404391930398706,7.0
Badulla,2025-05-16,2025-06-07,4,test,train_plus_validation,24.0,16.67238328776381,7.0
Badulla,2025-05-23,2025-06-14,4,test,train_plus_validation,31.0,27.31629789803382,25.0
Badulla,2025-05-30,2025-06-21,4,test,train_plus_validation,17.0,26.335443502291888,26.0
Badulla,2025-06-06,2025-06-28,4,test,train_plus_validation,17.0,25.389746264704378,24.0
Badulla,2025-06-13,2025-07-05,4,test,train_plus_validation,16.0,24.16521334837279,24.0
Badulla,2025-06-20,2025-07-12,4,test,train_plus_validation,37.0,26.70518389752804,31.0
Badulla,2025-06-27,2025-07-19,4,test,train_plus_validation,20.0,20.03245000811324,17.0
Badulla,2025-07-04,2025-07-26,4,test,train_plus_validation,16.0,16.378116622163997,17.0
Badulla,2025-07-11,2025-08-02,4,test,train_plus_validation,13.0,14.611866026242845,16.0
Badulla,2025-07-18,2025-08-09,4,test,train_plus_validation,12.0,40.495083239117555,37.0
Badulla,2025-07-25,2025-08-16,4,test,train_plus_validation,14.0,18.2770567567837,20.0
Badulla,2025-08-01,2025-08-23,4,test,train_plus_validation,18.0,19.202439493716454,16.0
Badulla,2025-08-08,2025-08-30,4,test,train_plus_validation,8.0,16.561216228448227,13.0
Badulla,2025-08-15,2025-09-06,4,test,train_plus_validation,11.0,16.76153646394858,12.0
Badulla,2025-08-22,2025-09-13,4,test,train_plus_validation,19.0,14.224687262237515,14.0
Badulla,2025-08-29,2025-09-20,4,test,train_plus_validation,8.0,16.664250958221302,18.0
Badulla,2025-09-05,2025-09-27,4,test,train_plus_validation,13.0,11.391627237972909,8.0
Badulla,2025-09-12,2025-10-04,4,test,train_plus_validation,4.0,14.401065449398814,11.0
Badulla,2025-09-19,2025-10-11,4,test,train_plus_validation,8.0,20.101417607021528,19.0
Badulla,2025-09-26,2025-10-18,4,test,train_plus_validation,11.0,17.679888539747694,8.0
Badulla,2025-10-03,2025-10-25,4,test,train_plus_validation,7.0,21.95708395540673,13.0
Badulla,2025-10-10,2025-11-01,4,test,train_plus_validation,14.0,15.339618424700202,4.0
Badulla,2025-10-17,2025-11-08,4,test,train_plus_validation,17.0,20.22308351930787,8.0
Badulla,2025-10-24,2025-11-15,4,test,train_plus_validation,18.0,12.901276056950483,11.0
Badulla,2025-10-31,2025-11-22,4,test,train_plus_validation,14.0,13.471183719835198,7.0
Badulla,2025-11-07,2025-11-29,4,test,train_plus_validation,10.0,15.293050188862496,14.0
Badulla,2025-11-14,2025-12-06,4,test,train_plus_validation,18.0,17.637992996443504,17.0
Badulla,2025-11-21,2025-12-13,4,test,train_plus_validation,25.0,19.620234466441627,18.0
Batticaloa,2024-12-13,2025-01-04,4,test,train_plus_validation,55.0,35.37502555773825,30.0
Batticaloa,2024-12-20,2025-01-11,4,test,train_plus_validation,65.0,45.16501177882597,35.0
Batticaloa,2024-12-27,2025-01-18,4,test,train_plus_validation,64.0,56.42387596807673,47.0
Batticaloa,2025-01-03,2025-01-25,4,test,train_plus_validation,53.0,59.05827029798983,62.0
Batticaloa,2025-01-10,2025-02-01,4,test,train_plus_validation,60.0,52.94917698020341,55.0
Batticaloa,2025-01-17,2025-02-08,4,test,train_plus_validation,60.0,62.953538190049706,65.0
Batticaloa,2025-01-24,2025-02-15,4,test,train_plus_validation,81.0,63.93590517761912,64.0
Batticaloa,2025-01-31,2025-02-22,4,test,train_plus_validation,59.0,56.41575555193402,53.0
Batticaloa,2025-02-07,2025-03-01,4,test,train_plus_validation,56.0,55.550572513097215,60.0
Batticaloa,2025-02-14,2025-03-08,4,test,train_plus_validation,31.0,52.854538503019754,60.0
Batticaloa,2025-02-21,2025-03-15,4,test,train_plus_validation,28.0,60.1288825259729,81.0
Batticaloa,2025-02-28,2025-03-22,4,test,train_plus_validation,28.0,56.633393565241214,59.0
Batticaloa,2025-03-07,2025-03-29,4,test,train_plus_validation,46.0,66.95439959499781,56.0
Batticaloa,2025-03-14,2025-04-05,4,test,train_plus_validation,70.0,41.61648728704992,31.0
Batticaloa,2025-03-21,2025-04-12,4,test,train_plus_validation,62.0,34.90846270287536,28.0
Batticaloa,2025-03-28,2025-04-19,4,test,train_plus_validation,94.0,31.279172524980957,28.0
Batticaloa,2025-04-04,2025-04-26,4,test,train_plus_validation,84.0,50.63647164171489,46.0
Batticaloa,2025-04-11,2025-05-03,4,test,train_plus_validation,59.0,68.21362666858381,70.0
Batticaloa,2025-04-18,2025-05-10,4,test,train_plus_validation,58.0,65.60724708920237,62.0
Batticaloa,2025-04-25,2025-05-17,4,test,train_plus_validation,53.0,94.64565842312413,94.0
Batticaloa,2025-05-02,2025-05-24,4,test,train_plus_validation,52.0,85.33948557201748,84.0
Batticaloa,2025-05-09,2025-05-31,4,test,train_plus_validation,59.0,70.92274909162441,59.0
Batticaloa,2025-05-16,2025-06-07,4,test,train_plus_validation,30.0,64.1894650342921,58.0
Batticaloa,2025-05-23,2025-06-14,4,test,train_plus_validation,40.0,58.38668345338477,53.0
Batticaloa,2025-05-30,2025-06-21,4,test,train_plus_validation,16.0,51.7103289385538,52.0
Batticaloa,2025-06-06,2025-06-28,4,test,train_plus_validation,20.0,49.537858409308306,59.0
Batticaloa,2025-06-13,2025-07-05,4,test,train_plus_validation,13.0,27.622936932029493,30.0
Batticaloa,2025-06-20,2025-07-12,4,test,train_plus_validation,19.0,24.372479716711464,40.0
Batticaloa,2025-06-27,2025-07-19,4,test,train_plus_validation,6.0,18.096369902729542,16.0
Batticaloa,2025-07-04,2025-07-26,4,test,train_plus_validation,6.0,17.101426673604987,20.0
Batticaloa,2025-07-11,2025-08-02,4,test,train_plus_validation,12.0,12.052827971580157,13.0
Batticaloa,2025-07-18,2025-08-09,4,test,train_plus_validation,5.0,15.657417921103075,19.0
Batticaloa,2025-07-25,2025-08-16,4,test,train_plus_validation,6.0,10.04584638138368,6.0
Batticaloa,2025-08-01,2025-08-23,4,test,train_plus_validation,9.0,8.453908341509372,6.0
Batticaloa,2025-08-08,2025-08-30,4,test,train_plus_validation,8.0,11.398841195661916,12.0
Batticaloa,2025-08-15,2025-09-06,4,test,train_plus_validation,8.0,7.477994938377063,5.0
Batticaloa,2025-08-22,2025-09-13,4,test,train_plus_validation,9.0,6.769789949116067,6.0
Batticaloa,2025-08-29,2025-09-20,4,test,train_plus_validation,9.0,6.920738098326584,9.0
Batticaloa,2025-09-05,2025-09-27,4,test,train_plus_validation,14.0,8.241055785779935,8.0
Batticaloa,2025-09-12,2025-10-04,4,test,train_plus_validation,16.0,7.42862425264399,8.0
Batticaloa,2025-09-19,2025-10-11,4,test,train_plus_validation,17.0,10.659670543237802,9.0
Batticaloa,2025-09-26,2025-10-18,4,test,train_plus_validation,13.0,11.821123480819836,9.0
Batticaloa,2025-10-03,2025-10-25,4,test,train_plus_validation,19.0,19.308520521310964,14.0
Batticaloa,2025-10-10,2025-11-01,4,test,train_plus_validation,29.0,24.277272982178985,16.0
Batticaloa,2025-10-17,2025-11-08,4,test,train_plus_validation,21.0,22.564375578233133,17.0
Batticaloa,2025-10-24,2025-11-15,4,test,train_plus_validation,21.0,20.579719324590343,13.0
Batticaloa,2025-10-31,2025-11-22,4,test,train_plus_validation,10.0,19.993304580902272,19.0
Batticaloa,2025-11-07,2025-11-29,4,test,train_plus_validation,16.0,28.97272615432312,29.0
Batticaloa,2025-11-14,2025-12-06,4,test,train_plus_validation,14.0,27.025311177187103,21.0
Batticaloa,2025-11-21,2025-12-13,4,test,train_plus_validation,20.0,28.55874388588525,21.0
Colombo,2024-12-13,2025-01-04,4,test,train_plus_validation,245.0,271.3903950783297,247.0
Colombo,2024-12-20,2025-01-11,4,test,train_plus_validation,247.0,219.5981216029573,220.0
Colombo,2024-12-27,2025-01-18,4,test,train_plus_validation,284.0,194.67838648423407,231.0
Colombo,2025-01-03,2025-01-25,4,test,train_plus_validation,225.0,152.933947934346,200.0
Colombo,2025-01-10,2025-02-01,4,test,train_plus_validation,252.0,209.95747227259352,245.0
Colombo,2025-01-17,2025-02-08,4,test,train_plus_validation,252.0,236.728580571033,247.0
Colombo,2025-01-24,2025-02-15,4,test,train_plus_validation,217.0,319.6781558995236,284.0
Colombo,2025-01-31,2025-02-22,4,test,train_plus_validation,219.0,253.12234578035853,225.0
Colombo,2025-02-07,2025-03-01,4,test,train_plus_validation,262.0,262.07681754675093,252.0
Colombo,2025-02-14,2025-03-08,4,test,train_plus_validation,214.0,215.86207315291608,252.0
Colombo,2025-02-21,2025-03-15,4,test,train_plus_validation,242.0,173.05275163870076,217.0
Colombo,2025-02-28,2025-03-22,4,test,train_plus_validation,239.0,150.52157332117756,219.0
Colombo,2025-03-07,2025-03-29,4,test,train_plus_validation,204.0,265.7059144391436,262.0
Colombo,2025-03-14,2025-04-05,4,test,train_plus_validation,277.0,205.04567577519907,214.0
Colombo,2025-03-21,2025-04-12,4,test,train_plus_validation,230.0,305.5256729250294,242.0
Colombo,2025-03-28,2025-04-19,4,test,train_plus_validation,306.0,297.58146740243393,239.0
Colombo,2025-04-04,2025-04-26,4,test,train_plus_validation,276.0,205.58678442806877,204.0
Colombo,2025-04-11,2025-05-03,4,test,train_plus_validation,310.0,370.00485426923706,277.0
Colombo,2025-04-18,2025-05-10,4,test,train_plus_validation,359.0,326.78398455578093,230.0
Colombo,2025-04-25,2025-05-17,4,test,train_plus_validation,336.0,395.0368974324252,306.0
Colombo,2025-05-02,2025-05-24,4,test,train_plus_validation,302.0,368.7449482396322,276.0
Colombo,2025-05-09,2025-05-31,4,test,train_plus_validation,245.0,321.6691697993247,310.0
Colombo,2025-05-16,2025-06-07,4,test,train_plus_validation,279.0,352.1966493530967,359.0
Colombo,2025-05-23,2025-06-14,4,test,train_plus_validation,316.0,339.15373604638427,336.0
Colombo,2025-05-30,2025-06-21,4,test,train_plus_validation,276.0,324.0597721202041,302.0
Colombo,2025-06-06,2025-06-28,4,test,train_plus_validation,285.0,282.49488343738744,245.0
Colombo,2025-06-13,2025-07-05,4,test,train_plus_validation,222.0,322.0452206629012,279.0
Colombo,2025-06-20,2025-07-12,4,test,train_plus_validation,226.0,345.5672246901079,316.0
Colombo,2025-06-27,2025-07-19,4,test,train_plus_validation,237.0,315.3372274000592,276.0
Colombo,2025-07-04,2025-07-26,4,test,train_plus_validation,246.0,315.575754234055,285.0
Colombo,2025-07-11,2025-08-02,4,test,train_plus_validation,156.0,177.47835818501574,222.0
Colombo,2025-07-18,2025-08-09,4,test,train_plus_validation,87.0,164.77500950150755,226.0
Colombo,2025-07-25,2025-08-16,4,test,train_plus_validation,137.0,210.1429115772671,237.0
Colombo,2025-08-01,2025-08-23,4,test,train_plus_validation,104.0,211.5540759061008,246.0
Colombo,2025-08-08,2025-08-30,4,test,train_plus_validation,103.0,142.7725132552929,156.0
Colombo,2025-08-15,2025-09-06,4,test,train_plus_validation,117.0,117.38061669416369,87.0
Colombo,2025-08-22,2025-09-13,4,test,train_plus_validation,120.0,110.79607213954755,137.0
Colombo,2025-08-29,2025-09-20,4,test,train_plus_validation,155.0,90.14252471742917,104.0
Colombo,2025-09-05,2025-09-27,4,test,train_plus_validation,129.0,97.54248809213898,103.0
Colombo,2025-09-12,2025-10-04,4,test,train_plus_validation,130.0,127.05033070010901,117.0
Colombo,2025-09-19,2025-10-11,4,test,train_plus_validation,157.0,123.5536982440216,120.0
Colombo,2025-09-26,2025-10-18,4,test,train_plus_validation,214.0,170.30074271690907,155.0
Colombo,2025-10-03,2025-10-25,4,test,train_plus_validation,153.0,138.7650671054061,129.0
Colombo,2025-10-10,2025-11-01,4,test,train_plus_validation,184.0,130.96217435946636,130.0
Colombo,2025-10-17,2025-11-08,4,test,train_plus_validation,266.0,159.2897283843693,157.0
Colombo,2025-10-24,2025-11-15,4,test,train_plus_validation,226.0,221.82310426827635,214.0
Colombo,2025-10-31,2025-11-22,4,test,train_plus_validation,286.0,246.3032106293106,153.0
Colombo,2025-11-07,2025-11-29,4,test,train_plus_validation,272.0,208.1171516588161,184.0
Colombo,2025-11-14,2025-12-06,4,test,train_plus_validation,318.0,259.69255978819206,266.0
Colombo,2025-11-21,2025-12-13,4,test,train_plus_validation,340.0,216.24342085350537,226.0
Galle,2024-12-13,2025-01-04,4,test,train_plus_validation,82.0,38.91858772433524,34.0
Galle,2024-12-20,2025-01-11,4,test,train_plus_validation,51.0,34.99817635151825,27.0
Galle,2024-12-27,2025-01-18,4,test,train_plus_validation,48.0,31.520972937097024,25.0
Galle,2025-01-03,2025-01-25,4,test,train_plus_validation,53.0,31.751369227723917,30.0
Galle,2025-01-10,2025-02-01,4,test,train_plus_validation,44.0,56.04875774387604,82.0
Galle,2025-01-17,2025-02-08,4,test,train_plus_validation,44.0,46.91971615758019,51.0
Galle,2025-01-24,2025-02-15,4,test,train_plus_validation,43.0,49.93393700468197,48.0
Galle,2025-01-31,2025-02-22,4,test,train_plus_validation,21.0,53.28154943507158,53.0
Galle,2025-02-07,2025-03-01,4,test,train_plus_validation,40.0,45.83849227623276,44.0
Galle,2025-02-14,2025-03-08,4,test,train_plus_validation,24.0,41.895373355122224,44.0
Galle,2025-02-21,2025-03-15,4,test,train_plus_validation,35.0,42.55611895378059,43.0
Galle,2025-02-28,2025-03-22,4,test,train_plus_validation,31.0,36.44146169395616,21.0
Galle,2025-03-07,2025-03-29,4,test,train_plus_validation,34.0,37.078921023170565,40.0
Galle,2025-03-14,2025-04-05,4,test,train_plus_validation,29.0,31.6620660167704,24.0
Galle,2025-03-21,2025-04-12,4,test,train_plus_validation,23.0,39.33139098297076,35.0
Galle,2025-03-28,2025-04-19,4,test,train_plus_validation,55.0,34.760926330317105,31.0
Galle,2025-04-04,2025-04-26,4,test,train_plus_validation,29.0,42.741769548828735,34.0
Galle,2025-04-11,2025-05-03,4,test,train_plus_validation,32.0,33.74101249777903,29.0
Galle,2025-04-18,2025-05-10,4,test,train_plus_validation,44.0,32.56090776281894,23.0
Galle,2025-04-25,2025-05-17,4,test,train_plus_validation,56.0,51.28490660186009,55.0
Galle,2025-05-02,2025-05-24,4,test,train_plus_validation,44.0,35.16993962628976,29.0
Galle,2025-05-09,2025-05-31,4,test,train_plus_validation,49.0,40.95749074848622,32.0
Galle,2025-05-16,2025-06-07,4,test,train_plus_validation,44.0,54.62239078664352,44.0
Galle,2025-05-23,2025-06-14,4,test,train_plus_validation,73.0,62.46522184423577,56.0
Galle,2025-05-30,2025-06-21,4,test,train_plus_validation,79.0,51.771461134230705,44.0
Galle,2025-06-06,2025-06-28,4,test,train_plus_validation,47.0,51.82817163830632,49.0
Galle,2025-06-13,2025-07-05,4,test,train_plus_validation,56.0,50.21316957052939,44.0
Galle,2025-06-20,2025-07-12,4,test,train_plus_validation,43.0,59.48618075842433,73.0
Galle,2025-06-27,2025-07-19,4,test,train_plus_validation,66.0,69.74781043887073,79.0
Galle,2025-07-04,2025-07-26,4,test,train_plus_validation,44.0,50.73948251616426,47.0
Galle,2025-07-11,2025-08-02,4,test,train_plus_validation,37.0,52.126274787431925,56.0
Galle,2025-07-18,2025-08-09,4,test,train_plus_validation,48.0,41.42452000471836,43.0
Galle,2025-07-25,2025-08-16,4,test,train_plus_validation,27.0,56.07787166216201,66.0
Galle,2025-08-01,2025-08-23,4,test,train_plus_validation,37.0,43.81305878792761,44.0
Galle,2025-08-08,2025-08-30,4,test,train_plus_validation,33.0,38.73182854313686,37.0
Galle,2025-08-15,2025-09-06,4,test,train_plus_validation,44.0,42.819573547030096,48.0
Galle,2025-08-22,2025-09-13,4,test,train_plus_validation,29.0,33.038558160988835,27.0
Galle,2025-08-29,2025-09-20,4,test,train_plus_validation,35.0,35.654747862796945,37.0
Galle,2025-09-05,2025-09-27,4,test,train_plus_validation,30.0,37.009683391510826,33.0
Galle,2025-09-12,2025-10-04,4,test,train_plus_validation,34.0,39.9670010939003,44.0
Galle,2025-09-19,2025-10-11,4,test,train_plus_validation,40.0,31.379323796475134,29.0
Galle,2025-09-26,2025-10-18,4,test,train_plus_validation,29.0,37.333867220614074,35.0
Galle,2025-10-03,2025-10-25,4,test,train_plus_validation,30.0,34.46466563292637,30.0
Galle,2025-10-10,2025-11-01,4,test,train_plus_validation,27.0,40.989176189465326,34.0
Galle,2025-10-17,2025-11-08,4,test,train_plus_validation,36.0,39.661166104005616,40.0
Galle,2025-10-24,2025-11-15,4,test,train_plus_validation,48.0,34.14013735909747,29.0
Galle,2025-10-31,2025-11-22,4,test,train_plus_validation,68.0,35.58065848174674,30.0
Galle,2025-11-07,2025-11-29,4,test,train_plus_validation,68.0,32.16449625375223,27.0
Galle,2025-11-14,2025-12-06,4,test,train_plus_validation,81.0,38.81084752102822,36.0
Galle,2025-11-21,2025-12-13,4,test,train_plus_validation,82.0,48.2765302750941,48.0
Gampaha,2024-12-13,2025-01-04,4,test,train_plus_validation,191.0,149.30719315003205,161.0
Gampaha,2024-12-20,2025-01-11,4,test,train_plus_validation,157.0,108.98288923650681,103.0
Gampaha,2024-12-27,2025-01-18,4,test,train_plus_validation,184.0,112.49705375132325,131.0
Gampaha,2025-01-03,2025-01-25,4,test,train_plus_validation,162.0,123.27656836075431,186.0
Gampaha,2025-01-10,2025-02-01,4,test,train_plus_validation,131.0,145.51218385810475,191.0
Gampaha,2025-01-17,2025-02-08,4,test,train_plus_validation,131.0,137.70838082176923,157.0
Gampaha,2025-01-24,2025-02-15,4,test,train_plus_validation,132.0,179.61400808328136,184.0
Gampaha,2025-01-31,2025-02-22,4,test,train_plus_validation,119.0,166.86651299109656,162.0
Gampaha,2025-02-07,2025-03-01,4,test,train_plus_validation,142.0,122.37259227991116,131.0
Gampaha,2025-02-14,2025-03-08,4,test,train_plus_validation,132.0,105.63085756388392,131.0
Gampaha,2025-02-21,2025-03-15,4,test,train_plus_validation,125.0,104.74896103178149,132.0
Gampaha,2025-02-28,2025-03-22,4,test,train_plus_validation,135.0,77.32509855392837,119.0
Gampaha,2025-03-07,2025-03-29,4,test,train_plus_validation,135.0,125.52328729049846,142.0
Gampaha,2025-03-14,2025-04-05,4,test,train_plus_validation,137.0,140.8673155841467,132.0
Gampaha,2025-03-21,2025-04-12,4,test,train_plus_validation,171.0,134.884065901686,125.0
Gampaha,2025-03-28,2025-04-19,4,test,train_plus_validation,166.0,172.48043371628947,135.0
Gampaha,2025-04-04,2025-04-26,4,test,train_plus_validation,158.0,167.17362478905142,135.0
Gampaha,2025-04-11,2025-05-03,4,test,train_plus_validation,194.0,178.34911377552393,137.0
Gampaha,2025-04-18,2025-05-10,4,test,train_plus_validation,224.0,220.7873182002571,171.0
Gampaha,2025-04-25,2025-05-17,4,test,train_plus_validation,208.0,228.42322097671368,166.0
Gampaha,2025-05-02,2025-05-24,4,test,train_plus_validation,197.0,218.03252522077923,158.0
Gampaha,2025-05-09,2025-05-31,4,test,train_plus_validation,228.0,212.1526310765971,194.0
Gampaha,2025-05-16,2025-06-07,4,test,train_plus_validation,207.0,273.3336830719239,224.0
Gampaha,2025-05-23,2025-06-14,4,test,train_plus_validation,217.0,225.63674762501606,208.0
Gampaha,2025-05-30,2025-06-21,4,test,train_plus_validation,167.0,214.4516163351763,197.0
Gampaha,2025-06-06,2025-06-28,4,test,train_plus_validation,181.0,284.6579907666821,228.0
Gampaha,2025-06-13,2025-07-05,4,test,train_plus_validation,154.0,228.86070596343325,207.0
Gampaha,2025-06-20,2025-07-12,4,test,train_plus_validation,193.0,227.03369320455693,217.0
Gampaha,2025-06-27,2025-07-19,4,test,train_plus_validation,175.0,160.2993129631881,167.0
Gampaha,2025-07-04,2025-07-26,4,test,train_plus_validation,148.0,168.45732791849707,181.0
Gampaha,2025-07-11,2025-08-02,4,test,train_plus_validation,96.0,153.39492995693772,154.0
Gampaha,2025-07-18,2025-08-09,4,test,train_plus_validation,91.0,161.5446090159278,193.0
Gampaha,2025-07-25,2025-08-16,4,test,train_plus_validation,108.0,155.5771909935762,175.0
Gampaha,2025-08-01,2025-08-23,4,test,train_plus_validation,63.0,142.81414376483764,148.0
Gampaha,2025-08-08,2025-08-30,4,test,train_plus_validation,58.0,104.26616022975085,96.0
Gampaha,2025-08-15,2025-09-06,4,test,train_plus_validation,92.0,80.4611590776562,91.0
Gampaha,2025-08-22,2025-09-13,4,test,train_plus_validation,93.0,83.48265100163475,108.0
Gampaha,2025-08-29,2025-09-20,4,test,train_plus_validation,78.0,62.962352001486956,63.0
Gampaha,2025-09-05,2025-09-27,4,test,train_plus_validation,56.0,54.673997211812775,58.0
Gampaha,2025-09-12,2025-10-04,4,test,train_plus_validation,82.0,78.62534326866337,92.0
Gampaha,2025-09-19,2025-10-11,4,test,train_plus_validation,83.0,87.03974406534448,93.0
Gampaha,2025-09-26,2025-10-18,4,test,train_plus_validation,95.0,100.50914252897053,78.0
Gampaha,2025-10-03,2025-10-25,4,test,train_plus_validation,112.0,83.52995801316894,56.0
Gampaha,2025-10-10,2025-11-01,4,test,train_plus_validation,128.0,93.41609119642534,82.0
Gampaha,2025-10-17,2025-11-08,4,test,train_plus_validation,131.0,91.22808754154931,83.0
Gampaha,2025-10-24,2025-11-15,4,test,train_plus_validation,159.0,100.45533445336005,95.0
Gampaha,2025-10-31,2025-11-22,4,test,train_plus_validation,138.0,124.92081612345295,112.0
Gampaha,2025-11-07,2025-11-29,4,test,train_plus_validation,186.0,141.4896662483736,128.0
Gampaha,2025-11-14,2025-12-06,4,test,train_plus_validation,202.0,150.6044531810901,131.0
Gampaha,2025-11-21,2025-12-13,4,test,train_plus_validation,214.0,153.51252553931565,159.0
Hambantota,2024-12-13,2025-01-04,4,test,train_plus_validation,35.0,17.81606194856791,12.0
Hambantota,2024-12-20,2025-01-11,4,test,train_plus_validation,32.0,24.865580044053814,22.0
Hambantota,2024-12-27,2025-01-18,4,test,train_plus_validation,24.0,25.246876059918957,21.0
Hambantota,2025-01-03,2025-01-25,4,test,train_plus_validation,22.0,41.34549190371137,36.0
Hambantota,2025-01-10,2025-02-01,4,test,train_plus_validation,15.0,38.307066324868885,35.0
Hambantota,2025-01-17,2025-02-08,4,test,train_plus_validation,15.0,36.83859911352408,32.0
Hambantota,2025-01-24,2025-02-15,4,test,train_plus_validation,10.0,37.243548386439606,24.0
Hambantota,2025-01-31,2025-02-22,4,test,train_plus_validation,12.0,33.55040808329764,22.0
Hambantota,2025-02-07,2025-03-01,4,test,train_plus_validation,17.0,28.589278043468045,15.0
Hambantota,2025-02-14,2025-03-08,4,test,train_plus_validation,14.0,26.656315969075123,15.0
Hambantota,2025-02-21,2025-03-15,4,test,train_plus_validation,18.0,19.264558492170206,10.0
Hambantota,2025-02-28,2025-03-22,4,test,train_plus_validation,12.0,11.466667293207292,12.0
Hambantota,2025-03-07,2025-03-29,4,test,train_plus_validation,13.0,15.573799024240259,17.0
Hambantota,2025-03-14,2025-04-05,4,test,train_plus_validation,10.0,16.314578788853147,14.0
Hambantota,2025-03-21,2025-04-12,4,test,train_plus_validation,12.0,17.602615702162545,18.0
Hambantota,2025-03-28,2025-04-19,4,test,train_plus_validation,23.0,18.0939712486918,12.0
Hambantota,2025-04-04,2025-04-26,4,test,train_plus_validation,24.0,18.157507400453525,13.0
Hambantota,2025-04-11,2025-05-03,4,test,train_plus_validation,16.0,16.76366851412705,10.0
Hambantota,2025-04-18,2025-05-10,4,test,train_plus_validation,20.0,17.0241043708548,12.0
Hambantota,2025-04-25,2025-05-17,4,test,train_plus_validation,20.0,23.568841362783548,23.0
Hambantota,2025-05-02,2025-05-24,4,test,train_plus_validation,8.0,26.39023876031425,24.0
Hambantota,2025-05-09,2025-05-31,4,test,train_plus_validation,24.0,23.250666812234783,16.0
Hambantota,2025-05-16,2025-06-07,4,test,train_plus_validation,15.0,23.05231491173616,20.0
Hambantota,2025-05-23,2025-06-14,4,test,train_plus_validation,22.0,22.69846617813147,20.0
Hambantota,2025-05-30,2025-06-21,4,test,train_plus_validation,21.0,19.74504568396319,8.0
Hambantota,2025-06-06,2025-06-28,4,test,train_plus_validation,24.0,23.03862095100948,24.0
Hambantota,2025-06-13,2025-07-05,4,test,train_plus_validation,31.0,14.697999392200257,15.0
Hambantota,2025-06-20,2025-07-12,4,test,train_plus_validation,46.0,20.861785026480366,22.0
Hambantota,2025-06-27,2025-07-19,4,test,train_plus_validation,31.0,20.871772205712787,21.0
Hambantota,2025-07-04,2025-07-26,4,test,train_plus_validation,24.0,18.740595910562163,24.0
Hambantota,2025-07-11,2025-08-02,4,test,train_plus_validation,17.0,18.65960473336511,31.0
Hambantota,2025-07-18,2025-08-09,4,test,train_plus_validation,15.0,31.370769818680103,46.0
Hambantota,2025-07-25,2025-08-16,4,test,train_plus_validation,7.0,24.9492407124264,31.0
Hambantota,2025-08-01,2025-08-23,4,test,train_plus_validation,18.0,20.158978785886998,24.0
Hambantota,2025-08-08,2025-08-30,4,test,train_plus_validation,9.0,15.956191615536,17.0
Hambantota,2025-08-15,2025-09-06,4,test,train_plus_validation,9.0,14.020056005371218,15.0
Hambantota,2025-08-22,2025-09-13,4,test,train_plus_validation,7.0,10.303321391076034,7.0
Hambantota,2025-08-29,2025-09-20,4,test,train_plus_validation,19.0,12.634640528744082,18.0
Hambantota,2025-09-05,2025-09-27,4,test,train_plus_validation,15.0,10.072605933177277,9.0
Hambantota,2025-09-12,2025-10-04,4,test,train_plus_validation,10.0,11.557563120030832,9.0
Hambantota,2025-09-19,2025-10-11,4,test,train_plus_validation,10.0,9.304683376822402,7.0
Hambantota,2025-09-26,2025-10-18,4,test,train_plus_validation,6.0,20.205759305724303,19.0
Hambantota,2025-10-03,2025-10-25,4,test,train_plus_validation,14.0,21.63385624769401,15.0
Hambantota,2025-10-10,2025-11-01,4,test,train_plus_validation,18.0,16.687569849054622,10.0
Hambantota,2025-10-17,2025-11-08,4,test,train_plus_validation,14.0,15.359428995453914,10.0
Hambantota,2025-10-24,2025-11-15,4,test,train_plus_validation,15.0,12.088077521780862,6.0
Hambantota,2025-10-31,2025-11-22,4,test,train_plus_validation,13.0,14.856025895262555,14.0
Hambantota,2025-11-07,2025-11-29,4,test,train_plus_validation,24.0,16.17981516238586,18.0
Hambantota,2025-11-14,2025-12-06,4,test,train_plus_validation,28.0,16.80516811501286,14.0
Hambantota,2025-11-21,2025-12-13,4,test,train_plus_validation,42.0,18.30606165361128,15.0
Jaffna,2024-12-13,2025-01-04,4,test,train_plus_validation,52.0,77.78156013140634,60.0
Jaffna,2024-12-20,2025-01-11,4,test,train_plus_validation,37.0,79.88718938131609,76.0
Jaffna,2024-12-27,2025-01-18,4,test,train_plus_validation,57.0,90.9481638260811,76.0
Jaffna,2025-01-03,2025-01-25,4,test,train_plus_validation,39.0,64.81416929646204,58.0
Jaffna,2025-01-10,2025-02-01,4,test,train_plus_validation,35.0,51.86542954717031,52.0
Jaffna,2025-01-17,2025-02-08,4,test,train_plus_validation,35.0,47.62982534060519,37.0
Jaffna,2025-01-24,2025-02-15,4,test,train_plus_validation,30.0,65.11908528246742,57.0
Jaffna,2025-01-31,2025-02-22,4,test,train_plus_validation,28.0,50.88592882207909,39.0
Jaffna,2025-02-07,2025-03-01,4,test,train_plus_validation,15.0,43.30269473501588,35.0
Jaffna,2025-02-14,2025-03-08,4,test,train_plus_validation,23.0,43.377368861164655,35.0
Jaffna,2025-02-21,2025-03-15,4,test,train_plus_validation,25.0,41.146311741661464,30.0
Jaffna,2025-02-28,2025-03-22,4,test,train_plus_validation,24.0,25.393095420330216,28.0
Jaffna,2025-03-07,2025-03-29,4,test,train_plus_validation,15.0,20.432006716843063,15.0
Jaffna,2025-03-14,2025-04-05,4,test,train_plus_validation,11.0,35.63323445230593,23.0
Jaffna,2025-03-21,2025-04-12,4,test,train_plus_validation,18.0,39.35483284146911,25.0
Jaffna,2025-03-28,2025-04-19,4,test,train_plus_validation,44.0,37.52999527957975,24.0
Jaffna,2025-04-04,2025-04-26,4,test,train_plus_validation,20.0,24.736780401350053,15.0
Jaffna,2025-04-11,2025-05-03,4,test,train_plus_validation,18.0,23.421503086996058,11.0
Jaffna,2025-04-18,2025-05-10,4,test,train_plus_validation,27.0,16.04534819159193,18.0
Jaffna,2025-04-25,2025-05-17,4,test,train_plus_validation,35.0,26.601572024640767,44.0
Jaffna,2025-05-02,2025-05-24,4,test,train_plus_validation,20.0,25.820487275207544,20.0
Jaffna,2025-05-09,2025-05-31,4,test,train_plus_validation,26.0,21.09600406915107,18.0
Jaffna,2025-05-16,2025-06-07,4,test,train_plus_validation,25.0,21.154405095033265,27.0
Jaffna,2025-05-23,2025-06-14,4,test,train_plus_validation,24.0,33.68219954256935,35.0
Jaffna,2025-05-30,2025-06-21,4,test,train_plus_validation,12.0,34.63495868632926,20.0
Jaffna,2025-06-06,2025-06-28,4,test,train_plus_validation,17.0,35.57548931469024,26.0
Jaffna,2025-06-13,2025-07-05,4,test,train_plus_validation,26.0,29.746895664153715,25.0
Jaffna,2025-06-20,2025-07-12,4,test,train_plus_validation,31.0,30.293035162874947,24.0
Jaffna,2025-06-27,2025-07-19,4,test,train_plus_validation,19.0,15.126863860935275,12.0
Jaffna,2025-07-04,2025-07-26,4,test,train_plus_validation,15.0,16.628143661209588,17.0
Jaffna,2025-07-11,2025-08-02,4,test,train_plus_validation,9.0,19.994815372414827,26.0
Jaffna,2025-07-18,2025-08-09,4,test,train_plus_validation,20.0,20.8636986958439,31.0
Jaffna,2025-07-25,2025-08-16,4,test,train_plus_validation,6.0,24.316632230744133,19.0
Jaffna,2025-08-01,2025-08-23,4,test,train_plus_validation,12.0,19.725235733826434,15.0
Jaffna,2025-08-08,2025-08-30,4,test,train_plus_validation,22.0,14.674041032103005,9.0
Jaffna,2025-08-15,2025-09-06,4,test,train_plus_validation,14.0,27.672495397703205,20.0
Jaffna,2025-08-22,2025-09-13,4,test,train_plus_validation,5.0,11.116374046559613,6.0
Jaffna,2025-08-29,2025-09-20,4,test,train_plus_validation,14.0,11.772905235163126,12.0
Jaffna,2025-09-05,2025-09-27,4,test,train_plus_validation,18.0,23.419007258144205,22.0
Jaffna,2025-09-12,2025-10-04,4,test,train_plus_validation,19.0,16.586537367975115,14.0
Jaffna,2025-09-19,2025-10-11,4,test,train_plus_validation,26.0,15.00291413388664,5.0
Jaffna,2025-09-26,2025-10-18,4,test,train_plus_validation,26.0,17.573058541708104,14.0
Jaffna,2025-10-03,2025-10-25,4,test,train_plus_validation,55.0,22.818926363788897,18.0
Jaffna,2025-10-10,2025-11-01,4,test,train_plus_validation,54.0,24.14434013616269,19.0
Jaffna,2025-10-17,2025-11-08,4,test,train_plus_validation,54.0,41.209338096019955,26.0
Jaffna,2025-10-24,2025-11-15,4,test,train_plus_validation,57.0,53.61493068963958,26.0
Jaffna,2025-10-31,2025-11-22,4,test,train_plus_validation,49.0,88.00134358617191,55.0
Jaffna,2025-11-07,2025-11-29,4,test,train_plus_validation,58.0,75.80964567738408,54.0
Jaffna,2025-11-14,2025-12-06,4,test,train_plus_validation,78.0,75.33841104896302,54.0
Jaffna,2025-11-21,2025-12-13,4,test,train_plus_validation,76.0,76.34875024423252,57.0
Kalutara,2024-12-13,2025-01-04,4,test,train_plus_validation,24.0,37.83881745112809,32.0
Kalutara,2024-12-20,2025-01-11,4,test,train_plus_validation,51.0,49.04657497148067,49.0
Kalutara,2024-12-27,2025-01-18,4,test,train_plus_validation,38.0,42.45798913749571,34.0
Kalutara,2025-01-03,2025-01-25,4,test,train_plus_validation,29.0,54.916375779811666,65.0
Kalutara,2025-01-10,2025-02-01,4,test,train_plus_validation,29.0,42.29128540293643,24.0
Kalutara,2025-01-17,2025-02-08,4,test,train_plus_validation,29.0,50.50632734803187,51.0
Kalutara,2025-01-24,2025-02-15,4,test,train_plus_validation,44.0,40.780531562222066,38.0
Kalutara,2025-01-31,2025-02-22,4,test,train_plus_validation,31.0,42.50206528208086,29.0
Kalutara,2025-02-07,2025-03-01,4,test,train_plus_validation,43.0,34.8558764058357,29.0
Kalutara,2025-02-14,2025-03-08,4,test,train_plus_validation,37.0,30.70342372427053,29.0
Kalutara,2025-02-21,2025-03-15,4,test,train_plus_validation,35.0,41.50083907546909,44.0
Kalutara,2025-02-28,2025-03-22,4,test,train_plus_validation,30.0,24.91975713341057,31.0
Kalutara,2025-03-07,2025-03-29,4,test,train_plus_validation,39.0,36.30744137213558,43.0
Kalutara,2025-03-14,2025-04-05,4,test,train_plus_validation,36.0,39.70517000655324,37.0
Kalutara,2025-03-21,2025-04-12,4,test,train_plus_validation,42.0,41.82749330735973,35.0
Kalutara,2025-03-28,2025-04-19,4,test,train_plus_validation,64.0,35.13567066360859,30.0
Kalutara,2025-04-04,2025-04-26,4,test,train_plus_validation,59.0,42.29923006067552,39.0
Kalutara,2025-04-11,2025-05-03,4,test,train_plus_validation,63.0,43.02564228262593,36.0
Kalutara,2025-04-18,2025-05-10,4,test,train_plus_validation,35.0,45.75167938477367,42.0
Kalutara,2025-04-25,2025-05-17,4,test,train_plus_validation,92.0,61.29264783866627,64.0
Kalutara,2025-05-02,2025-05-24,4,test,train_plus_validation,71.0,65.77709409664645,59.0
Kalutara,2025-05-09,2025-05-31,4,test,train_plus_validation,68.0,63.09155974384715,63.0
Kalutara,2025-05-16,2025-06-07,4,test,train_plus_validation,74.0,49.130079466045274,35.0
Kalutara,2025-05-23,2025-06-14,4,test,train_plus_validation,62.0,81.75244337640606,92.0
Kalutara,2025-05-30,2025-06-21,4,test,train_plus_validation,92.0,74.50278636369494,71.0
Kalutara,2025-06-06,2025-06-28,4,test,train_plus_validation,57.0,76.01586148412186,68.0
Kalutara,2025-06-13,2025-07-05,4,test,train_plus_validation,66.0,81.74706627505738,74.0
Kalutara,2025-06-20,2025-07-12,4,test,train_plus_validation,80.0,68.39236649932978,62.0
Kalutara,2025-06-27,2025-07-19,4,test,train_plus_validation,53.0,93.50259293673084,92.0
Kalutara,2025-07-04,2025-07-26,4,test,train_plus_validation,30.0,67.73338962921888,57.0
Kalutara,2025-07-11,2025-08-02,4,test,train_plus_validation,47.0,62.76432567323289,66.0
Kalutara,2025-07-18,2025-08-09,4,test,train_plus_validation,56.0,67.9423810603895,80.0
Kalutara,2025-07-25,2025-08-16,4,test,train_plus_validation,39.0,51.71753495836332,53.0
Kalutara,2025-08-01,2025-08-23,4,test,train_plus_validation,40.0,43.319422461031785,30.0
Kalutara,2025-08-08,2025-08-30,4,test,train_plus_validation,34.0,44.75741342266856,47.0
Kalutara,2025-08-15,2025-09-06,4,test,train_plus_validation,32.0,49.87710975156031,56.0
Kalutara,2025-08-22,2025-09-13,4,test,train_plus_validation,27.0,38.26076620304356,39.0
Kalutara,2025-08-29,2025-09-20,4,test,train_plus_validation,43.0,37.350714209388286,40.0
Kalutara,2025-09-05,2025-09-27,4,test,train_plus_validation,32.0,36.71777510374195,34.0
Kalutara,2025-09-12,2025-10-04,4,test,train_plus_validation,35.0,34.276164264115344,32.0
Kalutara,2025-09-19,2025-10-11,4,test,train_plus_validation,24.0,31.434332542535902,27.0
Kalutara,2025-09-26,2025-10-18,4,test,train_plus_validation,35.0,43.087426932345736,43.0
Kalutara,2025-10-03,2025-10-25,4,test,train_plus_validation,32.0,40.6243510623414,32.0
Kalutara,2025-10-10,2025-11-01,4,test,train_plus_validation,27.0,42.36125598211664,35.0
Kalutara,2025-10-17,2025-11-08,4,test,train_plus_validation,35.0,33.02297497352439,24.0
Kalutara,2025-10-24,2025-11-15,4,test,train_plus_validation,34.0,39.566877776039725,35.0
Kalutara,2025-10-31,2025-11-22,4,test,train_plus_validation,57.0,41.04561764305996,32.0
Kalutara,2025-11-07,2025-11-29,4,test,train_plus_validation,63.0,34.4545564513659,27.0
Kalutara,2025-11-14,2025-12-06,4,test,train_plus_validation,53.0,39.97270314485213,35.0
Kalutara,2025-11-21,2025-12-13,4,test,train_plus_validation,85.0,40.78629433064029,34.0
Kandy,2024-12-13,2025-01-04,4,test,train_plus_validation,65.0,88.27968736670901,73.0
Kandy,2024-12-20,2025-01-11,4,test,train_plus_validation,77.0,68.13087865095095,57.0
Kandy,2024-12-27,2025-01-18,4,test,train_plus_validation,62.0,89.08154399157709,76.0
Kandy,2025-01-03,2025-01-25,4,test,train_plus_validation,80.0,63.433556532007884,66.0
Kandy,2025-01-10,2025-02-01,4,test,train_plus_validation,50.0,61.18484270792803,65.0
Kandy,2025-01-17,2025-02-08,4,test,train_plus_validation,50.0,79.6767705701171,77.0
Kandy,2025-01-24,2025-02-15,4,test,train_plus_validation,63.0,68.70086391028833,62.0
Kandy,2025-01-31,2025-02-22,4,test,train_plus_validation,58.0,236.28286982926585,80.0
Kandy,2025-02-07,2025-03-01,4,test,train_plus_validation,49.0,109.9415695026741,50.0
Kandy,2025-02-14,2025-03-08,4,test,train_plus_validation,59.0,55.7784593390796,50.0
Kandy,2025-02-21,2025-03-15,4,test,train_plus_validation,59.0,58.91427564338555,63.0
Kandy,2025-02-28,2025-03-22,4,test,train_plus_validation,56.0,45.620111698110136,58.0
Kandy,2025-03-07,2025-03-29,4,test,train_plus_validation,65.0,44.93944654541112,49.0
Kandy,2025-03-14,2025-04-05,4,test,train_plus_validation,50.0,58.912936530617955,59.0
Kandy,2025-03-21,2025-04-12,4,test,train_plus_validation,53.0,63.975161505896686,59.0
Kandy,2025-03-28,2025-04-19,4,test,train_plus_validation,73.0,69.44636646692743,56.0
Kandy,2025-04-04,2025-04-26,4,test,train_plus_validation,60.0,76.92208079579557,65.0
Kandy,2025-04-11,2025-05-03,4,test,train_plus_validation,77.0,63.095638300832434,50.0
Kandy,2025-04-18,2025-05-10,4,test,train_plus_validation,98.0,54.556755343785795,53.0
Kandy,2025-04-25,2025-05-17,4,test,train_plus_validation,126.0,67.48369637910328,73.0
Kandy,2025-05-02,2025-05-24,4,test,train_plus_validation,105.0,65.21641176438287,60.0
Kandy,2025-05-09,2025-05-31,4,test,train_plus_validation,126.0,69.40577890971818,77.0
Kandy,2025-05-16,2025-06-07,4,test,train_plus_validation,118.0,91.86638593680837,98.0
Kandy,2025-05-23,2025-06-14,4,test,train_plus_validation,192.0,137.9190214400034,126.0
Kandy,2025-05-30,2025-06-21,4,test,train_plus_validation,161.0,102.95364173912552,105.0
Kandy,2025-06-06,2025-06-28,4,test,train_plus_validation,174.0,127.99402599380092,126.0
Kandy,2025-06-13,2025-07-05,4,test,train_plus_validation,141.0,113.69558792483772,118.0
Kandy,2025-06-20,2025-07-12,4,test,train_plus_validation,184.0,151.51462169107864,192.0
Kandy,2025-06-27,2025-07-19,4,test,train_plus_validation,168.0,152.14962785032418,161.0
Kandy,2025-07-04,2025-07-26,4,test,train_plus_validation,107.0,131.21628728827574,174.0
Kandy,2025-07-11,2025-08-02,4,test,train_plus_validation,145.0,112.79472493562838,141.0
Kandy,2025-07-18,2025-08-09,4,test,train_plus_validation,80.0,113.53587195151398,184.0
Kandy,2025-07-25,2025-08-16,4,test,train_plus_validation,92.0,119.22818586294852,168.0
Kandy,2025-08-01,2025-08-23,4,test,train_plus_validation,94.0,95.02278857611797,107.0
Kandy,2025-08-08,2025-08-30,4,test,train_plus_validation,87.0,132.28880393640182,145.0
Kandy,2025-08-15,2025-09-06,4,test,train_plus_validation,60.0,81.16729492773149,80.0
Kandy,2025-08-22,2025-09-13,4,test,train_plus_validation,79.0,71.80145888299764,92.0
Kandy,2025-08-29,2025-09-20,4,test,train_plus_validation,37.0,72.94513343485274,94.0
Kandy,2025-09-05,2025-09-27,4,test,train_plus_validation,39.0,65.56317831063946,87.0
Kandy,2025-09-12,2025-10-04,4,test,train_plus_validation,44.0,55.163879965285886,60.0
Kandy,2025-09-19,2025-10-11,4,test,train_plus_validation,44.0,68.48705445555093,79.0
Kandy,2025-09-26,2025-10-18,4,test,train_plus_validation,52.0,45.29313797254702,37.0
Kandy,2025-10-03,2025-10-25,4,test,train_plus_validation,58.0,49.95935491195398,39.0
Kandy,2025-10-10,2025-11-01,4,test,train_plus_validation,56.0,43.02447784181024,44.0
Kandy,2025-10-17,2025-11-08,4,test,train_plus_validation,71.0,47.25040857916245,44.0
Kandy,2025-10-24,2025-11-15,4,test,train_plus_validation,88.0,57.58991377686906,52.0
Kandy,2025-10-31,2025-11-22,4,test,train_plus_validation,60.0,68.22669811155065,58.0
Kandy,2025-11-07,2025-11-29,4,test,train_plus_validation,50.0,57.1969012019588,56.0
Kandy,2025-11-14,2025-12-06,4,test,train_plus_validation,82.0,59.69089128831611,71.0
Kandy,2025-11-21,2025-12-13,4,test,train_plus_validation,85.0,81.82958280451545,88.0
Kegalle,2024-12-13,2025-01-04,4,test,train_plus_validation,40.0,31.5634334584257,14.0
Kegalle,2024-12-20,2025-01-11,4,test,train_plus_validation,34.0,35.68190155753317,17.0
Kegalle,2024-12-27,2025-01-18,4,test,train_plus_validation,26.0,45.68244678946195,44.0
Kegalle,2025-01-03,2025-01-25,4,test,train_plus_validation,24.0,53.35942339795147,64.0
Kegalle,2025-01-10,2025-02-01,4,test,train_plus_validation,29.0,39.88000167643457,40.0
Kegalle,2025-01-17,2025-02-08,4,test,train_plus_validation,29.0,39.057142672392075,34.0
Kegalle,2025-01-24,2025-02-15,4,test,train_plus_validation,35.0,38.59860465920417,26.0
Kegalle,2025-01-31,2025-02-22,4,test,train_plus_validation,22.0,34.06386580565694,24.0
Kegalle,2025-02-07,2025-03-01,4,test,train_plus_validation,43.0,29.41305852421524,29.0
Kegalle,2025-02-14,2025-03-08,4,test,train_plus_validation,20.0,30.591806435583575,29.0
Kegalle,2025-02-21,2025-03-15,4,test,train_plus_validation,32.0,37.4844494291976,35.0
Kegalle,2025-02-28,2025-03-22,4,test,train_plus_validation,24.0,15.650095369213544,22.0
Kegalle,2025-03-07,2025-03-29,4,test,train_plus_validation,20.0,35.87381191377305,43.0
Kegalle,2025-03-14,2025-04-05,4,test,train_plus_validation,29.0,20.450251026469903,20.0
Kegalle,2025-03-21,2025-04-12,4,test,train_plus_validation,13.0,32.79637013131758,32.0
Kegalle,2025-03-28,2025-04-19,4,test,train_plus_validation,35.0,28.519953994910715,24.0
Kegalle,2025-04-04,2025-04-26,4,test,train_plus_validation,38.0,26.864724403784102,20.0
Kegalle,2025-04-11,2025-05-03,4,test,train_plus_validation,43.0,27.745087676220045,29.0
Kegalle,2025-04-18,2025-05-10,4,test,train_plus_validation,45.0,21.593092074420415,13.0
Kegalle,2025-04-25,2025-05-17,4,test,train_plus_validation,43.0,39.471345936957626,35.0
Kegalle,2025-05-02,2025-05-24,4,test,train_plus_validation,61.0,39.192569560619965,38.0
Kegalle,2025-05-09,2025-05-31,4,test,train_plus_validation,54.0,43.213696379530255,43.0
Kegalle,2025-05-16,2025-06-07,4,test,train_plus_validation,46.0,45.01116136992491,45.0
Kegalle,2025-05-23,2025-06-14,4,test,train_plus_validation,48.0,43.33326685121529,43.0
Kegalle,2025-05-30,2025-06-21,4,test,train_plus_validation,35.0,60.24311273396884,61.0
Kegalle,2025-06-06,2025-06-28,4,test,train_plus_validation,39.0,55.90039652537502,54.0
Kegalle,2025-06-13,2025-07-05,4,test,train_plus_validation,30.0,49.80271829705125,46.0
Kegalle,2025-06-20,2025-07-12,4,test,train_plus_validation,41.0,47.195992674403094,48.0
Kegalle,2025-06-27,2025-07-19,4,test,train_plus_validation,33.0,39.31110759891425,35.0
Kegalle,2025-07-04,2025-07-26,4,test,train_plus_validation,29.0,38.06073095245679,39.0
Kegalle,2025-07-11,2025-08-02,4,test,train_plus_validation,31.0,32.855863601445876,30.0
Kegalle,2025-07-18,2025-08-09,4,test,train_plus_validation,19.0,37.43519832811456,41.0
Kegalle,2025-07-25,2025-08-16,4,test,train_plus_validation,24.0,36.285038554623654,33.0
Kegalle,2025-08-01,2025-08-23,4,test,train_plus_validation,27.0,32.445791726754294,29.0
Kegalle,2025-08-08,2025-08-30,4,test,train_plus_validation,19.0,32.77938942181122,31.0
Kegalle,2025-08-15,2025-09-06,4,test,train_plus_validation,67.0,28.591845714055562,19.0
Kegalle,2025-08-22,2025-09-13,4,test,train_plus_validation,20.0,28.732543054209238,24.0
Kegalle,2025-08-29,2025-09-20,4,test,train_plus_validation,18.0,25.59740935397539,27.0
Kegalle,2025-09-05,2025-09-27,4,test,train_plus_validation,19.0,22.41646789338604,19.0
Kegalle,2025-09-12,2025-10-04,4,test,train_plus_validation,18.0,52.553161787401066,67.0
Kegalle,2025-09-19,2025-10-11,4,test,train_plus_validation,11.0,32.63591464948165,20.0
Kegalle,2025-09-26,2025-10-18,4,test,train_plus_validation,17.0,36.12875839150188,18.0
Kegalle,2025-10-03,2025-10-25,4,test,train_plus_validation,19.0,31.615446240123383,19.0
Kegalle,2025-10-10,2025-11-01,4,test,train_plus_validation,17.0,26.648143006025993,18.0
Kegalle,2025-10-17,2025-11-08,4,test,train_plus_validation,18.0,22.349839795357553,11.0
Kegalle,2025-10-24,2025-11-15,4,test,train_plus_validation,34.0,23.22198272134668,17.0
Kegalle,2025-10-31,2025-11-22,4,test,train_plus_validation,30.0,32.12642865191428,19.0
Kegalle,2025-11-07,2025-11-29,4,test,train_plus_validation,18.0,33.54387611454437,17.0
Kegalle,2025-11-14,2025-12-06,4,test,train_plus_validation,36.0,36.757935341670496,18.0
Kegalle,2025-11-21,2025-12-13,4,test,train_plus_validation,37.0,51.87624988287909,34.0
Kilinochchi,2024-12-13,2025-01-04,4,test,train_plus_validation,8.0,23.24055175914842,8.0
Kilinochchi,2024-12-20,2025-01-11,4,test,train_plus_validation,3.0,15.136675723243865,6.0
Kilinochchi,2024-12-27,2025-01-18,4,test,train_plus_validation,6.0,15.608311963008427,5.0
Kilinochchi,2025-01-03,2025-01-25,4,test,train_plus_validation,3.0,7.471744659986178,5.0
Kilinochchi,2025-01-10,2025-02-01,4,test,train_plus_validation,2.0,8.9394792795122,8.0
Kilinochchi,2025-01-17,2025-02-08,4,test,train_plus_validation,2.0,5.516726032124215,3.0
Kilinochchi,2025-01-24,2025-02-15,4,test,train_plus_validation,2.0,6.391636477087005,6.0
Kilinochchi,2025-01-31,2025-02-22,4,test,train_plus_validation,1.0,5.839250146701622,3.0
Kilinochchi,2025-02-07,2025-03-01,4,test,train_plus_validation,3.0,4.909083205004043,2.0
Kilinochchi,2025-02-14,2025-03-08,4,test,train_plus_validation,6.0,3.9754977466359485,2.0
Kilinochchi,2025-02-21,2025-03-15,4,test,train_plus_validation,0.0,3.1032178883545765,2.0
Kilinochchi,2025-02-28,2025-03-22,4,test,train_plus_validation,2.0,2.401536380349093,1.0
Kilinochchi,2025-03-07,2025-03-29,4,test,train_plus_validation,0.0,2.922322982765664,3.0
Kilinochchi,2025-03-14,2025-04-05,4,test,train_plus_validation,1.0,4.48464090591943,6.0
Kilinochchi,2025-03-21,2025-04-12,4,test,train_plus_validation,1.0,4.13783591217378,0.0
Kilinochchi,2025-03-28,2025-04-19,4,test,train_plus_validation,7.0,3.2134100267693166,2.0
Kilinochchi,2025-04-04,2025-04-26,4,test,train_plus_validation,1.0,2.061968064731767,0.0
Kilinochchi,2025-04-11,2025-05-03,4,test,train_plus_validation,1.0,2.0805578828338103,1.0
Kilinochchi,2025-04-18,2025-05-10,4,test,train_plus_validation,4.0,1.2134729852173873,1.0
Kilinochchi,2025-04-25,2025-05-17,4,test,train_plus_validation,2.0,3.823793224118168,7.0
Kilinochchi,2025-05-02,2025-05-24,4,test,train_plus_validation,2.0,2.7118200315421697,1.0
Kilinochchi,2025-05-09,2025-05-31,4,test,train_plus_validation,1.0,2.326411396159393,1.0
Kilinochchi,2025-05-16,2025-06-07,4,test,train_plus_validation,2.0,2.5463920804005946,4.0
Kilinochchi,2025-05-23,2025-06-14,4,test,train_plus_validation,0.0,2.924219352263988,2.0
Kilinochchi,2025-05-30,2025-06-21,4,test,train_plus_validation,1.0,2.3686784642930374,2.0
Kilinochchi,2025-06-06,2025-06-28,4,test,train_plus_validation,2.0,1.960140537546248,1.0
Kilinochchi,2025-06-13,2025-07-05,4,test,train_plus_validation,0.0,2.2971565934331797,2.0
Kilinochchi,2025-06-20,2025-07-12,4,test,train_plus_validation,3.0,1.7846807606555637,0.0
Kilinochchi,2025-06-27,2025-07-19,4,test,train_plus_validation,1.0,1.3379671547298355,1.0
Kilinochchi,2025-07-04,2025-07-26,4,test,train_plus_validation,0.0,2.1398430507388753,2.0
Kilinochchi,2025-07-11,2025-08-02,4,test,train_plus_validation,0.0,1.3817583870299253,0.0
Kilinochchi,2025-07-18,2025-08-09,4,test,train_plus_validation,2.0,2.150511306305701,3.0
Kilinochchi,2025-07-25,2025-08-16,4,test,train_plus_validation,0.0,1.5132388855500165,1.0
Kilinochchi,2025-08-01,2025-08-23,4,test,train_plus_validation,0.0,1.6058632880446626,0.0
Kilinochchi,2025-08-08,2025-08-30,4,test,train_plus_validation,2.0,1.2073156170386112,0.0
Kilinochchi,2025-08-15,2025-09-06,4,test,train_plus_validation,1.0,1.5617841824642775,2.0
Kilinochchi,2025-08-22,2025-09-13,4,test,train_plus_validation,1.0,1.1389585519074783,0.0
Kilinochchi,2025-08-29,2025-09-20,4,test,train_plus_validation,0.0,0.8754021221530409,0.0
Kilinochchi,2025-09-05,2025-09-27,4,test,train_plus_validation,3.0,1.2783630551071274,2.0
Kilinochchi,2025-09-12,2025-10-04,4,test,train_plus_validation,4.0,1.29443884324702,1.0
Kilinochchi,2025-09-19,2025-10-11,4,test,train_plus_validation,2.0,1.3090360911297232,1.0
Kilinochchi,2025-09-26,2025-10-18,4,test,train_plus_validation,2.0,1.2780216504892996,0.0
Kilinochchi,2025-10-03,2025-10-25,4,test,train_plus_validation,2.0,2.2113403562240723,3.0
Kilinochchi,2025-10-10,2025-11-01,4,test,train_plus_validation,6.0,2.7009042298507793,4.0
Kilinochchi,2025-10-17,2025-11-08,4,test,train_plus_validation,5.0,2.8138076277360353,2.0
Kilinochchi,2025-10-24,2025-11-15,4,test,train_plus_validation,3.0,3.682588000076907,2.0
Kilinochchi,2025-10-31,2025-11-22,4,test,train_plus_validation,1.0,4.479115767334823,2.0
Kilinochchi,2025-11-07,2025-11-29,4,test,train_plus_validation,4.0,6.434794452170939,6.0
Kilinochchi,2025-11-14,2025-12-06,4,test,train_plus_validation,10.0,6.705612023484502,5.0
Kilinochchi,2025-11-21,2025-12-13,4,test,train_plus_validation,5.0,6.105928269756566,3.0
Kurunegala,2024-12-13,2025-01-04,4,test,train_plus_validation,39.0,30.44904659900815,14.0
Kurunegala,2024-12-20,2025-01-11,4,test,train_plus_validation,30.0,35.4241361311542,25.0
Kurunegala,2024-12-27,2025-01-18,4,test,train_plus_validation,34.0,29.528823620911286,26.0
Kurunegala,2025-01-03,2025-01-25,4,test,train_plus_validation,18.0,30.50484436675204,26.0
Kurunegala,2025-01-10,2025-02-01,4,test,train_plus_validation,27.0,36.82470622542493,39.0
Kurunegala,2025-01-17,2025-02-08,4,test,train_plus_validation,27.0,30.01587078935962,30.0
Kurunegala,2025-01-24,2025-02-15,4,test,train_plus_validation,20.0,39.69158135537143,34.0
Kurunegala,2025-01-31,2025-02-22,4,test,train_plus_validation,25.0,32.39587041239933,18.0
Kurunegala,2025-02-07,2025-03-01,4,test,train_plus_validation,17.0,29.16696803938818,27.0
Kurunegala,2025-02-14,2025-03-08,4,test,train_plus_validation,23.0,28.833808246656936,27.0
Kurunegala,2025-02-21,2025-03-15,4,test,train_plus_validation,21.0,25.438271663433184,20.0
Kurunegala,2025-02-28,2025-03-22,4,test,train_plus_validation,19.0,17.212232987450818,25.0
Kurunegala,2025-03-07,2025-03-29,4,test,train_plus_validation,19.0,13.998349275197034,17.0
Kurunegala,2025-03-14,2025-04-05,4,test,train_plus_validation,17.0,18.208595081393078,23.0
Kurunegala,2025-03-21,2025-04-12,4,test,train_plus_validation,13.0,23.01444650989175,21.0
Kurunegala,2025-03-28,2025-04-19,4,test,train_plus_validation,53.0,22.28164049506901,19.0
Kurunegala,2025-04-04,2025-04-26,4,test,train_plus_validation,34.0,21.70905153530986,19.0
Kurunegala,2025-04-11,2025-05-03,4,test,train_plus_validation,30.0,21.982303199023274,17.0
Kurunegala,2025-04-18,2025-05-10,4,test,train_plus_validation,44.0,18.70447286183129,13.0
Kurunegala,2025-04-25,2025-05-17,4,test,train_plus_validation,47.0,44.61143312994745,53.0
Kurunegala,2025-05-02,2025-05-24,4,test,train_plus_validation,60.0,42.20712050801988,34.0
Kurunegala,2025-05-09,2025-05-31,4,test,train_plus_validation,43.0,34.75185472625595,30.0
Kurunegala,2025-05-16,2025-06-07,4,test,train_plus_validation,68.0,45.40454572484257,44.0
Kurunegala,2025-05-23,2025-06-14,4,test,train_plus_validation,77.0,50.640529406648746,47.0
Kurunegala,2025-05-30,2025-06-21,4,test,train_plus_validation,70.0,60.98676144400444,60.0
Kurunegala,2025-06-06,2025-06-28,4,test,train_plus_validation,51.0,50.36687087984069,43.0
Kurunegala,2025-06-13,2025-07-05,4,test,train_plus_validation,50.0,68.88225408220191,68.0
Kurunegala,2025-06-20,2025-07-12,4,test,train_plus_validation,49.0,66.03415327715352,77.0
Kurunegala,2025-06-27,2025-07-19,4,test,train_plus_validation,84.0,67.78691162491039,70.0
Kurunegala,2025-07-04,2025-07-26,4,test,train_plus_validation,39.0,50.15252602159435,51.0
Kurunegala,2025-07-11,2025-08-02,4,test,train_plus_validation,37.0,44.48931039419134,50.0
Kurunegala,2025-07-18,2025-08-09,4,test,train_plus_validation,23.0,42.1797600031214,49.0
Kurunegala,2025-07-25,2025-08-16,4,test,train_plus_validation,24.0,62.719214435005064,84.0
Kurunegala,2025-08-01,2025-08-23,4,test,train_plus_validation,24.0,41.95962540815799,39.0
Kurunegala,2025-08-08,2025-08-30,4,test,train_plus_validation,8.0,38.383358394357614,37.0
Kurunegala,2025-08-15,2025-09-06,4,test,train_plus_validation,19.0,35.57528359232097,23.0
Kurunegala,2025-08-22,2025-09-13,4,test,train_plus_validation,15.0,30.617790345967485,24.0
Kurunegala,2025-08-29,2025-09-20,4,test,train_plus_validation,19.0,23.700695776342506,24.0
Kurunegala,2025-09-05,2025-09-27,4,test,train_plus_validation,8.0,16.91574378446734,8.0
Kurunegala,2025-09-12,2025-10-04,4,test,train_plus_validation,15.0,18.14245113109903,19.0
Kurunegala,2025-09-19,2025-10-11,4,test,train_plus_validation,24.0,18.93557187167992,15.0
Kurunegala,2025-09-26,2025-10-18,4,test,train_plus_validation,17.0,23.59061915227028,19.0
Kurunegala,2025-10-03,2025-10-25,4,test,train_plus_validation,15.0,18.340131146861392,8.0
Kurunegala,2025-10-10,2025-11-01,4,test,train_plus_validation,13.0,21.13704830462325,15.0
Kurunegala,2025-10-17,2025-11-08,4,test,train_plus_validation,20.0,29.290948998323323,24.0
Kurunegala,2025-10-24,2025-11-15,4,test,train_plus_validation,23.0,27.181396973715508,17.0
Kurunegala,2025-10-31,2025-11-22,4,test,train_plus_validation,21.0,27.775190909722145,15.0
Kurunegala,2025-11-07,2025-11-29,4,test,train_plus_validation,19.0,29.24197718650853,13.0
Kurunegala,2025-11-14,2025-12-06,4,test,train_plus_validation,24.0,35.34639283361798,20.0
Kurunegala,2025-11-21,2025-12-13,4,test,train_plus_validation,32.0,29.3132357820237,23.0
Mannar,2024-12-13,2025-01-04,4,test,train_plus_validation,15.0,11.272566346150672,2.0
Mannar,2024-12-20,2025-01-11,4,test,train_plus_validation,12.0,11.878096424913293,8.0
Mannar,2024-12-27,2025-01-18,4,test,train_plus_validation,7.0,14.903532298162775,12.0
Mannar,2025-01-03,2025-01-25,4,test,train_plus_validation,12.0,11.39849192586988,11.0
Mannar,2025-01-10,2025-02-01,4,test,train_plus_validation,3.0,14.01724821596207,15.0
Mannar,2025-01-17,2025-02-08,4,test,train_plus_validation,3.0,12.463279518311497,12.0
Mannar,2025-01-24,2025-02-15,4,test,train_plus_validation,4.0,10.17238523238375,7.0
Mannar,2025-01-31,2025-02-22,4,test,train_plus_validation,3.0,12.794779524233885,12.0
Mannar,2025-02-07,2025-03-01,4,test,train_plus_validation,0.0,8.92288869769447,3.0
Mannar,2025-02-14,2025-03-08,4,test,train_plus_validation,2.0,6.485205343049328,3.0
Mannar,2025-02-21,2025-03-15,4,test,train_plus_validation,2.0,4.252927685651415,4.0
Mannar,2025-02-28,2025-03-22,4,test,train_plus_validation,4.0,3.577627832534424,3.0
Mannar,2025-03-07,2025-03-29,4,test,train_plus_validation,2.0,3.3383467074090047,0.0
Mannar,2025-03-14,2025-04-05,4,test,train_plus_validation,1.0,2.414377969748183,2.0
Mannar,2025-03-21,2025-04-12,4,test,train_plus_validation,2.0,2.4993016609998997,2.0
Mannar,2025-03-28,2025-04-19,4,test,train_plus_validation,1.0,3.204889662579674,4.0
Mannar,2025-04-04,2025-04-26,4,test,train_plus_validation,6.0,2.435125995794331,2.0
Mannar,2025-04-11,2025-05-03,4,test,train_plus_validation,1.0,2.4249807791358124,1.0
Mannar,2025-04-18,2025-05-10,4,test,train_plus_validation,3.0,2.2916921969192474,2.0
Mannar,2025-04-25,2025-05-17,4,test,train_plus_validation,4.0,1.8285466676183573,1.0
Mannar,2025-05-02,2025-05-24,4,test,train_plus_validation,2.0,3.596333599656714,6.0
Mannar,2025-05-09,2025-05-31,4,test,train_plus_validation,3.0,2.4978302060435094,1.0
Mannar,2025-05-16,2025-06-07,4,test,train_plus_validation,2.0,2.7197748187914907,3.0
Mannar,2025-05-23,2025-06-14,4,test,train_plus_validation,4.0,2.9019094550177944,4.0
Mannar,2025-05-30,2025-06-21,4,test,train_plus_validation,0.0,4.002129489109482,2.0
Mannar,2025-06-06,2025-06-28,4,test,train_plus_validation,2.0,2.7654060547846604,3.0
Mannar,2025-06-13,2025-07-05,4,test,train_plus_validation,1.0,2.725909194478803,2.0
Mannar,2025-06-20,2025-07-12,4,test,train_plus_validation,2.0,3.233581335603569,4.0
Mannar,2025-06-27,2025-07-19,4,test,train_plus_validation,4.0,2.0370367871151007,0.0
Mannar,2025-07-04,2025-07-26,4,test,train_plus_validation,2.0,2.7482261720564494,2.0
Mannar,2025-07-11,2025-08-02,4,test,train_plus_validation,3.0,1.7487602528815147,1.0
Mannar,2025-07-18,2025-08-09,4,test,train_plus_validation,1.0,2.1258522851536386,2.0
Mannar,2025-07-25,2025-08-16,4,test,train_plus_validation,1.0,2.6668653245648133,4.0
Mannar,2025-08-01,2025-08-23,4,test,train_plus_validation,2.0,2.2630514341548293,2.0
Mannar,2025-08-08,2025-08-30,4,test,train_plus_validation,2.0,2.571906864405798,3.0
Mannar,2025-08-15,2025-09-06,4,test,train_plus_validation,2.0,2.1065975836834405,1.0
Mannar,2025-08-22,2025-09-13,4,test,train_plus_validation,3.0,1.9206222450556891,1.0
Mannar,2025-08-29,2025-09-20,4,test,train_plus_validation,2.0,1.9612637143775706,2.0
Mannar,2025-09-05,2025-09-27,4,test,train_plus_validation,0.0,2.0753555344836254,2.0
Mannar,2025-09-12,2025-10-04,4,test,train_plus_validation,1.0,1.9989143940838854,2.0
Mannar,2025-09-19,2025-10-11,4,test,train_plus_validation,3.0,2.6583100909242945,3.0
Mannar,2025-09-26,2025-10-18,4,test,train_plus_validation,5.0,2.4574204489093403,2.0
Mannar,2025-10-03,2025-10-25,4,test,train_plus_validation,7.0,2.140878524696088,0.0
Mannar,2025-10-10,2025-11-01,4,test,train_plus_validation,6.0,1.8591856500601323,1.0
Mannar,2025-10-17,2025-11-08,4,test,train_plus_validation,12.0,3.0549321073160556,3.0
Mannar,2025-10-24,2025-11-15,4,test,train_plus_validation,5.0,6.2704297003684895,5.0
Mannar,2025-10-31,2025-11-22,4,test,train_plus_validation,5.0,9.561530854058967,7.0
Mannar,2025-11-07,2025-11-29,4,test,train_plus_validation,0.0,10.139147976433446,6.0
Mannar,2025-11-14,2025-12-06,4,test,train_plus_validation,5.0,14.367085975612918,12.0
Mannar,2025-11-21,2025-12-13,4,test,train_plus_validation,0.0,10.861242192103209,5.0
Matale,2024-12-13,2025-01-04,4,test,train_plus_validation,39.0,46.93636635031846,38.0
Matale,2024-12-20,2025-01-11,4,test,train_plus_validation,44.0,58.48070442232242,52.0
Matale,2024-12-27,2025-01-18,4,test,train_plus_validation,39.0,46.69125060998558,34.0
Matale,2025-01-03,2025-01-25,4,test,train_plus_validation,45.0,50.85120773928455,52.0
Matale,2025-01-10,2025-02-01,4,test,train_plus_validation,38.0,38.425519138786925,39.0
Matale,2025-01-17,2025-02-08,4,test,train_plus_validation,38.0,42.20101187603246,44.0
Matale,2025-01-24,2025-02-15,4,test,train_plus_validation,40.0,42.05997512175573,39.0
Matale,2025-01-31,2025-02-22,4,test,train_plus_validation,28.0,44.60043189610492,45.0
Matale,2025-02-07,2025-03-01,4,test,train_plus_validation,39.0,37.423255434727324,38.0
Matale,2025-02-14,2025-03-08,4,test,train_plus_validation,22.0,38.16362927572352,38.0
Matale,2025-02-21,2025-03-15,4,test,train_plus_validation,20.0,39.776202055529104,40.0
Matale,2025-02-28,2025-03-22,4,test,train_plus_validation,32.0,20.51447425795542,28.0
Matale,2025-03-07,2025-03-29,4,test,train_plus_validation,21.0,32.52817193856789,39.0
Matale,2025-03-14,2025-04-05,4,test,train_plus_validation,30.0,24.290859552219647,22.0
Matale,2025-03-21,2025-04-12,4,test,train_plus_validation,28.0,26.927389100059028,20.0
Matale,2025-03-28,2025-04-19,4,test,train_plus_validation,42.0,33.956272956838895,32.0
Matale,2025-04-04,2025-04-26,4,test,train_plus_validation,28.0,27.23814261640575,21.0
Matale,2025-04-11,2025-05-03,4,test,train_plus_validation,23.0,30.611595401957906,30.0
Matale,2025-04-18,2025-05-10,4,test,train_plus_validation,16.0,28.408606603914297,28.0
Matale,2025-04-25,2025-05-17,4,test,train_plus_validation,20.0,38.6350762610097,42.0
Matale,2025-05-02,2025-05-24,4,test,train_plus_validation,20.0,31.045879848482965,28.0
Matale,2025-05-09,2025-05-31,4,test,train_plus_validation,24.0,31.428921377412262,23.0
Matale,2025-05-16,2025-06-07,4,test,train_plus_validation,17.0,23.155900251549145,16.0
Matale,2025-05-23,2025-06-14,4,test,train_plus_validation,24.0,22.640428769586077,20.0
Matale,2025-05-30,2025-06-21,4,test,train_plus_validation,23.0,23.407685584616942,20.0
Matale,2025-06-06,2025-06-28,4,test,train_plus_validation,14.0,25.58664323210241,24.0
Matale,2025-06-13,2025-07-05,4,test,train_plus_validation,12.0,21.41460469245229,17.0
Matale,2025-06-20,2025-07-12,4,test,train_plus_validation,19.0,25.51505203339033,24.0
Matale,2025-06-27,2025-07-19,4,test,train_plus_validation,27.0,27.871541245218808,23.0
Matale,2025-07-04,2025-07-26,4,test,train_plus_validation,19.0,19.20929033630766,14.0
Matale,2025-07-11,2025-08-02,4,test,train_plus_validation,17.0,16.17561297317997,12.0
Matale,2025-07-18,2025-08-09,4,test,train_plus_validation,13.0,17.963029062302674,19.0
Matale,2025-07-25,2025-08-16,4,test,train_plus_validation,17.0,25.32306624509842,27.0
Matale,2025-08-01,2025-08-23,4,test,train_plus_validation,11.0,21.741296255844325,19.0
Matale,2025-08-08,2025-08-30,4,test,train_plus_validation,31.0,20.361876426147568,17.0
Matale,2025-08-15,2025-09-06,4,test,train_plus_validation,22.0,18.939487501265635,13.0
Matale,2025-08-22,2025-09-13,4,test,train_plus_validation,34.0,18.42382798705682,17.0
Matale,2025-08-29,2025-09-20,4,test,train_plus_validation,24.0,12.512283104424387,11.0
Matale,2025-09-05,2025-09-27,4,test,train_plus_validation,19.0,25.043266381932604,31.0
Matale,2025-09-12,2025-10-04,4,test,train_plus_validation,9.0,21.858080822943123,22.0
Matale,2025-09-19,2025-10-11,4,test,train_plus_validation,15.0,37.57102181885682,34.0
Matale,2025-09-26,2025-10-18,4,test,train_plus_validation,24.0,26.36869292272666,24.0
Matale,2025-10-03,2025-10-25,4,test,train_plus_validation,22.0,27.151921521184907,19.0
Matale,2025-10-10,2025-11-01,4,test,train_plus_validation,12.0,19.262190419375987,9.0
Matale,2025-10-17,2025-11-08,4,test,train_plus_validation,22.0,22.343385271333542,15.0
Matale,2025-10-24,2025-11-15,4,test,train_plus_validation,20.0,31.070496491714092,24.0
Matale,2025-10-31,2025-11-22,4,test,train_plus_validation,15.0,38.02240948150364,22.0
Matale,2025-11-07,2025-11-29,4,test,train_plus_validation,21.0,32.04792331297375,12.0
Matale,2025-11-14,2025-12-06,4,test,train_plus_validation,25.0,33.81685236702959,22.0
Matale,2025-11-21,2025-12-13,4,test,train_plus_validation,16.0,28.449490905990242,20.0
Matara,2024-12-13,2025-01-04,4,test,train_plus_validation,23.0,22.141025643920297,11.0
Matara,2024-12-20,2025-01-11,4,test,train_plus_validation,45.0,20.63729121665765,12.0
Matara,2024-12-27,2025-01-18,4,test,train_plus_validation,32.0,26.600790079526686,26.0
Matara,2025-01-03,2025-01-25,4,test,train_plus_validation,59.0,31.3649513300144,28.0
Matara,2025-01-10,2025-02-01,4,test,train_plus_validation,34.0,31.302217349538605,23.0
Matara,2025-01-17,2025-02-08,4,test,train_plus_validation,34.0,42.51751870003638,45.0
Matara,2025-01-24,2025-02-15,4,test,train_plus_validation,35.0,38.61225127427858,32.0
Matara,2025-01-31,2025-02-22,4,test,train_plus_validation,24.0,50.68623752092295,59.0
Matara,2025-02-07,2025-03-01,4,test,train_plus_validation,50.0,42.40890868244845,34.0
Matara,2025-02-14,2025-03-08,4,test,train_plus_validation,32.0,39.354091325608245,34.0
Matara,2025-02-21,2025-03-15,4,test,train_plus_validation,30.0,40.278999227186,35.0
Matara,2025-02-28,2025-03-22,4,test,train_plus_validation,44.0,31.726289855308387,24.0
Matara,2025-03-07,2025-03-29,4,test,train_plus_validation,38.0,53.65413142216357,50.0
Matara,2025-03-14,2025-04-05,4,test,train_plus_validation,32.0,37.029555018478156,32.0
Matara,2025-03-21,2025-04-12,4,test,train_plus_validation,35.0,35.14849756779951,30.0
Matara,2025-03-28,2025-04-19,4,test,train_plus_validation,38.0,49.06676377535928,44.0
Matara,2025-04-04,2025-04-26,4,test,train_plus_validation,38.0,42.63242629138446,38.0
Matara,2025-04-11,2025-05-03,4,test,train_plus_validation,17.0,40.83315524108091,32.0
Matara,2025-04-18,2025-05-10,4,test,train_plus_validation,27.0,44.272825939383424,35.0
Matara,2025-04-25,2025-05-17,4,test,train_plus_validation,21.0,43.88538760580377,38.0
Matara,2025-05-02,2025-05-24,4,test,train_plus_validation,26.0,42.106114877264744,38.0
Matara,2025-05-09,2025-05-31,4,test,train_plus_validation,34.0,35.11220103867064,17.0
Matara,2025-05-16,2025-06-07,4,test,train_plus_validation,70.0,34.10693997838973,27.0
Matara,2025-05-23,2025-06-14,4,test,train_plus_validation,39.0,30.109532984879436,21.0
Matara,2025-05-30,2025-06-21,4,test,train_plus_validation,58.0,30.415554254311573,26.0
Matara,2025-06-06,2025-06-28,4,test,train_plus_validation,39.0,44.718999618547954,34.0
Matara,2025-06-13,2025-07-05,4,test,train_plus_validation,28.0,60.821583445320066,70.0
Matara,2025-06-20,2025-07-12,4,test,train_plus_validation,41.0,43.2320365222638,39.0
Matara,2025-06-27,2025-07-19,4,test,train_plus_validation,42.0,53.52340469891641,58.0
Matara,2025-07-04,2025-07-26,4,test,train_plus_validation,30.0,42.67637994829193,39.0
Matara,2025-07-11,2025-08-02,4,test,train_plus_validation,20.0,33.66937807732265,28.0
Matara,2025-07-18,2025-08-09,4,test,train_plus_validation,35.0,36.34301644525185,41.0
Matara,2025-07-25,2025-08-16,4,test,train_plus_validation,26.0,39.91535839960889,42.0
Matara,2025-08-01,2025-08-23,4,test,train_plus_validation,26.0,31.67371267252585,30.0
Matara,2025-08-08,2025-08-30,4,test,train_plus_validation,16.0,27.464726943456498,20.0
Matara,2025-08-15,2025-09-06,4,test,train_plus_validation,18.0,35.068613975460146,35.0
Matara,2025-08-22,2025-09-13,4,test,train_plus_validation,12.0,27.006254773474257,26.0
Matara,2025-08-29,2025-09-20,4,test,train_plus_validation,12.0,25.19171494725952,26.0
Matara,2025-09-05,2025-09-27,4,test,train_plus_validation,12.0,18.82152285709815,16.0
Matara,2025-09-12,2025-10-04,4,test,train_plus_validation,20.0,20.07514404226881,18.0
Matara,2025-09-19,2025-10-11,4,test,train_plus_validation,22.0,16.521639045332233,12.0
Matara,2025-09-26,2025-10-18,4,test,train_plus_validation,10.0,18.485629504077387,12.0
Matara,2025-10-03,2025-10-25,4,test,train_plus_validation,23.0,20.519778953615194,12.0
Matara,2025-10-10,2025-11-01,4,test,train_plus_validation,17.0,24.09753892249356,20.0
Matara,2025-10-17,2025-11-08,4,test,train_plus_validation,36.0,27.290725897297992,22.0
Matara,2025-10-24,2025-11-15,4,test,train_plus_validation,22.0,23.06295915944956,10.0
Matara,2025-10-31,2025-11-22,4,test,train_plus_validation,37.0,27.76473363973971,23.0
Matara,2025-11-07,2025-11-29,4,test,train_plus_validation,45.0,25.59011142140946,17.0
Matara,2025-11-14,2025-12-06,4,test,train_plus_validation,67.0,39.88614808153395,36.0
Matara,2025-11-21,2025-12-13,4,test,train_plus_validation,44.0,32.814703596988245,22.0
Monaragala,2024-12-13,2025-01-04,4,test,train_plus_validation,26.0,34.758784947261525,22.0
Monaragala,2024-12-20,2025-01-11,4,test,train_plus_validation,23.0,29.243550470390225,13.0
Monaragala,2024-12-27,2025-01-18,4,test,train_plus_validation,24.0,22.448834031367632,13.0
Monaragala,2025-01-03,2025-01-25,4,test,train_plus_validation,20.0,26.27598726708328,25.0
Monaragala,2025-01-10,2025-02-01,4,test,train_plus_validation,6.0,28.23954605978953,26.0
Monaragala,2025-01-17,2025-02-08,4,test,train_plus_validation,6.0,29.305974844557035,23.0
Monaragala,2025-01-24,2025-02-15,4,test,train_plus_validation,15.0,32.41973007756386,24.0
Monaragala,2025-01-31,2025-02-22,4,test,train_plus_validation,10.0,33.7810505966372,20.0
Monaragala,2025-02-07,2025-03-01,4,test,train_plus_validation,17.0,33.54384080069851,6.0
Monaragala,2025-02-14,2025-03-08,4,test,train_plus_validation,23.0,31.4360590740382,6.0
Monaragala,2025-02-21,2025-03-15,4,test,train_plus_validation,24.0,19.85336597486908,15.0
Monaragala,2025-02-28,2025-03-22,4,test,train_plus_validation,21.0,12.354871455219936,10.0
Monaragala,2025-03-07,2025-03-29,4,test,train_plus_validation,15.0,14.733487580478311,17.0
Monaragala,2025-03-14,2025-04-05,4,test,train_plus_validation,29.0,23.967726283527046,23.0
Monaragala,2025-03-21,2025-04-12,4,test,train_plus_validation,27.0,26.762635987488665,24.0
Monaragala,2025-03-28,2025-04-19,4,test,train_plus_validation,12.0,27.941712918063924,21.0
Monaragala,2025-04-04,2025-04-26,4,test,train_plus_validation,22.0,25.748586638423163,15.0
Monaragala,2025-04-11,2025-05-03,4,test,train_plus_validation,10.0,29.06366092059539,29.0
Monaragala,2025-04-18,2025-05-10,4,test,train_plus_validation,17.0,29.559499936923984,27.0
Monaragala,2025-04-25,2025-05-17,4,test,train_plus_validation,15.0,27.18159197023684,12.0
Monaragala,2025-05-02,2025-05-24,4,test,train_plus_validation,26.0,29.47859465664158,22.0
Monaragala,2025-05-09,2025-05-31,4,test,train_plus_validation,29.0,24.08684103313788,10.0
Monaragala,2025-05-16,2025-06-07,4,test,train_plus_validation,26.0,21.387688651982273,17.0
Monaragala,2025-05-23,2025-06-14,4,test,train_plus_validation,24.0,18.944791791699743,15.0
Monaragala,2025-05-30,2025-06-21,4,test,train_plus_validation,27.0,26.514431969533266,26.0
Monaragala,2025-06-06,2025-06-28,4,test,train_plus_validation,12.0,26.691440484035155,29.0
Monaragala,2025-06-13,2025-07-05,4,test,train_plus_validation,13.0,26.382806147639737,26.0
Monaragala,2025-06-20,2025-07-12,4,test,train_plus_validation,19.0,26.41553852267691,24.0
Monaragala,2025-06-27,2025-07-19,4,test,train_plus_validation,17.0,25.4637357895841,27.0
Monaragala,2025-07-04,2025-07-26,4,test,train_plus_validation,17.0,16.742348872197677,12.0
Monaragala,2025-07-11,2025-08-02,4,test,train_plus_validation,11.0,14.769473145512457,13.0
Monaragala,2025-07-18,2025-08-09,4,test,train_plus_validation,17.0,18.143893200180603,19.0
Monaragala,2025-07-25,2025-08-16,4,test,train_plus_validation,8.0,18.233792246310685,17.0
Monaragala,2025-08-01,2025-08-23,4,test,train_plus_validation,16.0,18.68981269093976,17.0
Monaragala,2025-08-08,2025-08-30,4,test,train_plus_validation,3.0,17.684994724586826,11.0
Monaragala,2025-08-15,2025-09-06,4,test,train_plus_validation,16.0,21.153703776325788,17.0
Monaragala,2025-08-22,2025-09-13,4,test,train_plus_validation,10.0,12.38293490310209,8.0
Monaragala,2025-08-29,2025-09-20,4,test,train_plus_validation,8.0,15.217981665970914,16.0
Monaragala,2025-09-05,2025-09-27,4,test,train_plus_validation,9.0,9.984781253402263,3.0
Monaragala,2025-09-12,2025-10-04,4,test,train_plus_validation,4.0,14.98919752190088,16.0
Monaragala,2025-09-19,2025-10-11,4,test,train_plus_validation,11.0,15.805559343061471,10.0
Monaragala,2025-09-26,2025-10-18,4,test,train_plus_validation,17.0,16.88996083674799,8.0
Monaragala,2025-10-03,2025-10-25,4,test,train_plus_validation,16.0,16.603763701868886,9.0
Monaragala,2025-10-10,2025-11-01,4,test,train_plus_validation,7.0,12.168395614398335,4.0
Monaragala,2025-10-17,2025-11-08,4,test,train_plus_validation,10.0,13.502512335521047,11.0
Monaragala,2025-10-24,2025-11-15,4,test,train_plus_validation,15.0,17.603623610998863,17.0
Monaragala,2025-10-31,2025-11-22,4,test,train_plus_validation,15.0,19.715472984742952,16.0
Monaragala,2025-11-07,2025-11-29,4,test,train_plus_validation,10.0,17.457121737120982,7.0
Monaragala,2025-11-14,2025-12-06,4,test,train_plus_validation,14.0,17.36819276938127,10.0
Monaragala,2025-11-21,2025-12-13,4,test,train_plus_validation,24.0,18.909574260382616,15.0
Mullaitivu,2024-12-13,2025-01-04,4,test,train_plus_validation,1.0,16.197785975154506,5.0
Mullaitivu,2024-12-20,2025-01-11,4,test,train_plus_validation,1.0,11.246859736512794,2.0
Mullaitivu,2024-12-27,2025-01-18,4,test,train_plus_validation,4.0,9.687325729988661,4.0
Mullaitivu,2025-01-03,2025-01-25,4,test,train_plus_validation,1.0,5.221333194519706,3.0
Mullaitivu,2025-01-10,2025-02-01,4,test,train_plus_validation,2.0,7.156780353103208,1.0
Mullaitivu,2025-01-17,2025-02-08,4,test,train_plus_validation,2.0,3.792342242530577,1.0
Mullaitivu,2025-01-24,2025-02-15,4,test,train_plus_validation,0.0,5.3820954790710624,4.0
Mullaitivu,2025-01-31,2025-02-22,4,test,train_plus_validation,1.0,4.844615513535136,1.0
Mullaitivu,2025-02-07,2025-03-01,4,test,train_plus_validation,1.0,3.861721940347948,2.0
Mullaitivu,2025-02-14,2025-03-08,4,test,train_plus_validation,3.0,3.733022337909907,2.0
Mullaitivu,2025-02-21,2025-03-15,4,test,train_plus_validation,0.0,2.6872591207505367,0.0
Mullaitivu,2025-02-28,2025-03-22,4,test,train_plus_validation,0.0,1.7869232411856777,1.0
Mullaitivu,2025-03-07,2025-03-29,4,test,train_plus_validation,2.0,1.7330916345664227,1.0
Mullaitivu,2025-03-14,2025-04-05,4,test,train_plus_validation,2.0,2.622814937554716,3.0
Mullaitivu,2025-03-21,2025-04-12,4,test,train_plus_validation,1.0,2.479299781868505,0.0
Mullaitivu,2025-03-28,2025-04-19,4,test,train_plus_validation,0.0,2.3661389840813256,0.0
Mullaitivu,2025-04-04,2025-04-26,4,test,train_plus_validation,2.0,1.9598425847825605,2.0
Mullaitivu,2025-04-11,2025-05-03,4,test,train_plus_validation,1.0,2.1630985730270025,2.0
Mullaitivu,2025-04-18,2025-05-10,4,test,train_plus_validation,2.0,1.6224467193973773,1.0
Mullaitivu,2025-04-25,2025-05-17,4,test,train_plus_validation,1.0,1.420711197548229,0.0
Mullaitivu,2025-05-02,2025-05-24,4,test,train_plus_validation,1.0,1.7800905166554037,2.0
Mullaitivu,2025-05-09,2025-05-31,4,test,train_plus_validation,4.0,1.4378995170137125,1.0
Mullaitivu,2025-05-16,2025-06-07,4,test,train_plus_validation,2.0,1.8373929894996157,2.0
Mullaitivu,2025-05-23,2025-06-14,4,test,train_plus_validation,1.0,1.4389390713182715,1.0
Mullaitivu,2025-05-30,2025-06-21,4,test,train_plus_validation,3.0,1.6946361865163941,1.0
Mullaitivu,2025-06-06,2025-06-28,4,test,train_plus_validation,2.0,2.2898545367219483,4.0
Mullaitivu,2025-06-13,2025-07-05,4,test,train_plus_validation,0.0,2.3332993081480877,2.0
Mullaitivu,2025-06-20,2025-07-12,4,test,train_plus_validation,0.0,2.1254197866914932,1.0
Mullaitivu,2025-06-27,2025-07-19,4,test,train_plus_validation,0.0,2.3867783985507014,3.0
Mullaitivu,2025-07-04,2025-07-26,4,test,train_plus_validation,0.0,2.6365419092406297,2.0
Mullaitivu,2025-07-11,2025-08-02,4,test,train_plus_validation,0.0,1.9596053145527526,0.0
Mullaitivu,2025-07-18,2025-08-09,4,test,train_plus_validation,0.0,1.4278135605812856,0.0
Mullaitivu,2025-07-25,2025-08-16,4,test,train_plus_validation,0.0,1.2141626875480465,0.0
Mullaitivu,2025-08-01,2025-08-23,4,test,train_plus_validation,1.0,0.7667238515403749,0.0
Mullaitivu,2025-08-08,2025-08-30,4,test,train_plus_validation,0.0,0.7341866294337884,0.0
Mullaitivu,2025-08-15,2025-09-06,4,test,train_plus_validation,2.0,0.7317074635584048,0.0
Mullaitivu,2025-08-22,2025-09-13,4,test,train_plus_validation,2.0,0.7321603676182009,0.0
Mullaitivu,2025-08-29,2025-09-20,4,test,train_plus_validation,0.0,0.7747806058401188,1.0
Mullaitivu,2025-09-05,2025-09-27,4,test,train_plus_validation,1.0,0.8820080131590387,0.0
Mullaitivu,2025-09-12,2025-10-04,4,test,train_plus_validation,0.0,1.3411611706031465,2.0
Mullaitivu,2025-09-19,2025-10-11,4,test,train_plus_validation,0.0,1.686279401323262,2.0
Mullaitivu,2025-09-26,2025-10-18,4,test,train_plus_validation,0.0,1.649774779246698,0.0
Mullaitivu,2025-10-03,2025-10-25,4,test,train_plus_validation,1.0,1.326008266045264,1.0
Mullaitivu,2025-10-10,2025-11-01,4,test,train_plus_validation,0.0,1.5811677844815673,0.0
Mullaitivu,2025-10-17,2025-11-08,4,test,train_plus_validation,2.0,1.4072023619959004,0.0
Mullaitivu,2025-10-24,2025-11-15,4,test,train_plus_validation,4.0,1.5686236703195475,0.0
Mullaitivu,2025-10-31,2025-11-22,4,test,train_plus_validation,2.0,1.9103005335950638,1.0
Mullaitivu,2025-11-07,2025-11-29,4,test,train_plus_validation,0.0,2.201168497063568,0.0
Mullaitivu,2025-11-14,2025-12-06,4,test,train_plus_validation,2.0,2.398976602849272,2.0
Mullaitivu,2025-11-21,2025-12-13,4,test,train_plus_validation,3.0,4.790142512118708,4.0
Nuwara Eliya,2024-12-13,2025-01-04,4,test,train_plus_validation,8.0,4.254482981825983,1.0
Nuwara Eliya,2024-12-20,2025-01-11,4,test,train_plus_validation,1.0,4.5047469505968225,3.0
Nuwara Eliya,2024-12-27,2025-01-18,4,test,train_plus_validation,10.0,9.277440425164427,10.0
Nuwara Eliya,2025-01-03,2025-01-25,4,test,train_plus_validation,6.0,6.226293714397001,5.0
Nuwara Eliya,2025-01-10,2025-02-01,4,test,train_plus_validation,4.0,7.720911963800245,8.0
Nuwara Eliya,2025-01-17,2025-02-08,4,test,train_plus_validation,4.0,6.563928005745648,1.0
Nuwara Eliya,2025-01-24,2025-02-15,4,test,train_plus_validation,6.0,9.61283547216824,10.0
Nuwara Eliya,2025-01-31,2025-02-22,4,test,train_plus_validation,2.0,10.03207851616884,6.0
Nuwara Eliya,2025-02-07,2025-03-01,4,test,train_plus_validation,2.0,10.491808727092577,4.0
Nuwara Eliya,2025-02-14,2025-03-08,4,test,train_plus_validation,1.0,9.198369816832699,4.0
Nuwara Eliya,2025-02-21,2025-03-15,4,test,train_plus_validation,6.0,8.85400377957145,6.0
Nuwara Eliya,2025-02-28,2025-03-22,4,test,train_plus_validation,4.0,3.965391376836695,2.0
Nuwara Eliya,2025-03-07,2025-03-29,4,test,train_plus_validation,3.0,3.6748993785867787,2.0
Nuwara Eliya,2025-03-14,2025-04-05,4,test,train_plus_validation,1.0,3.425854691189493,1.0
Nuwara Eliya,2025-03-21,2025-04-12,4,test,train_plus_validation,3.0,5.121181678249133,6.0
Nuwara Eliya,2025-03-28,2025-04-19,4,test,train_plus_validation,6.0,4.489164859575871,4.0
Nuwara Eliya,2025-04-04,2025-04-26,4,test,train_plus_validation,6.0,4.9291888764546,3.0
Nuwara Eliya,2025-04-11,2025-05-03,4,test,train_plus_validation,7.0,4.923602534743899,1.0
Nuwara Eliya,2025-04-18,2025-05-10,4,test,train_plus_validation,9.0,5.0034023798226,3.0
Nuwara Eliya,2025-04-25,2025-05-17,4,test,train_plus_validation,4.0,6.479742700196301,6.0
Nuwara Eliya,2025-05-02,2025-05-24,4,test,train_plus_validation,7.0,6.9917796241214,6.0
Nuwara Eliya,2025-05-09,2025-05-31,4,test,train_plus_validation,9.0,8.81410303051767,7.0
Nuwara Eliya,2025-05-16,2025-06-07,4,test,train_plus_validation,17.0,9.729845588042323,9.0
Nuwara Eliya,2025-05-23,2025-06-14,4,test,train_plus_validation,20.0,8.566864430314363,4.0
Nuwara Eliya,2025-05-30,2025-06-21,4,test,train_plus_validation,6.0,9.51844822436553,7.0
Nuwara Eliya,2025-06-06,2025-06-28,4,test,train_plus_validation,8.0,8.749982645280921,9.0
Nuwara Eliya,2025-06-13,2025-07-05,4,test,train_plus_validation,10.0,15.31396140993525,17.0
Nuwara Eliya,2025-06-20,2025-07-12,4,test,train_plus_validation,24.0,21.585941245021978,20.0
Nuwara Eliya,2025-06-27,2025-07-19,4,test,train_plus_validation,18.0,18.50199807130774,6.0
Nuwara Eliya,2025-07-04,2025-07-26,4,test,train_plus_validation,9.0,13.11453879311269,8.0
Nuwara Eliya,2025-07-11,2025-08-02,4,test,train_plus_validation,10.0,12.329657372452523,10.0
Nuwara Eliya,2025-07-18,2025-08-09,4,test,train_plus_validation,3.0,27.43203420902427,24.0
Nuwara Eliya,2025-07-25,2025-08-16,4,test,train_plus_validation,8.0,19.911162636996025,18.0
Nuwara Eliya,2025-08-01,2025-08-23,4,test,train_plus_validation,5.0,20.355737442240844,9.0
Nuwara Eliya,2025-08-08,2025-08-30,4,test,train_plus_validation,7.0,18.001608056374817,10.0
Nuwara Eliya,2025-08-15,2025-09-06,4,test,train_plus_validation,5.0,17.931644546843877,3.0
Nuwara Eliya,2025-08-22,2025-09-13,4,test,train_plus_validation,6.0,12.47938656044276,8.0
Nuwara Eliya,2025-08-29,2025-09-20,4,test,train_plus_validation,6.0,6.063712313379773,5.0
Nuwara Eliya,2025-09-05,2025-09-27,4,test,train_plus_validation,10.0,6.558613665769138,7.0
Nuwara Eliya,2025-09-12,2025-10-04,4,test,train_plus_validation,10.0,6.207797049448943,5.0
Nuwara Eliya,2025-09-19,2025-10-11,4,test,train_plus_validation,5.0,7.2338141397384605,6.0
Nuwara Eliya,2025-09-26,2025-10-18,4,test,train_plus_validation,2.0,7.247146523250714,6.0
Nuwara Eliya,2025-10-03,2025-10-25,4,test,train_plus_validation,5.0,9.727079981571958,10.0
Nuwara Eliya,2025-10-10,2025-11-01,4,test,train_plus_validation,5.0,10.38229876747464,10.0
Nuwara Eliya,2025-10-17,2025-11-08,4,test,train_plus_validation,5.0,9.306257913594747,5.0
Nuwara Eliya,2025-10-24,2025-11-15,4,test,train_plus_validation,8.0,8.396532731029108,2.0
Nuwara Eliya,2025-10-31,2025-11-22,4,test,train_plus_validation,8.0,9.04972697084898,5.0
Nuwara Eliya,2025-11-07,2025-11-29,4,test,train_plus_validation,1.0,8.540932835229368,5.0
Nuwara Eliya,2025-11-14,2025-12-06,4,test,train_plus_validation,3.0,7.388901304888629,5.0
Nuwara Eliya,2025-11-21,2025-12-13,4,test,train_plus_validation,7.0,6.97653463798844,8.0
Polonnaruwa,2024-12-13,2025-01-04,4,test,train_plus_validation,6.0,17.518090921010337,5.0
Polonnaruwa,2024-12-20,2025-01-11,4,test,train_plus_validation,7.0,23.15017274137029,3.0
Polonnaruwa,2024-12-27,2025-01-18,4,test,train_plus_validation,3.0,15.60463788980489,6.0
Polonnaruwa,2025-01-03,2025-01-25,4,test,train_plus_validation,8.0,13.675048794873838,14.0
Polonnaruwa,2025-01-10,2025-02-01,4,test,train_plus_validation,10.0,11.77192234807168,6.0
Polonnaruwa,2025-01-17,2025-02-08,4,test,train_plus_validation,10.0,12.295257393963992,7.0
Polonnaruwa,2025-01-24,2025-02-15,4,test,train_plus_validation,9.0,9.529871921163208,3.0
Polonnaruwa,2025-01-31,2025-02-22,4,test,train_plus_validation,6.0,11.004641470121529,8.0
Polonnaruwa,2025-02-07,2025-03-01,4,test,train_plus_validation,18.0,11.600492891793504,10.0
Polonnaruwa,2025-02-14,2025-03-08,4,test,train_plus_validation,3.0,13.07975518992508,10.0
Polonnaruwa,2025-02-21,2025-03-15,4,test,train_plus_validation,6.0,11.225627696866615,9.0
Polonnaruwa,2025-02-28,2025-03-22,4,test,train_plus_validation,4.0,7.209465268766717,6.0
Polonnaruwa,2025-03-07,2025-03-29,4,test,train_plus_validation,5.0,13.071212720325105,18.0
Polonnaruwa,2025-03-14,2025-04-05,4,test,train_plus_validation,6.0,8.685818265433202,3.0
Polonnaruwa,2025-03-21,2025-04-12,4,test,train_plus_validation,5.0,7.531454236160936,6.0
Polonnaruwa,2025-03-28,2025-04-19,4,test,train_plus_validation,8.0,6.301263956071776,4.0
Polonnaruwa,2025-04-04,2025-04-26,4,test,train_plus_validation,10.0,6.433009029493957,5.0
Polonnaruwa,2025-04-11,2025-05-03,4,test,train_plus_validation,10.0,6.647566484902657,6.0
Polonnaruwa,2025-04-18,2025-05-10,4,test,train_plus_validation,7.0,6.054988247120361,5.0
Polonnaruwa,2025-04-25,2025-05-17,4,test,train_plus_validation,6.0,6.64438052207373,8.0
Polonnaruwa,2025-05-02,2025-05-24,4,test,train_plus_validation,12.0,10.291791850388178,10.0
Polonnaruwa,2025-05-09,2025-05-31,4,test,train_plus_validation,15.0,12.035793847914919,10.0
Polonnaruwa,2025-05-16,2025-06-07,4,test,train_plus_validation,12.0,12.89093886937316,7.0
Polonnaruwa,2025-05-23,2025-06-14,4,test,train_plus_validation,21.0,13.111900560416862,6.0
Polonnaruwa,2025-05-30,2025-06-21,4,test,train_plus_validation,10.0,12.736810867516578,12.0
Polonnaruwa,2025-06-06,2025-06-28,4,test,train_plus_validation,14.0,11.352996160306036,15.0
Polonnaruwa,2025-06-13,2025-07-05,4,test,train_plus_validation,11.0,11.36133903166382,12.0
Polonnaruwa,2025-06-20,2025-07-12,4,test,train_plus_validation,14.0,16.98214732931836,21.0
Polonnaruwa,2025-06-27,2025-07-19,4,test,train_plus_validation,15.0,11.598542325401612,10.0
Polonnaruwa,2025-07-04,2025-07-26,4,test,train_plus_validation,8.0,11.248091712419528,14.0
Polonnaruwa,2025-07-11,2025-08-02,4,test,train_plus_validation,2.0,10.765350836584304,11.0
Polonnaruwa,2025-07-18,2025-08-09,4,test,train_plus_validation,3.0,11.026309983324692,14.0
Polonnaruwa,2025-07-25,2025-08-16,4,test,train_plus_validation,5.0,12.224578287825166,15.0
Polonnaruwa,2025-08-01,2025-08-23,4,test,train_plus_validation,2.0,9.845371056561437,8.0
Polonnaruwa,2025-08-08,2025-08-30,4,test,train_plus_validation,4.0,7.331762573930511,2.0
Polonnaruwa,2025-08-15,2025-09-06,4,test,train_plus_validation,2.0,5.185818366852821,3.0
Polonnaruwa,2025-08-22,2025-09-13,4,test,train_plus_validation,2.0,5.007726936086269,5.0
Polonnaruwa,2025-08-29,2025-09-20,4,test,train_plus_validation,3.0,3.6147230321097656,2.0
Polonnaruwa,2025-09-05,2025-09-27,4,test,train_plus_validation,7.0,3.2140485011906255,4.0
Polonnaruwa,2025-09-12,2025-10-04,4,test,train_plus_validation,6.0,3.1115255055383724,2.0
Polonnaruwa,2025-09-19,2025-10-11,4,test,train_plus_validation,4.0,3.6306913549409416,2.0
Polonnaruwa,2025-09-26,2025-10-18,4,test,train_plus_validation,3.0,2.7784746005781855,3.0
Polonnaruwa,2025-10-03,2025-10-25,4,test,train_plus_validation,3.0,4.7624812444000275,7.0
Polonnaruwa,2025-10-10,2025-11-01,4,test,train_plus_validation,3.0,5.443049521132491,6.0
Polonnaruwa,2025-10-17,2025-11-08,4,test,train_plus_validation,15.0,5.768875248708097,4.0
Polonnaruwa,2025-10-24,2025-11-15,4,test,train_plus_validation,15.0,7.152437363283255,3.0
Polonnaruwa,2025-10-31,2025-11-22,4,test,train_plus_validation,8.0,7.625664114828233,3.0
Polonnaruwa,2025-11-07,2025-11-29,4,test,train_plus_validation,5.0,5.54022198759602,3.0
Polonnaruwa,2025-11-14,2025-12-06,4,test,train_plus_validation,6.0,11.99496425129979,15.0
Polonnaruwa,2025-11-21,2025-12-13,4,test,train_plus_validation,14.0,15.06836759401397,15.0
Puttalam,2024-12-13,2025-01-04,4,test,train_plus_validation,45.0,36.41680365268462,31.0
Puttalam,2024-12-20,2025-01-11,4,test,train_plus_validation,17.0,41.36595611396757,39.0
Puttalam,2024-12-27,2025-01-18,4,test,train_plus_validation,16.0,36.71852272361399,23.0
Puttalam,2025-01-03,2025-01-25,4,test,train_plus_validation,22.0,34.46613791112611,30.0
Puttalam,2025-01-10,2025-02-01,4,test,train_plus_validation,16.0,39.54863079754159,45.0
Puttalam,2025-01-17,2025-02-08,4,test,train_plus_validation,16.0,30.16849888803068,17.0
Puttalam,2025-01-24,2025-02-15,4,test,train_plus_validation,24.0,27.99971104588099,16.0
Puttalam,2025-01-31,2025-02-22,4,test,train_plus_validation,23.0,27.531263757351958,22.0
Puttalam,2025-02-07,2025-03-01,4,test,train_plus_validation,24.0,21.71321817538307,16.0
Puttalam,2025-02-14,2025-03-08,4,test,train_plus_validation,15.0,20.299520089655864,16.0
Puttalam,2025-02-21,2025-03-15,4,test,train_plus_validation,10.0,24.23149585962879,24.0
Puttalam,2025-02-28,2025-03-22,4,test,train_plus_validation,14.0,17.46535431356078,23.0
Puttalam,2025-03-07,2025-03-29,4,test,train_plus_validation,11.0,18.280036697600362,24.0
Puttalam,2025-03-14,2025-04-05,4,test,train_plus_validation,8.0,16.27822086892321,15.0
Puttalam,2025-03-21,2025-04-12,4,test,train_plus_validation,7.0,18.51624321788077,10.0
Puttalam,2025-03-28,2025-04-19,4,test,train_plus_validation,10.0,17.567544299211153,14.0
Puttalam,2025-04-04,2025-04-26,4,test,train_plus_validation,9.0,14.089878294690187,11.0
Puttalam,2025-04-11,2025-05-03,4,test,train_plus_validation,12.0,14.217262439610822,8.0
Puttalam,2025-04-18,2025-05-10,4,test,train_plus_validation,8.0,11.208384895964329,7.0
Puttalam,2025-04-25,2025-05-17,4,test,train_plus_validation,13.0,12.258554336981256,10.0
Puttalam,2025-05-02,2025-05-24,4,test,train_plus_validation,11.0,12.293394046520794,9.0
Puttalam,2025-05-09,2025-05-31,4,test,train_plus_validation,17.0,12.641674428652108,12.0
Puttalam,2025-05-16,2025-06-07,4,test,train_plus_validation,10.0,9.835744526865684,8.0
Puttalam,2025-05-23,2025-06-14,4,test,train_plus_validation,10.0,12.638192833408326,13.0
Puttalam,2025-05-30,2025-06-21,4,test,train_plus_validation,7.0,14.895425162897336,11.0
Puttalam,2025-06-06,2025-06-28,4,test,train_plus_validation,12.0,17.11206568500993,17.0
Puttalam,2025-06-13,2025-07-05,4,test,train_plus_validation,7.0,15.643616742332018,10.0
Puttalam,2025-06-20,2025-07-12,4,test,train_plus_validation,12.0,15.307599628619037,10.0
Puttalam,2025-06-27,2025-07-19,4,test,train_plus_validation,12.0,13.08088018789202,7.0
Puttalam,2025-07-04,2025-07-26,4,test,train_plus_validation,15.0,12.282686891822236,12.0
Puttalam,2025-07-11,2025-08-02,4,test,train_plus_validation,17.0,8.821128539005604,7.0
Puttalam,2025-07-18,2025-08-09,4,test,train_plus_validation,11.0,11.61722454680776,12.0
Puttalam,2025-07-25,2025-08-16,4,test,train_plus_validation,4.0,11.03300263880398,12.0
Puttalam,2025-08-01,2025-08-23,4,test,train_plus_validation,9.0,12.847954980921646,15.0
Puttalam,2025-08-08,2025-08-30,4,test,train_plus_validation,5.0,15.717826516725749,17.0
Puttalam,2025-08-15,2025-09-06,4,test,train_plus_validation,10.0,13.260061717311078,11.0
Puttalam,2025-08-22,2025-09-13,4,test,train_plus_validation,6.0,8.807289404536807,4.0
Puttalam,2025-08-29,2025-09-20,4,test,train_plus_validation,4.0,9.628583262062378,9.0
Puttalam,2025-09-05,2025-09-27,4,test,train_plus_validation,5.0,6.969056549399252,5.0
Puttalam,2025-09-12,2025-10-04,4,test,train_plus_validation,5.0,8.009044698708411,10.0
Puttalam,2025-09-19,2025-10-11,4,test,train_plus_validation,12.0,6.364368798244415,6.0
Puttalam,2025-09-26,2025-10-18,4,test,train_plus_validation,5.0,6.019967907283822,4.0
Puttalam,2025-10-03,2025-10-25,4,test,train_plus_validation,11.0,6.232981094167689,5.0
Puttalam,2025-10-10,2025-11-01,4,test,train_plus_validation,23.0,5.796962701900189,5.0
Puttalam,2025-10-17,2025-11-08,4,test,train_plus_validation,20.0,11.18657923941197,12.0
Puttalam,2025-10-24,2025-11-15,4,test,train_plus_validation,18.0,10.672474210125031,5.0
Puttalam,2025-10-31,2025-11-22,4,test,train_plus_validation,10.0,15.453541400113403,11.0
Puttalam,2025-11-07,2025-11-29,4,test,train_plus_validation,13.0,29.117852774745156,23.0
Puttalam,2025-11-14,2025-12-06,4,test,train_plus_validation,30.0,26.266051263272054,20.0
Puttalam,2025-11-21,2025-12-13,4,test,train_plus_validation,22.0,25.381403672378728,18.0
Ratnapura,2024-12-13,2025-01-04,4,test,train_plus_validation,56.0,46.8879392067049,44.0
Ratnapura,2024-12-20,2025-01-11,4,test,train_plus_validation,46.0,44.27966844523712,20.0
Ratnapura,2024-12-27,2025-01-18,4,test,train_plus_validation,70.0,45.410598769926786,47.0
Ratnapura,2025-01-03,2025-01-25,4,test,train_plus_validation,58.0,33.96205278768351,30.0
Ratnapura,2025-01-10,2025-02-01,4,test,train_plus_validation,47.0,51.4841008074076,56.0
Ratnapura,2025-01-17,2025-02-08,4,test,train_plus_validation,47.0,51.72785927884632,46.0
Ratnapura,2025-01-24,2025-02-15,4,test,train_plus_validation,50.0,75.33173785192247,70.0
Ratnapura,2025-01-31,2025-02-22,4,test,train_plus_validation,47.0,63.390830914982274,58.0
Ratnapura,2025-02-07,2025-03-01,4,test,train_plus_validation,13.0,53.05321947823839,47.0
Ratnapura,2025-02-14,2025-03-08,4,test,train_plus_validation,46.0,52.23204725899456,47.0
Ratnapura,2025-02-21,2025-03-15,4,test,train_plus_validation,56.0,49.86758794701431,50.0
Ratnapura,2025-02-28,2025-03-22,4,test,train_plus_validation,45.0,50.800462338032226,47.0
Ratnapura,2025-03-07,2025-03-29,4,test,train_plus_validation,54.0,38.86340343866211,13.0
Ratnapura,2025-03-14,2025-04-05,4,test,train_plus_validation,146.0,49.259819983776026,46.0
Ratnapura,2025-03-21,2025-04-12,4,test,train_plus_validation,146.0,56.556911465873114,56.0
Ratnapura,2025-03-28,2025-04-19,4,test,train_plus_validation,319.0,53.135889803839305,45.0
Ratnapura,2025-04-04,2025-04-26,4,test,train_plus_validation,273.0,58.662594953036276,54.0
Ratnapura,2025-04-11,2025-05-03,4,test,train_plus_validation,242.0,189.45667233933915,146.0
Ratnapura,2025-04-18,2025-05-10,4,test,train_plus_validation,251.0,209.56590270191356,146.0
Ratnapura,2025-04-25,2025-05-17,4,test,train_plus_validation,203.0,351.54271850099116,319.0
Ratnapura,2025-05-02,2025-05-24,4,test,train_plus_validation,197.0,317.0158186757484,273.0
Ratnapura,2025-05-09,2025-05-31,4,test,train_plus_validation,172.0,296.59486787173245,242.0
Ratnapura,2025-05-16,2025-06-07,4,test,train_plus_validation,145.0,294.30366139269285,251.0
Ratnapura,2025-05-23,2025-06-14,4,test,train_plus_validation,118.0,217.6974656145076,203.0
Ratnapura,2025-05-30,2025-06-21,4,test,train_plus_validation,120.0,209.69081843031947,197.0
Ratnapura,2025-06-06,2025-06-28,4,test,train_plus_validation,104.0,197.9524628116106,172.0
Ratnapura,2025-06-13,2025-07-05,4,test,train_plus_validation,97.0,204.24619947542303,145.0
Ratnapura,2025-06-20,2025-07-12,4,test,train_plus_validation,93.0,145.8014762219721,118.0
Ratnapura,2025-06-27,2025-07-19,4,test,train_plus_validation,99.0,139.6605823810389,120.0
Ratnapura,2025-07-04,2025-07-26,4,test,train_plus_validation,91.0,127.02267825024542,104.0
Ratnapura,2025-07-11,2025-08-02,4,test,train_plus_validation,64.0,88.03387790566744,97.0
Ratnapura,2025-07-18,2025-08-09,4,test,train_plus_validation,79.0,82.79047139551412,93.0
Ratnapura,2025-07-25,2025-08-16,4,test,train_plus_validation,62.0,98.34913071189906,99.0
Ratnapura,2025-08-01,2025-08-23,4,test,train_plus_validation,60.0,94.18173574932963,91.0
Ratnapura,2025-08-08,2025-08-30,4,test,train_plus_validation,59.0,65.3282460368232,64.0
Ratnapura,2025-08-15,2025-09-06,4,test,train_plus_validation,15.0,69.94688760550618,79.0
Ratnapura,2025-08-22,2025-09-13,4,test,train_plus_validation,65.0,63.16669093362854,62.0
Ratnapura,2025-08-29,2025-09-20,4,test,train_plus_validation,63.0,52.62528694260885,60.0
Ratnapura,2025-09-05,2025-09-27,4,test,train_plus_validation,70.0,51.78422353053657,59.0
Ratnapura,2025-09-12,2025-10-04,4,test,train_plus_validation,41.0,36.718550500364664,15.0
Ratnapura,2025-09-19,2025-10-11,4,test,train_plus_validation,42.0,57.21978816799526,65.0
Ratnapura,2025-09-26,2025-10-18,4,test,train_plus_validation,36.0,65.68714096918556,63.0
Ratnapura,2025-10-03,2025-10-25,4,test,train_plus_validation,57.0,87.20367113723027,70.0
Ratnapura,2025-10-10,2025-11-01,4,test,train_plus_validation,47.0,62.165098730142745,41.0
Ratnapura,2025-10-17,2025-11-08,4,test,train_plus_validation,43.0,42.39509281071498,42.0
Ratnapura,2025-10-24,2025-11-15,4,test,train_plus_validation,54.0,46.37240395512195,36.0
Ratnapura,2025-10-31,2025-11-22,4,test,train_plus_validation,54.0,69.18706874697632,57.0
Ratnapura,2025-11-07,2025-11-29,4,test,train_plus_validation,64.0,61.07561341718837,47.0
Ratnapura,2025-11-14,2025-12-06,4,test,train_plus_validation,43.0,48.95465101117946,43.0
Ratnapura,2025-11-21,2025-12-13,4,test,train_plus_validation,60.0,59.9405703517349,54.0
Trincomalee,2024-12-13,2025-01-04,4,test,train_plus_validation,34.0,34.21840990898772,20.0
Trincomalee,2024-12-20,2025-01-11,4,test,train_plus_validation,34.0,35.42376144360363,19.0
Trincomalee,2024-12-27,2025-01-18,4,test,train_plus_validation,23.0,38.415361070047105,30.0
Trincomalee,2025-01-03,2025-01-25,4,test,train_plus_validation,22.0,38.037161801874625,28.0
Trincomalee,2025-01-10,2025-02-01,4,test,train_plus_validation,28.0,39.29129407892949,34.0
Trincomalee,2025-01-17,2025-02-08,4,test,train_plus_validation,28.0,40.80103564344503,34.0
Trincomalee,2025-01-24,2025-02-15,4,test,train_plus_validation,29.0,34.894820712169945,23.0
Trincomalee,2025-01-31,2025-02-22,4,test,train_plus_validation,25.0,32.05418566984787,22.0
Trincomalee,2025-02-07,2025-03-01,4,test,train_plus_validation,17.0,28.954773340285275,28.0
Trincomalee,2025-02-14,2025-03-08,4,test,train_plus_validation,25.0,29.512860077289357,28.0
Trincomalee,2025-02-21,2025-03-15,4,test,train_plus_validation,23.0,27.23292000977325,29.0
Trincomalee,2025-02-28,2025-03-22,4,test,train_plus_validation,28.0,20.18170513946342,25.0
Trincomalee,2025-03-07,2025-03-29,4,test,train_plus_validation,36.0,20.984074506122674,17.0
Trincomalee,2025-03-14,2025-04-05,4,test,train_plus_validation,33.0,25.117341653083773,25.0
Trincomalee,2025-03-21,2025-04-12,4,test,train_plus_validation,44.0,26.93906149967745,23.0
Trincomalee,2025-03-28,2025-04-19,4,test,train_plus_validation,46.0,29.448444103135163,28.0
Trincomalee,2025-04-04,2025-04-26,4,test,train_plus_validation,64.0,44.66735695258824,36.0
Trincomalee,2025-04-11,2025-05-03,4,test,train_plus_validation,55.0,43.229061698684305,33.0
Trincomalee,2025-04-18,2025-05-10,4,test,train_plus_validation,45.0,45.567887191368044,44.0
Trincomalee,2025-04-25,2025-05-17,4,test,train_plus_validation,43.0,50.15388425417347,46.0
Trincomalee,2025-05-02,2025-05-24,4,test,train_plus_validation,39.0,70.98386004463745,64.0
Trincomalee,2025-05-09,2025-05-31,4,test,train_plus_validation,40.0,62.51865464709648,55.0
Trincomalee,2025-05-16,2025-06-07,4,test,train_plus_validation,16.0,46.4599053277136,45.0
Trincomalee,2025-05-23,2025-06-14,4,test,train_plus_validation,16.0,46.79100658092861,43.0
Trincomalee,2025-05-30,2025-06-21,4,test,train_plus_validation,12.0,37.948130441386716,39.0
Trincomalee,2025-06-06,2025-06-28,4,test,train_plus_validation,8.0,21.66958097399389,40.0
Trincomalee,2025-06-13,2025-07-05,4,test,train_plus_validation,11.0,19.814922868465587,16.0
Trincomalee,2025-06-20,2025-07-12,4,test,train_plus_validation,11.0,14.984243886510919,16.0
Trincomalee,2025-06-27,2025-07-19,4,test,train_plus_validation,7.0,11.839864362868056,12.0
Trincomalee,2025-07-04,2025-07-26,4,test,train_plus_validation,9.0,9.728089368276368,8.0
Trincomalee,2025-07-11,2025-08-02,4,test,train_plus_validation,4.0,10.217559757969886,11.0
Trincomalee,2025-07-18,2025-08-09,4,test,train_plus_validation,2.0,10.00528449221424,11.0
Trincomalee,2025-07-25,2025-08-16,4,test,train_plus_validation,4.0,7.543232179384102,7.0
Trincomalee,2025-08-01,2025-08-23,4,test,train_plus_validation,4.0,8.46363777953878,9.0
Trincomalee,2025-08-08,2025-08-30,4,test,train_plus_validation,3.0,5.830425330870139,4.0
Trincomalee,2025-08-15,2025-09-06,4,test,train_plus_validation,5.0,4.5818446808531705,2.0
Trincomalee,2025-08-22,2025-09-13,4,test,train_plus_validation,2.0,3.9744219220710373,4.0
Trincomalee,2025-08-29,2025-09-20,4,test,train_plus_validation,6.0,3.8386003284431878,4.0
Trincomalee,2025-09-05,2025-09-27,4,test,train_plus_validation,8.0,3.5588926151088587,3.0
Trincomalee,2025-09-12,2025-10-04,4,test,train_plus_validation,1.0,4.391208694627852,5.0
Trincomalee,2025-09-19,2025-10-11,4,test,train_plus_validation,5.0,3.3640124793715462,2.0
Trincomalee,2025-09-26,2025-10-18,4,test,train_plus_validation,7.0,4.691318726891472,6.0
Trincomalee,2025-10-03,2025-10-25,4,test,train_plus_validation,15.0,5.8596217169624145,8.0
Trincomalee,2025-10-10,2025-11-01,4,test,train_plus_validation,12.0,5.1366278908179686,1.0
Trincomalee,2025-10-17,2025-11-08,4,test,train_plus_validation,11.0,5.999230541288797,5.0
Trincomalee,2025-10-24,2025-11-15,4,test,train_plus_validation,19.0,7.97118219455621,7.0
Trincomalee,2025-10-31,2025-11-22,4,test,train_plus_validation,16.0,16.811301174420706,15.0
Trincomalee,2025-11-07,2025-11-29,4,test,train_plus_validation,8.0,18.55287478734074,12.0
Trincomalee,2025-11-14,2025-12-06,4,test,train_plus_validation,26.0,17.8915553703913,11.0
Trincomalee,2025-11-21,2025-12-13,4,test,train_plus_validation,9.0,21.16354747855619,19.0
Vavuniya,2024-12-13,2025-01-04,4,test,train_plus_validation,2.0,8.554486331923867,4.0
Vavuniya,2024-12-20,2025-01-11,4,test,train_plus_validation,2.0,10.616318674952431,4.0
Vavuniya,2024-12-27,2025-01-18,4,test,train_plus_validation,2.0,8.690804443311084,2.0
Vavuniya,2025-01-03,2025-01-25,4,test,train_plus_validation,3.0,5.674014619712305,4.0
Vavuniya,2025-01-10,2025-02-01,4,test,train_plus_validation,2.0,5.407587424059828,2.0
Vavuniya,2025-01-17,2025-02-08,4,test,train_plus_validation,2.0,4.101914489372939,2.0
Vavuniya,2025-01-24,2025-02-15,4,test,train_plus_validation,0.0,4.0002148363632095,2.0
Vavuniya,2025-01-31,2025-02-22,4,test,train_plus_validation,5.0,4.558719987341537,3.0
Vavuniya,2025-02-07,2025-03-01,4,test,train_plus_validation,0.0,4.12898973610401,2.0
Vavuniya,2025-02-14,2025-03-08,4,test,train_plus_validation,1.0,4.25282741436159,2.0
Vavuniya,2025-02-21,2025-03-15,4,test,train_plus_validation,1.0,3.019703571502267,0.0
Vavuniya,2025-02-28,2025-03-22,4,test,train_plus_validation,1.0,3.996743543829133,5.0
Vavuniya,2025-03-07,2025-03-29,4,test,train_plus_validation,3.0,2.9374578685089103,0.0
Vavuniya,2025-03-14,2025-04-05,4,test,train_plus_validation,0.0,2.6772469218777912,1.0
Vavuniya,2025-03-21,2025-04-12,4,test,train_plus_validation,5.0,2.0526920504317108,1.0
Vavuniya,2025-03-28,2025-04-19,4,test,train_plus_validation,1.0,2.32453809528234,1.0
Vavuniya,2025-04-04,2025-04-26,4,test,train_plus_validation,3.0,2.5797906078847226,3.0
Vavuniya,2025-04-11,2025-05-03,4,test,train_plus_validation,0.0,2.33753193638024,0.0
Vavuniya,2025-04-18,2025-05-10,4,test,train_plus_validation,2.0,3.864845280123092,5.0
Vavuniya,2025-04-25,2025-05-17,4,test,train_plus_validation,2.0,2.514482873181559,1.0
Vavuniya,2025-05-02,2025-05-24,4,test,train_plus_validation,1.0,3.290492068015715,3.0
Vavuniya,2025-05-09,2025-05-31,4,test,train_plus_validation,5.0,2.951019344827622,0.0
Vavuniya,2025-05-16,2025-06-07,4,test,train_plus_validation,2.0,2.8138360023933635,2.0
Vavuniya,2025-05-23,2025-06-14,4,test,train_plus_validation,4.0,2.4603751903711437,2.0
Vavuniya,2025-05-30,2025-06-21,4,test,train_plus_validation,3.0,2.6760726259393843,1.0
Vavuniya,2025-06-06,2025-06-28,4,test,train_plus_validation,3.0,2.9864272627437796,5.0
Vavuniya,2025-06-13,2025-07-05,4,test,train_plus_validation,2.0,2.424238846825285,2.0
Vavuniya,2025-06-20,2025-07-12,4,test,train_plus_validation,3.0,3.079579278729753,4.0
Vavuniya,2025-06-27,2025-07-19,4,test,train_plus_validation,0.0,2.9050866725160533,3.0
Vavuniya,2025-07-04,2025-07-26,4,test,train_plus_validation,1.0,3.353784844620643,3.0
Vavuniya,2025-07-11,2025-08-02,4,test,train_plus_validation,0.0,2.6057171663990983,2.0
Vavuniya,2025-07-18,2025-08-09,4,test,train_plus_validation,2.0,2.892876041350273,3.0
Vavuniya,2025-07-25,2025-08-16,4,test,train_plus_validation,3.0,2.0687444816058123,0.0
Vavuniya,2025-08-01,2025-08-23,4,test,train_plus_validation,0.0,1.8106180867233332,1.0
Vavuniya,2025-08-08,2025-08-30,4,test,train_plus_validation,0.0,1.4094810473222945,0.0
Vavuniya,2025-08-15,2025-09-06,4,test,train_plus_validation,2.0,1.69119829292337,2.0
Vavuniya,2025-08-22,2025-09-13,4,test,train_plus_validation,1.0,2.3065687192047926,3.0
Vavuniya,2025-08-29,2025-09-20,4,test,train_plus_validation,0.0,1.8846654274671433,0.0
Vavuniya,2025-09-05,2025-09-27,4,test,train_plus_validation,0.0,1.5071172184896453,0.0
Vavuniya,2025-09-12,2025-10-04,4,test,train_plus_validation,4.0,1.8148424307077622,2.0
Vavuniya,2025-09-19,2025-10-11,4,test,train_plus_validation,2.0,1.5233623619562993,1.0
Vavuniya,2025-09-26,2025-10-18,4,test,train_plus_validation,0.0,1.3512486486963522,0.0
Vavuniya,2025-10-03,2025-10-25,4,test,train_plus_validation,1.0,1.32775313344545,0.0
Vavuniya,2025-10-10,2025-11-01,4,test,train_plus_validation,1.0,3.477822156666237,4.0
Vavuniya,2025-10-17,2025-11-08,4,test,train_plus_validation,2.0,2.6089175876161517,2.0
Vavuniya,2025-10-24,2025-11-15,4,test,train_plus_validation,0.0,3.792957649486872,0.0
Vavuniya,2025-10-31,2025-11-22,4,test,train_plus_validation,0.0,3.3103721209424255,1.0
Vavuniya,2025-11-07,2025-11-29,4,test,train_plus_validation,1.0,4.034075441045778,1.0
Vavuniya,2025-11-14,2025-12-06,4,test,train_plus_validation,2.0,2.8336105341014783,2.0
Vavuniya,2025-11-21,2025-12-13,4,test,train_plus_validation,3.0,2.798523121976828,0.0
