district,forecast_origin_date,target_date,horizon_weeks,split,actual,prediction_xgboost,prediction_persistence
Ampara,2024-01-05,2024-01-06,1,validation,45.0,72.44674,78.0
Ampara,2024-01-12,2024-01-13,1,validation,101.0,53.466793,45.0
Ampara,2024-01-19,2024-01-20,1,validation,71.0,85.460464,101.0
Ampara,2024-01-26,2024-01-27,1,validation,56.0,72.25533,71.0
Ampara,2024-02-02,2024-02-03,1,validation,80.0,60.45038,56.0
Ampara,2024-02-09,2024-02-10,1,validation,75.0,71.87311,80.0
Ampara,2024-02-16,2024-02-17,1,validation,25.0,64.78733,75.0
Ampara,2024-02-23,2024-02-24,1,validation,28.0,46.154728,25.0
Ampara,2024-03-01,2024-03-02,1,validation,36.0,30.33178,28.0
Ampara,2024-03-08,2024-03-09,1,validation,35.0,30.597607,36.0
Ampara,2024-03-15,2024-03-16,1,validation,25.0,30.727585,35.0
Ampara,2024-03-22,2024-03-23,1,validation,12.0,27.241133,25.0
Ampara,2024-03-29,2024-03-30,1,validation,15.0,21.370392,12.0
Ampara,2024-04-05,2024-04-06,1,validation,8.0,13.629014,15.0
Ampara,2024-04-12,2024-04-13,1,validation,8.0,12.41752,8.0
Ampara,2024-04-19,2024-04-20,1,validation,12.0,10.6209345,8.0
Ampara,2024-04-26,2024-04-27,1,validation,12.0,10.797224,12.0
Ampara,2024-05-03,2024-05-04,1,validation,7.0,10.998957,12.0
Ampara,2024-05-10,2024-05-11,1,validation,4.0,8.964667,7.0
Ampara,2024-05-17,2024-05-18,1,validation,3.0,6.2894244,4.0
Ampara,2024-05-24,2024-05-25,1,validation,14.0,5.3171353,3.0
Ampara,2024-05-31,2024-06-01,1,validation,11.0,9.653617,14.0
Ampara,2024-06-07,2024-06-08,1,validation,13.0,12.297754,11.0
Ampara,2024-06-14,2024-06-15,1,validation,8.0,13.086793,13.0
Ampara,2024-06-21,2024-06-22,1,validation,23.0,10.236272,8.0
Ampara,2024-06-28,2024-06-29,1,validation,11.0,23.667936,23.0
Ampara,2024-07-05,2024-07-06,1,validation,18.0,14.700532,11.0
Ampara,2024-07-12,2024-07-13,1,validation,12.0,15.082509,18.0
Ampara,2024-07-19,2024-07-20,1,validation,8.0,12.934351,12.0
Ampara,2024-07-26,2024-07-27,1,validation,20.0,11.457485,8.0
Ampara,2024-08-02,2024-08-03,1,validation,12.0,14.169309,20.0
Ampara,2024-08-09,2024-08-10,1,validation,16.0,12.463587,12.0
Ampara,2024-08-16,2024-08-17,1,validation,38.0,14.14644,16.0
Ampara,2024-08-23,2024-08-24,1,validation,17.0,26.138718,38.0
Ampara,2024-08-30,2024-08-31,1,validation,9.0,23.808676,17.0
Ampara,2024-09-06,2024-09-07,1,validation,24.0,16.639696,9.0
Ampara,2024-09-13,2024-09-14,1,validation,5.0,21.627409,24.0
Ampara,2024-09-20,2024-09-21,1,validation,7.0,13.933217,5.0
Ampara,2024-09-27,2024-09-28,1,validation,4.0,9.492451,7.0
Ampara,2024-10-04,2024-10-05,1,validation,7.0,4.163633,4.0
Ampara,2024-10-11,2024-10-12,1,validation,6.0,5.5662937,7.0
Ampara,2024-10-18,2024-10-19,1,validation,6.0,6.340164,6.0
Ampara,2024-10-25,2024-10-26,1,validation,1.0,6.322713,6.0
Ampara,2024-11-01,2024-11-02,1,validation,14.0,5.4723043,1.0
Ampara,2024-11-08,2024-11-09,1,validation,6.0,10.819432,14.0
Ampara,2024-11-15,2024-11-16,1,validation,9.0,9.359574,6.0
Ampara,2024-11-22,2024-11-23,1,validation,5.0,10.962997,9.0
Ampara,2024-11-29,2024-11-30,1,validation,5.0,9.470588,5.0
Ampara,2024-12-06,2024-12-07,1,validation,10.0,7.5783176,5.0
Ampara,2024-12-13,2024-12-14,1,validation,6.0,11.277299,10.0
Ampara,2024-12-20,2024-12-21,1,validation,15.0,8.544052,6.0
Ampara,2024-12-27,2024-12-28,1,validation,58.0,15.5766115,15.0
Anuradhapura,2024-01-05,2024-01-06,1,validation,28.0,34.664196,28.0
Anuradhapura,2024-01-12,2024-01-13,1,validation,95.0,30.671957,28.0
Anuradhapura,2024-01-19,2024-01-20,1,validation,34.0,70.42637,95.0
Anuradhapura,2024-01-26,2024-01-27,1,validation,11.0,49.520912,34.0
Anuradhapura,2024-02-02,2024-02-03,1,validation,69.0,30.011698,11.0
Anuradhapura,2024-02-09,2024-02-10,1,validation,29.0,50.585217,69.0
Anuradhapura,2024-02-16,2024-02-17,1,validation,53.0,36.67333,29.0
Anuradhapura,2024-02-23,2024-02-24,1,validation,50.0,41.687435,53.0
Anuradhapura,2024-03-01,2024-03-02,1,validation,42.0,42.47142,50.0
Anuradhapura,2024-03-08,2024-03-09,1,validation,33.0,39.339203,42.0
Anuradhapura,2024-03-15,2024-03-16,1,validation,18.0,33.525295,33.0
Anuradhapura,2024-03-22,2024-03-23,1,validation,11.0,24.244625,18.0
Anuradhapura,2024-03-29,2024-03-30,1,validation,5.0,17.176683,11.0
Anuradhapura,2024-04-05,2024-04-06,1,validation,5.0,10.352338,5.0
Anuradhapura,2024-04-12,2024-04-13,1,validation,4.0,9.186684,5.0
Anuradhapura,2024-04-19,2024-04-20,1,validation,3.0,4.9428916,4.0
Anuradhapura,2024-04-26,2024-04-27,1,validation,4.0,4.140246,3.0
Anuradhapura,2024-05-03,2024-05-04,1,validation,5.0,2.7065594,4.0
Anuradhapura,2024-05-10,2024-05-11,1,validation,7.0,4.0778804,5.0
Anuradhapura,2024-05-17,2024-05-18,1,validation,4.0,5.643152,7.0
Anuradhapura,2024-05-24,2024-05-25,1,validation,5.0,5.363143,4.0
Anuradhapura,2024-05-31,2024-06-01,1,validation,14.0,6.24815,5.0
Anuradhapura,2024-06-07,2024-06-08,1,validation,8.0,12.027371,14.0
Anuradhapura,2024-06-14,2024-06-15,1,validation,5.0,10.220113,8.0
Anuradhapura,2024-06-21,2024-06-22,1,validation,3.0,8.611264,5.0
Anuradhapura,2024-06-28,2024-06-29,1,validation,5.0,12.721749,3.0
Anuradhapura,2024-07-05,2024-07-06,1,validation,6.0,6.1219735,5.0
Anuradhapura,2024-07-12,2024-07-13,1,validation,11.0,5.23687,6.0
Anuradhapura,2024-07-19,2024-07-20,1,validation,23.0,8.011609,11.0
Anuradhapura,2024-07-26,2024-07-27,1,validation,5.0,16.093647,23.0
Anuradhapura,2024-08-02,2024-08-03,1,validation,10.0,8.848139,5.0
Anuradhapura,2024-08-09,2024-08-10,1,validation,16.0,9.96587,10.0
Anuradhapura,2024-08-16,2024-08-17,1,validation,7.0,11.371835,16.0
Anuradhapura,2024-08-23,2024-08-24,1,validation,8.0,10.145001,7.0
Anuradhapura,2024-08-30,2024-08-31,1,validation,7.0,7.26361,8.0
Anuradhapura,2024-09-06,2024-09-07,1,validation,8.0,6.127041,7.0
Anuradhapura,2024-09-13,2024-09-14,1,validation,3.0,7.633506,8.0
Anuradhapura,2024-09-20,2024-09-21,1,validation,9.0,5.1269636,3.0
Anuradhapura,2024-09-27,2024-09-28,1,validation,4.0,6.3777814,9.0
Anuradhapura,2024-10-04,2024-10-05,1,validation,10.0,4.5831695,4.0
Anuradhapura,2024-10-11,2024-10-12,1,validation,5.0,9.490684,10.0
Anuradhapura,2024-10-18,2024-10-19,1,validation,6.0,7.8793426,5.0
Anuradhapura,2024-10-25,2024-10-26,1,validation,9.0,7.4402084,6.0
Anuradhapura,2024-11-01,2024-11-02,1,validation,13.0,8.854485,9.0
Anuradhapura,2024-11-08,2024-11-09,1,validation,13.0,12.371098,13.0
Anuradhapura,2024-11-15,2024-11-16,1,validation,18.0,13.510489,13.0
Anuradhapura,2024-11-22,2024-11-23,1,validation,12.0,16.617485,18.0
Anuradhapura,2024-11-29,2024-11-30,1,validation,7.0,17.022717,12.0
Anuradhapura,2024-12-06,2024-12-07,1,validation,18.0,12.232534,7.0
Anuradhapura,2024-12-13,2024-12-14,1,validation,22.0,17.468557,18.0
Anuradhapura,2024-12-20,2024-12-21,1,validation,12.0,21.69203,22.0
Anuradhapura,2024-12-27,2024-12-28,1,validation,27.0,19.687866,12.0
Badulla,2024-01-05,2024-01-06,1,validation,78.0,165.31602,111.0
Badulla,2024-01-12,2024-01-13,1,validation,13.0,116.23929,78.0
Badulla,2024-01-19,2024-01-20,1,validation,53.0,59.54077,13.0
Badulla,2024-01-26,2024-01-27,1,validation,24.0,52.042274,53.0
Badulla,2024-02-02,2024-02-03,1,validation,44.0,37.50473,24.0
Badulla,2024-02-09,2024-02-10,1,validation,12.0,40.97982,44.0
Badulla,2024-02-16,2024-02-17,1,validation,15.0,28.563097,12.0
Badulla,2024-02-23,2024-02-24,1,validation,8.0,20.128035,15.0
Badulla,2024-03-01,2024-03-02,1,validation,11.0,12.990169,8.0
Badulla,2024-03-08,2024-03-09,1,validation,13.0,11.835407,11.0
Badulla,2024-03-15,2024-03-16,1,validation,7.0,9.7551775,13.0
Badulla,2024-03-22,2024-03-23,1,validation,8.0,6.9655347,7.0
Badulla,2024-03-29,2024-03-30,1,validation,7.0,5.5914226,8.0
Badulla,2024-04-05,2024-04-06,1,validation,3.0,5.1056595,7.0
Badulla,2024-04-12,2024-04-13,1,validation,9.0,5.063769,3.0
Badulla,2024-04-19,2024-04-20,1,validation,5.0,7.013072,9.0
Badulla,2024-04-26,2024-04-27,1,validation,7.0,6.490613,5.0
Badulla,2024-05-03,2024-05-04,1,validation,7.0,6.369021,7.0
Badulla,2024-05-10,2024-05-11,1,validation,2.0,6.640631,7.0
Badulla,2024-05-17,2024-05-18,1,validation,7.0,6.850933,2.0
Badulla,2024-05-24,2024-05-25,1,validation,7.0,5.8761444,7.0
Badulla,2024-05-31,2024-06-01,1,validation,6.0,6.002129,7.0
Badulla,2024-06-07,2024-06-08,1,validation,5.0,8.616466,6.0
Badulla,2024-06-14,2024-06-15,1,validation,12.0,7.491283,5.0
Badulla,2024-06-21,2024-06-22,1,validation,21.0,11.072608,12.0
Badulla,2024-06-28,2024-06-29,1,validation,15.0,35.779957,21.0
Badulla,2024-07-05,2024-07-06,1,validation,15.0,16.005869,15.0
Badulla,2024-07-12,2024-07-13,1,validation,12.0,15.311865,15.0
Badulla,2024-07-19,2024-07-20,1,validation,10.0,13.52327,12.0
Badulla,2024-07-26,2024-07-27,1,validation,15.0,14.108641,10.0
Badulla,2024-08-02,2024-08-03,1,validation,18.0,11.418157,15.0
Badulla,2024-08-09,2024-08-10,1,validation,9.0,13.648488,18.0
Badulla,2024-08-16,2024-08-17,1,validation,10.0,10.539632,9.0
Badulla,2024-08-23,2024-08-24,1,validation,20.0,11.919729,10.0
Badulla,2024-08-30,2024-08-31,1,validation,15.0,14.643978,20.0
Badulla,2024-09-06,2024-09-07,1,validation,6.0,14.010634,15.0
Badulla,2024-09-13,2024-09-14,1,validation,8.0,12.17765,6.0
Badulla,2024-09-20,2024-09-21,1,validation,9.0,9.452733,8.0
Badulla,2024-09-27,2024-09-28,1,validation,6.0,7.386761,9.0
Badulla,2024-10-04,2024-10-05,1,validation,9.0,6.4317713,6.0
Badulla,2024-10-11,2024-10-12,1,validation,6.0,7.0777326,9.0
Badulla,2024-10-18,2024-10-19,1,validation,14.0,6.4228,6.0
Badulla,2024-10-25,2024-10-26,1,validation,10.0,9.306844,14.0
Badulla,2024-11-01,2024-11-02,1,validation,7.0,12.51672,10.0
Badulla,2024-11-08,2024-11-09,1,validation,8.0,9.064689,7.0
Badulla,2024-11-15,2024-11-16,1,validation,19.0,7.1314354,8.0
Badulla,2024-11-22,2024-11-23,1,validation,15.0,15.39864,19.0
Badulla,2024-11-29,2024-11-30,1,validation,15.0,14.46358,15.0
Badulla,2024-12-06,2024-12-07,1,validation,19.0,14.508824,15.0
Badulla,2024-12-13,2024-12-14,1,validation,20.0,20.316132,19.0
Badulla,2024-12-20,2024-12-21,1,validation,19.0,20.551676,20.0
Badulla,2024-12-27,2024-12-28,1,validation,5.0,23.878462,19.0
Batticaloa,2024-01-05,2024-01-06,1,validation,123.0,151.40288,142.0
Batticaloa,2024-01-12,2024-01-13,1,validation,122.0,132.41554,123.0
Batticaloa,2024-01-19,2024-01-20,1,validation,88.0,136.0309,122.0
Batticaloa,2024-01-26,2024-01-27,1,validation,67.0,100.940216,88.0
Batticaloa,2024-02-02,2024-02-03,1,validation,82.0,69.65531,67.0
Batticaloa,2024-02-09,2024-02-10,1,validation,61.0,76.962234,82.0
Batticaloa,2024-02-16,2024-02-17,1,validation,70.0,62.41517,61.0
Batticaloa,2024-02-23,2024-02-24,1,validation,51.0,59.092415,70.0
Batticaloa,2024-03-01,2024-03-02,1,validation,67.0,52.96792,51.0
Batticaloa,2024-03-08,2024-03-09,1,validation,55.0,55.77674,67.0
Batticaloa,2024-03-15,2024-03-16,1,validation,28.0,50.29418,55.0
Batticaloa,2024-03-22,2024-03-23,1,validation,26.0,32.997944,28.0
Batticaloa,2024-03-29,2024-03-30,1,validation,16.0,25.958317,26.0
Batticaloa,2024-04-05,2024-04-06,1,validation,20.0,20.091671,16.0
Batticaloa,2024-04-12,2024-04-13,1,validation,11.0,20.007324,20.0
Batticaloa,2024-04-19,2024-04-20,1,validation,10.0,16.820765,11.0
Batticaloa,2024-04-26,2024-04-27,1,validation,17.0,15.979979,10.0
Batticaloa,2024-05-03,2024-05-04,1,validation,19.0,12.810179,17.0
Batticaloa,2024-05-10,2024-05-11,1,validation,17.0,17.010231,19.0
Batticaloa,2024-05-17,2024-05-18,1,validation,18.0,15.616066,17.0
Batticaloa,2024-05-24,2024-05-25,1,validation,13.0,16.822966,18.0
Batticaloa,2024-05-31,2024-06-01,1,validation,15.0,15.996249,13.0
Batticaloa,2024-06-07,2024-06-08,1,validation,19.0,16.007195,15.0
Batticaloa,2024-06-14,2024-06-15,1,validation,14.0,19.124088,19.0
Batticaloa,2024-06-21,2024-06-22,1,validation,15.0,16.35786,14.0
Batticaloa,2024-06-28,2024-06-29,1,validation,16.0,18.65264,15.0
Batticaloa,2024-07-05,2024-07-06,1,validation,21.0,17.128582,16.0
Batticaloa,2024-07-12,2024-07-13,1,validation,11.0,19.269215,21.0
Batticaloa,2024-07-19,2024-07-20,1,validation,15.0,14.335821,11.0
Batticaloa,2024-07-26,2024-07-27,1,validation,25.0,13.141678,15.0
Batticaloa,2024-08-02,2024-08-03,1,validation,20.0,18.664446,25.0
Batticaloa,2024-08-09,2024-08-10,1,validation,22.0,17.290134,20.0
Batticaloa,2024-08-16,2024-08-17,1,validation,21.0,20.253214,22.0
Batticaloa,2024-08-23,2024-08-24,1,validation,29.0,19.285961,21.0
Batticaloa,2024-08-30,2024-08-31,1,validation,16.0,24.958607,29.0
Batticaloa,2024-09-06,2024-09-07,1,validation,17.0,19.149157,16.0
Batticaloa,2024-09-13,2024-09-14,1,validation,16.0,18.962015,17.0
Batticaloa,2024-09-20,2024-09-21,1,validation,15.0,18.345892,16.0
Batticaloa,2024-09-27,2024-09-28,1,validation,5.0,14.944733,15.0
Batticaloa,2024-10-04,2024-10-05,1,validation,10.0,12.609748,5.0
Batticaloa,2024-10-11,2024-10-12,1,validation,13.0,11.554743,10.0
Batticaloa,2024-10-18,2024-10-19,1,validation,7.0,11.613141,13.0
Batticaloa,2024-10-25,2024-10-26,1,validation,6.0,9.647594,7.0
Batticaloa,2024-11-01,2024-11-02,1,validation,14.0,9.031026,6.0
Batticaloa,2024-11-08,2024-11-09,1,validation,11.0,12.355196,14.0
Batticaloa,2024-11-15,2024-11-16,1,validation,12.0,14.263255,11.0
Batticaloa,2024-11-22,2024-11-23,1,validation,21.0,15.3151045,12.0
Batticaloa,2024-11-29,2024-11-30,1,validation,31.0,21.022305,21.0
Batticaloa,2024-12-06,2024-12-07,1,validation,30.0,27.867643,31.0
Batticaloa,2024-12-13,2024-12-14,1,validation,35.0,38.30777,30.0
Batticaloa,2024-12-20,2024-12-21,1,validation,47.0,42.378403,35.0
Batticaloa,2024-12-27,2024-12-28,1,validation,62.0,58.317482,47.0
Colombo,2024-01-05,2024-01-06,1,validation,549.0,385.78888,299.0
Colombo,2024-01-12,2024-01-13,1,validation,477.0,424.8213,549.0
Colombo,2024-01-19,2024-01-20,1,validation,499.0,484.01184,477.0
Colombo,2024-01-26,2024-01-27,1,validation,349.0,503.86975,499.0
Colombo,2024-02-02,2024-02-03,1,validation,382.0,404.87988,349.0
Colombo,2024-02-09,2024-02-10,1,validation,286.0,378.92758,382.0
Colombo,2024-02-16,2024-02-17,1,validation,269.0,289.18738,286.0
Colombo,2024-02-23,2024-02-24,1,validation,252.0,270.264,269.0
Colombo,2024-03-01,2024-03-02,1,validation,170.0,195.1621,252.0
Colombo,2024-03-08,2024-03-09,1,validation,207.0,140.7791,170.0
Colombo,2024-03-15,2024-03-16,1,validation,146.0,154.14677,207.0
Colombo,2024-03-22,2024-03-23,1,validation,130.0,118.18758,146.0
Colombo,2024-03-29,2024-03-30,1,validation,132.0,105.008156,130.0
Colombo,2024-04-05,2024-04-06,1,validation,68.0,119.068596,132.0
Colombo,2024-04-12,2024-04-13,1,validation,111.0,96.97748,68.0
Colombo,2024-04-19,2024-04-20,1,validation,111.0,95.00536,111.0
Colombo,2024-04-26,2024-04-27,1,validation,114.0,101.36382,111.0
Colombo,2024-05-03,2024-05-04,1,validation,75.0,109.90159,114.0
Colombo,2024-05-10,2024-05-11,1,validation,133.0,99.71198,75.0
Colombo,2024-05-17,2024-05-18,1,validation,119.0,125.49832,133.0
Colombo,2024-05-24,2024-05-25,1,validation,156.0,123.55762,119.0
Colombo,2024-05-31,2024-06-01,1,validation,158.0,170.03658,156.0
Colombo,2024-06-07,2024-06-08,1,validation,182.0,205.10492,158.0
Colombo,2024-06-14,2024-06-15,1,validation,218.0,225.20117,182.0
Colombo,2024-06-21,2024-06-22,1,validation,245.0,245.93932,218.0
Colombo,2024-06-28,2024-06-29,1,validation,292.0,285.78983,245.0
Colombo,2024-07-05,2024-07-06,1,validation,320.0,306.00476,292.0
Colombo,2024-07-12,2024-07-13,1,validation,312.0,299.13333,320.0
Colombo,2024-07-19,2024-07-20,1,validation,321.0,351.58795,312.0
Colombo,2024-07-26,2024-07-27,1,validation,308.0,329.26816,321.0
Colombo,2024-08-02,2024-08-03,1,validation,279.0,308.61786,308.0
Colombo,2024-08-09,2024-08-10,1,validation,266.0,275.51456,279.0
Colombo,2024-08-16,2024-08-17,1,validation,263.0,260.34528,266.0
Colombo,2024-08-23,2024-08-24,1,validation,250.0,267.03653,263.0
Colombo,2024-08-30,2024-08-31,1,validation,192.0,235.32077,250.0
Colombo,2024-09-06,2024-09-07,1,validation,226.0,230.6427,192.0
Colombo,2024-09-13,2024-09-14,1,validation,202.0,246.70079,226.0
Colombo,2024-09-20,2024-09-21,1,validation,143.0,221.91302,202.0
Colombo,2024-09-27,2024-09-28,1,validation,169.0,171.46074,143.0
Colombo,2024-10-04,2024-10-05,1,validation,172.0,171.84584,169.0
Colombo,2024-10-11,2024-10-12,1,validation,180.0,173.32137,172.0
Colombo,2024-10-18,2024-10-19,1,validation,161.0,169.9179,180.0
Colombo,2024-10-25,2024-10-26,1,validation,141.0,176.9982,161.0
Colombo,2024-11-01,2024-11-02,1,validation,152.0,180.32262,141.0
Colombo,2024-11-08,2024-11-09,1,validation,156.0,193.05449,152.0
Colombo,2024-11-15,2024-11-16,1,validation,191.0,164.34084,156.0
Colombo,2024-11-22,2024-11-23,1,validation,185.0,195.74263,191.0
Colombo,2024-11-29,2024-11-30,1,validation,163.0,206.15239,185.0
Colombo,2024-12-06,2024-12-07,1,validation,247.0,172.64926,163.0
Colombo,2024-12-13,2024-12-14,1,validation,220.0,251.80168,247.0
Colombo,2024-12-20,2024-12-21,1,validation,231.0,275.81564,220.0
Colombo,2024-12-27,2024-12-28,1,validation,200.0,223.71916,231.0
Galle,2024-01-05,2024-01-06,1,validation,84.0,116.04872,107.0
Galle,2024-01-12,2024-01-13,1,validation,132.0,112.86671,84.0
Galle,2024-01-19,2024-01-20,1,validation,119.0,124.646614,132.0
Galle,2024-01-26,2024-01-27,1,validation,111.0,117.70289,119.0
Galle,2024-02-02,2024-02-03,1,validation,103.0,118.90233,111.0
Galle,2024-02-09,2024-02-10,1,validation,66.0,108.98811,103.0
Galle,2024-02-16,2024-02-17,1,validation,42.0,69.73884,66.0
Galle,2024-02-23,2024-02-24,1,validation,75.0,50.165504,42.0
Galle,2024-03-01,2024-03-02,1,validation,40.0,60.336212,75.0
Galle,2024-03-08,2024-03-09,1,validation,28.0,45.236565,40.0
Galle,2024-03-15,2024-03-16,1,validation,30.0,32.892582,28.0
Galle,2024-03-22,2024-03-23,1,validation,20.0,27.676344,30.0
Galle,2024-03-29,2024-03-30,1,validation,32.0,22.755363,20.0
Galle,2024-04-05,2024-04-06,1,validation,18.0,25.594929,32.0
Galle,2024-04-12,2024-04-13,1,validation,19.0,24.574442,18.0
Galle,2024-04-19,2024-04-20,1,validation,23.0,22.072077,19.0
Galle,2024-04-26,2024-04-27,1,validation,24.0,22.86506,23.0
Galle,2024-05-03,2024-05-04,1,validation,21.0,23.411459,24.0
Galle,2024-05-10,2024-05-11,1,validation,24.0,24.439255,21.0
Galle,2024-05-17,2024-05-18,1,validation,13.0,27.119686,24.0
Galle,2024-05-24,2024-05-25,1,validation,26.0,20.103266,13.0
Galle,2024-05-31,2024-06-01,1,validation,9.0,28.531467,26.0
Galle,2024-06-07,2024-06-08,1,validation,21.0,15.733274,9.0
Galle,2024-06-14,2024-06-15,1,validation,26.0,26.787859,21.0
Galle,2024-06-21,2024-06-22,1,validation,32.0,37.43117,26.0
Galle,2024-06-28,2024-06-29,1,validation,29.0,52.654327,32.0
Galle,2024-07-05,2024-07-06,1,validation,34.0,33.178097,29.0
Galle,2024-07-12,2024-07-13,1,validation,31.0,31.434532,34.0
Galle,2024-07-19,2024-07-20,1,validation,33.0,32.00582,31.0
Galle,2024-07-26,2024-07-27,1,validation,32.0,32.87716,33.0
Galle,2024-08-02,2024-08-03,1,validation,46.0,32.22765,32.0
Galle,2024-08-09,2024-08-10,1,validation,40.0,43.49234,46.0
Galle,2024-08-16,2024-08-17,1,validation,27.0,40.976578,40.0
Galle,2024-08-23,2024-08-24,1,validation,50.0,32.967716,27.0
Galle,2024-08-30,2024-08-31,1,validation,38.0,43.194122,50.0
Galle,2024-09-06,2024-09-07,1,validation,35.0,43.38129,38.0
Galle,2024-09-13,2024-09-14,1,validation,32.0,43.511192,35.0
Galle,2024-09-20,2024-09-21,1,validation,46.0,35.96813,32.0
Galle,2024-09-27,2024-09-28,1,validation,35.0,46.657623,46.0
Galle,2024-10-04,2024-10-05,1,validation,35.0,36.282494,35.0
Galle,2024-10-11,2024-10-12,1,validation,27.0,37.087463,35.0
Galle,2024-10-18,2024-10-19,1,validation,21.0,31.081684,27.0
Galle,2024-10-25,2024-10-26,1,validation,26.0,26.125856,21.0
Galle,2024-11-01,2024-11-02,1,validation,27.0,27.232494,26.0
Galle,2024-11-08,2024-11-09,1,validation,25.0,26.884636,27.0
Galle,2024-11-15,2024-11-16,1,validation,59.0,26.798038,25.0
Galle,2024-11-22,2024-11-23,1,validation,26.0,50.29672,59.0
Galle,2024-11-29,2024-11-30,1,validation,37.0,39.059513,26.0
Galle,2024-12-06,2024-12-07,1,validation,34.0,34.659832,37.0
Galle,2024-12-13,2024-12-14,1,validation,27.0,35.187637,34.0
Galle,2024-12-20,2024-12-21,1,validation,25.0,34.43485,27.0
Galle,2024-12-27,2024-12-28,1,validation,30.0,32.268906,25.0
Gampaha,2024-01-05,2024-01-06,1,validation,111.0,163.32494,146.0
Gampaha,2024-01-12,2024-01-13,1,validation,147.0,133.28455,111.0
Gampaha,2024-01-19,2024-01-20,1,validation,150.0,137.94817,147.0
Gampaha,2024-01-26,2024-01-27,1,validation,144.0,142.48064,150.0
Gampaha,2024-02-02,2024-02-03,1,validation,165.0,173.94733,144.0
Gampaha,2024-02-09,2024-02-10,1,validation,155.0,172.80113,165.0
Gampaha,2024-02-16,2024-02-17,1,validation,111.0,139.37885,155.0
Gampaha,2024-02-23,2024-02-24,1,validation,102.0,102.76502,111.0
Gampaha,2024-03-01,2024-03-02,1,validation,68.0,90.20101,102.0
Gampaha,2024-03-08,2024-03-09,1,validation,90.0,62.276188,68.0
Gampaha,2024-03-15,2024-03-16,1,validation,80.0,69.98539,90.0
Gampaha,2024-03-22,2024-03-23,1,validation,60.0,70.84367,80.0
Gampaha,2024-03-29,2024-03-30,1,validation,66.0,60.0639,60.0
Gampaha,2024-04-05,2024-04-06,1,validation,46.0,59.07433,66.0
Gampaha,2024-04-12,2024-04-13,1,validation,68.0,58.46644,46.0
Gampaha,2024-04-19,2024-04-20,1,validation,43.0,57.643757,68.0
Gampaha,2024-04-26,2024-04-27,1,validation,48.0,54.697212,43.0
Gampaha,2024-05-03,2024-05-04,1,validation,55.0,49.630497,48.0
Gampaha,2024-05-10,2024-05-11,1,validation,70.0,54.680553,55.0
Gampaha,2024-05-17,2024-05-18,1,validation,40.0,61.13076,70.0
Gampaha,2024-05-24,2024-05-25,1,validation,48.0,54.068066,40.0
Gampaha,2024-05-31,2024-06-01,1,validation,77.0,60.00226,48.0
Gampaha,2024-06-07,2024-06-08,1,validation,105.0,73.0758,77.0
Gampaha,2024-06-14,2024-06-15,1,validation,81.0,123.06587,105.0
Gampaha,2024-06-21,2024-06-22,1,validation,103.0,126.39894,81.0
Gampaha,2024-06-28,2024-06-29,1,validation,139.0,145.78554,103.0
Gampaha,2024-07-05,2024-07-06,1,validation,125.0,149.49902,139.0
Gampaha,2024-07-12,2024-07-13,1,validation,129.0,119.38541,125.0
Gampaha,2024-07-19,2024-07-20,1,validation,157.0,129.5595,129.0
Gampaha,2024-07-26,2024-07-27,1,validation,148.0,148.64706,157.0
Gampaha,2024-08-02,2024-08-03,1,validation,174.0,152.10756,148.0
Gampaha,2024-08-09,2024-08-10,1,validation,123.0,152.5468,174.0
Gampaha,2024-08-16,2024-08-17,1,validation,124.0,138.03458,123.0
Gampaha,2024-08-23,2024-08-24,1,validation,122.0,125.19144,124.0
Gampaha,2024-08-30,2024-08-31,1,validation,128.0,111.427475,122.0
Gampaha,2024-09-06,2024-09-07,1,validation,84.0,133.27592,128.0
Gampaha,2024-09-13,2024-09-14,1,validation,96.0,149.02376,84.0
Gampaha,2024-09-20,2024-09-21,1,validation,91.0,107.931915,96.0
Gampaha,2024-09-27,2024-09-28,1,validation,101.0,84.72321,91.0
Gampaha,2024-10-04,2024-10-05,1,validation,120.0,99.70658,101.0
Gampaha,2024-10-11,2024-10-12,1,validation,95.0,112.26503,120.0
Gampaha,2024-10-18,2024-10-19,1,validation,98.0,104.91175,95.0
Gampaha,2024-10-25,2024-10-26,1,validation,103.0,93.199196,98.0
Gampaha,2024-11-01,2024-11-02,1,validation,111.0,107.1292,103.0
Gampaha,2024-11-08,2024-11-09,1,validation,95.0,130.33499,111.0
Gampaha,2024-11-15,2024-11-16,1,validation,153.0,97.06887,95.0
Gampaha,2024-11-22,2024-11-23,1,validation,186.0,149.09657,153.0
Gampaha,2024-11-29,2024-11-30,1,validation,133.0,182.1967,186.0
Gampaha,2024-12-06,2024-12-07,1,validation,161.0,141.05759,133.0
Gampaha,2024-12-13,2024-12-14,1,validation,103.0,176.84079,161.0
Gampaha,2024-12-20,2024-12-21,1,validation,131.0,176.1301,103.0
Gampaha,2024-12-27,2024-12-28,1,validation,186.0,125.68798,131.0
Hambantota,2024-01-05,2024-01-06,1,validation,55.0,40.60402,38.0
Hambantota,2024-01-12,2024-01-13,1,validation,33.0,48.709076,55.0
Hambantota,2024-01-19,2024-01-20,1,validation,50.0,41.883762,33.0
Hambantota,2024-01-26,2024-01-27,1,validation,37.0,43.913525,50.0
Hambantota,2024-02-02,2024-02-03,1,validation,29.0,36.724937,37.0
Hambantota,2024-02-09,2024-02-10,1,validation,14.0,34.838917,29.0
Hambantota,2024-02-16,2024-02-17,1,validation,35.0,19.42168,14.0
Hambantota,2024-02-23,2024-02-24,1,validation,18.0,25.901398,35.0
Hambantota,2024-03-01,2024-03-02,1,validation,22.0,20.363853,18.0
Hambantota,2024-03-08,2024-03-09,1,validation,27.0,20.80246,22.0
Hambantota,2024-03-15,2024-03-16,1,validation,17.0,20.970518,27.0
Hambantota,2024-03-22,2024-03-23,1,validation,29.0,17.187387,17.0
Hambantota,2024-03-29,2024-03-30,1,validation,13.0,22.350777,29.0
Hambantota,2024-04-05,2024-04-06,1,validation,10.0,14.409398,13.0
Hambantota,2024-04-12,2024-04-13,1,validation,32.0,14.750155,10.0
Hambantota,2024-04-19,2024-04-20,1,validation,12.0,25.352793,32.0
Hambantota,2024-04-26,2024-04-27,1,validation,15.0,20.43302,12.0
Hambantota,2024-05-03,2024-05-04,1,validation,18.0,16.58431,15.0
Hambantota,2024-05-10,2024-05-11,1,validation,9.0,18.085367,18.0
Hambantota,2024-05-17,2024-05-18,1,validation,6.0,14.295729,9.0
Hambantota,2024-05-24,2024-05-25,1,validation,12.0,10.502396,6.0
Hambantota,2024-05-31,2024-06-01,1,validation,16.0,11.559506,12.0
Hambantota,2024-06-07,2024-06-08,1,validation,9.0,14.557267,16.0
Hambantota,2024-06-14,2024-06-15,1,validation,8.0,12.69926,9.0
Hambantota,2024-06-21,2024-06-22,1,validation,10.0,9.591765,8.0
Hambantota,2024-06-28,2024-06-29,1,validation,12.0,21.382309,10.0
Hambantota,2024-07-05,2024-07-06,1,validation,5.0,11.445128,12.0
Hambantota,2024-07-12,2024-07-13,1,validation,15.0,8.640077,5.0
Hambantota,2024-07-19,2024-07-20,1,validation,14.0,8.554179,15.0
Hambantota,2024-07-26,2024-07-27,1,validation,11.0,10.281771,14.0
Hambantota,2024-08-02,2024-08-03,1,validation,5.0,11.040397,11.0
Hambantota,2024-08-09,2024-08-10,1,validation,8.0,7.457729,5.0
Hambantota,2024-08-16,2024-08-17,1,validation,11.0,5.273262,8.0
Hambantota,2024-08-23,2024-08-24,1,validation,15.0,9.097745,11.0
Hambantota,2024-08-30,2024-08-31,1,validation,10.0,10.72876,15.0
Hambantota,2024-09-06,2024-09-07,1,validation,14.0,11.4882965,10.0
Hambantota,2024-09-13,2024-09-14,1,validation,10.0,13.673447,14.0
Hambantota,2024-09-20,2024-09-21,1,validation,10.0,14.633539,10.0
Hambantota,2024-09-27,2024-09-28,1,validation,10.0,10.851047,10.0
Hambantota,2024-10-04,2024-10-05,1,validation,11.0,10.526758,10.0
Hambantota,2024-10-11,2024-10-12,1,validation,14.0,10.713323,11.0
Hambantota,2024-10-18,2024-10-19,1,validation,9.0,12.195936,14.0
Hambantota,2024-10-25,2024-10-26,1,validation,10.0,10.005373,9.0
Hambantota,2024-11-01,2024-11-02,1,validation,12.0,12.320996,10.0
Hambantota,2024-11-08,2024-11-09,1,validation,4.0,11.69311,12.0
Hambantota,2024-11-15,2024-11-16,1,validation,23.0,9.2223835,4.0
Hambantota,2024-11-22,2024-11-23,1,validation,6.0,17.619825,23.0
Hambantota,2024-11-29,2024-11-30,1,validation,15.0,11.802187,6.0
Hambantota,2024-12-06,2024-12-07,1,validation,12.0,13.355843,15.0
Hambantota,2024-12-13,2024-12-14,1,validation,22.0,13.090986,12.0
Hambantota,2024-12-20,2024-12-21,1,validation,21.0,20.842281,22.0
Hambantota,2024-12-27,2024-12-28,1,validation,36.0,23.880014,21.0
Jaffna,2024-01-05,2024-01-06,1,validation,805.0,564.40936,623.0
Jaffna,2024-01-12,2024-01-13,1,validation,595.0,623.52606,805.0
Jaffna,2024-01-19,2024-01-20,1,validation,746.0,569.25494,595.0
Jaffna,2024-01-26,2024-01-27,1,validation,483.0,566.823,746.0
Jaffna,2024-02-02,2024-02-03,1,validation,410.0,388.7672,483.0
Jaffna,2024-02-09,2024-02-10,1,validation,292.0,351.4276,410.0
Jaffna,2024-02-16,2024-02-17,1,validation,224.0,253.0949,292.0
Jaffna,2024-02-23,2024-02-24,1,validation,148.0,160.79623,224.0
Jaffna,2024-03-01,2024-03-02,1,validation,143.0,133.71751,148.0
Jaffna,2024-03-08,2024-03-09,1,validation,99.0,110.94751,143.0
Jaffna,2024-03-15,2024-03-16,1,validation,67.0,82.49127,99.0
Jaffna,2024-03-22,2024-03-23,1,validation,68.0,58.702507,67.0
Jaffna,2024-03-29,2024-03-30,1,validation,60.0,50.78501,68.0
Jaffna,2024-04-05,2024-04-06,1,validation,42.0,50.24577,60.0
Jaffna,2024-04-12,2024-04-13,1,validation,34.0,44.055763,42.0
Jaffna,2024-04-19,2024-04-20,1,validation,35.0,38.741,34.0
Jaffna,2024-04-26,2024-04-27,1,validation,28.0,32.696056,35.0
Jaffna,2024-05-03,2024-05-04,1,validation,19.0,27.775223,28.0
Jaffna,2024-05-10,2024-05-11,1,validation,16.0,21.996492,19.0
Jaffna,2024-05-17,2024-05-18,1,validation,5.0,20.889019,16.0
Jaffna,2024-05-24,2024-05-25,1,validation,23.0,18.180378,5.0
Jaffna,2024-05-31,2024-06-01,1,validation,22.0,21.922152,23.0
Jaffna,2024-06-07,2024-06-08,1,validation,18.0,26.342106,22.0
Jaffna,2024-06-14,2024-06-15,1,validation,11.0,30.395632,18.0
Jaffna,2024-06-21,2024-06-22,1,validation,20.0,22.108727,11.0
Jaffna,2024-06-28,2024-06-29,1,validation,21.0,26.62645,20.0
Jaffna,2024-07-05,2024-07-06,1,validation,15.0,26.676283,21.0
Jaffna,2024-07-12,2024-07-13,1,validation,18.0,17.301258,15.0
Jaffna,2024-07-19,2024-07-20,1,validation,10.0,18.000025,18.0
Jaffna,2024-07-26,2024-07-27,1,validation,13.0,15.22315,10.0
Jaffna,2024-08-02,2024-08-03,1,validation,6.0,13.536771,13.0
Jaffna,2024-08-09,2024-08-10,1,validation,11.0,10.582436,6.0
Jaffna,2024-08-16,2024-08-17,1,validation,16.0,10.973491,11.0
Jaffna,2024-08-23,2024-08-24,1,validation,15.0,13.396448,16.0
Jaffna,2024-08-30,2024-08-31,1,validation,8.0,13.529045,15.0
Jaffna,2024-09-06,2024-09-07,1,validation,11.0,11.746091,8.0
Jaffna,2024-09-13,2024-09-14,1,validation,8.0,13.605231,11.0
Jaffna,2024-09-20,2024-09-21,1,validation,15.0,10.491009,8.0
Jaffna,2024-09-27,2024-09-28,1,validation,11.0,11.014185,15.0
Jaffna,2024-10-04,2024-10-05,1,validation,10.0,12.774956,11.0
Jaffna,2024-10-11,2024-10-12,1,validation,11.0,15.371244,10.0
Jaffna,2024-10-18,2024-10-19,1,validation,7.0,14.539734,11.0
Jaffna,2024-10-25,2024-10-26,1,validation,30.0,14.290884,7.0
Jaffna,2024-11-01,2024-11-02,1,validation,26.0,28.54409,30.0
Jaffna,2024-11-08,2024-11-09,1,validation,25.0,30.938349,26.0
Jaffna,2024-11-15,2024-11-16,1,validation,37.0,34.45465,25.0
Jaffna,2024-11-22,2024-11-23,1,validation,47.0,39.70438,37.0
Jaffna,2024-11-29,2024-11-30,1,validation,35.0,57.8774,47.0
Jaffna,2024-12-06,2024-12-07,1,validation,60.0,53.429874,35.0
Jaffna,2024-12-13,2024-12-14,1,validation,76.0,61.830208,60.0
Jaffna,2024-12-20,2024-12-21,1,validation,76.0,76.241234,76.0
Jaffna,2024-12-27,2024-12-28,1,validation,58.0,95.04363,76.0
Kalutara,2024-01-05,2024-01-06,1,validation,103.0,117.61978,77.0
Kalutara,2024-01-12,2024-01-13,1,validation,105.0,113.63295,103.0
Kalutara,2024-01-19,2024-01-20,1,validation,96.0,112.25256,105.0
Kalutara,2024-01-26,2024-01-27,1,validation,118.0,85.54854,96.0
Kalutara,2024-02-02,2024-02-03,1,validation,113.0,111.842674,118.0
Kalutara,2024-02-09,2024-02-10,1,validation,81.0,116.12616,113.0
Kalutara,2024-02-16,2024-02-17,1,validation,77.0,87.98462,81.0
Kalutara,2024-02-23,2024-02-24,1,validation,54.0,68.04419,77.0
Kalutara,2024-03-01,2024-03-02,1,validation,43.0,52.646046,54.0
Kalutara,2024-03-08,2024-03-09,1,validation,91.0,43.837055,43.0
Kalutara,2024-03-15,2024-03-16,1,validation,78.0,70.846756,91.0
Kalutara,2024-03-22,2024-03-23,1,validation,69.0,71.21796,78.0
Kalutara,2024-03-29,2024-03-30,1,validation,50.0,60.979748,69.0
Kalutara,2024-04-05,2024-04-06,1,validation,35.0,54.489944,50.0
Kalutara,2024-04-12,2024-04-13,1,validation,37.0,43.6688,35.0
Kalutara,2024-04-19,2024-04-20,1,validation,24.0,37.91412,37.0
Kalutara,2024-04-26,2024-04-27,1,validation,41.0,33.57724,24.0
Kalutara,2024-05-03,2024-05-04,1,validation,31.0,35.71722,41.0
Kalutara,2024-05-10,2024-05-11,1,validation,50.0,33.22248,31.0
Kalutara,2024-05-17,2024-05-18,1,validation,32.0,47.285637,50.0
Kalutara,2024-05-24,2024-05-25,1,validation,41.0,41.292778,32.0
Kalutara,2024-05-31,2024-06-01,1,validation,41.0,53.152164,41.0
Kalutara,2024-06-07,2024-06-08,1,validation,50.0,38.666695,41.0
Kalutara,2024-06-14,2024-06-15,1,validation,46.0,59.591156,50.0
Kalutara,2024-06-21,2024-06-22,1,validation,63.0,64.29988,46.0
Kalutara,2024-06-28,2024-06-29,1,validation,60.0,95.46531,63.0
Kalutara,2024-07-05,2024-07-06,1,validation,68.0,69.4716,60.0
Kalutara,2024-07-12,2024-07-13,1,validation,55.0,56.69947,68.0
Kalutara,2024-07-19,2024-07-20,1,validation,65.0,56.689972,55.0
Kalutara,2024-07-26,2024-07-27,1,validation,27.0,57.573235,65.0
Kalutara,2024-08-02,2024-08-03,1,validation,50.0,41.444065,27.0
Kalutara,2024-08-09,2024-08-10,1,validation,48.0,44.263313,50.0
Kalutara,2024-08-16,2024-08-17,1,validation,43.0,50.14071,48.0
Kalutara,2024-08-23,2024-08-24,1,validation,57.0,50.430172,43.0
Kalutara,2024-08-30,2024-08-31,1,validation,39.0,56.75336,57.0
Kalutara,2024-09-06,2024-09-07,1,validation,23.0,48.088108,39.0
Kalutara,2024-09-13,2024-09-14,1,validation,34.0,45.606407,23.0
Kalutara,2024-09-20,2024-09-21,1,validation,48.0,38.716015,34.0
Kalutara,2024-09-27,2024-09-28,1,validation,44.0,48.89936,48.0
Kalutara,2024-10-04,2024-10-05,1,validation,44.0,47.752262,44.0
Kalutara,2024-10-11,2024-10-12,1,validation,36.0,47.66189,44.0
Kalutara,2024-10-18,2024-10-19,1,validation,31.0,40.08275,36.0
Kalutara,2024-10-25,2024-10-26,1,validation,40.0,35.863804,31.0
Kalutara,2024-11-01,2024-11-02,1,validation,36.0,42.36243,40.0
Kalutara,2024-11-08,2024-11-09,1,validation,23.0,44.013508,36.0
Kalutara,2024-11-15,2024-11-16,1,validation,30.0,32.467552,23.0
Kalutara,2024-11-22,2024-11-23,1,validation,34.0,30.066902,30.0
Kalutara,2024-11-29,2024-11-30,1,validation,28.0,37.529877,34.0
Kalutara,2024-12-06,2024-12-07,1,validation,32.0,35.59383,28.0
Kalutara,2024-12-13,2024-12-14,1,validation,49.0,36.88315,32.0
Kalutara,2024-12-20,2024-12-21,1,validation,34.0,58.90868,49.0
Kalutara,2024-12-27,2024-12-28,1,validation,65.0,44.123573,34.0
Kandy,2024-01-05,2024-01-06,1,validation,199.0,265.0133,237.0
Kandy,2024-01-12,2024-01-13,1,validation,165.0,215.08063,199.0
Kandy,2024-01-19,2024-01-20,1,validation,186.0,197.00998,165.0
Kandy,2024-01-26,2024-01-27,1,validation,126.0,167.38289,186.0
Kandy,2024-02-02,2024-02-03,1,validation,126.0,126.4391,126.0
Kandy,2024-02-09,2024-02-10,1,validation,86.0,116.50991,126.0
Kandy,2024-02-16,2024-02-17,1,validation,83.0,85.49731,86.0
Kandy,2024-02-23,2024-02-24,1,validation,58.0,78.82592,83.0
Kandy,2024-03-01,2024-03-02,1,validation,68.0,57.13166,58.0
Kandy,2024-03-08,2024-03-09,1,validation,59.0,52.543674,68.0
Kandy,2024-03-15,2024-03-16,1,validation,42.0,55.21862,59.0
Kandy,2024-03-22,2024-03-23,1,validation,51.0,43.82266,42.0
Kandy,2024-03-29,2024-03-30,1,validation,47.0,48.64779,51.0
Kandy,2024-04-05,2024-04-06,1,validation,44.0,50.269703,47.0
Kandy,2024-04-12,2024-04-13,1,validation,73.0,46.568386,44.0
Kandy,2024-04-19,2024-04-20,1,validation,64.0,63.366917,73.0
Kandy,2024-04-26,2024-04-27,1,validation,66.0,67.88253,64.0
Kandy,2024-05-03,2024-05-04,1,validation,71.0,59.99178,66.0
Kandy,2024-05-10,2024-05-11,1,validation,98.0,64.559906,71.0
Kandy,2024-05-17,2024-05-18,1,validation,62.0,90.99629,98.0
Kandy,2024-05-24,2024-05-25,1,validation,66.0,79.99674,62.0
Kandy,2024-05-31,2024-06-01,1,validation,69.0,71.34723,66.0
Kandy,2024-06-07,2024-06-08,1,validation,70.0,69.76626,69.0
Kandy,2024-06-14,2024-06-15,1,validation,85.0,87.92229,70.0
Kandy,2024-06-21,2024-06-22,1,validation,91.0,81.58954,85.0
Kandy,2024-06-28,2024-06-29,1,validation,110.0,120.88899,91.0
Kandy,2024-07-05,2024-07-06,1,validation,141.0,114.198494,110.0
Kandy,2024-07-12,2024-07-13,1,validation,105.0,140.33275,141.0
Kandy,2024-07-19,2024-07-20,1,validation,120.0,101.3304,105.0
Kandy,2024-07-26,2024-07-27,1,validation,107.0,111.181114,120.0
Kandy,2024-08-02,2024-08-03,1,validation,120.0,97.7583,107.0
Kandy,2024-08-09,2024-08-10,1,validation,114.0,98.80387,120.0
Kandy,2024-08-16,2024-08-17,1,validation,72.0,116.982475,114.0
Kandy,2024-08-23,2024-08-24,1,validation,94.0,82.31559,72.0
Kandy,2024-08-30,2024-08-31,1,validation,73.0,81.868965,94.0
Kandy,2024-09-06,2024-09-07,1,validation,76.0,72.66028,73.0
Kandy,2024-09-13,2024-09-14,1,validation,64.0,78.68543,76.0
Kandy,2024-09-20,2024-09-21,1,validation,75.0,73.29509,64.0
Kandy,2024-09-27,2024-09-28,1,validation,58.0,66.3849,75.0
Kandy,2024-10-04,2024-10-05,1,validation,59.0,60.439102,58.0
Kandy,2024-10-11,2024-10-12,1,validation,68.0,62.612053,59.0
Kandy,2024-10-18,2024-10-19,1,validation,74.0,60.124165,68.0
Kandy,2024-10-25,2024-10-26,1,validation,66.0,66.118645,74.0
Kandy,2024-11-01,2024-11-02,1,validation,70.0,62.725037,66.0
Kandy,2024-11-08,2024-11-09,1,validation,68.0,60.72205,70.0
Kandy,2024-11-15,2024-11-16,1,validation,84.0,61.864548,68.0
Kandy,2024-11-22,2024-11-23,1,validation,63.0,73.03119,84.0
Kandy,2024-11-29,2024-11-30,1,validation,71.0,76.36145,63.0
Kandy,2024-12-06,2024-12-07,1,validation,73.0,81.54522,71.0
Kandy,2024-12-13,2024-12-14,1,validation,57.0,55.591686,73.0
Kandy,2024-12-20,2024-12-21,1,validation,76.0,60.771576,57.0
Kandy,2024-12-27,2024-12-28,1,validation,66.0,73.40264,76.0
Kegalle,2024-01-05,2024-01-06,1,validation,104.0,116.302185,112.0
Kegalle,2024-01-12,2024-01-13,1,validation,77.0,105.182526,104.0
Kegalle,2024-01-19,2024-01-20,1,validation,91.0,80.05733,77.0
Kegalle,2024-01-26,2024-01-27,1,validation,73.0,74.298836,91.0
Kegalle,2024-02-02,2024-02-03,1,validation,89.0,69.07411,73.0
Kegalle,2024-02-09,2024-02-10,1,validation,48.0,77.53521,89.0
Kegalle,2024-02-16,2024-02-17,1,validation,71.0,52.855396,48.0
Kegalle,2024-02-23,2024-02-24,1,validation,43.0,52.712605,71.0
Kegalle,2024-03-01,2024-03-02,1,validation,34.0,45.08775,43.0
Kegalle,2024-03-08,2024-03-09,1,validation,44.0,32.71995,34.0
Kegalle,2024-03-15,2024-03-16,1,validation,35.0,37.75411,44.0
Kegalle,2024-03-22,2024-03-23,1,validation,30.0,30.797127,35.0
Kegalle,2024-03-29,2024-03-30,1,validation,25.0,29.257849,30.0
Kegalle,2024-04-05,2024-04-06,1,validation,25.0,23.132956,25.0
Kegalle,2024-04-12,2024-04-13,1,validation,23.0,24.881767,25.0
Kegalle,2024-04-19,2024-04-20,1,validation,42.0,24.402685,23.0
Kegalle,2024-04-26,2024-04-27,1,validation,36.0,35.662083,42.0
Kegalle,2024-05-03,2024-05-04,1,validation,56.0,33.61048,36.0
Kegalle,2024-05-10,2024-05-11,1,validation,48.0,49.155827,56.0
Kegalle,2024-05-17,2024-05-18,1,validation,28.0,52.627476,48.0
Kegalle,2024-05-24,2024-05-25,1,validation,49.0,37.903297,28.0
Kegalle,2024-05-31,2024-06-01,1,validation,31.0,47.49318,49.0
Kegalle,2024-06-07,2024-06-08,1,validation,36.0,44.84262,31.0
Kegalle,2024-06-14,2024-06-15,1,validation,24.0,40.264347,36.0
Kegalle,2024-06-21,2024-06-22,1,validation,40.0,38.17985,24.0
Kegalle,2024-06-28,2024-06-29,1,validation,38.0,63.4565,40.0
Kegalle,2024-07-05,2024-07-06,1,validation,35.0,39.679752,38.0
Kegalle,2024-07-12,2024-07-13,1,validation,35.0,35.928165,35.0
Kegalle,2024-07-19,2024-07-20,1,validation,19.0,35.662945,35.0
Kegalle,2024-07-26,2024-07-27,1,validation,39.0,28.644693,19.0
Kegalle,2024-08-02,2024-08-03,1,validation,20.0,33.033054,39.0
Kegalle,2024-08-09,2024-08-10,1,validation,37.0,27.824905,20.0
Kegalle,2024-08-16,2024-08-17,1,validation,77.0,30.435535,37.0
Kegalle,2024-08-23,2024-08-24,1,validation,23.0,61.52087,77.0
Kegalle,2024-08-30,2024-08-31,1,validation,38.0,44.1737,23.0
Kegalle,2024-09-06,2024-09-07,1,validation,37.0,38.938553,38.0
Kegalle,2024-09-13,2024-09-14,1,validation,26.0,46.44272,37.0
Kegalle,2024-09-20,2024-09-21,1,validation,25.0,34.18609,26.0
Kegalle,2024-09-27,2024-09-28,1,validation,15.0,28.57439,25.0
Kegalle,2024-10-04,2024-10-05,1,validation,13.0,23.746534,15.0
Kegalle,2024-10-11,2024-10-12,1,validation,20.0,17.552792,13.0
Kegalle,2024-10-18,2024-10-19,1,validation,24.0,19.379436,20.0
Kegalle,2024-10-25,2024-10-26,1,validation,8.0,23.463175,24.0
Kegalle,2024-11-01,2024-11-02,1,validation,21.0,17.094006,8.0
Kegalle,2024-11-08,2024-11-09,1,validation,16.0,21.707869,21.0
Kegalle,2024-11-15,2024-11-16,1,validation,26.0,17.821634,16.0
Kegalle,2024-11-22,2024-11-23,1,validation,23.0,25.615273,26.0
Kegalle,2024-11-29,2024-11-30,1,validation,21.0,24.613527,23.0
Kegalle,2024-12-06,2024-12-07,1,validation,14.0,26.205168,21.0
Kegalle,2024-12-13,2024-12-14,1,validation,17.0,19.43236,14.0
Kegalle,2024-12-20,2024-12-21,1,validation,44.0,21.27885,17.0
Kegalle,2024-12-27,2024-12-28,1,validation,64.0,41.48112,44.0
Kilinochchi,2024-01-05,2024-01-06,1,validation,52.0,35.220608,29.0
Kilinochchi,2024-01-12,2024-01-13,1,validation,20.0,47.153427,52.0
Kilinochchi,2024-01-19,2024-01-20,1,validation,41.0,34.690308,20.0
Kilinochchi,2024-01-26,2024-01-27,1,validation,22.0,35.740704,41.0
Kilinochchi,2024-02-02,2024-02-03,1,validation,26.0,27.042984,22.0
Kilinochchi,2024-02-09,2024-02-10,1,validation,22.0,23.872229,26.0
Kilinochchi,2024-02-16,2024-02-17,1,validation,12.0,20.230682,22.0
Kilinochchi,2024-02-23,2024-02-24,1,validation,9.0,15.78777,12.0
Kilinochchi,2024-03-01,2024-03-02,1,validation,8.0,11.799401,9.0
Kilinochchi,2024-03-08,2024-03-09,1,validation,8.0,9.452516,8.0
Kilinochchi,2024-03-15,2024-03-16,1,validation,7.0,7.0320325,8.0
Kilinochchi,2024-03-22,2024-03-23,1,validation,2.0,5.521981,7.0
Kilinochchi,2024-03-29,2024-03-30,1,validation,3.0,3.8268373,2.0
Kilinochchi,2024-04-05,2024-04-06,1,validation,3.0,2.3892646,3.0
Kilinochchi,2024-04-12,2024-04-13,1,validation,4.0,3.30952,3.0
Kilinochchi,2024-04-19,2024-04-20,1,validation,0.0,2.9340844,4.0
Kilinochchi,2024-04-26,2024-04-27,1,validation,0.0,2.3220377,0.0
Kilinochchi,2024-05-03,2024-05-04,1,validation,0.0,1.6319499,0.0
Kilinochchi,2024-05-10,2024-05-11,1,validation,1.0,1.4457307,0.0
Kilinochchi,2024-05-17,2024-05-18,1,validation,0.0,1.9075648,1.0
Kilinochchi,2024-05-24,2024-05-25,1,validation,0.0,2.5606062,0.0
Kilinochchi,2024-05-31,2024-06-01,1,validation,0.0,2.4910314,0.0
Kilinochchi,2024-06-07,2024-06-08,1,validation,0.0,2.5653386,0.0
Kilinochchi,2024-06-14,2024-06-15,1,validation,0.0,3.2397814,0.0
Kilinochchi,2024-06-21,2024-06-22,1,validation,0.0,2.6388896,0.0
Kilinochchi,2024-06-28,2024-06-29,1,validation,0.0,5.744103,0.0
Kilinochchi,2024-07-05,2024-07-06,1,validation,0.0,2.1549172,0.0
Kilinochchi,2024-07-12,2024-07-13,1,validation,2.0,1.105558,0.0
Kilinochchi,2024-07-19,2024-07-20,1,validation,1.0,0.86777484,2.0
Kilinochchi,2024-07-26,2024-07-27,1,validation,1.0,1.022981,1.0
Kilinochchi,2024-08-02,2024-08-03,1,validation,6.0,0.436807,1.0
Kilinochchi,2024-08-09,2024-08-10,1,validation,3.0,1.9472431,6.0
Kilinochchi,2024-08-16,2024-08-17,1,validation,3.0,1.6776524,3.0
Kilinochchi,2024-08-23,2024-08-24,1,validation,1.0,1.6334069,3.0
Kilinochchi,2024-08-30,2024-08-31,1,validation,0.0,1.4525012,1.0
Kilinochchi,2024-09-06,2024-09-07,1,validation,0.0,1.1308224,0.0
Kilinochchi,2024-09-13,2024-09-14,1,validation,0.0,1.30078,0.0
Kilinochchi,2024-09-20,2024-09-21,1,validation,2.0,1.0816944,0.0
Kilinochchi,2024-09-27,2024-09-28,1,validation,2.0,1.1409616,2.0
Kilinochchi,2024-10-04,2024-10-05,1,validation,0.0,1.2081226,2.0
Kilinochchi,2024-10-11,2024-10-12,1,validation,1.0,1.5674872,0.0
Kilinochchi,2024-10-18,2024-10-19,1,validation,1.0,2.6696696,1.0
Kilinochchi,2024-10-25,2024-10-26,1,validation,3.0,2.9184248,1.0
Kilinochchi,2024-11-01,2024-11-02,1,validation,5.0,2.7866292,3.0
Kilinochchi,2024-11-08,2024-11-09,1,validation,3.0,4.6126804,5.0
Kilinochchi,2024-11-15,2024-11-16,1,validation,0.0,3.958415,3.0
Kilinochchi,2024-11-22,2024-11-23,1,validation,1.0,4.9949365,0.0
Kilinochchi,2024-11-29,2024-11-30,1,validation,1.0,4.8812256,1.0
Kilinochchi,2024-12-06,2024-12-07,1,validation,8.0,4.4378824,1.0
Kilinochchi,2024-12-13,2024-12-14,1,validation,6.0,6.5495095,8.0
Kilinochchi,2024-12-20,2024-12-21,1,validation,5.0,5.7384715,6.0
Kilinochchi,2024-12-27,2024-12-28,1,validation,5.0,11.520154,5.0
Kurunegala,2024-01-05,2024-01-06,1,validation,127.0,163.0437,155.0
Kurunegala,2024-01-12,2024-01-13,1,validation,62.0,133.25102,127.0
Kurunegala,2024-01-19,2024-01-20,1,validation,135.0,99.32842,62.0
Kurunegala,2024-01-26,2024-01-27,1,validation,103.0,100.68486,135.0
Kurunegala,2024-02-02,2024-02-03,1,validation,108.0,91.202866,103.0
Kurunegala,2024-02-09,2024-02-10,1,validation,26.0,93.35896,108.0
Kurunegala,2024-02-16,2024-02-17,1,validation,61.0,56.471703,26.0
Kurunegala,2024-02-23,2024-02-24,1,validation,58.0,47.62177,61.0
Kurunegala,2024-03-01,2024-03-02,1,validation,67.0,48.384796,58.0
Kurunegala,2024-03-08,2024-03-09,1,validation,50.0,51.836857,67.0
Kurunegala,2024-03-15,2024-03-16,1,validation,29.0,48.85635,50.0
Kurunegala,2024-03-22,2024-03-23,1,validation,19.0,34.070774,29.0
Kurunegala,2024-03-29,2024-03-30,1,validation,26.0,22.82892,19.0
Kurunegala,2024-04-05,2024-04-06,1,validation,6.0,22.021025,26.0
Kurunegala,2024-04-12,2024-04-13,1,validation,21.0,16.369875,6.0
Kurunegala,2024-04-19,2024-04-20,1,validation,20.0,20.243803,21.0
Kurunegala,2024-04-26,2024-04-27,1,validation,19.0,19.68783,20.0
Kurunegala,2024-05-03,2024-05-04,1,validation,34.0,18.876873,19.0
Kurunegala,2024-05-10,2024-05-11,1,validation,44.0,27.456549,34.0
Kurunegala,2024-05-17,2024-05-18,1,validation,39.0,44.218372,44.0
Kurunegala,2024-05-24,2024-05-25,1,validation,39.0,40.253048,39.0
Kurunegala,2024-05-31,2024-06-01,1,validation,37.0,42.620983,39.0
Kurunegala,2024-06-07,2024-06-08,1,validation,36.0,43.986916,37.0
Kurunegala,2024-06-14,2024-06-15,1,validation,21.0,43.706696,36.0
Kurunegala,2024-06-21,2024-06-22,1,validation,47.0,33.94312,21.0
Kurunegala,2024-06-28,2024-06-29,1,validation,39.0,69.01818,47.0
Kurunegala,2024-07-05,2024-07-06,1,validation,32.0,38.863937,39.0
Kurunegala,2024-07-12,2024-07-13,1,validation,38.0,35.504356,32.0
Kurunegala,2024-07-19,2024-07-20,1,validation,27.0,37.472527,38.0
Kurunegala,2024-07-26,2024-07-27,1,validation,61.0,31.288322,27.0
Kurunegala,2024-08-02,2024-08-03,1,validation,39.0,48.378815,61.0
Kurunegala,2024-08-09,2024-08-10,1,validation,31.0,43.387283,39.0
Kurunegala,2024-08-16,2024-08-17,1,validation,20.0,34.832462,31.0
Kurunegala,2024-08-23,2024-08-24,1,validation,20.0,29.246834,20.0
Kurunegala,2024-08-30,2024-08-31,1,validation,21.0,28.421734,20.0
Kurunegala,2024-09-06,2024-09-07,1,validation,26.0,24.101479,21.0
Kurunegala,2024-09-13,2024-09-14,1,validation,22.0,34.00163,26.0
Kurunegala,2024-09-20,2024-09-21,1,validation,28.0,25.128405,22.0
Kurunegala,2024-09-27,2024-09-28,1,validation,17.0,25.790276,28.0
Kurunegala,2024-10-04,2024-10-05,1,validation,16.0,22.221634,17.0
Kurunegala,2024-10-11,2024-10-12,1,validation,16.0,21.171001,16.0
Kurunegala,2024-10-18,2024-10-19,1,validation,21.0,18.034105,16.0
Kurunegala,2024-10-25,2024-10-26,1,validation,30.0,21.201975,21.0
Kurunegala,2024-11-01,2024-11-02,1,validation,20.0,26.18598,30.0
Kurunegala,2024-11-08,2024-11-09,1,validation,14.0,23.782108,20.0
Kurunegala,2024-11-15,2024-11-16,1,validation,25.0,19.256805,14.0
Kurunegala,2024-11-22,2024-11-23,1,validation,20.0,26.386154,25.0
Kurunegala,2024-11-29,2024-11-30,1,validation,17.0,23.054438,20.0
Kurunegala,2024-12-06,2024-12-07,1,validation,14.0,21.367968,17.0
Kurunegala,2024-12-13,2024-12-14,1,validation,25.0,17.083956,14.0
Kurunegala,2024-12-20,2024-12-21,1,validation,26.0,28.605837,25.0
Kurunegala,2024-12-27,2024-12-28,1,validation,26.0,29.763067,26.0
Mannar,2024-01-05,2024-01-06,1,validation,35.0,52.29534,53.0
Mannar,2024-01-12,2024-01-13,1,validation,13.0,40.204563,35.0
Mannar,2024-01-19,2024-01-20,1,validation,10.0,29.290035,13.0
Mannar,2024-01-26,2024-01-27,1,validation,19.0,20.131796,10.0
Mannar,2024-02-02,2024-02-03,1,validation,21.0,16.772953,19.0
Mannar,2024-02-09,2024-02-10,1,validation,2.0,21.443113,21.0
Mannar,2024-02-16,2024-02-17,1,validation,4.0,10.776523,2.0
Mannar,2024-02-23,2024-02-24,1,validation,4.0,7.2703195,4.0
Mannar,2024-03-01,2024-03-02,1,validation,4.0,3.2669249,4.0
Mannar,2024-03-08,2024-03-09,1,validation,1.0,3.7176738,4.0
Mannar,2024-03-15,2024-03-16,1,validation,1.0,2.017078,1.0
Mannar,2024-03-22,2024-03-23,1,validation,2.0,1.8312545,1.0
Mannar,2024-03-29,2024-03-30,1,validation,1.0,1.1838984,2.0
Mannar,2024-04-05,2024-04-06,1,validation,2.0,0.1426868,1.0
Mannar,2024-04-12,2024-04-13,1,validation,1.0,2.216996,2.0
Mannar,2024-04-19,2024-04-20,1,validation,9.0,2.1421509,1.0
Mannar,2024-04-26,2024-04-27,1,validation,1.0,4.6182914,9.0
Mannar,2024-05-03,2024-05-04,1,validation,1.0,2.8731067,1.0
Mannar,2024-05-10,2024-05-11,1,validation,0.0,2.6715147,1.0
Mannar,2024-05-17,2024-05-18,1,validation,0.0,2.9615462,0.0
Mannar,2024-05-24,2024-05-25,1,validation,2.0,3.567751,0.0
Mannar,2024-05-31,2024-06-01,1,validation,2.0,2.7923324,2.0
Mannar,2024-06-07,2024-06-08,1,validation,1.0,3.781375,2.0
Mannar,2024-06-14,2024-06-15,1,validation,1.0,3.9246712,1.0
Mannar,2024-06-21,2024-06-22,1,validation,3.0,3.229291,1.0
Mannar,2024-06-28,2024-06-29,1,validation,2.0,11.7348175,3.0
Mannar,2024-07-05,2024-07-06,1,validation,2.0,2.880749,2.0
Mannar,2024-07-12,2024-07-13,1,validation,5.0,1.9844921,2.0
Mannar,2024-07-19,2024-07-20,1,validation,5.0,2.413134,5.0
Mannar,2024-07-26,2024-07-27,1,validation,8.0,3.2549047,5.0
Mannar,2024-08-02,2024-08-03,1,validation,3.0,3.4698887,8.0
Mannar,2024-08-09,2024-08-10,1,validation,10.0,3.189516,3.0
Mannar,2024-08-16,2024-08-17,1,validation,10.0,7.3690367,10.0
Mannar,2024-08-23,2024-08-24,1,validation,8.0,8.977375,10.0
Mannar,2024-08-30,2024-08-31,1,validation,3.0,7.1136293,8.0
Mannar,2024-09-06,2024-09-07,1,validation,11.0,4.500637,3.0
Mannar,2024-09-13,2024-09-14,1,validation,14.0,9.769891,11.0
Mannar,2024-09-20,2024-09-21,1,validation,4.0,10.181341,14.0
Mannar,2024-09-27,2024-09-28,1,validation,2.0,7.1100802,4.0
Mannar,2024-10-04,2024-10-05,1,validation,2.0,4.8026156,2.0
Mannar,2024-10-11,2024-10-12,1,validation,5.0,4.114334,2.0
Mannar,2024-10-18,2024-10-19,1,validation,7.0,5.8806276,5.0
Mannar,2024-10-25,2024-10-26,1,validation,5.0,4.9935093,7.0
Mannar,2024-11-01,2024-11-02,1,validation,3.0,7.1514087,5.0
Mannar,2024-11-08,2024-11-09,1,validation,5.0,7.48256,3.0
Mannar,2024-11-15,2024-11-16,1,validation,6.0,6.76018,5.0
Mannar,2024-11-22,2024-11-23,1,validation,6.0,7.3621006,6.0
Mannar,2024-11-29,2024-11-30,1,validation,2.0,8.191145,6.0
Mannar,2024-12-06,2024-12-07,1,validation,2.0,6.0292416,2.0
Mannar,2024-12-13,2024-12-14,1,validation,8.0,6.7877293,2.0
Mannar,2024-12-20,2024-12-21,1,validation,12.0,6.681755,8.0
Mannar,2024-12-27,2024-12-28,1,validation,11.0,13.189648,12.0
Matale,2024-01-05,2024-01-06,1,validation,39.0,57.16619,40.0
Matale,2024-01-12,2024-01-13,1,validation,47.0,41.61454,39.0
Matale,2024-01-19,2024-01-20,1,validation,28.0,45.671135,47.0
Matale,2024-01-26,2024-01-27,1,validation,22.0,30.806597,28.0
Matale,2024-02-02,2024-02-03,1,validation,27.0,25.114403,22.0
Matale,2024-02-09,2024-02-10,1,validation,30.0,24.99717,27.0
Matale,2024-02-16,2024-02-17,1,validation,18.0,22.996208,30.0
Matale,2024-02-23,2024-02-24,1,validation,16.0,18.974085,18.0
Matale,2024-03-01,2024-03-02,1,validation,11.0,17.354776,16.0
Matale,2024-03-08,2024-03-09,1,validation,8.0,14.399799,11.0
Matale,2024-03-15,2024-03-16,1,validation,6.0,11.224514,8.0
Matale,2024-03-22,2024-03-23,1,validation,12.0,7.472628,6.0
Matale,2024-03-29,2024-03-30,1,validation,3.0,8.611943,12.0
Matale,2024-04-05,2024-04-06,1,validation,6.0,5.4860845,3.0
Matale,2024-04-12,2024-04-13,1,validation,16.0,7.012859,6.0
Matale,2024-04-19,2024-04-20,1,validation,7.0,12.248974,16.0
Matale,2024-04-26,2024-04-27,1,validation,6.0,9.977862,7.0
Matale,2024-05-03,2024-05-04,1,validation,13.0,8.7373295,6.0
Matale,2024-05-10,2024-05-11,1,validation,9.0,10.637842,13.0
Matale,2024-05-17,2024-05-18,1,validation,5.0,11.013912,9.0
Matale,2024-05-24,2024-05-25,1,validation,7.0,8.466671,5.0
Matale,2024-05-31,2024-06-01,1,validation,8.0,7.3532786,7.0
Matale,2024-06-07,2024-06-08,1,validation,3.0,9.021267,8.0
Matale,2024-06-14,2024-06-15,1,validation,15.0,10.04658,3.0
Matale,2024-06-21,2024-06-22,1,validation,13.0,11.416116,15.0
Matale,2024-06-28,2024-06-29,1,validation,14.0,29.69895,13.0
Matale,2024-07-05,2024-07-06,1,validation,24.0,13.136338,14.0
Matale,2024-07-12,2024-07-13,1,validation,18.0,21.323656,24.0
Matale,2024-07-19,2024-07-20,1,validation,19.0,17.61654,18.0
Matale,2024-07-26,2024-07-27,1,validation,16.0,19.653719,19.0
Matale,2024-08-02,2024-08-03,1,validation,14.0,16.824968,16.0
Matale,2024-08-09,2024-08-10,1,validation,18.0,15.36972,14.0
Matale,2024-08-16,2024-08-17,1,validation,21.0,19.10803,18.0
Matale,2024-08-23,2024-08-24,1,validation,8.0,19.481724,21.0
Matale,2024-08-30,2024-08-31,1,validation,17.0,13.095805,8.0
Matale,2024-09-06,2024-09-07,1,validation,22.0,14.074222,17.0
Matale,2024-09-13,2024-09-14,1,validation,16.0,21.642118,22.0
Matale,2024-09-20,2024-09-21,1,validation,12.0,19.062704,16.0
Matale,2024-09-27,2024-09-28,1,validation,26.0,14.742801,12.0
Matale,2024-10-04,2024-10-05,1,validation,32.0,23.850395,26.0
Matale,2024-10-11,2024-10-12,1,validation,7.0,26.388617,32.0
Matale,2024-10-18,2024-10-19,1,validation,43.0,18.576721,7.0
Matale,2024-10-25,2024-10-26,1,validation,35.0,32.681732,43.0
Matale,2024-11-01,2024-11-02,1,validation,25.0,33.789604,35.0
Matale,2024-11-08,2024-11-09,1,validation,41.0,30.914976,25.0
Matale,2024-11-15,2024-11-16,1,validation,41.0,36.42676,41.0
Matale,2024-11-22,2024-11-23,1,validation,31.0,39.50511,41.0
Matale,2024-11-29,2024-11-30,1,validation,37.0,34.94282,31.0
Matale,2024-12-06,2024-12-07,1,validation,38.0,41.243015,37.0
Matale,2024-12-13,2024-12-14,1,validation,52.0,29.953178,38.0
Matale,2024-12-20,2024-12-21,1,validation,34.0,47.010025,52.0
Matale,2024-12-27,2024-12-28,1,validation,52.0,53.139812,34.0
Matara,2024-01-05,2024-01-06,1,validation,35.0,48.81179,46.0
Matara,2024-01-12,2024-01-13,1,validation,27.0,44.41102,35.0
Matara,2024-01-19,2024-01-20,1,validation,32.0,32.14375,27.0
Matara,2024-01-26,2024-01-27,1,validation,29.0,29.16915,32.0
Matara,2024-02-02,2024-02-03,1,validation,26.0,30.36751,29.0
Matara,2024-02-09,2024-02-10,1,validation,23.0,27.446217,26.0
Matara,2024-02-16,2024-02-17,1,validation,29.0,21.787153,23.0
Matara,2024-02-23,2024-02-24,1,validation,15.0,22.419043,29.0
Matara,2024-03-01,2024-03-02,1,validation,28.0,17.909176,15.0
Matara,2024-03-08,2024-03-09,1,validation,23.0,21.61751,28.0
Matara,2024-03-15,2024-03-16,1,validation,14.0,21.920671,23.0
Matara,2024-03-22,2024-03-23,1,validation,14.0,16.108818,14.0
Matara,2024-03-29,2024-03-30,1,validation,17.0,13.634797,14.0
Matara,2024-04-05,2024-04-06,1,validation,11.0,14.763217,17.0
Matara,2024-04-12,2024-04-13,1,validation,3.0,15.684425,11.0
Matara,2024-04-19,2024-04-20,1,validation,10.0,11.146437,3.0
Matara,2024-04-26,2024-04-27,1,validation,14.0,11.340536,10.0
Matara,2024-05-03,2024-05-04,1,validation,16.0,10.799346,14.0
Matara,2024-05-10,2024-05-11,1,validation,13.0,15.464069,16.0
Matara,2024-05-17,2024-05-18,1,validation,7.0,15.143557,13.0
Matara,2024-05-24,2024-05-25,1,validation,17.0,13.494423,7.0
Matara,2024-05-31,2024-06-01,1,validation,16.0,17.238882,17.0
Matara,2024-06-07,2024-06-08,1,validation,11.0,19.387833,16.0
Matara,2024-06-14,2024-06-15,1,validation,5.0,17.051466,11.0
Matara,2024-06-21,2024-06-22,1,validation,13.0,15.716456,5.0
Matara,2024-06-28,2024-06-29,1,validation,22.0,27.304651,13.0
Matara,2024-07-05,2024-07-06,1,validation,19.0,20.50002,22.0
Matara,2024-07-12,2024-07-13,1,validation,27.0,19.064123,19.0
Matara,2024-07-19,2024-07-20,1,validation,44.0,22.030836,27.0
Matara,2024-07-26,2024-07-27,1,validation,31.0,39.55205,44.0
Matara,2024-08-02,2024-08-03,1,validation,29.0,32.108696,31.0
Matara,2024-08-09,2024-08-10,1,validation,38.0,29.845701,29.0
Matara,2024-08-16,2024-08-17,1,validation,22.0,33.59613,38.0
Matara,2024-08-23,2024-08-24,1,validation,13.0,29.639103,22.0
Matara,2024-08-30,2024-08-31,1,validation,31.0,21.471642,13.0
Matara,2024-09-06,2024-09-07,1,validation,22.0,26.616,31.0
Matara,2024-09-13,2024-09-14,1,validation,28.0,28.75119,22.0
Matara,2024-09-20,2024-09-21,1,validation,22.0,29.60817,28.0
Matara,2024-09-27,2024-09-28,1,validation,75.0,25.216843,22.0
Matara,2024-10-04,2024-10-05,1,validation,46.0,57.237076,75.0
Matara,2024-10-11,2024-10-12,1,validation,36.0,53.15799,46.0
Matara,2024-10-18,2024-10-19,1,validation,29.0,40.401497,36.0
Matara,2024-10-25,2024-10-26,1,validation,18.0,34.33607,29.0
Matara,2024-11-01,2024-11-02,1,validation,19.0,28.524263,18.0
Matara,2024-11-08,2024-11-09,1,validation,14.0,24.54198,19.0
Matara,2024-11-15,2024-11-16,1,validation,20.0,16.865616,14.0
Matara,2024-11-22,2024-11-23,1,validation,20.0,21.40681,20.0
Matara,2024-11-29,2024-11-30,1,validation,15.0,22.183306,20.0
Matara,2024-12-06,2024-12-07,1,validation,11.0,16.9106,15.0
Matara,2024-12-13,2024-12-14,1,validation,12.0,16.837078,11.0
Matara,2024-12-20,2024-12-21,1,validation,26.0,17.512169,12.0
Matara,2024-12-27,2024-12-28,1,validation,28.0,25.946789,26.0
Monaragala,2024-01-05,2024-01-06,1,validation,29.0,39.934925,42.0
Monaragala,2024-01-12,2024-01-13,1,validation,87.0,35.841793,29.0
Monaragala,2024-01-19,2024-01-20,1,validation,48.0,82.44511,87.0
Monaragala,2024-01-26,2024-01-27,1,validation,36.0,54.62576,48.0
Monaragala,2024-02-02,2024-02-03,1,validation,21.0,40.48058,36.0
Monaragala,2024-02-09,2024-02-10,1,validation,15.0,31.529701,21.0
Monaragala,2024-02-16,2024-02-17,1,validation,27.0,22.032894,15.0
Monaragala,2024-02-23,2024-02-24,1,validation,25.0,23.304142,27.0
Monaragala,2024-03-01,2024-03-02,1,validation,17.0,23.819513,25.0
Monaragala,2024-03-08,2024-03-09,1,validation,19.0,18.846333,17.0
Monaragala,2024-03-15,2024-03-16,1,validation,12.0,17.50927,19.0
Monaragala,2024-03-22,2024-03-23,1,validation,10.0,14.317874,12.0
Monaragala,2024-03-29,2024-03-30,1,validation,8.0,14.340512,10.0
Monaragala,2024-04-05,2024-04-06,1,validation,12.0,8.444272,8.0
Monaragala,2024-04-12,2024-04-13,1,validation,10.0,12.084626,12.0
Monaragala,2024-04-19,2024-04-20,1,validation,15.0,12.6656685,10.0
Monaragala,2024-04-26,2024-04-27,1,validation,7.0,13.050194,15.0
Monaragala,2024-05-03,2024-05-04,1,validation,12.0,9.140288,7.0
Monaragala,2024-05-10,2024-05-11,1,validation,14.0,12.307735,12.0
Monaragala,2024-05-17,2024-05-18,1,validation,5.0,12.847864,14.0
Monaragala,2024-05-24,2024-05-25,1,validation,15.0,11.135691,5.0
Monaragala,2024-05-31,2024-06-01,1,validation,20.0,11.902994,15.0
Monaragala,2024-06-07,2024-06-08,1,validation,14.0,17.341745,20.0
Monaragala,2024-06-14,2024-06-15,1,validation,16.0,15.712947,14.0
Monaragala,2024-06-21,2024-06-22,1,validation,13.0,17.003317,16.0
Monaragala,2024-06-28,2024-06-29,1,validation,11.0,27.221035,13.0
Monaragala,2024-07-05,2024-07-06,1,validation,15.0,14.4058275,11.0
Monaragala,2024-07-12,2024-07-13,1,validation,12.0,12.582486,15.0
Monaragala,2024-07-19,2024-07-20,1,validation,15.0,13.634139,12.0
Monaragala,2024-07-26,2024-07-27,1,validation,12.0,13.376592,15.0
Monaragala,2024-08-02,2024-08-03,1,validation,12.0,13.286025,12.0
Monaragala,2024-08-09,2024-08-10,1,validation,13.0,13.988598,12.0
Monaragala,2024-08-16,2024-08-17,1,validation,15.0,12.951993,13.0
Monaragala,2024-08-23,2024-08-24,1,validation,18.0,13.094864,15.0
Monaragala,2024-08-30,2024-08-31,1,validation,17.0,15.251503,18.0
Monaragala,2024-09-06,2024-09-07,1,validation,4.0,16.363213,17.0
Monaragala,2024-09-13,2024-09-14,1,validation,19.0,12.411582,4.0
Monaragala,2024-09-20,2024-09-21,1,validation,21.0,17.268255,19.0
Monaragala,2024-09-27,2024-09-28,1,validation,30.0,18.192043,21.0
Monaragala,2024-10-04,2024-10-05,1,validation,34.0,24.093561,30.0
Monaragala,2024-10-11,2024-10-12,1,validation,40.0,29.738667,34.0
Monaragala,2024-10-18,2024-10-19,1,validation,28.0,37.720387,40.0
Monaragala,2024-10-25,2024-10-26,1,validation,26.0,30.566755,28.0
Monaragala,2024-11-01,2024-11-02,1,validation,19.0,28.263367,26.0
Monaragala,2024-11-08,2024-11-09,1,validation,15.0,26.611069,19.0
Monaragala,2024-11-15,2024-11-16,1,validation,45.0,18.89291,15.0
Monaragala,2024-11-22,2024-11-23,1,validation,20.0,38.610065,45.0
Monaragala,2024-11-29,2024-11-30,1,validation,13.0,32.761497,20.0
Monaragala,2024-12-06,2024-12-07,1,validation,22.0,20.97788,13.0
Monaragala,2024-12-13,2024-12-14,1,validation,13.0,23.034782,22.0
Monaragala,2024-12-20,2024-12-21,1,validation,13.0,17.827757,13.0
Monaragala,2024-12-27,2024-12-28,1,validation,25.0,20.595034,13.0
Mullaitivu,2024-01-05,2024-01-06,1,validation,26.0,37.86975,25.0
Mullaitivu,2024-01-12,2024-01-13,1,validation,31.0,31.495218,26.0
Mullaitivu,2024-01-19,2024-01-20,1,validation,23.0,29.30139,31.0
Mullaitivu,2024-01-26,2024-01-27,1,validation,11.0,27.622923,23.0
Mullaitivu,2024-02-02,2024-02-03,1,validation,22.0,17.382364,11.0
Mullaitivu,2024-02-09,2024-02-10,1,validation,8.0,21.073143,22.0
Mullaitivu,2024-02-16,2024-02-17,1,validation,9.0,12.373124,8.0
Mullaitivu,2024-02-23,2024-02-24,1,validation,2.0,11.527268,9.0
Mullaitivu,2024-03-01,2024-03-02,1,validation,5.0,5.1875234,2.0
Mullaitivu,2024-03-08,2024-03-09,1,validation,7.0,4.6857367,5.0
Mullaitivu,2024-03-15,2024-03-16,1,validation,1.0,4.6502995,7.0
Mullaitivu,2024-03-22,2024-03-23,1,validation,1.0,3.4206262,1.0
Mullaitivu,2024-03-29,2024-03-30,1,validation,3.0,1.6601276,1.0
Mullaitivu,2024-04-05,2024-04-06,1,validation,2.0,0.95530814,3.0
Mullaitivu,2024-04-12,2024-04-13,1,validation,2.0,2.256419,2.0
Mullaitivu,2024-04-19,2024-04-20,1,validation,1.0,2.3413615,2.0
Mullaitivu,2024-04-26,2024-04-27,1,validation,2.0,1.9217219,1.0
Mullaitivu,2024-05-03,2024-05-04,1,validation,2.0,1.4940276,2.0
Mullaitivu,2024-05-10,2024-05-11,1,validation,0.0,1.479418,2.0
Mullaitivu,2024-05-17,2024-05-18,1,validation,0.0,2.1439972,0.0
Mullaitivu,2024-05-24,2024-05-25,1,validation,1.0,2.826815,0.0
Mullaitivu,2024-05-31,2024-06-01,1,validation,0.0,2.6512668,1.0
Mullaitivu,2024-06-07,2024-06-08,1,validation,0.0,2.433098,0.0
Mullaitivu,2024-06-14,2024-06-15,1,validation,1.0,2.9885654,0.0
Mullaitivu,2024-06-21,2024-06-22,1,validation,1.0,2.5161574,1.0
Mullaitivu,2024-06-28,2024-06-29,1,validation,1.0,5.7921004,1.0
Mullaitivu,2024-07-05,2024-07-06,1,validation,3.0,1.7826589,1.0
Mullaitivu,2024-07-12,2024-07-13,1,validation,0.0,1.1811517,3.0
Mullaitivu,2024-07-19,2024-07-20,1,validation,1.0,0.9785167,0.0
Mullaitivu,2024-07-26,2024-07-27,1,validation,1.0,1.2179706,1.0
Mullaitivu,2024-08-02,2024-08-03,1,validation,1.0,0.59377706,1.0
Mullaitivu,2024-08-09,2024-08-10,1,validation,1.0,0.6877439,1.0
Mullaitivu,2024-08-16,2024-08-17,1,validation,0.0,0.8217244,1.0
Mullaitivu,2024-08-23,2024-08-24,1,validation,2.0,1.2356504,0.0
Mullaitivu,2024-08-30,2024-08-31,1,validation,2.0,1.1465168,2.0
Mullaitivu,2024-09-06,2024-09-07,1,validation,2.0,1.4707992,2.0
Mullaitivu,2024-09-13,2024-09-14,1,validation,4.0,1.3745489,2.0
Mullaitivu,2024-09-20,2024-09-21,1,validation,1.0,1.441822,4.0
Mullaitivu,2024-09-27,2024-09-28,1,validation,1.0,1.8057836,1.0
Mullaitivu,2024-10-04,2024-10-05,1,validation,1.0,2.0736842,1.0
Mullaitivu,2024-10-11,2024-10-12,1,validation,0.0,1.9608727,1.0
Mullaitivu,2024-10-18,2024-10-19,1,validation,1.0,3.1081803,0.0
Mullaitivu,2024-10-25,2024-10-26,1,validation,1.0,2.3161478,1.0
Mullaitivu,2024-11-01,2024-11-02,1,validation,3.0,2.6952424,1.0
Mullaitivu,2024-11-08,2024-11-09,1,validation,1.0,3.091637,3.0
Mullaitivu,2024-11-15,2024-11-16,1,validation,3.0,3.1997468,1.0
Mullaitivu,2024-11-22,2024-11-23,1,validation,3.0,4.217686,3.0
Mullaitivu,2024-11-29,2024-11-30,1,validation,0.0,4.5217113,3.0
Mullaitivu,2024-12-06,2024-12-07,1,validation,5.0,4.42741,0.0
Mullaitivu,2024-12-13,2024-12-14,1,validation,2.0,8.287848,5.0
Mullaitivu,2024-12-20,2024-12-21,1,validation,4.0,7.0664363,2.0
Mullaitivu,2024-12-27,2024-12-28,1,validation,3.0,8.085654,4.0
Nuwara Eliya,2024-01-05,2024-01-06,1,validation,28.0,25.7684,19.0
Nuwara Eliya,2024-01-12,2024-01-13,1,validation,22.0,28.121801,28.0
Nuwara Eliya,2024-01-19,2024-01-20,1,validation,18.0,25.599894,22.0
Nuwara Eliya,2024-01-26,2024-01-27,1,validation,13.0,19.092232,18.0
Nuwara Eliya,2024-02-02,2024-02-03,1,validation,18.0,15.411913,13.0
Nuwara Eliya,2024-02-09,2024-02-10,1,validation,9.0,17.438753,18.0
Nuwara Eliya,2024-02-16,2024-02-17,1,validation,9.0,12.495545,9.0
Nuwara Eliya,2024-02-23,2024-02-24,1,validation,6.0,9.632809,9.0
Nuwara Eliya,2024-03-01,2024-03-02,1,validation,10.0,7.708174,6.0
Nuwara Eliya,2024-03-08,2024-03-09,1,validation,4.0,8.183392,10.0
Nuwara Eliya,2024-03-15,2024-03-16,1,validation,6.0,3.8808537,4.0
Nuwara Eliya,2024-03-22,2024-03-23,1,validation,7.0,4.6461096,6.0
Nuwara Eliya,2024-03-29,2024-03-30,1,validation,3.0,4.152999,7.0
Nuwara Eliya,2024-04-05,2024-04-06,1,validation,1.0,3.0511448,3.0
Nuwara Eliya,2024-04-12,2024-04-13,1,validation,7.0,3.8168333,1.0
Nuwara Eliya,2024-04-19,2024-04-20,1,validation,3.0,4.261074,7.0
Nuwara Eliya,2024-04-26,2024-04-27,1,validation,3.0,4.230803,3.0
Nuwara Eliya,2024-05-03,2024-05-04,1,validation,4.0,2.5074503,3.0
Nuwara Eliya,2024-05-10,2024-05-11,1,validation,2.0,3.3006463,4.0
Nuwara Eliya,2024-05-17,2024-05-18,1,validation,1.0,4.265837,2.0
Nuwara Eliya,2024-05-24,2024-05-25,1,validation,2.0,3.5390081,1.0
Nuwara Eliya,2024-05-31,2024-06-01,1,validation,5.0,4.061318,2.0
Nuwara Eliya,2024-06-07,2024-06-08,1,validation,4.0,5.932962,5.0
Nuwara Eliya,2024-06-14,2024-06-15,1,validation,2.0,5.917713,4.0
Nuwara Eliya,2024-06-21,2024-06-22,1,validation,10.0,6.2094774,2.0
Nuwara Eliya,2024-06-28,2024-06-29,1,validation,7.0,30.77539,10.0
Nuwara Eliya,2024-07-05,2024-07-06,1,validation,10.0,9.098195,7.0
Nuwara Eliya,2024-07-12,2024-07-13,1,validation,6.0,10.167677,10.0
Nuwara Eliya,2024-07-19,2024-07-20,1,validation,5.0,6.9536743,6.0
Nuwara Eliya,2024-07-26,2024-07-27,1,validation,9.0,6.561432,5.0
Nuwara Eliya,2024-08-02,2024-08-03,1,validation,5.0,6.891824,9.0
Nuwara Eliya,2024-08-09,2024-08-10,1,validation,10.0,5.645314,5.0
Nuwara Eliya,2024-08-16,2024-08-17,1,validation,7.0,9.809405,10.0
Nuwara Eliya,2024-08-23,2024-08-24,1,validation,4.0,5.540639,7.0
Nuwara Eliya,2024-08-30,2024-08-31,1,validation,1.0,5.216883,4.0
Nuwara Eliya,2024-09-06,2024-09-07,1,validation,5.0,4.6403966,1.0
Nuwara Eliya,2024-09-13,2024-09-14,1,validation,6.0,5.498829,5.0
Nuwara Eliya,2024-09-20,2024-09-21,1,validation,8.0,4.8746123,6.0
Nuwara Eliya,2024-09-27,2024-09-28,1,validation,7.0,5.7302184,8.0
Nuwara Eliya,2024-10-04,2024-10-05,1,validation,4.0,6.8450465,7.0
Nuwara Eliya,2024-10-11,2024-10-12,1,validation,5.0,5.79542,4.0
Nuwara Eliya,2024-10-18,2024-10-19,1,validation,4.0,6.0373797,5.0
Nuwara Eliya,2024-10-25,2024-10-26,1,validation,6.0,4.908331,4.0
Nuwara Eliya,2024-11-01,2024-11-02,1,validation,5.0,6.391019,6.0
Nuwara Eliya,2024-11-08,2024-11-09,1,validation,0.0,6.804857,5.0
Nuwara Eliya,2024-11-15,2024-11-16,1,validation,4.0,4.706639,0.0
Nuwara Eliya,2024-11-22,2024-11-23,1,validation,3.0,3.6471047,4.0
Nuwara Eliya,2024-11-29,2024-11-30,1,validation,2.0,5.0279183,3.0
Nuwara Eliya,2024-12-06,2024-12-07,1,validation,1.0,5.013195,2.0
Nuwara Eliya,2024-12-13,2024-12-14,1,validation,3.0,2.3818438,1.0
Nuwara Eliya,2024-12-20,2024-12-21,1,validation,10.0,2.9582782,3.0
Nuwara Eliya,2024-12-27,2024-12-28,1,validation,5.0,10.061705,10.0
Polonnaruwa,2024-01-05,2024-01-06,1,validation,12.0,25.872309,21.0
Polonnaruwa,2024-01-12,2024-01-13,1,validation,42.0,19.848246,12.0
Polonnaruwa,2024-01-19,2024-01-20,1,validation,12.0,36.157948,42.0
Polonnaruwa,2024-01-26,2024-01-27,1,validation,10.0,25.754688,12.0
Polonnaruwa,2024-02-02,2024-02-03,1,validation,19.0,19.880175,10.0
Polonnaruwa,2024-02-09,2024-02-10,1,validation,41.0,19.292559,19.0
Polonnaruwa,2024-02-16,2024-02-17,1,validation,17.0,29.767185,41.0
Polonnaruwa,2024-02-23,2024-02-24,1,validation,7.0,23.044813,17.0
Polonnaruwa,2024-03-01,2024-03-02,1,validation,11.0,15.4858675,7.0
Polonnaruwa,2024-03-08,2024-03-09,1,validation,10.0,13.626448,11.0
Polonnaruwa,2024-03-15,2024-03-16,1,validation,15.0,12.674827,10.0
Polonnaruwa,2024-03-22,2024-03-23,1,validation,7.0,9.938541,15.0
Polonnaruwa,2024-03-29,2024-03-30,1,validation,7.0,7.6958575,7.0
Polonnaruwa,2024-04-05,2024-04-06,1,validation,4.0,6.090668,7.0
Polonnaruwa,2024-04-12,2024-04-13,1,validation,3.0,5.04536,4.0
Polonnaruwa,2024-04-19,2024-04-20,1,validation,5.0,4.9992614,3.0
Polonnaruwa,2024-04-26,2024-04-27,1,validation,7.0,5.2286296,5.0
Polonnaruwa,2024-05-03,2024-05-04,1,validation,6.0,4.5648217,7.0
Polonnaruwa,2024-05-10,2024-05-11,1,validation,3.0,5.256128,6.0
Polonnaruwa,2024-05-17,2024-05-18,1,validation,6.0,4.9188643,3.0
Polonnaruwa,2024-05-24,2024-05-25,1,validation,2.0,6.623694,6.0
Polonnaruwa,2024-05-31,2024-06-01,1,validation,2.0,2.5438182,2.0
Polonnaruwa,2024-06-07,2024-06-08,1,validation,6.0,5.8244934,2.0
Polonnaruwa,2024-06-14,2024-06-15,1,validation,5.0,9.25787,6.0
Polonnaruwa,2024-06-21,2024-06-22,1,validation,13.0,5.483106,5.0
Polonnaruwa,2024-06-28,2024-06-29,1,validation,3.0,13.0196495,13.0
Polonnaruwa,2024-07-05,2024-07-06,1,validation,7.0,6.683433,3.0
Polonnaruwa,2024-07-12,2024-07-13,1,validation,14.0,5.480644,7.0
Polonnaruwa,2024-07-19,2024-07-20,1,validation,6.0,8.056726,14.0
Polonnaruwa,2024-07-26,2024-07-27,1,validation,11.0,6.751841,6.0
Polonnaruwa,2024-08-02,2024-08-03,1,validation,4.0,8.887906,11.0
Polonnaruwa,2024-08-09,2024-08-10,1,validation,8.0,4.9177594,4.0
Polonnaruwa,2024-08-16,2024-08-17,1,validation,10.0,5.111388,8.0
Polonnaruwa,2024-08-23,2024-08-24,1,validation,7.0,7.806242,10.0
Polonnaruwa,2024-08-30,2024-08-31,1,validation,3.0,6.319828,7.0
Polonnaruwa,2024-09-06,2024-09-07,1,validation,5.0,3.979298,3.0
Polonnaruwa,2024-09-13,2024-09-14,1,validation,5.0,5.0276966,5.0
Polonnaruwa,2024-09-20,2024-09-21,1,validation,8.0,4.955159,5.0
Polonnaruwa,2024-09-27,2024-09-28,1,validation,8.0,5.2165885,8.0
Polonnaruwa,2024-10-04,2024-10-05,1,validation,10.0,5.656407,8.0
Polonnaruwa,2024-10-11,2024-10-12,1,validation,1.0,9.475983,10.0
Polonnaruwa,2024-10-18,2024-10-19,1,validation,6.0,6.6529865,1.0
Polonnaruwa,2024-10-25,2024-10-26,1,validation,3.0,6.3603573,6.0
Polonnaruwa,2024-11-01,2024-11-02,1,validation,8.0,6.6474686,3.0
Polonnaruwa,2024-11-08,2024-11-09,1,validation,7.0,7.9160933,8.0
Polonnaruwa,2024-11-15,2024-11-16,1,validation,6.0,6.1740456,7.0
Polonnaruwa,2024-11-22,2024-11-23,1,validation,17.0,13.507204,6.0
Polonnaruwa,2024-11-29,2024-11-30,1,validation,6.0,22.414587,17.0
Polonnaruwa,2024-12-06,2024-12-07,1,validation,5.0,9.829019,6.0
Polonnaruwa,2024-12-13,2024-12-14,1,validation,3.0,10.834479,5.0
Polonnaruwa,2024-12-20,2024-12-21,1,validation,6.0,7.617063,3.0
Polonnaruwa,2024-12-27,2024-12-28,1,validation,14.0,12.5382,6.0
Puttalam,2024-01-05,2024-01-06,1,validation,92.0,87.98008,90.0
Puttalam,2024-01-12,2024-01-13,1,validation,127.0,87.46408,92.0
Puttalam,2024-01-19,2024-01-20,1,validation,76.0,115.32624,127.0
Puttalam,2024-01-26,2024-01-27,1,validation,52.0,90.93494,76.0
Puttalam,2024-02-02,2024-02-03,1,validation,34.0,57.42578,52.0
Puttalam,2024-02-09,2024-02-10,1,validation,102.0,43.917374,34.0
Puttalam,2024-02-16,2024-02-17,1,validation,29.0,73.94386,102.0
Puttalam,2024-02-23,2024-02-24,1,validation,21.0,52.309036,29.0
Puttalam,2024-03-01,2024-03-02,1,validation,14.0,24.953632,21.0
Puttalam,2024-03-08,2024-03-09,1,validation,9.0,18.692108,14.0
Puttalam,2024-03-15,2024-03-16,1,validation,12.0,25.474283,9.0
Puttalam,2024-03-22,2024-03-23,1,validation,9.0,12.336106,12.0
Puttalam,2024-03-29,2024-03-30,1,validation,18.0,9.479207,9.0
Puttalam,2024-04-05,2024-04-06,1,validation,8.0,10.106522,18.0
Puttalam,2024-04-12,2024-04-13,1,validation,19.0,10.608511,8.0
Puttalam,2024-04-19,2024-04-20,1,validation,7.0,16.513147,19.0
Puttalam,2024-04-26,2024-04-27,1,validation,7.0,11.253961,7.0
Puttalam,2024-05-03,2024-05-04,1,validation,7.0,10.125207,7.0
Puttalam,2024-05-10,2024-05-11,1,validation,13.0,6.8732333,7.0
Puttalam,2024-05-17,2024-05-18,1,validation,11.0,11.196267,13.0
Puttalam,2024-05-24,2024-05-25,1,validation,11.0,13.088504,11.0
Puttalam,2024-05-31,2024-06-01,1,validation,7.0,13.31874,11.0
Puttalam,2024-06-07,2024-06-08,1,validation,10.0,12.91241,7.0
Puttalam,2024-06-14,2024-06-15,1,validation,9.0,14.619682,10.0
Puttalam,2024-06-21,2024-06-22,1,validation,27.0,10.571959,9.0
Puttalam,2024-06-28,2024-06-29,1,validation,21.0,29.726936,27.0
Puttalam,2024-07-05,2024-07-06,1,validation,13.0,21.321697,21.0
Puttalam,2024-07-12,2024-07-13,1,validation,28.0,18.297731,13.0
Puttalam,2024-07-19,2024-07-20,1,validation,24.0,23.08291,28.0
Puttalam,2024-07-26,2024-07-27,1,validation,19.0,24.237532,24.0
Puttalam,2024-08-02,2024-08-03,1,validation,24.0,20.3731,19.0
Puttalam,2024-08-09,2024-08-10,1,validation,16.0,23.665455,24.0
Puttalam,2024-08-16,2024-08-17,1,validation,9.0,19.655653,16.0
Puttalam,2024-08-23,2024-08-24,1,validation,17.0,12.551483,9.0
Puttalam,2024-08-30,2024-08-31,1,validation,11.0,15.750629,17.0
Puttalam,2024-09-06,2024-09-07,1,validation,11.0,15.215125,11.0
Puttalam,2024-09-13,2024-09-14,1,validation,16.0,14.221206,11.0
Puttalam,2024-09-20,2024-09-21,1,validation,16.0,15.561382,16.0
Puttalam,2024-09-27,2024-09-28,1,validation,23.0,15.669989,16.0
Puttalam,2024-10-04,2024-10-05,1,validation,11.0,20.825838,23.0
Puttalam,2024-10-11,2024-10-12,1,validation,28.0,16.17539,11.0
Puttalam,2024-10-18,2024-10-19,1,validation,15.0,23.49367,28.0
Puttalam,2024-10-25,2024-10-26,1,validation,21.0,16.550299,15.0
Puttalam,2024-11-01,2024-11-02,1,validation,28.0,23.338562,21.0
Puttalam,2024-11-08,2024-11-09,1,validation,19.0,25.072737,28.0
Puttalam,2024-11-15,2024-11-16,1,validation,30.0,22.769808,19.0
Puttalam,2024-11-22,2024-11-23,1,validation,23.0,27.86279,30.0
Puttalam,2024-11-29,2024-11-30,1,validation,28.0,27.024343,23.0
Puttalam,2024-12-06,2024-12-07,1,validation,31.0,28.039593,28.0
Puttalam,2024-12-13,2024-12-14,1,validation,39.0,26.953259,31.0
Puttalam,2024-12-20,2024-12-21,1,validation,23.0,38.445114,39.0
Puttalam,2024-12-27,2024-12-28,1,validation,30.0,32.867573,23.0
Ratnapura,2024-01-05,2024-01-06,1,validation,77.0,79.65977,76.0
Ratnapura,2024-01-12,2024-01-13,1,validation,43.0,106.43614,77.0
Ratnapura,2024-01-19,2024-01-20,1,validation,67.0,62.153053,43.0
Ratnapura,2024-01-26,2024-01-27,1,validation,72.0,54.951088,67.0
Ratnapura,2024-02-02,2024-02-03,1,validation,82.0,70.39365,72.0
Ratnapura,2024-02-09,2024-02-10,1,validation,14.0,86.992386,82.0
Ratnapura,2024-02-16,2024-02-17,1,validation,57.0,46.441315,14.0
Ratnapura,2024-02-23,2024-02-24,1,validation,57.0,46.85674,57.0
Ratnapura,2024-03-01,2024-03-02,1,validation,38.0,52.853386,57.0
Ratnapura,2024-03-08,2024-03-09,1,validation,56.0,42.8259,38.0
Ratnapura,2024-03-15,2024-03-16,1,validation,48.0,51.04632,56.0
Ratnapura,2024-03-22,2024-03-23,1,validation,53.0,50.846832,48.0
Ratnapura,2024-03-29,2024-03-30,1,validation,49.0,49.19166,53.0
Ratnapura,2024-04-05,2024-04-06,1,validation,39.0,48.31059,49.0
Ratnapura,2024-04-12,2024-04-13,1,validation,44.0,45.78257,39.0
Ratnapura,2024-04-19,2024-04-20,1,validation,67.0,54.450466,44.0
Ratnapura,2024-04-26,2024-04-27,1,validation,74.0,60.044678,67.0
Ratnapura,2024-05-03,2024-05-04,1,validation,88.0,71.817986,74.0
Ratnapura,2024-05-10,2024-05-11,1,validation,72.0,115.10471,88.0
Ratnapura,2024-05-17,2024-05-18,1,validation,76.0,80.48684,72.0
Ratnapura,2024-05-24,2024-05-25,1,validation,84.0,93.066925,76.0
Ratnapura,2024-05-31,2024-06-01,1,validation,60.0,132.25514,84.0
Ratnapura,2024-06-07,2024-06-08,1,validation,47.0,112.57014,60.0
Ratnapura,2024-06-14,2024-06-15,1,validation,57.0,71.33665,47.0
Ratnapura,2024-06-21,2024-06-22,1,validation,58.0,78.68681,57.0
Ratnapura,2024-06-28,2024-06-29,1,validation,52.0,112.718124,58.0
Ratnapura,2024-07-05,2024-07-06,1,validation,51.0,74.58039,52.0
Ratnapura,2024-07-12,2024-07-13,1,validation,81.0,52.263317,51.0
Ratnapura,2024-07-19,2024-07-20,1,validation,76.0,68.69439,81.0
Ratnapura,2024-07-26,2024-07-27,1,validation,72.0,72.40113,76.0
Ratnapura,2024-08-02,2024-08-03,1,validation,51.0,61.145668,72.0
Ratnapura,2024-08-09,2024-08-10,1,validation,38.0,55.50484,51.0
Ratnapura,2024-08-16,2024-08-17,1,validation,25.0,45.088142,38.0
Ratnapura,2024-08-23,2024-08-24,1,validation,48.0,37.4403,25.0
Ratnapura,2024-08-30,2024-08-31,1,validation,51.0,49.746483,48.0
Ratnapura,2024-09-06,2024-09-07,1,validation,18.0,49.234734,51.0
Ratnapura,2024-09-13,2024-09-14,1,validation,32.0,41.376305,18.0
Ratnapura,2024-09-20,2024-09-21,1,validation,40.0,36.870937,32.0
Ratnapura,2024-09-27,2024-09-28,1,validation,31.0,41.799305,40.0
Ratnapura,2024-10-04,2024-10-05,1,validation,45.0,35.989735,31.0
Ratnapura,2024-10-11,2024-10-12,1,validation,42.0,43.26906,45.0
Ratnapura,2024-10-18,2024-10-19,1,validation,54.0,40.47614,42.0
Ratnapura,2024-10-25,2024-10-26,1,validation,61.0,47.550423,54.0
Ratnapura,2024-11-01,2024-11-02,1,validation,48.0,58.14405,61.0
Ratnapura,2024-11-08,2024-11-09,1,validation,41.0,57.58685,48.0
Ratnapura,2024-11-15,2024-11-16,1,validation,54.0,45.30174,41.0
Ratnapura,2024-11-22,2024-11-23,1,validation,53.0,47.50699,54.0
Ratnapura,2024-11-29,2024-11-30,1,validation,38.0,60.878002,53.0
Ratnapura,2024-12-06,2024-12-07,1,validation,44.0,56.47895,38.0
Ratnapura,2024-12-13,2024-12-14,1,validation,20.0,48.279095,44.0
Ratnapura,2024-12-20,2024-12-21,1,validation,47.0,46.254673,20.0
Ratnapura,2024-12-27,2024-12-28,1,validation,30.0,52.823017,47.0
Trincomalee,2024-01-05,2024-01-06,1,validation,50.0,44.606346,42.0
Trincomalee,2024-01-12,2024-01-13,1,validation,33.0,48.34618,50.0
Trincomalee,2024-01-19,2024-01-20,1,validation,42.0,40.894573,33.0
Trincomalee,2024-01-26,2024-01-27,1,validation,29.0,39.44204,42.0
Trincomalee,2024-02-02,2024-02-03,1,validation,31.0,32.951523,29.0
Trincomalee,2024-02-09,2024-02-10,1,validation,33.0,30.03875,31.0
Trincomalee,2024-02-16,2024-02-17,1,validation,26.0,30.8933,33.0
Trincomalee,2024-02-23,2024-02-24,1,validation,26.0,27.33591,26.0
Trincomalee,2024-03-01,2024-03-02,1,validation,13.0,23.77365,26.0
Trincomalee,2024-03-08,2024-03-09,1,validation,23.0,17.468817,13.0
Trincomalee,2024-03-15,2024-03-16,1,validation,21.0,19.15984,23.0
Trincomalee,2024-03-22,2024-03-23,1,validation,12.0,18.695862,21.0
Trincomalee,2024-03-29,2024-03-30,1,validation,7.0,15.319755,12.0
Trincomalee,2024-04-05,2024-04-06,1,validation,9.0,10.710544,7.0
Trincomalee,2024-04-12,2024-04-13,1,validation,17.0,8.616026,9.0
Trincomalee,2024-04-19,2024-04-20,1,validation,9.0,12.274922,17.0
Trincomalee,2024-04-26,2024-04-27,1,validation,19.0,10.392976,9.0
Trincomalee,2024-05-03,2024-05-04,1,validation,18.0,14.17835,19.0
Trincomalee,2024-05-10,2024-05-11,1,validation,12.0,14.2144165,18.0
Trincomalee,2024-05-17,2024-05-18,1,validation,6.0,14.315618,12.0
Trincomalee,2024-05-24,2024-05-25,1,validation,7.0,11.917638,6.0
Trincomalee,2024-05-31,2024-06-01,1,validation,10.0,8.567457,7.0
Trincomalee,2024-06-07,2024-06-08,1,validation,7.0,10.168746,10.0
Trincomalee,2024-06-14,2024-06-15,1,validation,12.0,8.29718,7.0
Trincomalee,2024-06-21,2024-06-22,1,validation,10.0,10.81539,12.0
Trincomalee,2024-06-28,2024-06-29,1,validation,11.0,14.718857,10.0
Trincomalee,2024-07-05,2024-07-06,1,validation,7.0,11.229434,11.0
Trincomalee,2024-07-12,2024-07-13,1,validation,14.0,7.2181225,7.0
Trincomalee,2024-07-19,2024-07-20,1,validation,8.0,8.999566,14.0
Trincomalee,2024-07-26,2024-07-27,1,validation,12.0,7.1402736,8.0
Trincomalee,2024-08-02,2024-08-03,1,validation,12.0,9.42133,12.0
Trincomalee,2024-08-09,2024-08-10,1,validation,10.0,9.893129,12.0
Trincomalee,2024-08-16,2024-08-17,1,validation,3.0,10.348711,10.0
Trincomalee,2024-08-23,2024-08-24,1,validation,8.0,6.541044,3.0
Trincomalee,2024-08-30,2024-08-31,1,validation,2.0,5.4246206,8.0
Trincomalee,2024-09-06,2024-09-07,1,validation,6.0,4.3175077,2.0
Trincomalee,2024-09-13,2024-09-14,1,validation,3.0,5.651226,6.0
Trincomalee,2024-09-20,2024-09-21,1,validation,2.0,3.6037376,3.0
Trincomalee,2024-09-27,2024-09-28,1,validation,2.0,3.30844,2.0
Trincomalee,2024-10-04,2024-10-05,1,validation,5.0,2.3403845,2.0
Trincomalee,2024-10-11,2024-10-12,1,validation,3.0,3.8726268,5.0
Trincomalee,2024-10-18,2024-10-19,1,validation,4.0,3.452009,3.0
Trincomalee,2024-10-25,2024-10-26,1,validation,9.0,3.2749033,4.0
Trincomalee,2024-11-01,2024-11-02,1,validation,8.0,5.984435,9.0
Trincomalee,2024-11-08,2024-11-09,1,validation,16.0,7.6220994,8.0
Trincomalee,2024-11-15,2024-11-16,1,validation,13.0,12.818476,16.0
Trincomalee,2024-11-22,2024-11-23,1,validation,9.0,14.304428,13.0
Trincomalee,2024-11-29,2024-11-30,1,validation,14.0,13.302414,9.0
Trincomalee,2024-12-06,2024-12-07,1,validation,20.0,13.314268,14.0
Trincomalee,2024-12-13,2024-12-14,1,validation,19.0,23.240583,20.0
Trincomalee,2024-12-20,2024-12-21,1,validation,30.0,24.651178,19.0
Trincomalee,2024-12-27,2024-12-28,1,validation,28.0,35.134457,30.0
Vavuniya,2024-01-05,2024-01-06,1,validation,27.0,22.578327,20.0
Vavuniya,2024-01-12,2024-01-13,1,validation,14.0,27.599033,27.0
Vavuniya,2024-01-19,2024-01-20,1,validation,19.0,19.28578,14.0
Vavuniya,2024-01-26,2024-01-27,1,validation,5.0,17.828152,19.0
Vavuniya,2024-02-02,2024-02-03,1,validation,7.0,12.713879,5.0
Vavuniya,2024-02-09,2024-02-10,1,validation,3.0,11.994595,7.0
Vavuniya,2024-02-16,2024-02-17,1,validation,4.0,3.7846763,3.0
Vavuniya,2024-02-23,2024-02-24,1,validation,3.0,4.023864,4.0
Vavuniya,2024-03-01,2024-03-02,1,validation,5.0,3.0029418,3.0
Vavuniya,2024-03-08,2024-03-09,1,validation,5.0,3.314798,5.0
Vavuniya,2024-03-15,2024-03-16,1,validation,2.0,3.6837046,5.0
Vavuniya,2024-03-22,2024-03-23,1,validation,2.0,2.5077913,2.0
Vavuniya,2024-03-29,2024-03-30,1,validation,1.0,1.6479927,2.0
Vavuniya,2024-04-05,2024-04-06,1,validation,0.0,1.2946405,1.0
Vavuniya,2024-04-12,2024-04-13,1,validation,0.0,2.600354,0.0
Vavuniya,2024-04-19,2024-04-20,1,validation,0.0,2.23062,0.0
Vavuniya,2024-04-26,2024-04-27,1,validation,0.0,1.4691869,0.0
Vavuniya,2024-05-03,2024-05-04,1,validation,4.0,1.0479015,0.0
Vavuniya,2024-05-10,2024-05-11,1,validation,2.0,1.4995736,4.0
Vavuniya,2024-05-17,2024-05-18,1,validation,0.0,2.7634804,2.0
Vavuniya,2024-05-24,2024-05-25,1,validation,1.0,2.913826,0.0
Vavuniya,2024-05-31,2024-06-01,1,validation,4.0,3.0251324,1.0
Vavuniya,2024-06-07,2024-06-08,1,validation,2.0,4.6587014,4.0
Vavuniya,2024-06-14,2024-06-15,1,validation,1.0,4.201287,2.0
Vavuniya,2024-06-21,2024-06-22,1,validation,1.0,2.9790277,1.0
Vavuniya,2024-06-28,2024-06-29,1,validation,4.0,7.561123,1.0
Vavuniya,2024-07-05,2024-07-06,1,validation,3.0,2.5381873,4.0
Vavuniya,2024-07-12,2024-07-13,1,validation,1.0,1.8388774,3.0
Vavuniya,2024-07-19,2024-07-20,1,validation,5.0,1.4554377,1.0
Vavuniya,2024-07-26,2024-07-27,1,validation,1.0,2.970715,5.0
Vavuniya,2024-08-02,2024-08-03,1,validation,0.0,1.501657,1.0
Vavuniya,2024-08-09,2024-08-10,1,validation,5.0,1.2332795,0.0
Vavuniya,2024-08-16,2024-08-17,1,validation,3.0,3.027907,5.0
Vavuniya,2024-08-23,2024-08-24,1,validation,0.0,2.4413054,3.0
Vavuniya,2024-08-30,2024-08-31,1,validation,1.0,2.1555576,0.0
Vavuniya,2024-09-06,2024-09-07,1,validation,1.0,2.3209713,1.0
Vavuniya,2024-09-13,2024-09-14,1,validation,2.0,2.9434128,1.0
Vavuniya,2024-09-20,2024-09-21,1,validation,0.0,1.4841766,2.0
Vavuniya,2024-09-27,2024-09-28,1,validation,0.0,1.2780045,0.0
Vavuniya,2024-10-04,2024-10-05,1,validation,1.0,1.4911417,0.0
Vavuniya,2024-10-11,2024-10-12,1,validation,3.0,2.1652846,1.0
Vavuniya,2024-10-18,2024-10-19,1,validation,1.0,2.9585304,3.0
Vavuniya,2024-10-25,2024-10-26,1,validation,1.0,2.5921276,1.0
Vavuniya,2024-11-01,2024-11-02,1,validation,2.0,4.1416354,1.0
Vavuniya,2024-11-08,2024-11-09,1,validation,0.0,5.73931,2.0
Vavuniya,2024-11-15,2024-11-16,1,validation,5.0,3.4084973,0.0
Vavuniya,2024-11-22,2024-11-23,1,validation,3.0,4.844921,5.0
Vavuniya,2024-11-29,2024-11-30,1,validation,2.0,5.0201197,3.0
Vavuniya,2024-12-06,2024-12-07,1,validation,4.0,3.3353956,2.0
Vavuniya,2024-12-13,2024-12-14,1,validation,4.0,4.704275,4.0
Vavuniya,2024-12-20,2024-12-21,1,validation,2.0,4.0898247,4.0
Vavuniya,2024-12-27,2024-12-28,1,validation,4.0,6.107859,2.0
Ampara,2025-01-03,2025-01-04,1,test,20.0,42.494007,58.0
Ampara,2025-01-10,2025-01-11,1,test,27.0,35.865654,20.0
Ampara,2025-01-17,2025-01-18,1,test,16.0,29.071123,27.0
Ampara,2025-01-24,2025-01-25,1,test,13.0,22.164417,16.0
Ampara,2025-01-31,2025-02-01,1,test,17.0,19.854298,13.0
Ampara,2025-02-07,2025-02-08,1,test,17.0,18.218554,17.0
Ampara,2025-02-14,2025-02-15,1,test,15.0,19.452997,17.0
Ampara,2025-02-21,2025-02-22,1,test,11.0,15.438838,15.0
Ampara,2025-02-28,2025-03-01,1,test,16.0,15.122816,11.0
Ampara,2025-03-07,2025-03-08,1,test,11.0,15.618139,16.0
Ampara,2025-03-14,2025-03-15,1,test,9.0,13.812403,11.0
Ampara,2025-03-21,2025-03-22,1,test,12.0,12.241547,9.0
Ampara,2025-03-28,2025-03-29,1,test,15.0,12.810369,12.0
Ampara,2025-04-04,2025-04-05,1,test,22.0,11.482037,15.0
Ampara,2025-04-11,2025-04-12,1,test,13.0,18.853624,22.0
Ampara,2025-04-18,2025-04-19,1,test,15.0,15.427938,13.0
Ampara,2025-04-25,2025-04-26,1,test,24.0,15.214111,15.0
Ampara,2025-05-02,2025-05-03,1,test,17.0,23.524858,24.0
Ampara,2025-05-09,2025-05-10,1,test,16.0,18.371418,17.0
Ampara,2025-05-16,2025-05-17,1,test,14.0,16.398792,16.0
Ampara,2025-05-23,2025-05-24,1,test,14.0,14.703013,14.0
Ampara,2025-05-30,2025-05-31,1,test,28.0,15.57438,14.0
Ampara,2025-06-06,2025-06-07,1,test,11.0,19.521843,28.0
Ampara,2025-06-13,2025-06-14,1,test,12.0,14.3334055,11.0
Ampara,2025-06-20,2025-06-21,1,test,12.0,14.051787,12.0
Ampara,2025-06-27,2025-06-28,1,test,22.0,13.032583,12.0
Ampara,2025-07-04,2025-07-05,1,test,16.0,20.315577,22.0
Ampara,2025-07-11,2025-07-12,1,test,17.0,15.894232,16.0
Ampara,2025-07-18,2025-07-19,1,test,8.0,14.3670435,17.0
Ampara,2025-07-25,2025-07-26,1,test,11.0,11.211022,8.0
Ampara,2025-08-01,2025-08-02,1,test,3.0,11.064826,11.0
Ampara,2025-08-08,2025-08-09,1,test,6.0,7.3137555,3.0
Ampara,2025-08-15,2025-08-16,1,test,7.0,5.4755287,6.0
Ampara,2025-08-22,2025-08-23,1,test,7.0,4.5726533,7.0
Ampara,2025-08-29,2025-08-30,1,test,6.0,4.7750373,7.0
Ampara,2025-09-05,2025-09-06,1,test,17.0,5.5271716,6.0
Ampara,2025-09-12,2025-09-13,1,test,15.0,10.034601,17.0
Ampara,2025-09-19,2025-09-20,1,test,4.0,11.868742,15.0
Ampara,2025-09-26,2025-09-27,1,test,6.0,9.602555,4.0
Ampara,2025-10-03,2025-10-04,1,test,9.0,6.907184,6.0
Ampara,2025-10-10,2025-10-11,1,test,14.0,8.686812,9.0
Ampara,2025-10-17,2025-10-18,1,test,9.0,11.143755,14.0
Ampara,2025-10-24,2025-10-25,1,test,15.0,10.867491,9.0
Ampara,2025-10-31,2025-11-01,1,test,10.0,11.792185,15.0
Ampara,2025-11-07,2025-11-08,1,test,17.0,12.984489,10.0
Ampara,2025-11-14,2025-11-15,1,test,24.0,14.7806,17.0
Ampara,2025-11-21,2025-11-22,1,test,11.0,22.014065,24.0
Ampara,2025-11-28,2025-11-29,1,test,7.0,16.690804,11.0
Ampara,2025-12-05,2025-12-06,1,test,22.0,14.341195,7.0
Ampara,2025-12-12,2025-12-13,1,test,18.0,17.472546,22.0
Anuradhapura,2025-01-03,2025-01-04,1,test,20.0,26.60209,27.0
Anuradhapura,2025-01-10,2025-01-11,1,test,29.0,25.35019,20.0
Anuradhapura,2025-01-17,2025-01-18,1,test,16.0,26.194824,29.0
Anuradhapura,2025-01-24,2025-01-25,1,test,22.0,19.158607,16.0
Anuradhapura,2025-01-31,2025-02-01,1,test,39.0,22.193604,22.0
Anuradhapura,2025-02-07,2025-02-08,1,test,39.0,28.835056,39.0
Anuradhapura,2025-02-14,2025-02-15,1,test,24.0,34.990284,39.0
Anuradhapura,2025-02-21,2025-02-22,1,test,18.0,30.154392,24.0
Anuradhapura,2025-02-28,2025-03-01,1,test,25.0,19.946348,18.0
Anuradhapura,2025-03-07,2025-03-08,1,test,12.0,21.264261,25.0
Anuradhapura,2025-03-14,2025-03-15,1,test,8.0,16.525843,12.0
Anuradhapura,2025-03-21,2025-03-22,1,test,9.0,13.121934,8.0
Anuradhapura,2025-03-28,2025-03-29,1,test,6.0,10.881884,9.0
Anuradhapura,2025-04-04,2025-04-05,1,test,3.0,6.384223,6.0
Anuradhapura,2025-04-11,2025-04-12,1,test,4.0,5.7733393,3.0
Anuradhapura,2025-04-18,2025-04-19,1,test,8.0,5.7489777,4.0
Anuradhapura,2025-04-25,2025-04-26,1,test,10.0,6.3733063,8.0
Anuradhapura,2025-05-02,2025-05-03,1,test,11.0,10.88205,10.0
Anuradhapura,2025-05-09,2025-05-10,1,test,11.0,11.443113,11.0
Anuradhapura,2025-05-16,2025-05-17,1,test,13.0,11.965682,11.0
Anuradhapura,2025-05-23,2025-05-24,1,test,11.0,12.766625,13.0
Anuradhapura,2025-05-30,2025-05-31,1,test,10.0,13.46969,11.0
Anuradhapura,2025-06-06,2025-06-07,1,test,7.0,12.310246,10.0
Anuradhapura,2025-06-13,2025-06-14,1,test,8.0,7.5139327,7.0
Anuradhapura,2025-06-20,2025-06-21,1,test,17.0,7.5143657,8.0
Anuradhapura,2025-06-27,2025-06-28,1,test,8.0,11.353162,17.0
Anuradhapura,2025-07-04,2025-07-05,1,test,8.0,9.4184065,8.0
Anuradhapura,2025-07-11,2025-07-12,1,test,12.0,7.7296705,8.0
Anuradhapura,2025-07-18,2025-07-19,1,test,11.0,8.821095,12.0
Anuradhapura,2025-07-25,2025-07-26,1,test,3.0,10.713657,11.0
Anuradhapura,2025-08-01,2025-08-02,1,test,6.0,6.9777565,3.0
Anuradhapura,2025-08-08,2025-08-09,1,test,11.0,5.0848703,6.0
Anuradhapura,2025-08-15,2025-08-16,1,test,6.0,8.343374,11.0
Anuradhapura,2025-08-22,2025-08-23,1,test,9.0,6.036036,6.0
Anuradhapura,2025-08-29,2025-08-30,1,test,2.0,5.9514594,9.0
Anuradhapura,2025-09-05,2025-09-06,1,test,6.0,3.8170698,2.0
Anuradhapura,2025-09-12,2025-09-13,1,test,3.0,4.496363,6.0
Anuradhapura,2025-09-19,2025-09-20,1,test,2.0,4.7334895,3.0
Anuradhapura,2025-09-26,2025-09-27,1,test,0.0,4.405555,2.0
Anuradhapura,2025-10-03,2025-10-04,1,test,7.0,3.2106116,0.0
Anuradhapura,2025-10-10,2025-10-11,1,test,9.0,5.1017795,7.0
Anuradhapura,2025-10-17,2025-10-18,1,test,4.0,6.045809,9.0
Anuradhapura,2025-10-24,2025-10-25,1,test,9.0,5.948242,4.0
Anuradhapura,2025-10-31,2025-11-01,1,test,3.0,7.512626,9.0
Anuradhapura,2025-11-07,2025-11-08,1,test,8.0,6.368573,3.0
Anuradhapura,2025-11-14,2025-11-15,1,test,10.0,9.336211,8.0
Anuradhapura,2025-11-21,2025-11-22,1,test,8.0,11.463103,10.0
Anuradhapura,2025-11-28,2025-11-29,1,test,11.0,8.375446,8.0
Anuradhapura,2025-12-05,2025-12-06,1,test,12.0,12.267276,11.0
Anuradhapura,2025-12-12,2025-12-13,1,test,13.0,13.940279,12.0
Badulla,2025-01-03,2025-01-04,1,test,17.0,16.437382,5.0
Badulla,2025-01-10,2025-01-11,1,test,28.0,17.84162,17.0
Badulla,2025-01-17,2025-01-18,1,test,27.0,21.84838,28.0
Badulla,2025-01-24,2025-01-25,1,test,26.0,26.266794,27.0
Badulla,2025-01-31,2025-02-01,1,test,17.0,35.958096,26.0
Badulla,2025-02-07,2025-02-08,1,test,17.0,21.656174,17.0
Badulla,2025-02-14,2025-02-15,1,test,8.0,18.805977,17.0
Badulla,2025-02-21,2025-02-22,1,test,11.0,11.928313,8.0
Badulla,2025-02-28,2025-03-01,1,test,3.0,12.250283,11.0
Badulla,2025-03-07,2025-03-08,1,test,17.0,8.159239,3.0
Badulla,2025-03-14,2025-03-15,1,test,6.0,10.679657,17.0
Badulla,2025-03-21,2025-03-22,1,test,12.0,8.273349,6.0
Badulla,2025-03-28,2025-03-29,1,test,9.0,11.291272,12.0
Badulla,2025-04-04,2025-04-05,1,test,18.0,8.54856,9.0
Badulla,2025-04-11,2025-04-12,1,test,11.0,12.596765,18.0
Badulla,2025-04-18,2025-04-19,1,test,19.0,14.444529,11.0
Badulla,2025-04-25,2025-04-26,1,test,12.0,18.23462,19.0
Badulla,2025-05-02,2025-05-03,1,test,7.0,15.879054,12.0
Badulla,2025-05-09,2025-05-10,1,test,7.0,14.41648,7.0
Badulla,2025-05-16,2025-05-17,1,test,25.0,10.616298,7.0
Badulla,2025-05-23,2025-05-24,1,test,26.0,19.387543,25.0
Badulla,2025-05-30,2025-05-31,1,test,24.0,25.082735,26.0
Badulla,2025-06-06,2025-06-07,1,test,24.0,25.663336,24.0
Badulla,2025-06-13,2025-06-14,1,test,31.0,22.951876,24.0
Badulla,2025-06-20,2025-06-21,1,test,17.0,26.847507,31.0
Badulla,2025-06-27,2025-06-28,1,test,17.0,23.291842,17.0
Badulla,2025-07-04,2025-07-05,1,test,16.0,23.600082,17.0
Badulla,2025-07-11,2025-07-12,1,test,37.0,19.531874,16.0
Badulla,2025-07-18,2025-07-19,1,test,20.0,26.233437,37.0
Badulla,2025-07-25,2025-07-26,1,test,16.0,22.909632,20.0
Badulla,2025-08-01,2025-08-02,1,test,13.0,17.017069,16.0
Badulla,2025-08-08,2025-08-09,1,test,12.0,14.723112,13.0
Badulla,2025-08-15,2025-08-16,1,test,14.0,13.7159605,12.0
Badulla,2025-08-22,2025-08-23,1,test,18.0,12.643604,14.0
Badulla,2025-08-29,2025-08-30,1,test,8.0,14.831278,18.0
Badulla,2025-09-05,2025-09-06,1,test,11.0,10.536558,8.0
Badulla,2025-09-12,2025-09-13,1,test,19.0,11.136728,11.0
Badulla,2025-09-19,2025-09-20,1,test,8.0,16.441183,19.0
Badulla,2025-09-26,2025-09-27,1,test,13.0,11.414153,8.0
Badulla,2025-10-03,2025-10-04,1,test,4.0,12.153005,13.0
Badulla,2025-10-10,2025-10-11,1,test,8.0,10.347937,4.0
Badulla,2025-10-17,2025-10-18,1,test,11.0,7.4067717,8.0
Badulla,2025-10-24,2025-10-25,1,test,7.0,9.577894,11.0
Badulla,2025-10-31,2025-11-01,1,test,14.0,8.462459,7.0
Badulla,2025-11-07,2025-11-08,1,test,17.0,10.79845,14.0
Badulla,2025-11-14,2025-11-15,1,test,18.0,13.318665,17.0
Badulla,2025-11-21,2025-11-22,1,test,14.0,15.806167,18.0
Badulla,2025-11-28,2025-11-29,1,test,10.0,14.315698,14.0
Badulla,2025-12-05,2025-12-06,1,test,18.0,17.153036,10.0
Badulla,2025-12-12,2025-12-13,1,test,25.0,14.942189,18.0
Batticaloa,2025-01-03,2025-01-04,1,test,55.0,51.491848,62.0
Batticaloa,2025-01-10,2025-01-11,1,test,65.0,57.469208,55.0
Batticaloa,2025-01-17,2025-01-18,1,test,64.0,60.43524,65.0
Batticaloa,2025-01-24,2025-01-25,1,test,53.0,61.752716,64.0
Batticaloa,2025-01-31,2025-02-01,1,test,60.0,59.196033,53.0
Batticaloa,2025-02-07,2025-02-08,1,test,60.0,59.3874,60.0
Batticaloa,2025-02-14,2025-02-15,1,test,81.0,62.0621,60.0
Batticaloa,2025-02-21,2025-02-22,1,test,59.0,64.7937,81.0
Batticaloa,2025-02-28,2025-03-01,1,test,56.0,58.49341,59.0
Batticaloa,2025-03-07,2025-03-08,1,test,31.0,57.161587,56.0
Batticaloa,2025-03-14,2025-03-15,1,test,28.0,41.61529,31.0
Batticaloa,2025-03-21,2025-03-22,1,test,28.0,34.014256,28.0
Batticaloa,2025-03-28,2025-03-29,1,test,46.0,29.791218,28.0
Batticaloa,2025-04-04,2025-04-05,1,test,70.0,37.713634,46.0
Batticaloa,2025-04-11,2025-04-12,1,test,62.0,52.949078,70.0
Batticaloa,2025-04-18,2025-04-19,1,test,94.0,63.59724,62.0
Batticaloa,2025-04-25,2025-04-26,1,test,84.0,82.03519,94.0
Batticaloa,2025-05-02,2025-05-03,1,test,59.0,81.34385,84.0
Batticaloa,2025-05-09,2025-05-10,1,test,58.0,70.78444,59.0
Batticaloa,2025-05-16,2025-05-17,1,test,53.0,55.433865,58.0
Batticaloa,2025-05-23,2025-05-24,1,test,52.0,48.117878,53.0
Batticaloa,2025-05-30,2025-05-31,1,test,59.0,50.413258,52.0
Batticaloa,2025-06-06,2025-06-07,1,test,30.0,50.413265,59.0
Batticaloa,2025-06-13,2025-06-14,1,test,40.0,34.312733,30.0
Batticaloa,2025-06-20,2025-06-21,1,test,16.0,33.4818,40.0
Batticaloa,2025-06-27,2025-06-28,1,test,20.0,24.401142,16.0
Batticaloa,2025-07-04,2025-07-05,1,test,13.0,25.213198,20.0
Batticaloa,2025-07-11,2025-07-12,1,test,19.0,15.885459,13.0
Batticaloa,2025-07-18,2025-07-19,1,test,6.0,16.572578,19.0
Batticaloa,2025-07-25,2025-07-26,1,test,6.0,10.927111,6.0
Batticaloa,2025-08-01,2025-08-02,1,test,12.0,8.13871,6.0
Batticaloa,2025-08-08,2025-08-09,1,test,5.0,8.469684,12.0
Batticaloa,2025-08-15,2025-08-16,1,test,6.0,7.2003684,5.0
Batticaloa,2025-08-22,2025-08-23,1,test,9.0,4.9625797,6.0
Batticaloa,2025-08-29,2025-08-30,1,test,8.0,6.3433876,9.0
Batticaloa,2025-09-05,2025-09-06,1,test,8.0,6.1247473,8.0
Batticaloa,2025-09-12,2025-09-13,1,test,9.0,5.3693285,8.0
Batticaloa,2025-09-19,2025-09-20,1,test,9.0,7.177407,9.0
Batticaloa,2025-09-26,2025-09-27,1,test,14.0,7.046004,9.0
Batticaloa,2025-10-03,2025-10-04,1,test,16.0,9.399066,14.0
Batticaloa,2025-10-10,2025-10-11,1,test,17.0,13.760833,16.0
Batticaloa,2025-10-17,2025-10-18,1,test,13.0,15.7876005,17.0
Batticaloa,2025-10-24,2025-10-25,1,test,19.0,14.385741,13.0
Batticaloa,2025-10-31,2025-11-01,1,test,29.0,17.955482,19.0
Batticaloa,2025-11-07,2025-11-08,1,test,21.0,23.824429,29.0
Batticaloa,2025-11-14,2025-11-15,1,test,21.0,22.69604,21.0
Batticaloa,2025-11-21,2025-11-22,1,test,10.0,24.16724,21.0
Batticaloa,2025-11-28,2025-11-29,1,test,16.0,16.811647,10.0
Batticaloa,2025-12-05,2025-12-06,1,test,14.0,18.678453,16.0
Batticaloa,2025-12-12,2025-12-13,1,test,20.0,17.592958,14.0
Colombo,2025-01-03,2025-01-04,1,test,245.0,219.8804,200.0
Colombo,2025-01-10,2025-01-11,1,test,247.0,214.84705,245.0
Colombo,2025-01-17,2025-01-18,1,test,284.0,257.22803,247.0
Colombo,2025-01-24,2025-01-25,1,test,225.0,270.19992,284.0
Colombo,2025-01-31,2025-02-01,1,test,252.0,231.51544,225.0
Colombo,2025-02-07,2025-02-08,1,test,252.0,272.6992,252.0
Colombo,2025-02-14,2025-02-15,1,test,217.0,283.7591,252.0
Colombo,2025-02-21,2025-02-22,1,test,219.0,208.66853,217.0
Colombo,2025-02-28,2025-03-01,1,test,262.0,192.3052,219.0
Colombo,2025-03-07,2025-03-08,1,test,214.0,237.14183,262.0
Colombo,2025-03-14,2025-03-15,1,test,242.0,192.33002,214.0
Colombo,2025-03-21,2025-03-22,1,test,239.0,216.48744,242.0
Colombo,2025-03-28,2025-03-29,1,test,204.0,231.34538,239.0
Colombo,2025-04-04,2025-04-05,1,test,277.0,196.97498,204.0
Colombo,2025-04-11,2025-04-12,1,test,230.0,288.8929,277.0
Colombo,2025-04-18,2025-04-19,1,test,306.0,234.28375,230.0
Colombo,2025-04-25,2025-04-26,1,test,276.0,317.65582,306.0
Colombo,2025-05-02,2025-05-03,1,test,310.0,323.23145,276.0
Colombo,2025-05-09,2025-05-10,1,test,359.0,341.10263,310.0
Colombo,2025-05-16,2025-05-17,1,test,336.0,355.81235,359.0
Colombo,2025-05-23,2025-05-24,1,test,302.0,376.83475,336.0
Colombo,2025-05-30,2025-05-31,1,test,245.0,366.76657,302.0
Colombo,2025-06-06,2025-06-07,1,test,279.0,197.5124,245.0
Colombo,2025-06-13,2025-06-14,1,test,316.0,269.81583,279.0
Colombo,2025-06-20,2025-06-21,1,test,276.0,318.78876,316.0
Colombo,2025-06-27,2025-06-28,1,test,285.0,293.6253,276.0
Colombo,2025-07-04,2025-07-05,1,test,222.0,297.2659,285.0
Colombo,2025-07-11,2025-07-12,1,test,226.0,287.01828,222.0
Colombo,2025-07-18,2025-07-19,1,test,237.0,199.16103,226.0
Colombo,2025-07-25,2025-07-26,1,test,246.0,194.11841,237.0
Colombo,2025-08-01,2025-08-02,1,test,156.0,200.20161,246.0
Colombo,2025-08-08,2025-08-09,1,test,87.0,172.24146,156.0
Colombo,2025-08-15,2025-08-16,1,test,137.0,109.00279,87.0
Colombo,2025-08-22,2025-08-23,1,test,104.0,122.955246,137.0
Colombo,2025-08-29,2025-08-30,1,test,103.0,83.77428,104.0
Colombo,2025-09-05,2025-09-06,1,test,117.0,86.61901,103.0
Colombo,2025-09-12,2025-09-13,1,test,120.0,107.68279,117.0
Colombo,2025-09-19,2025-09-20,1,test,155.0,111.148125,120.0
Colombo,2025-09-26,2025-09-27,1,test,129.0,152.07944,155.0
Colombo,2025-10-03,2025-10-04,1,test,130.0,142.47429,129.0
Colombo,2025-10-10,2025-10-11,1,test,157.0,142.56677,130.0
Colombo,2025-10-17,2025-10-18,1,test,214.0,163.51459,157.0
Colombo,2025-10-24,2025-10-25,1,test,153.0,180.40585,214.0
Colombo,2025-10-31,2025-11-01,1,test,184.0,183.11855,153.0
Colombo,2025-11-07,2025-11-08,1,test,266.0,175.56995,184.0
Colombo,2025-11-14,2025-11-15,1,test,226.0,241.65875,266.0
Colombo,2025-11-21,2025-11-22,1,test,286.0,228.01523,226.0
Colombo,2025-11-28,2025-11-29,1,test,272.0,259.8387,286.0
Colombo,2025-12-05,2025-12-06,1,test,318.0,283.27924,272.0
Colombo,2025-12-12,2025-12-13,1,test,340.0,332.53928,318.0
Galle,2025-01-03,2025-01-04,1,test,82.0,40.97096,30.0
Galle,2025-01-10,2025-01-11,1,test,51.0,61.242653,82.0
Galle,2025-01-17,2025-01-18,1,test,48.0,52.59555,51.0
Galle,2025-01-24,2025-01-25,1,test,53.0,51.51469,48.0
Galle,2025-01-31,2025-02-01,1,test,44.0,52.586864,53.0
Galle,2025-02-07,2025-02-08,1,test,44.0,49.44266,44.0
Galle,2025-02-14,2025-02-15,1,test,43.0,47.399303,44.0
Galle,2025-02-21,2025-02-22,1,test,21.0,44.31082,43.0
Galle,2025-02-28,2025-03-01,1,test,40.0,32.746292,21.0
Galle,2025-03-07,2025-03-08,1,test,24.0,32.78148,40.0
Galle,2025-03-14,2025-03-15,1,test,35.0,31.00549,24.0
Galle,2025-03-21,2025-03-22,1,test,31.0,30.862976,35.0
Galle,2025-03-28,2025-03-29,1,test,34.0,32.864418,31.0
Galle,2025-04-04,2025-04-05,1,test,29.0,34.066147,34.0
Galle,2025-04-11,2025-04-12,1,test,23.0,32.68375,29.0
Galle,2025-04-18,2025-04-19,1,test,55.0,28.908573,23.0
Galle,2025-04-25,2025-04-26,1,test,29.0,45.2586,55.0
Galle,2025-05-02,2025-05-03,1,test,32.0,38.040092,29.0
Galle,2025-05-09,2025-05-10,1,test,44.0,34.99964,32.0
Galle,2025-05-16,2025-05-17,1,test,56.0,42.827724,44.0
Galle,2025-05-23,2025-05-24,1,test,44.0,49.162323,56.0
Galle,2025-05-30,2025-05-31,1,test,49.0,49.824203,44.0
Galle,2025-06-06,2025-06-07,1,test,44.0,48.783577,49.0
Galle,2025-06-13,2025-06-14,1,test,73.0,49.785336,44.0
Galle,2025-06-20,2025-06-21,1,test,79.0,62.180473,73.0
Galle,2025-06-27,2025-06-28,1,test,47.0,70.45315,79.0
Galle,2025-07-04,2025-07-05,1,test,56.0,62.01977,47.0
Galle,2025-07-11,2025-07-12,1,test,43.0,57.507557,56.0
Galle,2025-07-18,2025-07-19,1,test,66.0,49.16489,43.0
Galle,2025-07-25,2025-07-26,1,test,44.0,55.085945,66.0
Galle,2025-08-01,2025-08-02,1,test,37.0,52.22094,44.0
Galle,2025-08-08,2025-08-09,1,test,48.0,38.81711,37.0
Galle,2025-08-15,2025-08-16,1,test,27.0,45.04701,48.0
Galle,2025-08-22,2025-08-23,1,test,37.0,36.677197,27.0
Galle,2025-08-29,2025-08-30,1,test,33.0,30.000345,37.0
Galle,2025-09-05,2025-09-06,1,test,44.0,33.053062,33.0
Galle,2025-09-12,2025-09-13,1,test,29.0,40.98946,44.0
Galle,2025-09-19,2025-09-20,1,test,35.0,32.25892,29.0
Galle,2025-09-26,2025-09-27,1,test,30.0,32.739357,35.0
Galle,2025-10-03,2025-10-04,1,test,34.0,33.436325,30.0
Galle,2025-10-10,2025-10-11,1,test,40.0,31.845573,34.0
Galle,2025-10-17,2025-10-18,1,test,29.0,38.82393,40.0
Galle,2025-10-24,2025-10-25,1,test,30.0,35.49176,29.0
Galle,2025-10-31,2025-11-01,1,test,27.0,27.63607,30.0
Galle,2025-11-07,2025-11-08,1,test,36.0,29.167631,27.0
Galle,2025-11-14,2025-11-15,1,test,48.0,33.1289,36.0
Galle,2025-11-21,2025-11-22,1,test,68.0,46.98526,48.0
Galle,2025-11-28,2025-11-29,1,test,68.0,56.905994,68.0
Galle,2025-12-05,2025-12-06,1,test,81.0,61.77678,68.0
Galle,2025-12-12,2025-12-13,1,test,82.0,64.02848,81.0
Gampaha,2025-01-03,2025-01-04,1,test,191.0,164.22556,186.0
Gampaha,2025-01-10,2025-01-11,1,test,157.0,184.89067,191.0
Gampaha,2025-01-17,2025-01-18,1,test,184.0,171.2412,157.0
Gampaha,2025-01-24,2025-01-25,1,test,162.0,160.53662,184.0
Gampaha,2025-01-31,2025-02-01,1,test,131.0,160.37358,162.0
Gampaha,2025-02-07,2025-02-08,1,test,131.0,131.53035,131.0
Gampaha,2025-02-14,2025-02-15,1,test,132.0,137.37318,131.0
Gampaha,2025-02-21,2025-02-22,1,test,119.0,126.74743,132.0
Gampaha,2025-02-28,2025-03-01,1,test,142.0,102.7899,119.0
Gampaha,2025-03-07,2025-03-08,1,test,132.0,125.87986,142.0
Gampaha,2025-03-14,2025-03-15,1,test,125.0,122.90659,132.0
Gampaha,2025-03-21,2025-03-22,1,test,135.0,115.49091,125.0
Gampaha,2025-03-28,2025-03-29,1,test,135.0,140.54285,135.0
Gampaha,2025-04-04,2025-04-05,1,test,137.0,130.05011,135.0
Gampaha,2025-04-11,2025-04-12,1,test,171.0,143.56107,137.0
Gampaha,2025-04-18,2025-04-19,1,test,166.0,156.47452,171.0
Gampaha,2025-04-25,2025-04-26,1,test,158.0,170.60222,166.0
Gampaha,2025-05-02,2025-05-03,1,test,194.0,167.15373,158.0
Gampaha,2025-05-09,2025-05-10,1,test,224.0,204.20473,194.0
Gampaha,2025-05-16,2025-05-17,1,test,208.0,213.58675,224.0
Gampaha,2025-05-23,2025-05-24,1,test,197.0,204.95804,208.0
Gampaha,2025-05-30,2025-05-31,1,test,228.0,216.64618,197.0
Gampaha,2025-06-06,2025-06-07,1,test,207.0,206.67313,228.0
Gampaha,2025-06-13,2025-06-14,1,test,217.0,189.8391,207.0
Gampaha,2025-06-20,2025-06-21,1,test,167.0,206.55254,217.0
Gampaha,2025-06-27,2025-06-28,1,test,181.0,182.61168,167.0
Gampaha,2025-07-04,2025-07-05,1,test,154.0,179.95161,181.0
Gampaha,2025-07-11,2025-07-12,1,test,193.0,229.67468,154.0
Gampaha,2025-07-18,2025-07-19,1,test,175.0,185.5731,193.0
Gampaha,2025-07-25,2025-07-26,1,test,148.0,169.25531,175.0
Gampaha,2025-08-01,2025-08-02,1,test,96.0,151.9246,148.0
Gampaha,2025-08-08,2025-08-09,1,test,91.0,96.51527,96.0
Gampaha,2025-08-15,2025-08-16,1,test,108.0,84.73969,91.0
Gampaha,2025-08-22,2025-08-23,1,test,63.0,92.33626,108.0
Gampaha,2025-08-29,2025-08-30,1,test,58.0,68.11374,63.0
Gampaha,2025-09-05,2025-09-06,1,test,92.0,63.696712,58.0
Gampaha,2025-09-12,2025-09-13,1,test,93.0,77.51839,92.0
Gampaha,2025-09-19,2025-09-20,1,test,78.0,88.789375,93.0
Gampaha,2025-09-26,2025-09-27,1,test,56.0,79.04302,78.0
Gampaha,2025-10-03,2025-10-04,1,test,82.0,68.362404,56.0
Gampaha,2025-10-10,2025-10-11,1,test,83.0,70.66032,82.0
Gampaha,2025-10-17,2025-10-18,1,test,95.0,72.88541,83.0
Gampaha,2025-10-24,2025-10-25,1,test,112.0,91.29359,95.0
Gampaha,2025-10-31,2025-11-01,1,test,128.0,99.754196,112.0
Gampaha,2025-11-07,2025-11-08,1,test,131.0,126.54793,128.0
Gampaha,2025-11-14,2025-11-15,1,test,159.0,147.9498,131.0
Gampaha,2025-11-21,2025-11-22,1,test,138.0,170.92976,159.0
Gampaha,2025-11-28,2025-11-29,1,test,186.0,144.94217,138.0
Gampaha,2025-12-05,2025-12-06,1,test,202.0,172.24266,186.0
Gampaha,2025-12-12,2025-12-13,1,test,214.0,180.97609,202.0
Hambantota,2025-01-03,2025-01-04,1,test,35.0,40.698563,36.0
Hambantota,2025-01-10,2025-01-11,1,test,32.0,36.332108,35.0
Hambantota,2025-01-17,2025-01-18,1,test,24.0,34.005867,32.0
Hambantota,2025-01-24,2025-01-25,1,test,22.0,30.515572,24.0
Hambantota,2025-01-31,2025-02-01,1,test,15.0,26.307531,22.0
Hambantota,2025-02-07,2025-02-08,1,test,15.0,19.736547,15.0
Hambantota,2025-02-14,2025-02-15,1,test,10.0,17.078892,15.0
Hambantota,2025-02-21,2025-02-22,1,test,12.0,15.428779,10.0
Hambantota,2025-02-28,2025-03-01,1,test,17.0,12.108373,12.0
Hambantota,2025-03-07,2025-03-08,1,test,14.0,14.836795,17.0
Hambantota,2025-03-14,2025-03-15,1,test,18.0,14.102538,14.0
Hambantota,2025-03-21,2025-03-22,1,test,12.0,16.40205,18.0
Hambantota,2025-03-28,2025-03-29,1,test,13.0,15.096875,12.0
Hambantota,2025-04-04,2025-04-05,1,test,10.0,14.28261,13.0
Hambantota,2025-04-11,2025-04-12,1,test,12.0,14.627444,10.0
Hambantota,2025-04-18,2025-04-19,1,test,23.0,15.791457,12.0
Hambantota,2025-04-25,2025-04-26,1,test,24.0,19.18314,23.0
Hambantota,2025-05-02,2025-05-03,1,test,16.0,22.968834,24.0
Hambantota,2025-05-09,2025-05-10,1,test,20.0,20.856638,16.0
Hambantota,2025-05-16,2025-05-17,1,test,20.0,18.717377,20.0
Hambantota,2025-05-23,2025-05-24,1,test,8.0,18.703777,20.0
Hambantota,2025-05-30,2025-05-31,1,test,24.0,14.357292,8.0
Hambantota,2025-06-06,2025-06-07,1,test,15.0,22.019014,24.0
Hambantota,2025-06-13,2025-06-14,1,test,22.0,13.884779,15.0
Hambantota,2025-06-20,2025-06-21,1,test,21.0,19.160677,22.0
Hambantota,2025-06-27,2025-06-28,1,test,24.0,18.468224,21.0
Hambantota,2025-07-04,2025-07-05,1,test,31.0,22.433403,24.0
Hambantota,2025-07-11,2025-07-12,1,test,46.0,24.412012,31.0
Hambantota,2025-07-18,2025-07-19,1,test,31.0,36.955585,46.0
Hambantota,2025-07-25,2025-07-26,1,test,24.0,28.988323,31.0
Hambantota,2025-08-01,2025-08-02,1,test,17.0,27.462282,24.0
Hambantota,2025-08-08,2025-08-09,1,test,15.0,19.112766,17.0
Hambantota,2025-08-15,2025-08-16,1,test,7.0,14.191153,15.0
Hambantota,2025-08-22,2025-08-23,1,test,18.0,11.148873,7.0
Hambantota,2025-08-29,2025-08-30,1,test,9.0,12.575237,18.0
Hambantota,2025-09-05,2025-09-06,1,test,9.0,9.516715,9.0
Hambantota,2025-09-12,2025-09-13,1,test,7.0,8.766887,9.0
Hambantota,2025-09-19,2025-09-20,1,test,19.0,6.1069064,7.0
Hambantota,2025-09-26,2025-09-27,1,test,15.0,12.940925,19.0
Hambantota,2025-10-03,2025-10-04,1,test,10.0,11.916034,15.0
Hambantota,2025-10-10,2025-10-11,1,test,10.0,13.08677,10.0
Hambantota,2025-10-17,2025-10-18,1,test,6.0,11.758371,10.0
Hambantota,2025-10-24,2025-10-25,1,test,14.0,9.690702,6.0
Hambantota,2025-10-31,2025-11-01,1,test,18.0,10.065804,14.0
Hambantota,2025-11-07,2025-11-08,1,test,14.0,13.02403,18.0
Hambantota,2025-11-14,2025-11-15,1,test,15.0,14.515099,14.0
Hambantota,2025-11-21,2025-11-22,1,test,13.0,16.361464,15.0
Hambantota,2025-11-28,2025-11-29,1,test,24.0,14.847053,13.0
Hambantota,2025-12-05,2025-12-06,1,test,28.0,21.854462,24.0
Hambantota,2025-12-12,2025-12-13,1,test,42.0,23.581673,28.0
Jaffna,2025-01-03,2025-01-04,1,test,52.0,76.80711,58.0
Jaffna,2025-01-10,2025-01-11,1,test,37.0,58.74943,52.0
Jaffna,2025-01-17,2025-01-18,1,test,57.0,44.237305,37.0
Jaffna,2025-01-24,2025-01-25,1,test,39.0,54.803158,57.0
Jaffna,2025-01-31,2025-02-01,1,test,35.0,46.76268,39.0
Jaffna,2025-02-07,2025-02-08,1,test,35.0,37.40737,35.0
Jaffna,2025-02-14,2025-02-15,1,test,30.0,34.929756,35.0
Jaffna,2025-02-21,2025-02-22,1,test,28.0,30.842733,30.0
Jaffna,2025-02-28,2025-03-01,1,test,15.0,26.370419,28.0
Jaffna,2025-03-07,2025-03-08,1,test,23.0,20.389812,15.0
Jaffna,2025-03-14,2025-03-15,1,test,25.0,23.44486,23.0
Jaffna,2025-03-21,2025-03-22,1,test,24.0,22.803034,25.0
Jaffna,2025-03-28,2025-03-29,1,test,15.0,25.102991,24.0
Jaffna,2025-04-04,2025-04-05,1,test,11.0,15.624556,15.0
Jaffna,2025-04-11,2025-04-12,1,test,18.0,16.18888,11.0
Jaffna,2025-04-18,2025-04-19,1,test,44.0,15.167082,18.0
Jaffna,2025-04-25,2025-04-26,1,test,20.0,32.489708,44.0
Jaffna,2025-05-02,2025-05-03,1,test,18.0,25.251268,20.0
Jaffna,2025-05-09,2025-05-10,1,test,27.0,18.683657,18.0
Jaffna,2025-05-16,2025-05-17,1,test,35.0,21.478167,27.0
Jaffna,2025-05-23,2025-05-24,1,test,20.0,27.983906,35.0
Jaffna,2025-05-30,2025-05-31,1,test,26.0,28.153208,20.0
Jaffna,2025-06-06,2025-06-07,1,test,25.0,25.33229,26.0
Jaffna,2025-06-13,2025-06-14,1,test,24.0,24.28733,25.0
Jaffna,2025-06-20,2025-06-21,1,test,12.0,25.557743,24.0
Jaffna,2025-06-27,2025-06-28,1,test,17.0,16.529274,12.0
Jaffna,2025-07-04,2025-07-05,1,test,26.0,17.96621,17.0
Jaffna,2025-07-11,2025-07-12,1,test,31.0,21.652437,26.0
Jaffna,2025-07-18,2025-07-19,1,test,19.0,24.414267,31.0
Jaffna,2025-07-25,2025-07-26,1,test,15.0,23.518631,19.0
Jaffna,2025-08-01,2025-08-02,1,test,9.0,16.211473,15.0
Jaffna,2025-08-08,2025-08-09,1,test,20.0,13.479932,9.0
Jaffna,2025-08-15,2025-08-16,1,test,6.0,18.733915,20.0
Jaffna,2025-08-22,2025-08-23,1,test,12.0,13.682713,6.0
Jaffna,2025-08-29,2025-08-30,1,test,22.0,11.346669,12.0
Jaffna,2025-09-05,2025-09-06,1,test,14.0,16.570398,22.0
Jaffna,2025-09-12,2025-09-13,1,test,5.0,14.888024,14.0
Jaffna,2025-09-19,2025-09-20,1,test,14.0,12.485973,5.0
Jaffna,2025-09-26,2025-09-27,1,test,18.0,13.915395,14.0
Jaffna,2025-10-03,2025-10-04,1,test,19.0,16.655664,18.0
Jaffna,2025-10-10,2025-10-11,1,test,26.0,19.61575,19.0
Jaffna,2025-10-17,2025-10-18,1,test,26.0,24.45766,26.0
Jaffna,2025-10-24,2025-10-25,1,test,55.0,32.479706,26.0
Jaffna,2025-10-31,2025-11-01,1,test,54.0,45.75884,55.0
Jaffna,2025-11-07,2025-11-08,1,test,54.0,49.44912,54.0
Jaffna,2025-11-14,2025-11-15,1,test,57.0,56.59397,54.0
Jaffna,2025-11-21,2025-11-22,1,test,49.0,68.00001,57.0
Jaffna,2025-11-28,2025-11-29,1,test,58.0,60.340363,49.0
Jaffna,2025-12-05,2025-12-06,1,test,78.0,65.45421,58.0
Jaffna,2025-12-12,2025-12-13,1,test,76.0,69.6211,78.0
Kalutara,2025-01-03,2025-01-04,1,test,24.0,59.250298,65.0
Kalutara,2025-01-10,2025-01-11,1,test,51.0,43.042885,24.0
Kalutara,2025-01-17,2025-01-18,1,test,38.0,42.541634,51.0
Kalutara,2025-01-24,2025-01-25,1,test,29.0,39.56655,38.0
Kalutara,2025-01-31,2025-02-01,1,test,29.0,36.21477,29.0
Kalutara,2025-02-07,2025-02-08,1,test,29.0,27.848736,29.0
Kalutara,2025-02-14,2025-02-15,1,test,44.0,28.757786,29.0
Kalutara,2025-02-21,2025-02-22,1,test,31.0,38.34171,44.0
Kalutara,2025-02-28,2025-03-01,1,test,43.0,30.629086,31.0
Kalutara,2025-03-07,2025-03-08,1,test,37.0,37.269665,43.0
Kalutara,2025-03-14,2025-03-15,1,test,35.0,34.729954,37.0
Kalutara,2025-03-21,2025-03-22,1,test,30.0,33.560127,35.0
Kalutara,2025-03-28,2025-03-29,1,test,39.0,32.537273,30.0
Kalutara,2025-04-04,2025-04-05,1,test,36.0,32.27024,39.0
Kalutara,2025-04-11,2025-04-12,1,test,42.0,34.57655,36.0
Kalutara,2025-04-18,2025-04-19,1,test,64.0,42.77711,42.0
Kalutara,2025-04-25,2025-04-26,1,test,59.0,54.14193,64.0
Kalutara,2025-05-02,2025-05-03,1,test,63.0,62.4911,59.0
Kalutara,2025-05-09,2025-05-10,1,test,35.0,64.3584,63.0
Kalutara,2025-05-16,2025-05-17,1,test,92.0,46.638546,35.0
Kalutara,2025-05-23,2025-05-24,1,test,71.0,76.459435,92.0
Kalutara,2025-05-30,2025-05-31,1,test,68.0,68.32906,71.0
Kalutara,2025-06-06,2025-06-07,1,test,74.0,68.21613,68.0
Kalutara,2025-06-13,2025-06-14,1,test,62.0,68.71143,74.0
Kalutara,2025-06-20,2025-06-21,1,test,92.0,68.35598,62.0
Kalutara,2025-06-27,2025-06-28,1,test,57.0,91.29043,92.0
Kalutara,2025-07-04,2025-07-05,1,test,66.0,75.03967,57.0
Kalutara,2025-07-11,2025-07-12,1,test,80.0,66.738594,66.0
Kalutara,2025-07-18,2025-07-19,1,test,53.0,69.39195,80.0
Kalutara,2025-07-25,2025-07-26,1,test,30.0,57.568863,53.0
Kalutara,2025-08-01,2025-08-02,1,test,47.0,42.31408,30.0
Kalutara,2025-08-08,2025-08-09,1,test,56.0,41.781933,47.0
Kalutara,2025-08-15,2025-08-16,1,test,39.0,51.075367,56.0
Kalutara,2025-08-22,2025-08-23,1,test,40.0,43.270664,39.0
Kalutara,2025-08-29,2025-08-30,1,test,34.0,38.770878,40.0
Kalutara,2025-09-05,2025-09-06,1,test,32.0,34.98317,34.0
Kalutara,2025-09-12,2025-09-13,1,test,27.0,32.532513,32.0
Kalutara,2025-09-19,2025-09-20,1,test,43.0,30.109356,27.0
Kalutara,2025-09-26,2025-09-27,1,test,32.0,38.848557,43.0
Kalutara,2025-10-03,2025-10-04,1,test,35.0,36.361683,32.0
Kalutara,2025-10-10,2025-10-11,1,test,24.0,36.490406,35.0
Kalutara,2025-10-17,2025-10-18,1,test,35.0,32.43077,24.0
Kalutara,2025-10-24,2025-10-25,1,test,32.0,35.769897,35.0
Kalutara,2025-10-31,2025-11-01,1,test,27.0,33.657963,32.0
Kalutara,2025-11-07,2025-11-08,1,test,35.0,32.477936,27.0
Kalutara,2025-11-14,2025-11-15,1,test,34.0,34.224636,35.0
Kalutara,2025-11-21,2025-11-22,1,test,57.0,37.677593,34.0
Kalutara,2025-11-28,2025-11-29,1,test,63.0,51.21706,57.0
Kalutara,2025-12-05,2025-12-06,1,test,53.0,58.99832,63.0
Kalutara,2025-12-12,2025-12-13,1,test,85.0,49.61355,53.0
Kandy,2025-01-03,2025-01-04,1,test,65.0,59.671127,66.0
Kandy,2025-01-10,2025-01-11,1,test,77.0,63.533653,65.0
Kandy,2025-01-17,2025-01-18,1,test,62.0,68.68891,77.0
Kandy,2025-01-24,2025-01-25,1,test,80.0,63.049488,62.0
Kandy,2025-01-31,2025-02-01,1,test,50.0,79.59801,80.0
Kandy,2025-02-07,2025-02-08,1,test,50.0,53.56809,50.0
Kandy,2025-02-14,2025-02-15,1,test,63.0,45.313885,50.0
Kandy,2025-02-21,2025-02-22,1,test,58.0,50.301796,63.0
Kandy,2025-02-28,2025-03-01,1,test,49.0,51.81439,58.0
Kandy,2025-03-07,2025-03-08,1,test,59.0,48.833157,49.0
Kandy,2025-03-14,2025-03-15,1,test,59.0,56.782494,59.0
Kandy,2025-03-21,2025-03-22,1,test,56.0,59.598408,59.0
Kandy,2025-03-28,2025-03-29,1,test,65.0,57.916245,56.0
Kandy,2025-04-04,2025-04-05,1,test,50.0,60.56332,65.0
Kandy,2025-04-11,2025-04-12,1,test,53.0,57.445694,50.0
Kandy,2025-04-18,2025-04-19,1,test,73.0,56.858246,53.0
Kandy,2025-04-25,2025-04-26,1,test,60.0,67.15851,73.0
Kandy,2025-05-02,2025-05-03,1,test,77.0,66.88179,60.0
Kandy,2025-05-09,2025-05-10,1,test,98.0,71.4928,77.0
Kandy,2025-05-16,2025-05-17,1,test,126.0,88.98657,98.0
Kandy,2025-05-23,2025-05-24,1,test,105.0,109.80018,126.0
Kandy,2025-05-30,2025-05-31,1,test,126.0,118.38556,105.0
Kandy,2025-06-06,2025-06-07,1,test,118.0,114.168625,126.0
Kandy,2025-06-13,2025-06-14,1,test,192.0,116.57175,118.0
Kandy,2025-06-20,2025-06-21,1,test,161.0,170.27887,192.0
Kandy,2025-06-27,2025-06-28,1,test,174.0,188.58693,161.0
Kandy,2025-07-04,2025-07-05,1,test,141.0,226.09746,174.0
Kandy,2025-07-11,2025-07-12,1,test,184.0,199.47633,141.0
Kandy,2025-07-18,2025-07-19,1,test,168.0,148.4272,184.0
Kandy,2025-07-25,2025-07-26,1,test,107.0,151.31111,168.0
Kandy,2025-08-01,2025-08-02,1,test,145.0,101.101166,107.0
Kandy,2025-08-08,2025-08-09,1,test,80.0,127.237946,145.0
Kandy,2025-08-15,2025-08-16,1,test,92.0,86.52775,80.0
Kandy,2025-08-22,2025-08-23,1,test,94.0,80.33899,92.0
Kandy,2025-08-29,2025-08-30,1,test,87.0,83.799255,94.0
Kandy,2025-09-05,2025-09-06,1,test,60.0,72.47448,87.0
Kandy,2025-09-12,2025-09-13,1,test,79.0,68.32776,60.0
Kandy,2025-09-19,2025-09-20,1,test,37.0,75.56233,79.0
Kandy,2025-09-26,2025-09-27,1,test,39.0,50.21494,37.0
Kandy,2025-10-03,2025-10-04,1,test,44.0,42.83508,39.0
Kandy,2025-10-10,2025-10-11,1,test,44.0,44.31484,44.0
Kandy,2025-10-17,2025-10-18,1,test,52.0,44.853733,44.0
Kandy,2025-10-24,2025-10-25,1,test,58.0,49.571995,52.0
Kandy,2025-10-31,2025-11-01,1,test,56.0,53.989624,58.0
Kandy,2025-11-07,2025-11-08,1,test,71.0,52.70491,56.0
Kandy,2025-11-14,2025-11-15,1,test,88.0,60.0397,71.0
Kandy,2025-11-21,2025-11-22,1,test,60.0,79.09115,88.0
Kandy,2025-11-28,2025-11-29,1,test,50.0,75.16255,60.0
Kandy,2025-12-05,2025-12-06,1,test,82.0,63.3997,50.0
Kandy,2025-12-12,2025-12-13,1,test,85.0,64.137054,82.0
Kegalle,2025-01-03,2025-01-04,1,test,40.0,49.86492,64.0
Kegalle,2025-01-10,2025-01-11,1,test,34.0,47.43254,40.0
Kegalle,2025-01-17,2025-01-18,1,test,26.0,37.396202,34.0
Kegalle,2025-01-24,2025-01-25,1,test,24.0,29.85944,26.0
Kegalle,2025-01-31,2025-02-01,1,test,29.0,28.597988,24.0
Kegalle,2025-02-07,2025-02-08,1,test,29.0,25.174875,29.0
Kegalle,2025-02-14,2025-02-15,1,test,35.0,27.993484,29.0
Kegalle,2025-02-21,2025-02-22,1,test,22.0,30.11845,35.0
Kegalle,2025-02-28,2025-03-01,1,test,43.0,24.206322,22.0
Kegalle,2025-03-07,2025-03-08,1,test,20.0,31.826822,43.0
Kegalle,2025-03-14,2025-03-15,1,test,32.0,25.78881,20.0
Kegalle,2025-03-21,2025-03-22,1,test,24.0,27.257254,32.0
Kegalle,2025-03-28,2025-03-29,1,test,20.0,28.074224,24.0
Kegalle,2025-04-04,2025-04-05,1,test,29.0,21.864414,20.0
Kegalle,2025-04-11,2025-04-12,1,test,13.0,25.268963,29.0
Kegalle,2025-04-18,2025-04-19,1,test,35.0,19.349428,13.0
Kegalle,2025-04-25,2025-04-26,1,test,38.0,28.014053,35.0
Kegalle,2025-05-02,2025-05-03,1,test,43.0,35.62433,38.0
Kegalle,2025-05-09,2025-05-10,1,test,45.0,42.3354,43.0
Kegalle,2025-05-16,2025-05-17,1,test,43.0,43.152157,45.0
Kegalle,2025-05-23,2025-05-24,1,test,61.0,43.460335,43.0
Kegalle,2025-05-30,2025-05-31,1,test,54.0,56.51604,61.0
Kegalle,2025-06-06,2025-06-07,1,test,46.0,53.13845,54.0
Kegalle,2025-06-13,2025-06-14,1,test,48.0,51.317192,46.0
Kegalle,2025-06-20,2025-06-21,1,test,35.0,51.013184,48.0
Kegalle,2025-06-27,2025-06-28,1,test,39.0,45.48895,35.0
Kegalle,2025-07-04,2025-07-05,1,test,30.0,40.402508,39.0
Kegalle,2025-07-11,2025-07-12,1,test,41.0,35.175278,30.0
Kegalle,2025-07-18,2025-07-19,1,test,33.0,37.792744,41.0
Kegalle,2025-07-25,2025-07-26,1,test,29.0,35.499092,33.0
Kegalle,2025-08-01,2025-08-02,1,test,31.0,30.71795,29.0
Kegalle,2025-08-08,2025-08-09,1,test,19.0,29.433294,31.0
Kegalle,2025-08-15,2025-08-16,1,test,24.0,27.970358,19.0
Kegalle,2025-08-22,2025-08-23,1,test,27.0,24.871101,24.0
Kegalle,2025-08-29,2025-08-30,1,test,19.0,24.711237,27.0
Kegalle,2025-09-05,2025-09-06,1,test,67.0,21.452164,19.0
Kegalle,2025-09-12,2025-09-13,1,test,20.0,47.943848,67.0
Kegalle,2025-09-19,2025-09-20,1,test,18.0,39.640293,20.0
Kegalle,2025-09-26,2025-09-27,1,test,19.0,27.034964,18.0
Kegalle,2025-10-03,2025-10-04,1,test,18.0,23.009192,19.0
Kegalle,2025-10-10,2025-10-11,1,test,11.0,22.32582,18.0
Kegalle,2025-10-17,2025-10-18,1,test,17.0,16.601767,11.0
Kegalle,2025-10-24,2025-10-25,1,test,19.0,17.468218,17.0
Kegalle,2025-10-31,2025-11-01,1,test,17.0,20.669601,19.0
Kegalle,2025-11-07,2025-11-08,1,test,18.0,16.931744,17.0
Kegalle,2025-11-14,2025-11-15,1,test,34.0,20.463024,18.0
Kegalle,2025-11-21,2025-11-22,1,test,30.0,34.34979,34.0
Kegalle,2025-11-28,2025-11-29,1,test,18.0,30.828602,30.0
Kegalle,2025-12-05,2025-12-06,1,test,36.0,23.72366,18.0
Kegalle,2025-12-12,2025-12-13,1,test,37.0,31.299614,36.0
Kilinochchi,2025-01-03,2025-01-04,1,test,8.0,15.598202,5.0
Kilinochchi,2025-01-10,2025-01-11,1,test,3.0,10.653844,8.0
Kilinochchi,2025-01-17,2025-01-18,1,test,6.0,4.961957,3.0
Kilinochchi,2025-01-24,2025-01-25,1,test,3.0,6.2689815,6.0
Kilinochchi,2025-01-31,2025-02-01,1,test,2.0,5.441465,3.0
Kilinochchi,2025-02-07,2025-02-08,1,test,2.0,4.6953545,2.0
Kilinochchi,2025-02-14,2025-02-15,1,test,2.0,3.153601,2.0
Kilinochchi,2025-02-21,2025-02-22,1,test,1.0,2.6957724,2.0
Kilinochchi,2025-02-28,2025-03-01,1,test,3.0,1.7680278,1.0
Kilinochchi,2025-03-07,2025-03-08,1,test,6.0,1.9137418,3.0
Kilinochchi,2025-03-14,2025-03-15,1,test,0.0,3.8853772,6.0
Kilinochchi,2025-03-21,2025-03-22,1,test,2.0,3.0661023,0.0
Kilinochchi,2025-03-28,2025-03-29,1,test,0.0,2.7306297,2.0
Kilinochchi,2025-04-04,2025-04-05,1,test,1.0,0.7351165,0.0
Kilinochchi,2025-04-11,2025-04-12,1,test,1.0,2.2881405,1.0
Kilinochchi,2025-04-18,2025-04-19,1,test,7.0,1.1577266,1.0
Kilinochchi,2025-04-25,2025-04-26,1,test,1.0,2.5481956,7.0
Kilinochchi,2025-05-02,2025-05-03,1,test,1.0,2.7018836,1.0
Kilinochchi,2025-05-09,2025-05-10,1,test,4.0,2.0082037,1.0
Kilinochchi,2025-05-16,2025-05-17,1,test,2.0,1.7028422,4.0
Kilinochchi,2025-05-23,2025-05-24,1,test,2.0,2.1979954,2.0
Kilinochchi,2025-05-30,2025-05-31,1,test,1.0,1.7338761,2.0
Kilinochchi,2025-06-06,2025-06-07,1,test,2.0,1.5833509,1.0
Kilinochchi,2025-06-13,2025-06-14,1,test,0.0,1.6237477,2.0
Kilinochchi,2025-06-20,2025-06-21,1,test,1.0,2.245281,0.0
Kilinochchi,2025-06-27,2025-06-28,1,test,2.0,1.6840488,1.0
Kilinochchi,2025-07-04,2025-07-05,1,test,0.0,2.0901668,2.0
Kilinochchi,2025-07-11,2025-07-12,1,test,3.0,1.9024835,0.0
Kilinochchi,2025-07-18,2025-07-19,1,test,1.0,1.0300726,3.0
Kilinochchi,2025-07-25,2025-07-26,1,test,0.0,1.074373,1.0
Kilinochchi,2025-08-01,2025-08-02,1,test,0.0,1.1399467,0.0
Kilinochchi,2025-08-08,2025-08-09,1,test,2.0,0.6780278,0.0
Kilinochchi,2025-08-15,2025-08-16,1,test,0.0,0.9905737,2.0
Kilinochchi,2025-08-22,2025-08-23,1,test,0.0,0.56930786,0.0
Kilinochchi,2025-08-29,2025-08-30,1,test,2.0,0.60448605,0.0
Kilinochchi,2025-09-05,2025-09-06,1,test,1.0,0.60448605,2.0
Kilinochchi,2025-09-12,2025-09-13,1,test,1.0,0.9263798,1.0
Kilinochchi,2025-09-19,2025-09-20,1,test,0.0,1.6863531,1.0
Kilinochchi,2025-09-26,2025-09-27,1,test,3.0,1.2616633,0.0
Kilinochchi,2025-10-03,2025-10-04,1,test,4.0,1.4574084,3.0
Kilinochchi,2025-10-10,2025-10-11,1,test,2.0,2.1104162,4.0
Kilinochchi,2025-10-17,2025-10-18,1,test,2.0,2.0459125,2.0
Kilinochchi,2025-10-24,2025-10-25,1,test,2.0,2.9003093,2.0
Kilinochchi,2025-10-31,2025-11-01,1,test,6.0,2.577388,2.0
Kilinochchi,2025-11-07,2025-11-08,1,test,5.0,3.802553,6.0
Kilinochchi,2025-11-14,2025-11-15,1,test,3.0,5.594535,5.0
Kilinochchi,2025-11-21,2025-11-22,1,test,1.0,5.677118,3.0
Kilinochchi,2025-11-28,2025-11-29,1,test,4.0,5.1548066,1.0
Kilinochchi,2025-12-05,2025-12-06,1,test,10.0,3.9922974,4.0
Kilinochchi,2025-12-12,2025-12-13,1,test,5.0,9.970411,10.0
Kurunegala,2025-01-03,2025-01-04,1,test,39.0,28.72113,26.0
Kurunegala,2025-01-10,2025-01-11,1,test,30.0,37.322266,39.0
Kurunegala,2025-01-17,2025-01-18,1,test,34.0,31.55614,30.0
Kurunegala,2025-01-24,2025-01-25,1,test,18.0,30.194618,34.0
Kurunegala,2025-01-31,2025-02-01,1,test,27.0,26.741005,18.0
Kurunegala,2025-02-07,2025-02-08,1,test,27.0,26.504303,27.0
Kurunegala,2025-02-14,2025-02-15,1,test,20.0,26.287825,27.0
Kurunegala,2025-02-21,2025-02-22,1,test,25.0,23.3852,20.0
Kurunegala,2025-02-28,2025-03-01,1,test,17.0,21.667698,25.0
Kurunegala,2025-03-07,2025-03-08,1,test,23.0,17.783897,17.0
Kurunegala,2025-03-14,2025-03-15,1,test,21.0,18.578531,23.0
Kurunegala,2025-03-21,2025-03-22,1,test,19.0,18.948627,21.0
Kurunegala,2025-03-28,2025-03-29,1,test,19.0,20.089546,19.0
Kurunegala,2025-04-04,2025-04-05,1,test,17.0,16.049458,19.0
Kurunegala,2025-04-11,2025-04-12,1,test,13.0,17.315676,17.0
Kurunegala,2025-04-18,2025-04-19,1,test,53.0,16.026497,13.0
Kurunegala,2025-04-25,2025-04-26,1,test,34.0,37.45095,53.0
Kurunegala,2025-05-02,2025-05-03,1,test,30.0,39.48758,34.0
Kurunegala,2025-05-09,2025-05-10,1,test,44.0,34.80064,30.0
Kurunegala,2025-05-16,2025-05-17,1,test,47.0,38.674416,44.0
Kurunegala,2025-05-23,2025-05-24,1,test,60.0,43.572937,47.0
Kurunegala,2025-05-30,2025-05-31,1,test,43.0,56.24169,60.0
Kurunegala,2025-06-06,2025-06-07,1,test,68.0,49.08101,43.0
Kurunegala,2025-06-13,2025-06-14,1,test,77.0,55.507805,68.0
Kurunegala,2025-06-20,2025-06-21,1,test,70.0,67.73429,77.0
Kurunegala,2025-06-27,2025-06-28,1,test,51.0,66.68387,70.0
Kurunegala,2025-07-04,2025-07-05,1,test,50.0,61.874825,51.0
Kurunegala,2025-07-11,2025-07-12,1,test,49.0,55.103893,50.0
Kurunegala,2025-07-18,2025-07-19,1,test,84.0,51.790787,49.0
Kurunegala,2025-07-25,2025-07-26,1,test,39.0,66.405266,84.0
Kurunegala,2025-08-01,2025-08-02,1,test,37.0,49.33074,39.0
Kurunegala,2025-08-08,2025-08-09,1,test,23.0,37.33492,37.0
Kurunegala,2025-08-15,2025-08-16,1,test,24.0,31.057873,23.0
Kurunegala,2025-08-22,2025-08-23,1,test,24.0,28.005392,24.0
Kurunegala,2025-08-29,2025-08-30,1,test,8.0,23.295177,24.0
Kurunegala,2025-09-05,2025-09-06,1,test,19.0,14.646659,8.0
Kurunegala,2025-09-12,2025-09-13,1,test,15.0,17.85194,19.0
Kurunegala,2025-09-19,2025-09-20,1,test,19.0,14.689033,15.0
Kurunegala,2025-09-26,2025-09-27,1,test,8.0,19.217394,19.0
Kurunegala,2025-10-03,2025-10-04,1,test,15.0,13.452314,8.0
Kurunegala,2025-10-10,2025-10-11,1,test,24.0,14.130285,15.0
Kurunegala,2025-10-17,2025-10-18,1,test,17.0,22.73419,24.0
Kurunegala,2025-10-24,2025-10-25,1,test,15.0,19.439905,17.0
Kurunegala,2025-10-31,2025-11-01,1,test,13.0,16.83415,15.0
Kurunegala,2025-11-07,2025-11-08,1,test,20.0,16.445925,13.0
Kurunegala,2025-11-14,2025-11-15,1,test,23.0,23.015846,20.0
Kurunegala,2025-11-21,2025-11-22,1,test,21.0,24.444975,23.0
Kurunegala,2025-11-28,2025-11-29,1,test,19.0,22.799303,21.0
Kurunegala,2025-12-05,2025-12-06,1,test,24.0,23.659422,19.0
Kurunegala,2025-12-12,2025-12-13,1,test,32.0,24.531622,24.0
Mannar,2025-01-03,2025-01-04,1,test,15.0,21.794558,11.0
Mannar,2025-01-10,2025-01-11,1,test,12.0,15.469859,15.0
Mannar,2025-01-17,2025-01-18,1,test,7.0,12.20923,12.0
Mannar,2025-01-24,2025-01-25,1,test,12.0,10.6399145,7.0
Mannar,2025-01-31,2025-02-01,1,test,3.0,11.186197,12.0
Mannar,2025-02-07,2025-02-08,1,test,3.0,7.1968503,3.0
Mannar,2025-02-14,2025-02-15,1,test,4.0,5.3713846,3.0
Mannar,2025-02-21,2025-02-22,1,test,3.0,4.391653,4.0
Mannar,2025-02-28,2025-03-01,1,test,0.0,3.3310812,3.0
Mannar,2025-03-07,2025-03-08,1,test,2.0,2.242338,0.0
Mannar,2025-03-14,2025-03-15,1,test,2.0,1.896492,2.0
Mannar,2025-03-21,2025-03-22,1,test,4.0,2.5026143,2.0
Mannar,2025-03-28,2025-03-29,1,test,2.0,2.9618118,4.0
Mannar,2025-04-04,2025-04-05,1,test,1.0,0.49343053,2.0
Mannar,2025-04-11,2025-04-12,1,test,2.0,2.768026,1.0
Mannar,2025-04-18,2025-04-19,1,test,1.0,2.271137,2.0
Mannar,2025-04-25,2025-04-26,1,test,6.0,2.1476996,1.0
Mannar,2025-05-02,2025-05-03,1,test,1.0,3.4672606,6.0
Mannar,2025-05-09,2025-05-10,1,test,3.0,2.9696867,1.0
Mannar,2025-05-16,2025-05-17,1,test,4.0,1.7799742,3.0
Mannar,2025-05-23,2025-05-24,1,test,2.0,2.265146,4.0
Mannar,2025-05-30,2025-05-31,1,test,3.0,3.2475164,2.0
Mannar,2025-06-06,2025-06-07,1,test,2.0,2.0879576,3.0
Mannar,2025-06-13,2025-06-14,1,test,4.0,2.0599062,2.0
Mannar,2025-06-20,2025-06-21,1,test,0.0,3.7530077,4.0
Mannar,2025-06-27,2025-06-28,1,test,2.0,2.2707245,0.0
Mannar,2025-07-04,2025-07-05,1,test,1.0,2.6334946,2.0
Mannar,2025-07-11,2025-07-12,1,test,2.0,1.993445,1.0
Mannar,2025-07-18,2025-07-19,1,test,4.0,1.3510473,2.0
Mannar,2025-07-25,2025-07-26,1,test,2.0,1.5396174,4.0
Mannar,2025-08-01,2025-08-02,1,test,3.0,1.5356278,2.0
Mannar,2025-08-08,2025-08-09,1,test,1.0,1.2560005,3.0
Mannar,2025-08-15,2025-08-16,1,test,1.0,1.3107753,1.0
Mannar,2025-08-22,2025-08-23,1,test,2.0,1.2450764,1.0
Mannar,2025-08-29,2025-08-30,1,test,2.0,0.87389725,2.0
Mannar,2025-09-05,2025-09-06,1,test,2.0,0.9617994,2.0
Mannar,2025-09-12,2025-09-13,1,test,3.0,1.1096343,2.0
Mannar,2025-09-19,2025-09-20,1,test,2.0,2.0169022,3.0
Mannar,2025-09-26,2025-09-27,1,test,0.0,1.9370024,2.0
Mannar,2025-10-03,2025-10-04,1,test,1.0,2.2725313,0.0
Mannar,2025-10-10,2025-10-11,1,test,3.0,2.1366198,1.0
Mannar,2025-10-17,2025-10-18,1,test,5.0,1.9424038,3.0
Mannar,2025-10-24,2025-10-25,1,test,7.0,4.6838384,5.0
Mannar,2025-10-31,2025-11-01,1,test,6.0,4.333834,7.0
Mannar,2025-11-07,2025-11-08,1,test,12.0,4.9911113,6.0
Mannar,2025-11-14,2025-11-15,1,test,5.0,12.572249,12.0
Mannar,2025-11-21,2025-11-22,1,test,5.0,13.933182,5.0
Mannar,2025-11-28,2025-11-29,1,test,0.0,7.734638,5.0
Mannar,2025-12-05,2025-12-06,1,test,5.0,7.0111537,0.0
Mannar,2025-12-12,2025-12-13,1,test,0.0,7.385088,5.0
Matale,2025-01-03,2025-01-04,1,test,39.0,45.97603,52.0
Matale,2025-01-10,2025-01-11,1,test,44.0,44.50936,39.0
Matale,2025-01-17,2025-01-18,1,test,39.0,43.94022,44.0
Matale,2025-01-24,2025-01-25,1,test,45.0,37.09342,39.0
Matale,2025-01-31,2025-02-01,1,test,38.0,43.533054,45.0
Matale,2025-02-07,2025-02-08,1,test,38.0,35.97742,38.0
Matale,2025-02-14,2025-02-15,1,test,40.0,34.60965,38.0
Matale,2025-02-21,2025-02-22,1,test,28.0,35.340057,40.0
Matale,2025-02-28,2025-03-01,1,test,39.0,28.968233,28.0
Matale,2025-03-07,2025-03-08,1,test,22.0,29.575617,39.0
Matale,2025-03-14,2025-03-15,1,test,20.0,25.755926,22.0
Matale,2025-03-21,2025-03-22,1,test,32.0,22.562902,20.0
Matale,2025-03-28,2025-03-29,1,test,21.0,26.791088,32.0
Matale,2025-04-04,2025-04-05,1,test,30.0,25.085432,21.0
Matale,2025-04-11,2025-04-12,1,test,28.0,29.338615,30.0
Matale,2025-04-18,2025-04-19,1,test,42.0,29.458733,28.0
Matale,2025-04-25,2025-04-26,1,test,28.0,35.026363,42.0
Matale,2025-05-02,2025-05-03,1,test,23.0,33.600224,28.0
Matale,2025-05-09,2025-05-10,1,test,16.0,28.077852,23.0
Matale,2025-05-16,2025-05-17,1,test,20.0,21.102453,16.0
Matale,2025-05-23,2025-05-24,1,test,20.0,20.40081,20.0
Matale,2025-05-30,2025-05-31,1,test,24.0,20.857233,20.0
Matale,2025-06-06,2025-06-07,1,test,17.0,21.782335,24.0
Matale,2025-06-13,2025-06-14,1,test,24.0,19.100613,17.0
Matale,2025-06-20,2025-06-21,1,test,23.0,23.250422,24.0
Matale,2025-06-27,2025-06-28,1,test,14.0,21.743122,23.0
Matale,2025-07-04,2025-07-05,1,test,12.0,20.454865,14.0
Matale,2025-07-11,2025-07-12,1,test,19.0,16.268705,12.0
Matale,2025-07-18,2025-07-19,1,test,27.0,18.455929,19.0
Matale,2025-07-25,2025-07-26,1,test,19.0,21.68857,27.0
Matale,2025-08-01,2025-08-02,1,test,17.0,20.227905,19.0
Matale,2025-08-08,2025-08-09,1,test,13.0,17.799017,17.0
Matale,2025-08-15,2025-08-16,1,test,17.0,14.91394,13.0
Matale,2025-08-22,2025-08-23,1,test,11.0,15.5850315,17.0
Matale,2025-08-29,2025-08-30,1,test,31.0,13.57424,11.0
Matale,2025-09-05,2025-09-06,1,test,22.0,22.256783,31.0
Matale,2025-09-12,2025-09-13,1,test,34.0,22.289179,22.0
Matale,2025-09-19,2025-09-20,1,test,24.0,29.645529,34.0
Matale,2025-09-26,2025-09-27,1,test,19.0,28.80917,24.0
Matale,2025-10-03,2025-10-04,1,test,9.0,22.54846,19.0
Matale,2025-10-10,2025-10-11,1,test,15.0,16.799627,9.0
Matale,2025-10-17,2025-10-18,1,test,24.0,14.602255,15.0
Matale,2025-10-24,2025-10-25,1,test,22.0,22.181175,24.0
Matale,2025-10-31,2025-11-01,1,test,12.0,21.482994,22.0
Matale,2025-11-07,2025-11-08,1,test,22.0,16.77051,12.0
Matale,2025-11-14,2025-11-15,1,test,20.0,22.37671,22.0
Matale,2025-11-21,2025-11-22,1,test,15.0,21.989744,20.0
Matale,2025-11-28,2025-11-29,1,test,21.0,15.225602,15.0
Matale,2025-12-05,2025-12-06,1,test,25.0,22.255768,21.0
Matale,2025-12-12,2025-12-13,1,test,16.0,25.736454,25.0
Matara,2025-01-03,2025-01-04,1,test,23.0,33.46543,28.0
Matara,2025-01-10,2025-01-11,1,test,45.0,33.269054,23.0
Matara,2025-01-17,2025-01-18,1,test,32.0,40.3487,45.0
Matara,2025-01-24,2025-01-25,1,test,59.0,34.82837,32.0
Matara,2025-01-31,2025-02-01,1,test,34.0,53.86139,59.0
Matara,2025-02-07,2025-02-08,1,test,34.0,41.9729,34.0
Matara,2025-02-14,2025-02-15,1,test,35.0,37.51589,34.0
Matara,2025-02-21,2025-02-22,1,test,24.0,34.69441,35.0
Matara,2025-02-28,2025-03-01,1,test,50.0,31.71469,24.0
Matara,2025-03-07,2025-03-08,1,test,32.0,39.69085,50.0
Matara,2025-03-14,2025-03-15,1,test,30.0,37.49446,32.0
Matara,2025-03-21,2025-03-22,1,test,44.0,32.08935,30.0
Matara,2025-03-28,2025-03-29,1,test,38.0,41.584293,44.0
Matara,2025-04-04,2025-04-05,1,test,32.0,37.491516,38.0
Matara,2025-04-11,2025-04-12,1,test,35.0,36.32819,32.0
Matara,2025-04-18,2025-04-19,1,test,38.0,34.81961,35.0
Matara,2025-04-25,2025-04-26,1,test,38.0,37.1468,38.0
Matara,2025-05-02,2025-05-03,1,test,17.0,39.800007,38.0
Matara,2025-05-09,2025-05-10,1,test,27.0,29.709957,17.0
Matara,2025-05-16,2025-05-17,1,test,21.0,27.251,27.0
Matara,2025-05-23,2025-05-24,1,test,26.0,24.428,21.0
Matara,2025-05-30,2025-05-31,1,test,34.0,27.37234,26.0
Matara,2025-06-06,2025-06-07,1,test,70.0,32.680504,34.0
Matara,2025-06-13,2025-06-14,1,test,39.0,52.36166,70.0
Matara,2025-06-20,2025-06-21,1,test,58.0,47.00059,39.0
Matara,2025-06-27,2025-06-28,1,test,39.0,53.887848,58.0
Matara,2025-07-04,2025-07-05,1,test,28.0,48.956863,39.0
Matara,2025-07-11,2025-07-12,1,test,41.0,36.426674,28.0
Matara,2025-07-18,2025-07-19,1,test,42.0,36.518703,41.0
Matara,2025-07-25,2025-07-26,1,test,30.0,38.239197,42.0
Matara,2025-08-01,2025-08-02,1,test,20.0,31.899874,30.0
Matara,2025-08-08,2025-08-09,1,test,35.0,23.02136,20.0
Matara,2025-08-15,2025-08-16,1,test,26.0,30.420292,35.0
Matara,2025-08-22,2025-08-23,1,test,26.0,30.419052,26.0
Matara,2025-08-29,2025-08-30,1,test,16.0,23.960976,26.0
Matara,2025-09-05,2025-09-06,1,test,18.0,19.895247,16.0
Matara,2025-09-12,2025-09-13,1,test,12.0,17.115482,18.0
Matara,2025-09-19,2025-09-20,1,test,12.0,15.455844,12.0
Matara,2025-09-26,2025-09-27,1,test,12.0,15.4168005,12.0
Matara,2025-10-03,2025-10-04,1,test,20.0,14.611579,12.0
Matara,2025-10-10,2025-10-11,1,test,22.0,18.140718,20.0
Matara,2025-10-17,2025-10-18,1,test,10.0,20.903368,22.0
Matara,2025-10-24,2025-10-25,1,test,23.0,17.56641,10.0
Matara,2025-10-31,2025-11-01,1,test,17.0,19.274403,23.0
Matara,2025-11-07,2025-11-08,1,test,36.0,17.322836,17.0
Matara,2025-11-14,2025-11-15,1,test,22.0,29.80231,36.0
Matara,2025-11-21,2025-11-22,1,test,37.0,31.265589,22.0
Matara,2025-11-28,2025-11-29,1,test,45.0,32.555016,37.0
Matara,2025-12-05,2025-12-06,1,test,67.0,46.35234,45.0
Matara,2025-12-12,2025-12-13,1,test,44.0,49.926987,67.0
Monaragala,2025-01-03,2025-01-04,1,test,26.0,24.251135,25.0
Monaragala,2025-01-10,2025-01-11,1,test,23.0,27.666723,26.0
Monaragala,2025-01-17,2025-01-18,1,test,24.0,23.523026,23.0
Monaragala,2025-01-24,2025-01-25,1,test,20.0,25.57403,24.0
Monaragala,2025-01-31,2025-02-01,1,test,6.0,24.641882,20.0
Monaragala,2025-02-07,2025-02-08,1,test,6.0,15.474616,6.0
Monaragala,2025-02-14,2025-02-15,1,test,15.0,14.667949,6.0
Monaragala,2025-02-21,2025-02-22,1,test,10.0,11.035748,15.0
Monaragala,2025-02-28,2025-03-01,1,test,17.0,12.536773,10.0
Monaragala,2025-03-07,2025-03-08,1,test,23.0,14.05488,17.0
Monaragala,2025-03-14,2025-03-15,1,test,24.0,18.425102,23.0
Monaragala,2025-03-21,2025-03-22,1,test,21.0,22.224695,24.0
Monaragala,2025-03-28,2025-03-29,1,test,15.0,23.804558,21.0
Monaragala,2025-04-04,2025-04-05,1,test,29.0,18.4143,15.0
Monaragala,2025-04-11,2025-04-12,1,test,27.0,25.935617,29.0
Monaragala,2025-04-18,2025-04-19,1,test,12.0,29.06039,27.0
Monaragala,2025-04-25,2025-04-26,1,test,22.0,22.42053,12.0
Monaragala,2025-05-02,2025-05-03,1,test,10.0,22.615385,22.0
Monaragala,2025-05-09,2025-05-10,1,test,17.0,17.663597,10.0
Monaragala,2025-05-16,2025-05-17,1,test,15.0,18.115793,17.0
Monaragala,2025-05-23,2025-05-24,1,test,26.0,15.895416,15.0
Monaragala,2025-05-30,2025-05-31,1,test,29.0,24.207607,26.0
Monaragala,2025-06-06,2025-06-07,1,test,26.0,25.093895,29.0
Monaragala,2025-06-13,2025-06-14,1,test,24.0,26.088203,26.0
Monaragala,2025-06-20,2025-06-21,1,test,27.0,27.14528,24.0
Monaragala,2025-06-27,2025-06-28,1,test,12.0,24.322783,27.0
Monaragala,2025-07-04,2025-07-05,1,test,13.0,19.195871,12.0
Monaragala,2025-07-11,2025-07-12,1,test,19.0,15.20081,13.0
Monaragala,2025-07-18,2025-07-19,1,test,17.0,17.45661,19.0
Monaragala,2025-07-25,2025-07-26,1,test,17.0,16.535435,17.0
Monaragala,2025-08-01,2025-08-02,1,test,11.0,15.566453,17.0
Monaragala,2025-08-08,2025-08-09,1,test,17.0,15.209404,11.0
Monaragala,2025-08-15,2025-08-16,1,test,8.0,17.0145,17.0
Monaragala,2025-08-22,2025-08-23,1,test,16.0,10.60709,8.0
Monaragala,2025-08-29,2025-08-30,1,test,3.0,14.294506,16.0
Monaragala,2025-09-05,2025-09-06,1,test,16.0,9.872,3.0
Monaragala,2025-09-12,2025-09-13,1,test,10.0,11.776689,16.0
Monaragala,2025-09-19,2025-09-20,1,test,8.0,11.960966,10.0
Monaragala,2025-09-26,2025-09-27,1,test,9.0,9.752988,8.0
Monaragala,2025-10-03,2025-10-04,1,test,4.0,9.216729,9.0
Monaragala,2025-10-10,2025-10-11,1,test,11.0,6.8845787,4.0
Monaragala,2025-10-17,2025-10-18,1,test,17.0,11.0162325,11.0
Monaragala,2025-10-24,2025-10-25,1,test,16.0,13.141386,17.0
Monaragala,2025-10-31,2025-11-01,1,test,7.0,14.321335,16.0
Monaragala,2025-11-07,2025-11-08,1,test,10.0,11.831548,7.0
Monaragala,2025-11-14,2025-11-15,1,test,15.0,13.774577,10.0
Monaragala,2025-11-21,2025-11-22,1,test,15.0,13.009234,15.0
Monaragala,2025-11-28,2025-11-29,1,test,10.0,13.548186,15.0
Monaragala,2025-12-05,2025-12-06,1,test,14.0,14.37354,10.0
Monaragala,2025-12-12,2025-12-13,1,test,24.0,13.585703,14.0
Mullaitivu,2025-01-03,2025-01-04,1,test,1.0,11.784013,3.0
Mullaitivu,2025-01-10,2025-01-11,1,test,1.0,6.792511,1.0
Mullaitivu,2025-01-17,2025-01-18,1,test,4.0,3.370168,1.0
Mullaitivu,2025-01-24,2025-01-25,1,test,1.0,3.3889449,4.0
Mullaitivu,2025-01-31,2025-02-01,1,test,2.0,3.7795036,1.0
Mullaitivu,2025-02-07,2025-02-08,1,test,2.0,2.588661,2.0
Mullaitivu,2025-02-14,2025-02-15,1,test,0.0,3.0927174,2.0
Mullaitivu,2025-02-21,2025-02-22,1,test,1.0,2.6630824,0.0
Mullaitivu,2025-02-28,2025-03-01,1,test,1.0,1.4241551,1.0
Mullaitivu,2025-03-07,2025-03-08,1,test,3.0,2.0399697,1.0
Mullaitivu,2025-03-14,2025-03-15,1,test,0.0,2.335591,3.0
Mullaitivu,2025-03-21,2025-03-22,1,test,0.0,2.4717572,0.0
Mullaitivu,2025-03-28,2025-03-29,1,test,2.0,2.662326,0.0
Mullaitivu,2025-04-04,2025-04-05,1,test,2.0,0.43207002,2.0
Mullaitivu,2025-04-11,2025-04-12,1,test,1.0,2.1453006,2.0
Mullaitivu,2025-04-18,2025-04-19,1,test,0.0,1.5492364,1.0
Mullaitivu,2025-04-25,2025-04-26,1,test,2.0,1.6732601,0.0
Mullaitivu,2025-05-02,2025-05-03,1,test,1.0,1.8543938,2.0
Mullaitivu,2025-05-09,2025-05-10,1,test,2.0,1.511091,1.0
Mullaitivu,2025-05-16,2025-05-17,1,test,1.0,1.3476144,2.0
Mullaitivu,2025-05-23,2025-05-24,1,test,1.0,1.8409096,1.0
Mullaitivu,2025-05-30,2025-05-31,1,test,4.0,2.1233122,1.0
Mullaitivu,2025-06-06,2025-06-07,1,test,2.0,1.4469713,4.0
Mullaitivu,2025-06-13,2025-06-14,1,test,1.0,1.5884986,2.0
Mullaitivu,2025-06-20,2025-06-21,1,test,3.0,2.0842588,1.0
Mullaitivu,2025-06-27,2025-06-28,1,test,2.0,1.9427633,3.0
Mullaitivu,2025-07-04,2025-07-05,1,test,0.0,2.5748904,2.0
Mullaitivu,2025-07-11,2025-07-12,1,test,0.0,2.0813482,0.0
Mullaitivu,2025-07-18,2025-07-19,1,test,0.0,1.1466371,0.0
Mullaitivu,2025-07-25,2025-07-26,1,test,0.0,1.0898327,0.0
Mullaitivu,2025-08-01,2025-08-02,1,test,0.0,0.9403431,0.0
Mullaitivu,2025-08-08,2025-08-09,1,test,0.0,0.80640036,0.0
Mullaitivu,2025-08-15,2025-08-16,1,test,0.0,0.89118797,0.0
Mullaitivu,2025-08-22,2025-08-23,1,test,1.0,0.5329688,0.0
Mullaitivu,2025-08-29,2025-08-30,1,test,0.0,0.6125371,1.0
Mullaitivu,2025-09-05,2025-09-06,1,test,2.0,0.6125371,0.0
Mullaitivu,2025-09-12,2025-09-13,1,test,2.0,0.8816731,2.0
Mullaitivu,2025-09-19,2025-09-20,1,test,0.0,1.7514426,2.0
Mullaitivu,2025-09-26,2025-09-27,1,test,1.0,1.5749816,0.0
Mullaitivu,2025-10-03,2025-10-04,1,test,0.0,1.4574084,1.0
Mullaitivu,2025-10-10,2025-10-11,1,test,0.0,2.077091,0.0
Mullaitivu,2025-10-17,2025-10-18,1,test,0.0,2.0215976,0.0
Mullaitivu,2025-10-24,2025-10-25,1,test,1.0,2.5835311,0.0
Mullaitivu,2025-10-31,2025-11-01,1,test,0.0,2.1612017,1.0
Mullaitivu,2025-11-07,2025-11-08,1,test,2.0,2.322717,0.0
Mullaitivu,2025-11-14,2025-11-15,1,test,4.0,3.0207264,2.0
Mullaitivu,2025-11-21,2025-11-22,1,test,2.0,4.5892925,4.0
Mullaitivu,2025-11-28,2025-11-29,1,test,0.0,3.75013,2.0
Mullaitivu,2025-12-05,2025-12-06,1,test,2.0,3.4062507,0.0
Mullaitivu,2025-12-12,2025-12-13,1,test,3.0,4.9347663,2.0
Nuwara Eliya,2025-01-03,2025-01-04,1,test,8.0,7.0257144,5.0
Nuwara Eliya,2025-01-10,2025-01-11,1,test,1.0,8.152106,8.0
Nuwara Eliya,2025-01-17,2025-01-18,1,test,10.0,4.533627,1.0
Nuwara Eliya,2025-01-24,2025-01-25,1,test,6.0,8.532985,10.0
Nuwara Eliya,2025-01-31,2025-02-01,1,test,4.0,10.103156,6.0
Nuwara Eliya,2025-02-07,2025-02-08,1,test,4.0,6.685011,4.0
Nuwara Eliya,2025-02-14,2025-02-15,1,test,6.0,3.4562423,4.0
Nuwara Eliya,2025-02-21,2025-02-22,1,test,2.0,4.6930413,6.0
Nuwara Eliya,2025-02-28,2025-03-01,1,test,2.0,3.8528883,2.0
Nuwara Eliya,2025-03-07,2025-03-08,1,test,1.0,2.7155535,2.0
Nuwara Eliya,2025-03-14,2025-03-15,1,test,6.0,1.81761,1.0
Nuwara Eliya,2025-03-21,2025-03-22,1,test,4.0,3.2482798,6.0
Nuwara Eliya,2025-03-28,2025-03-29,1,test,3.0,3.032172,4.0
Nuwara Eliya,2025-04-04,2025-04-05,1,test,1.0,2.4915082,3.0
Nuwara Eliya,2025-04-11,2025-04-12,1,test,3.0,2.4769633,1.0
Nuwara Eliya,2025-04-18,2025-04-19,1,test,6.0,4.530568,3.0
Nuwara Eliya,2025-04-25,2025-04-26,1,test,6.0,4.280789,6.0
Nuwara Eliya,2025-05-02,2025-05-03,1,test,7.0,5.574203,6.0
Nuwara Eliya,2025-05-09,2025-05-10,1,test,9.0,5.57676,7.0
Nuwara Eliya,2025-05-16,2025-05-17,1,test,4.0,8.187659,9.0
Nuwara Eliya,2025-05-23,2025-05-24,1,test,7.0,6.7101207,4.0
Nuwara Eliya,2025-05-30,2025-05-31,1,test,9.0,6.6928487,7.0
Nuwara Eliya,2025-06-06,2025-06-07,1,test,17.0,8.018493,9.0
Nuwara Eliya,2025-06-13,2025-06-14,1,test,20.0,11.889833,17.0
Nuwara Eliya,2025-06-20,2025-06-21,1,test,6.0,17.464935,20.0
Nuwara Eliya,2025-06-27,2025-06-28,1,test,8.0,12.564207,6.0
Nuwara Eliya,2025-07-04,2025-07-05,1,test,10.0,12.557057,8.0
Nuwara Eliya,2025-07-11,2025-07-12,1,test,24.0,12.143798,10.0
Nuwara Eliya,2025-07-18,2025-07-19,1,test,18.0,18.725912,24.0
Nuwara Eliya,2025-07-25,2025-07-26,1,test,9.0,14.879681,18.0
Nuwara Eliya,2025-08-01,2025-08-02,1,test,10.0,12.188909,9.0
Nuwara Eliya,2025-08-08,2025-08-09,1,test,3.0,12.395299,10.0
Nuwara Eliya,2025-08-15,2025-08-16,1,test,8.0,8.628499,3.0
Nuwara Eliya,2025-08-22,2025-08-23,1,test,5.0,6.123536,8.0
Nuwara Eliya,2025-08-29,2025-08-30,1,test,7.0,5.6665797,5.0
Nuwara Eliya,2025-09-05,2025-09-06,1,test,5.0,5.4132338,7.0
Nuwara Eliya,2025-09-12,2025-09-13,1,test,6.0,5.1239395,5.0
Nuwara Eliya,2025-09-19,2025-09-20,1,test,6.0,6.0116982,6.0
Nuwara Eliya,2025-09-26,2025-09-27,1,test,10.0,6.4105997,6.0
Nuwara Eliya,2025-10-03,2025-10-04,1,test,10.0,10.592709,10.0
Nuwara Eliya,2025-10-10,2025-10-11,1,test,5.0,10.452996,10.0
Nuwara Eliya,2025-10-17,2025-10-18,1,test,2.0,8.652515,5.0
Nuwara Eliya,2025-10-24,2025-10-25,1,test,5.0,5.756385,2.0
Nuwara Eliya,2025-10-31,2025-11-01,1,test,5.0,6.1005836,5.0
Nuwara Eliya,2025-11-07,2025-11-08,1,test,5.0,6.525369,5.0
Nuwara Eliya,2025-11-14,2025-11-15,1,test,8.0,6.296736,5.0
Nuwara Eliya,2025-11-21,2025-11-22,1,test,8.0,6.155831,8.0
Nuwara Eliya,2025-11-28,2025-11-29,1,test,1.0,6.733714,8.0
Nuwara Eliya,2025-12-05,2025-12-06,1,test,3.0,8.994541,1.0
Nuwara Eliya,2025-12-12,2025-12-13,1,test,7.0,4.291713,3.0
Polonnaruwa,2025-01-03,2025-01-04,1,test,6.0,12.915315,14.0
Polonnaruwa,2025-01-10,2025-01-11,1,test,7.0,11.232828,6.0
Polonnaruwa,2025-01-17,2025-01-18,1,test,3.0,7.565174,7.0
Polonnaruwa,2025-01-24,2025-01-25,1,test,8.0,5.0683827,3.0
Polonnaruwa,2025-01-31,2025-02-01,1,test,10.0,6.5737076,8.0
Polonnaruwa,2025-02-07,2025-02-08,1,test,10.0,10.551892,10.0
Polonnaruwa,2025-02-14,2025-02-15,1,test,9.0,12.103312,10.0
Polonnaruwa,2025-02-21,2025-02-22,1,test,6.0,9.731248,9.0
Polonnaruwa,2025-02-28,2025-03-01,1,test,18.0,7.009248,6.0
Polonnaruwa,2025-03-07,2025-03-08,1,test,3.0,11.47551,18.0
Polonnaruwa,2025-03-14,2025-03-15,1,test,6.0,8.2117195,3.0
Polonnaruwa,2025-03-21,2025-03-22,1,test,4.0,7.409602,6.0
Polonnaruwa,2025-03-28,2025-03-29,1,test,5.0,6.1564145,4.0
Polonnaruwa,2025-04-04,2025-04-05,1,test,6.0,4.8044944,5.0
Polonnaruwa,2025-04-11,2025-04-12,1,test,5.0,6.112279,6.0
Polonnaruwa,2025-04-18,2025-04-19,1,test,8.0,6.3602424,5.0
Polonnaruwa,2025-04-25,2025-04-26,1,test,10.0,6.7430587,8.0
Polonnaruwa,2025-05-02,2025-05-03,1,test,10.0,10.9101515,10.0
Polonnaruwa,2025-05-09,2025-05-10,1,test,7.0,11.700197,10.0
Polonnaruwa,2025-05-16,2025-05-17,1,test,6.0,7.5488734,7.0
Polonnaruwa,2025-05-23,2025-05-24,1,test,12.0,7.641266,6.0
Polonnaruwa,2025-05-30,2025-05-31,1,test,15.0,10.923509,12.0
Polonnaruwa,2025-06-06,2025-06-07,1,test,12.0,10.316877,15.0
Polonnaruwa,2025-06-13,2025-06-14,1,test,21.0,11.22517,12.0
Polonnaruwa,2025-06-20,2025-06-21,1,test,10.0,16.06143,21.0
Polonnaruwa,2025-06-27,2025-06-28,1,test,14.0,13.57812,10.0
Polonnaruwa,2025-07-04,2025-07-05,1,test,11.0,13.44373,14.0
Polonnaruwa,2025-07-11,2025-07-12,1,test,14.0,13.876,11.0
Polonnaruwa,2025-07-18,2025-07-19,1,test,15.0,11.838602,14.0
Polonnaruwa,2025-07-25,2025-07-26,1,test,8.0,11.535028,15.0
Polonnaruwa,2025-08-01,2025-08-02,1,test,2.0,10.085392,8.0
Polonnaruwa,2025-08-08,2025-08-09,1,test,3.0,6.8092403,2.0
Polonnaruwa,2025-08-15,2025-08-16,1,test,5.0,3.4856846,3.0
Polonnaruwa,2025-08-22,2025-08-23,1,test,2.0,3.918019,5.0
Polonnaruwa,2025-08-29,2025-08-30,1,test,4.0,2.6730654,2.0
Polonnaruwa,2025-09-05,2025-09-06,1,test,2.0,1.5424744,4.0
Polonnaruwa,2025-09-12,2025-09-13,1,test,2.0,1.5474724,2.0
Polonnaruwa,2025-09-19,2025-09-20,1,test,3.0,2.0948331,2.0
Polonnaruwa,2025-09-26,2025-09-27,1,test,7.0,1.5386956,3.0
Polonnaruwa,2025-10-03,2025-10-04,1,test,6.0,3.3072822,7.0
Polonnaruwa,2025-10-10,2025-10-11,1,test,4.0,5.580943,6.0
Polonnaruwa,2025-10-17,2025-10-18,1,test,3.0,4.570315,4.0
Polonnaruwa,2025-10-24,2025-10-25,1,test,3.0,5.0899477,3.0
Polonnaruwa,2025-10-31,2025-11-01,1,test,3.0,4.199284,3.0
Polonnaruwa,2025-11-07,2025-11-08,1,test,15.0,3.2964823,3.0
Polonnaruwa,2025-11-14,2025-11-15,1,test,15.0,9.476291,15.0
Polonnaruwa,2025-11-21,2025-11-22,1,test,8.0,12.697849,15.0
Polonnaruwa,2025-11-28,2025-11-29,1,test,5.0,11.0503645,8.0
Polonnaruwa,2025-12-05,2025-12-06,1,test,6.0,9.577811,5.0
Polonnaruwa,2025-12-12,2025-12-13,1,test,14.0,6.788352,6.0
Puttalam,2025-01-03,2025-01-04,1,test,45.0,38.442104,30.0
Puttalam,2025-01-10,2025-01-11,1,test,17.0,51.09007,45.0
Puttalam,2025-01-17,2025-01-18,1,test,16.0,27.825281,17.0
Puttalam,2025-01-24,2025-01-25,1,test,22.0,20.699389,16.0
Puttalam,2025-01-31,2025-02-01,1,test,16.0,20.330387,22.0
Puttalam,2025-02-07,2025-02-08,1,test,16.0,17.263994,16.0
Puttalam,2025-02-14,2025-02-15,1,test,24.0,16.859898,16.0
Puttalam,2025-02-21,2025-02-22,1,test,23.0,21.541658,24.0
Puttalam,2025-02-28,2025-03-01,1,test,24.0,18.80037,23.0
Puttalam,2025-03-07,2025-03-08,1,test,15.0,22.05908,24.0
Puttalam,2025-03-14,2025-03-15,1,test,10.0,15.78913,15.0
Puttalam,2025-03-21,2025-03-22,1,test,14.0,15.082334,10.0
Puttalam,2025-03-28,2025-03-29,1,test,11.0,14.352063,14.0
Puttalam,2025-04-04,2025-04-05,1,test,8.0,11.652814,11.0
Puttalam,2025-04-11,2025-04-12,1,test,7.0,10.782982,8.0
Puttalam,2025-04-18,2025-04-19,1,test,10.0,9.349819,7.0
Puttalam,2025-04-25,2025-04-26,1,test,9.0,10.419809,10.0
Puttalam,2025-05-02,2025-05-03,1,test,12.0,9.80778,9.0
Puttalam,2025-05-09,2025-05-10,1,test,8.0,11.56054,12.0
Puttalam,2025-05-16,2025-05-17,1,test,13.0,9.519496,8.0
Puttalam,2025-05-23,2025-05-24,1,test,11.0,11.502616,13.0
Puttalam,2025-05-30,2025-05-31,1,test,17.0,12.984229,11.0
Puttalam,2025-06-06,2025-06-07,1,test,10.0,14.420588,17.0
Puttalam,2025-06-13,2025-06-14,1,test,10.0,13.528411,10.0
Puttalam,2025-06-20,2025-06-21,1,test,7.0,14.880383,10.0
Puttalam,2025-06-27,2025-06-28,1,test,12.0,10.585983,7.0
Puttalam,2025-07-04,2025-07-05,1,test,7.0,10.914923,12.0
Puttalam,2025-07-11,2025-07-12,1,test,12.0,8.916717,7.0
Puttalam,2025-07-18,2025-07-19,1,test,12.0,11.276913,12.0
Puttalam,2025-07-25,2025-07-26,1,test,15.0,10.905124,12.0
Puttalam,2025-08-01,2025-08-02,1,test,17.0,11.058461,15.0
Puttalam,2025-08-08,2025-08-09,1,test,11.0,12.413976,17.0
Puttalam,2025-08-15,2025-08-16,1,test,4.0,13.278404,11.0
Puttalam,2025-08-22,2025-08-23,1,test,9.0,9.271683,4.0
Puttalam,2025-08-29,2025-08-30,1,test,5.0,6.796291,9.0
Puttalam,2025-09-05,2025-09-06,1,test,10.0,5.5387645,5.0
Puttalam,2025-09-12,2025-09-13,1,test,6.0,7.8380876,10.0
Puttalam,2025-09-19,2025-09-20,1,test,4.0,6.0425878,6.0
Puttalam,2025-09-26,2025-09-27,1,test,5.0,4.9817758,4.0
Puttalam,2025-10-03,2025-10-04,1,test,5.0,6.0822372,5.0
Puttalam,2025-10-10,2025-10-11,1,test,12.0,6.382443,5.0
Puttalam,2025-10-17,2025-10-18,1,test,5.0,10.274948,12.0
Puttalam,2025-10-24,2025-10-25,1,test,11.0,10.394878,5.0
Puttalam,2025-10-31,2025-11-01,1,test,23.0,10.066256,11.0
Puttalam,2025-11-07,2025-11-08,1,test,20.0,16.958258,23.0
Puttalam,2025-11-14,2025-11-15,1,test,18.0,20.896349,20.0
Puttalam,2025-11-21,2025-11-22,1,test,10.0,21.41407,18.0
Puttalam,2025-11-28,2025-11-29,1,test,13.0,15.696127,10.0
Puttalam,2025-12-05,2025-12-06,1,test,30.0,15.050762,13.0
Puttalam,2025-12-12,2025-12-13,1,test,22.0,24.344477,30.0
Ratnapura,2025-01-03,2025-01-04,1,test,56.0,34.050392,30.0
Ratnapura,2025-01-10,2025-01-11,1,test,46.0,50.832146,56.0
Ratnapura,2025-01-17,2025-01-18,1,test,70.0,53.1761,46.0
Ratnapura,2025-01-24,2025-01-25,1,test,58.0,59.73223,70.0
Ratnapura,2025-01-31,2025-02-01,1,test,47.0,62.85173,58.0
Ratnapura,2025-02-07,2025-02-08,1,test,47.0,52.973007,47.0
Ratnapura,2025-02-14,2025-02-15,1,test,50.0,50.129154,47.0
Ratnapura,2025-02-21,2025-02-22,1,test,47.0,49.66585,50.0
Ratnapura,2025-02-28,2025-03-01,1,test,13.0,53.05136,47.0
Ratnapura,2025-03-07,2025-03-08,1,test,46.0,33.120754,13.0
Ratnapura,2025-03-14,2025-03-15,1,test,56.0,40.610836,46.0
Ratnapura,2025-03-21,2025-03-22,1,test,45.0,50.27661,56.0
Ratnapura,2025-03-28,2025-03-29,1,test,54.0,52.524994,45.0
Ratnapura,2025-04-04,2025-04-05,1,test,146.0,49.785313,54.0
Ratnapura,2025-04-11,2025-04-12,1,test,146.0,126.289314,146.0
Ratnapura,2025-04-18,2025-04-19,1,test,319.0,160.47394,146.0
Ratnapura,2025-04-25,2025-04-26,1,test,273.0,302.77725,319.0
Ratnapura,2025-05-02,2025-05-03,1,test,242.0,328.97678,273.0
Ratnapura,2025-05-09,2025-05-10,1,test,251.0,254.01749,242.0
Ratnapura,2025-05-16,2025-05-17,1,test,203.0,266.94656,251.0
Ratnapura,2025-05-23,2025-05-24,1,test,197.0,182.15413,203.0
Ratnapura,2025-05-30,2025-05-31,1,test,172.0,196.02466,197.0
Ratnapura,2025-06-06,2025-06-07,1,test,145.0,167.0577,172.0
Ratnapura,2025-06-13,2025-06-14,1,test,118.0,138.68965,145.0
Ratnapura,2025-06-20,2025-06-21,1,test,120.0,132.74362,118.0
Ratnapura,2025-06-27,2025-06-28,1,test,104.0,126.307045,120.0
Ratnapura,2025-07-04,2025-07-05,1,test,97.0,232.45128,104.0
Ratnapura,2025-07-11,2025-07-12,1,test,93.0,96.16501,97.0
Ratnapura,2025-07-18,2025-07-19,1,test,99.0,91.26511,93.0
Ratnapura,2025-07-25,2025-07-26,1,test,91.0,88.879,99.0
Ratnapura,2025-08-01,2025-08-02,1,test,64.0,86.37892,91.0
Ratnapura,2025-08-08,2025-08-09,1,test,79.0,71.58027,64.0
Ratnapura,2025-08-15,2025-08-16,1,test,62.0,73.938286,79.0
Ratnapura,2025-08-22,2025-08-23,1,test,60.0,61.205387,62.0
Ratnapura,2025-08-29,2025-08-30,1,test,59.0,58.005547,60.0
Ratnapura,2025-09-05,2025-09-06,1,test,15.0,55.448765,59.0
Ratnapura,2025-09-12,2025-09-13,1,test,65.0,37.52781,15.0
Ratnapura,2025-09-19,2025-09-20,1,test,63.0,48.695896,65.0
Ratnapura,2025-09-26,2025-09-27,1,test,70.0,58.4148,63.0
Ratnapura,2025-10-03,2025-10-04,1,test,41.0,61.83231,70.0
Ratnapura,2025-10-10,2025-10-11,1,test,42.0,50.275696,41.0
Ratnapura,2025-10-17,2025-10-18,1,test,36.0,45.20772,42.0
Ratnapura,2025-10-24,2025-10-25,1,test,57.0,41.570084,36.0
Ratnapura,2025-10-31,2025-11-01,1,test,47.0,50.67384,57.0
Ratnapura,2025-11-07,2025-11-08,1,test,43.0,45.76111,47.0
Ratnapura,2025-11-14,2025-11-15,1,test,54.0,53.89313,43.0
Ratnapura,2025-11-21,2025-11-22,1,test,54.0,51.371445,54.0
Ratnapura,2025-11-28,2025-11-29,1,test,64.0,54.021416,54.0
Ratnapura,2025-12-05,2025-12-06,1,test,43.0,65.047195,64.0
Ratnapura,2025-12-12,2025-12-13,1,test,60.0,47.409126,43.0
Trincomalee,2025-01-03,2025-01-04,1,test,34.0,36.24867,28.0
Trincomalee,2025-01-10,2025-01-11,1,test,34.0,36.927116,34.0
Trincomalee,2025-01-17,2025-01-18,1,test,23.0,36.980762,34.0
Trincomalee,2025-01-24,2025-01-25,1,test,22.0,29.35787,23.0
Trincomalee,2025-01-31,2025-02-01,1,test,28.0,26.759363,22.0
Trincomalee,2025-02-07,2025-02-08,1,test,28.0,25.820482,28.0
Trincomalee,2025-02-14,2025-02-15,1,test,29.0,27.39604,28.0
Trincomalee,2025-02-21,2025-02-22,1,test,25.0,27.274773,29.0
Trincomalee,2025-02-28,2025-03-01,1,test,17.0,23.098148,25.0
Trincomalee,2025-03-07,2025-03-08,1,test,25.0,21.000526,17.0
Trincomalee,2025-03-14,2025-03-15,1,test,23.0,22.115707,25.0
Trincomalee,2025-03-21,2025-03-22,1,test,28.0,21.312994,23.0
Trincomalee,2025-03-28,2025-03-29,1,test,36.0,26.66894,28.0
Trincomalee,2025-04-04,2025-04-05,1,test,33.0,26.377087,36.0
Trincomalee,2025-04-11,2025-04-12,1,test,44.0,35.191135,33.0
Trincomalee,2025-04-18,2025-04-19,1,test,46.0,39.94648,44.0
Trincomalee,2025-04-25,2025-04-26,1,test,64.0,42.196842,46.0
Trincomalee,2025-05-02,2025-05-03,1,test,55.0,54.780216,64.0
Trincomalee,2025-05-09,2025-05-10,1,test,45.0,54.604313,55.0
Trincomalee,2025-05-16,2025-05-17,1,test,43.0,47.38383,45.0
Trincomalee,2025-05-23,2025-05-24,1,test,39.0,39.825485,43.0
Trincomalee,2025-05-30,2025-05-31,1,test,40.0,39.86608,39.0
Trincomalee,2025-06-06,2025-06-07,1,test,16.0,32.606056,40.0
Trincomalee,2025-06-13,2025-06-14,1,test,16.0,24.946684,16.0
Trincomalee,2025-06-20,2025-06-21,1,test,12.0,20.240416,16.0
Trincomalee,2025-06-27,2025-06-28,1,test,8.0,14.275639,12.0
Trincomalee,2025-07-04,2025-07-05,1,test,11.0,12.069623,8.0
Trincomalee,2025-07-11,2025-07-12,1,test,11.0,11.042447,11.0
Trincomalee,2025-07-18,2025-07-19,1,test,7.0,10.529555,11.0
Trincomalee,2025-07-25,2025-07-26,1,test,9.0,7.4904757,7.0
Trincomalee,2025-08-01,2025-08-02,1,test,4.0,6.522396,9.0
Trincomalee,2025-08-08,2025-08-09,1,test,2.0,4.423595,4.0
Trincomalee,2025-08-15,2025-08-16,1,test,4.0,3.545828,2.0
Trincomalee,2025-08-22,2025-08-23,1,test,4.0,2.698887,4.0
Trincomalee,2025-08-29,2025-08-30,1,test,3.0,2.9011648,4.0
Trincomalee,2025-09-05,2025-09-06,1,test,5.0,1.6570545,3.0
Trincomalee,2025-09-12,2025-09-13,1,test,2.0,3.014087,5.0
Trincomalee,2025-09-19,2025-09-20,1,test,6.0,2.8193138,2.0
Trincomalee,2025-09-26,2025-09-27,1,test,8.0,3.2150695,6.0
Trincomalee,2025-10-03,2025-10-04,1,test,1.0,4.6637692,8.0
Trincomalee,2025-10-10,2025-10-11,1,test,5.0,4.641559,1.0
Trincomalee,2025-10-17,2025-10-18,1,test,7.0,5.0963087,5.0
Trincomalee,2025-10-24,2025-10-25,1,test,15.0,6.978356,7.0
Trincomalee,2025-10-31,2025-11-01,1,test,12.0,9.350796,15.0
Trincomalee,2025-11-07,2025-11-08,1,test,11.0,12.467168,12.0
Trincomalee,2025-11-14,2025-11-15,1,test,19.0,13.554097,11.0
Trincomalee,2025-11-21,2025-11-22,1,test,16.0,23.746141,19.0
Trincomalee,2025-11-28,2025-11-29,1,test,8.0,16.830626,16.0
Trincomalee,2025-12-05,2025-12-06,1,test,26.0,14.942067,8.0
Trincomalee,2025-12-12,2025-12-13,1,test,9.0,23.87178,26.0
Vavuniya,2025-01-03,2025-01-04,1,test,2.0,6.2031136,4.0
Vavuniya,2025-01-10,2025-01-11,1,test,2.0,5.0061736,2.0
Vavuniya,2025-01-17,2025-01-18,1,test,2.0,2.2506201,2.0
Vavuniya,2025-01-24,2025-01-25,1,test,3.0,2.244362,2.0
Vavuniya,2025-01-31,2025-02-01,1,test,2.0,1.959494,3.0
Vavuniya,2025-02-07,2025-02-08,1,test,2.0,2.8303735,2.0
Vavuniya,2025-02-14,2025-02-15,1,test,0.0,3.35237,2.0
Vavuniya,2025-02-21,2025-02-22,1,test,5.0,2.7375705,0.0
Vavuniya,2025-02-28,2025-03-01,1,test,0.0,3.1099303,5.0
Vavuniya,2025-03-07,2025-03-08,1,test,1.0,2.3953245,0.0
Vavuniya,2025-03-14,2025-03-15,1,test,1.0,2.0861313,1.0
Vavuniya,2025-03-21,2025-03-22,1,test,1.0,2.4768403,1.0
Vavuniya,2025-03-28,2025-03-29,1,test,3.0,2.9205701,1.0
Vavuniya,2025-04-04,2025-04-05,1,test,0.0,0.57322574,3.0
Vavuniya,2025-04-11,2025-04-12,1,test,5.0,2.759206,0.0
Vavuniya,2025-04-18,2025-04-19,1,test,1.0,4.1095076,5.0
Vavuniya,2025-04-25,2025-04-26,1,test,3.0,2.7271674,1.0
Vavuniya,2025-05-02,2025-05-03,1,test,0.0,3.6838195,3.0
Vavuniya,2025-05-09,2025-05-10,1,test,2.0,3.380275,0.0
Vavuniya,2025-05-16,2025-05-17,1,test,2.0,2.3151386,2.0
Vavuniya,2025-05-23,2025-05-24,1,test,1.0,2.6396468,2.0
Vavuniya,2025-05-30,2025-05-31,1,test,5.0,3.0329945,1.0
Vavuniya,2025-06-06,2025-06-07,1,test,2.0,2.9166195,5.0
Vavuniya,2025-06-13,2025-06-14,1,test,4.0,1.9966848,2.0
Vavuniya,2025-06-20,2025-06-21,1,test,3.0,2.9553282,4.0
Vavuniya,2025-06-27,2025-06-28,1,test,3.0,2.4103515,3.0
Vavuniya,2025-07-04,2025-07-05,1,test,2.0,2.7775872,3.0
Vavuniya,2025-07-11,2025-07-12,1,test,3.0,2.36212,2.0
Vavuniya,2025-07-18,2025-07-19,1,test,0.0,1.8063205,3.0
Vavuniya,2025-07-25,2025-07-26,1,test,1.0,1.4519899,0.0
Vavuniya,2025-08-01,2025-08-02,1,test,0.0,1.24983,1.0
Vavuniya,2025-08-08,2025-08-09,1,test,2.0,1.222106,0.0
Vavuniya,2025-08-15,2025-08-16,1,test,3.0,1.0734335,2.0
Vavuniya,2025-08-22,2025-08-23,1,test,0.0,0.61653066,3.0
Vavuniya,2025-08-29,2025-08-30,1,test,0.0,0.87423027,0.0
Vavuniya,2025-09-05,2025-09-06,1,test,2.0,0.8313535,0.0
Vavuniya,2025-09-12,2025-09-13,1,test,1.0,1.1340904,2.0
Vavuniya,2025-09-19,2025-09-20,1,test,0.0,1.7171196,1.0
Vavuniya,2025-09-26,2025-09-27,1,test,0.0,1.4599408,0.0
Vavuniya,2025-10-03,2025-10-04,1,test,4.0,1.8349814,0.0
Vavuniya,2025-10-10,2025-10-11,1,test,2.0,3.2448542,4.0
Vavuniya,2025-10-17,2025-10-18,1,test,0.0,2.8153422,2.0
Vavuniya,2025-10-24,2025-10-25,1,test,1.0,4.0046086,0.0
Vavuniya,2025-10-31,2025-11-01,1,test,1.0,2.3631566,1.0
Vavuniya,2025-11-07,2025-11-08,1,test,2.0,3.0999763,1.0
Vavuniya,2025-11-14,2025-11-15,1,test,0.0,4.709982,2.0
Vavuniya,2025-11-21,2025-11-22,1,test,0.0,4.0488305,0.0
Vavuniya,2025-11-28,2025-11-29,1,test,1.0,2.3644578,0.0
Vavuniya,2025-12-05,2025-12-06,1,test,2.0,3.787935,1.0
Vavuniya,2025-12-12,2025-12-13,1,test,3.0,3.4730427,2.0
Ampara,2023-12-29,2024-01-06,2,validation,45.0,62.911205,39.0
Ampara,2024-01-05,2024-01-13,2,validation,101.0,72.99668,78.0
Ampara,2024-01-12,2024-01-20,2,validation,71.0,56.62195,45.0
Ampara,2024-01-19,2024-01-27,2,validation,56.0,90.25258,101.0
Ampara,2024-01-26,2024-02-03,2,validation,80.0,73.23388,71.0
Ampara,2024-02-02,2024-02-10,2,validation,75.0,64.16534,56.0
Ampara,2024-02-09,2024-02-17,2,validation,25.0,66.48619,80.0
Ampara,2024-02-16,2024-02-24,2,validation,28.0,65.79527,75.0
Ampara,2024-02-23,2024-03-02,2,validation,36.0,41.30629,25.0
Ampara,2024-03-01,2024-03-09,2,validation,35.0,29.916256,28.0
Ampara,2024-03-08,2024-03-16,2,validation,25.0,31.158367,36.0
Ampara,2024-03-15,2024-03-23,2,validation,12.0,30.676651,35.0
Ampara,2024-03-22,2024-03-30,2,validation,15.0,26.503551,25.0
Ampara,2024-03-29,2024-04-06,2,validation,8.0,23.104225,12.0
Ampara,2024-04-05,2024-04-13,2,validation,8.0,20.36874,15.0
Ampara,2024-04-12,2024-04-20,2,validation,12.0,15.691638,8.0
Ampara,2024-04-19,2024-04-27,2,validation,12.0,12.480028,8.0
Ampara,2024-04-26,2024-05-04,2,validation,7.0,10.45512,12.0
Ampara,2024-05-03,2024-05-11,2,validation,4.0,12.846305,12.0
Ampara,2024-05-10,2024-05-18,2,validation,3.0,9.501332,7.0
Ampara,2024-05-17,2024-05-25,2,validation,14.0,6.4711432,4.0
Ampara,2024-05-24,2024-06-01,2,validation,11.0,6.008519,3.0
Ampara,2024-05-31,2024-06-08,2,validation,13.0,11.361649,14.0
Ampara,2024-06-07,2024-06-15,2,validation,8.0,13.851513,11.0
Ampara,2024-06-14,2024-06-22,2,validation,23.0,14.051376,13.0
Ampara,2024-06-21,2024-06-29,2,validation,11.0,17.470045,8.0
Ampara,2024-06-28,2024-07-06,2,validation,18.0,19.8009,23.0
Ampara,2024-07-05,2024-07-13,2,validation,12.0,16.162828,11.0
Ampara,2024-07-12,2024-07-20,2,validation,8.0,14.968786,18.0
Ampara,2024-07-19,2024-07-27,2,validation,20.0,12.297786,12.0
Ampara,2024-07-26,2024-08-03,2,validation,12.0,9.374811,8.0
Ampara,2024-08-02,2024-08-10,2,validation,16.0,13.200513,20.0
Ampara,2024-08-09,2024-08-17,2,validation,38.0,12.842002,12.0
Ampara,2024-08-16,2024-08-24,2,validation,17.0,12.286144,16.0
Ampara,2024-08-23,2024-08-31,2,validation,9.0,27.130123,38.0
Ampara,2024-08-30,2024-09-07,2,validation,24.0,22.27365,17.0
Ampara,2024-09-06,2024-09-14,2,validation,5.0,15.823969,9.0
Ampara,2024-09-13,2024-09-21,2,validation,7.0,18.62128,24.0
Ampara,2024-09-20,2024-09-28,2,validation,4.0,13.627177,5.0
Ampara,2024-09-27,2024-10-05,2,validation,7.0,8.64522,7.0
Ampara,2024-10-04,2024-10-12,2,validation,6.0,5.468184,4.0
Ampara,2024-10-11,2024-10-19,2,validation,6.0,8.164626,7.0
Ampara,2024-10-18,2024-10-26,2,validation,1.0,6.4192257,6.0
Ampara,2024-10-25,2024-11-02,2,validation,14.0,7.7138853,6.0
Ampara,2024-11-01,2024-11-09,2,validation,6.0,6.429471,1.0
Ampara,2024-11-08,2024-11-16,2,validation,9.0,11.759451,14.0
Ampara,2024-11-15,2024-11-23,2,validation,5.0,10.671603,6.0
Ampara,2024-11-22,2024-11-30,2,validation,5.0,11.661726,9.0
Ampara,2024-11-29,2024-12-07,2,validation,10.0,9.24875,5.0
Ampara,2024-12-06,2024-12-14,2,validation,6.0,8.153293,5.0
Ampara,2024-12-13,2024-12-21,2,validation,15.0,12.48519,10.0
Ampara,2024-12-20,2024-12-28,2,validation,58.0,12.898798,6.0
Anuradhapura,2023-12-29,2024-01-06,2,validation,28.0,39.994625,42.0
Anuradhapura,2024-01-05,2024-01-13,2,validation,95.0,36.78509,28.0
Anuradhapura,2024-01-12,2024-01-20,2,validation,34.0,30.694052,28.0
Anuradhapura,2024-01-19,2024-01-27,2,validation,11.0,62.87437,95.0
Anuradhapura,2024-01-26,2024-02-03,2,validation,69.0,48.323616,34.0
Anuradhapura,2024-02-02,2024-02-10,2,validation,29.0,32.42805,11.0
Anuradhapura,2024-02-09,2024-02-17,2,validation,53.0,46.97492,69.0
Anuradhapura,2024-02-16,2024-02-24,2,validation,50.0,31.341183,29.0
Anuradhapura,2024-02-23,2024-03-02,2,validation,42.0,38.752274,53.0
Anuradhapura,2024-03-01,2024-03-09,2,validation,33.0,40.767826,50.0
Anuradhapura,2024-03-08,2024-03-16,2,validation,18.0,36.347847,42.0
Anuradhapura,2024-03-15,2024-03-23,2,validation,11.0,31.449364,33.0
Anuradhapura,2024-03-22,2024-03-30,2,validation,5.0,23.43588,18.0
Anuradhapura,2024-03-29,2024-04-06,2,validation,5.0,19.72737,11.0
Anuradhapura,2024-04-05,2024-04-13,2,validation,4.0,10.851055,5.0
Anuradhapura,2024-04-12,2024-04-20,2,validation,3.0,8.636869,5.0
Anuradhapura,2024-04-19,2024-04-27,2,validation,4.0,5.4612017,4.0
Anuradhapura,2024-04-26,2024-05-04,2,validation,5.0,4.1150327,3.0
Anuradhapura,2024-05-03,2024-05-11,2,validation,7.0,3.6788082,4.0
Anuradhapura,2024-05-10,2024-05-18,2,validation,4.0,4.4041743,5.0
Anuradhapura,2024-05-17,2024-05-25,2,validation,5.0,6.2156224,7.0
Anuradhapura,2024-05-24,2024-06-01,2,validation,14.0,6.392469,4.0
Anuradhapura,2024-05-31,2024-06-08,2,validation,8.0,6.6136813,5.0
Anuradhapura,2024-06-07,2024-06-15,2,validation,5.0,14.078804,14.0
Anuradhapura,2024-06-14,2024-06-22,2,validation,3.0,9.271588,8.0
Anuradhapura,2024-06-21,2024-06-29,2,validation,5.0,15.5155325,5.0
Anuradhapura,2024-06-28,2024-07-06,2,validation,6.0,7.6946754,3.0
Anuradhapura,2024-07-05,2024-07-13,2,validation,11.0,5.901896,5.0
Anuradhapura,2024-07-12,2024-07-20,2,validation,23.0,3.8286064,6.0
Anuradhapura,2024-07-19,2024-07-27,2,validation,5.0,6.650562,11.0
Anuradhapura,2024-07-26,2024-08-03,2,validation,10.0,12.857238,23.0
Anuradhapura,2024-08-02,2024-08-10,2,validation,16.0,7.5603175,5.0
Anuradhapura,2024-08-09,2024-08-17,2,validation,7.0,8.718327,10.0
Anuradhapura,2024-08-16,2024-08-24,2,validation,8.0,10.198959,16.0
Anuradhapura,2024-08-23,2024-08-31,2,validation,7.0,8.833564,7.0
Anuradhapura,2024-08-30,2024-09-07,2,validation,8.0,6.3370395,8.0
Anuradhapura,2024-09-06,2024-09-14,2,validation,3.0,8.99281,7.0
Anuradhapura,2024-09-13,2024-09-21,2,validation,9.0,7.81136,8.0
Anuradhapura,2024-09-20,2024-09-28,2,validation,4.0,4.4390574,3.0
Anuradhapura,2024-09-27,2024-10-05,2,validation,10.0,6.0936155,9.0
Anuradhapura,2024-10-04,2024-10-12,2,validation,5.0,5.275241,4.0
Anuradhapura,2024-10-11,2024-10-19,2,validation,6.0,10.167391,10.0
Anuradhapura,2024-10-18,2024-10-26,2,validation,9.0,7.664577,5.0
Anuradhapura,2024-10-25,2024-11-02,2,validation,13.0,8.279452,6.0
Anuradhapura,2024-11-01,2024-11-09,2,validation,13.0,10.143065,9.0
Anuradhapura,2024-11-08,2024-11-16,2,validation,18.0,12.845979,13.0
Anuradhapura,2024-11-15,2024-11-23,2,validation,12.0,14.772481,13.0
Anuradhapura,2024-11-22,2024-11-30,2,validation,7.0,17.396475,18.0
Anuradhapura,2024-11-29,2024-12-07,2,validation,18.0,17.30264,12.0
Anuradhapura,2024-12-06,2024-12-14,2,validation,22.0,15.94277,7.0
Anuradhapura,2024-12-13,2024-12-21,2,validation,12.0,16.031536,18.0
Anuradhapura,2024-12-20,2024-12-28,2,validation,27.0,22.420382,22.0
Badulla,2023-12-29,2024-01-06,2,validation,78.0,150.0352,120.0
Badulla,2024-01-05,2024-01-13,2,validation,13.0,142.63518,111.0
Badulla,2024-01-12,2024-01-20,2,validation,53.0,110.69066,78.0
Badulla,2024-01-19,2024-01-27,2,validation,24.0,44.259148,13.0
Badulla,2024-01-26,2024-02-03,2,validation,44.0,51.899696,53.0
Badulla,2024-02-02,2024-02-10,2,validation,12.0,25.40281,24.0
Badulla,2024-02-09,2024-02-17,2,validation,15.0,36.407593,44.0
Badulla,2024-02-16,2024-02-24,2,validation,8.0,23.884052,12.0
Badulla,2024-02-23,2024-03-02,2,validation,11.0,19.969744,15.0
Badulla,2024-03-01,2024-03-09,2,validation,13.0,11.46942,8.0
Badulla,2024-03-08,2024-03-16,2,validation,7.0,11.288315,11.0
Badulla,2024-03-15,2024-03-23,2,validation,8.0,8.325247,13.0
Badulla,2024-03-22,2024-03-30,2,validation,7.0,7.2937036,7.0
Badulla,2024-03-29,2024-04-06,2,validation,3.0,5.5493846,8.0
Badulla,2024-04-05,2024-04-13,2,validation,9.0,5.6736503,7.0
Badulla,2024-04-12,2024-04-20,2,validation,5.0,4.7532296,3.0
Badulla,2024-04-19,2024-04-27,2,validation,7.0,8.391719,9.0
Badulla,2024-04-26,2024-05-04,2,validation,7.0,5.188429,5.0
Badulla,2024-05-03,2024-05-11,2,validation,2.0,6.4166746,7.0
Badulla,2024-05-10,2024-05-18,2,validation,7.0,6.5419803,7.0
Badulla,2024-05-17,2024-05-25,2,validation,7.0,6.1881523,2.0
Badulla,2024-05-24,2024-06-01,2,validation,6.0,6.887369,7.0
Badulla,2024-05-31,2024-06-08,2,validation,5.0,7.926463,7.0
Badulla,2024-06-07,2024-06-15,2,validation,12.0,12.040484,6.0
Badulla,2024-06-14,2024-06-22,2,validation,21.0,8.16156,5.0
Badulla,2024-06-21,2024-06-29,2,validation,15.0,18.482304,12.0
Badulla,2024-06-28,2024-07-06,2,validation,15.0,24.29013,21.0
Badulla,2024-07-05,2024-07-13,2,validation,12.0,15.088072,15.0
Badulla,2024-07-12,2024-07-20,2,validation,10.0,13.723441,15.0
Badulla,2024-07-19,2024-07-27,2,validation,15.0,13.813489,12.0
Badulla,2024-07-26,2024-08-03,2,validation,18.0,12.031817,10.0
Badulla,2024-08-02,2024-08-10,2,validation,9.0,9.870244,15.0
Badulla,2024-08-09,2024-08-17,2,validation,10.0,11.949113,18.0
Badulla,2024-08-16,2024-08-24,2,validation,20.0,10.615661,9.0
Badulla,2024-08-23,2024-08-31,2,validation,15.0,9.940142,10.0
Badulla,2024-08-30,2024-09-07,2,validation,6.0,13.620023,20.0
Badulla,2024-09-06,2024-09-14,2,validation,8.0,18.537605,15.0
Badulla,2024-09-13,2024-09-21,2,validation,9.0,11.462714,6.0
Badulla,2024-09-20,2024-09-28,2,validation,6.0,7.655848,8.0
Badulla,2024-09-27,2024-10-05,2,validation,9.0,7.181671,9.0
Badulla,2024-10-04,2024-10-12,2,validation,6.0,6.445117,6.0
Badulla,2024-10-11,2024-10-19,2,validation,14.0,8.249583,9.0
Badulla,2024-10-18,2024-10-26,2,validation,10.0,6.5926185,6.0
Badulla,2024-10-25,2024-11-02,2,validation,7.0,11.383268,14.0
Badulla,2024-11-01,2024-11-09,2,validation,8.0,13.514721,10.0
Badulla,2024-11-08,2024-11-16,2,validation,19.0,8.975538,7.0
Badulla,2024-11-15,2024-11-23,2,validation,15.0,8.376029,8.0
Badulla,2024-11-22,2024-11-30,2,validation,15.0,15.737293,19.0
Badulla,2024-11-29,2024-12-07,2,validation,19.0,17.393047,15.0
Badulla,2024-12-06,2024-12-14,2,validation,20.0,17.836552,15.0
Badulla,2024-12-13,2024-12-21,2,validation,19.0,17.30856,19.0
Badulla,2024-12-20,2024-12-28,2,validation,5.0,23.399937,20.0
Batticaloa,2023-12-29,2024-01-06,2,validation,123.0,129.42339,113.0
Batticaloa,2024-01-05,2024-01-13,2,validation,122.0,180.9435,142.0
Batticaloa,2024-01-12,2024-01-20,2,validation,88.0,164.69547,123.0
Batticaloa,2024-01-19,2024-01-27,2,validation,67.0,130.73004,122.0
Batticaloa,2024-01-26,2024-02-03,2,validation,82.0,94.528946,88.0
Batticaloa,2024-02-02,2024-02-10,2,validation,61.0,74.40872,67.0
Batticaloa,2024-02-09,2024-02-17,2,validation,70.0,71.46088,82.0
Batticaloa,2024-02-16,2024-02-24,2,validation,51.0,64.749954,61.0
Batticaloa,2024-02-23,2024-03-02,2,validation,67.0,61.606075,70.0
Batticaloa,2024-03-01,2024-03-09,2,validation,55.0,54.554153,51.0
Batticaloa,2024-03-08,2024-03-16,2,validation,28.0,53.62198,67.0
Batticaloa,2024-03-15,2024-03-23,2,validation,26.0,44.262104,55.0
Batticaloa,2024-03-22,2024-03-30,2,validation,16.0,30.659283,28.0
Batticaloa,2024-03-29,2024-04-06,2,validation,20.0,28.035177,26.0
Batticaloa,2024-04-05,2024-04-13,2,validation,11.0,20.415483,16.0
Batticaloa,2024-04-12,2024-04-20,2,validation,10.0,23.09534,20.0
Batticaloa,2024-04-19,2024-04-27,2,validation,17.0,18.362535,11.0
Batticaloa,2024-04-26,2024-05-04,2,validation,19.0,14.722468,10.0
Batticaloa,2024-05-03,2024-05-11,2,validation,17.0,14.007129,17.0
Batticaloa,2024-05-10,2024-05-18,2,validation,18.0,16.230183,19.0
Batticaloa,2024-05-17,2024-05-25,2,validation,13.0,17.7296,17.0
Batticaloa,2024-05-24,2024-06-01,2,validation,15.0,19.701735,18.0
Batticaloa,2024-05-31,2024-06-08,2,validation,19.0,17.658302,13.0
Batticaloa,2024-06-07,2024-06-15,2,validation,14.0,20.78061,15.0
Batticaloa,2024-06-14,2024-06-22,2,validation,15.0,18.615685,19.0
Batticaloa,2024-06-21,2024-06-29,2,validation,16.0,24.858038,14.0
Batticaloa,2024-06-28,2024-07-06,2,validation,21.0,18.245346,15.0
Batticaloa,2024-07-05,2024-07-13,2,validation,11.0,16.225513,16.0
Batticaloa,2024-07-12,2024-07-20,2,validation,15.0,17.895483,21.0
Batticaloa,2024-07-19,2024-07-27,2,validation,25.0,13.655423,11.0
Batticaloa,2024-07-26,2024-08-03,2,validation,20.0,13.418893,15.0
Batticaloa,2024-08-02,2024-08-10,2,validation,22.0,17.46986,25.0
Batticaloa,2024-08-09,2024-08-17,2,validation,21.0,18.527475,20.0
Batticaloa,2024-08-16,2024-08-24,2,validation,29.0,18.169926,22.0
Batticaloa,2024-08-23,2024-08-31,2,validation,16.0,20.711264,21.0
Batticaloa,2024-08-30,2024-09-07,2,validation,17.0,23.262815,29.0
Batticaloa,2024-09-06,2024-09-14,2,validation,16.0,21.236563,16.0
Batticaloa,2024-09-13,2024-09-21,2,validation,15.0,18.921276,17.0
Batticaloa,2024-09-20,2024-09-28,2,validation,5.0,17.9253,16.0
Batticaloa,2024-09-27,2024-10-05,2,validation,10.0,16.356012,15.0
Batticaloa,2024-10-04,2024-10-12,2,validation,13.0,12.148188,5.0
Batticaloa,2024-10-11,2024-10-19,2,validation,7.0,12.753453,10.0
Batticaloa,2024-10-18,2024-10-26,2,validation,6.0,14.045606,13.0
Batticaloa,2024-10-25,2024-11-02,2,validation,14.0,12.757421,7.0
Batticaloa,2024-11-01,2024-11-09,2,validation,11.0,11.848353,6.0
Batticaloa,2024-11-08,2024-11-16,2,validation,12.0,14.304953,14.0
Batticaloa,2024-11-15,2024-11-23,2,validation,21.0,17.936703,11.0
Batticaloa,2024-11-22,2024-11-30,2,validation,31.0,18.516277,12.0
Batticaloa,2024-11-29,2024-12-07,2,validation,30.0,22.932003,21.0
Batticaloa,2024-12-06,2024-12-14,2,validation,35.0,34.12119,31.0
Batticaloa,2024-12-13,2024-12-21,2,validation,47.0,33.642784,30.0
Batticaloa,2024-12-20,2024-12-28,2,validation,62.0,44.14572,35.0
Colombo,2023-12-29,2024-01-06,2,validation,549.0,428.85318,375.0
Colombo,2024-01-05,2024-01-13,2,validation,477.0,386.59805,299.0
Colombo,2024-01-12,2024-01-20,2,validation,499.0,438.23474,549.0
Colombo,2024-01-19,2024-01-27,2,validation,349.0,473.18848,477.0
Colombo,2024-01-26,2024-02-03,2,validation,382.0,493.23874,499.0
Colombo,2024-02-02,2024-02-10,2,validation,286.0,415.72662,349.0
Colombo,2024-02-09,2024-02-17,2,validation,269.0,334.84216,382.0
Colombo,2024-02-16,2024-02-24,2,validation,252.0,244.7024,286.0
Colombo,2024-02-23,2024-03-02,2,validation,170.0,200.53035,269.0
Colombo,2024-03-01,2024-03-09,2,validation,207.0,168.17973,252.0
Colombo,2024-03-08,2024-03-16,2,validation,146.0,119.6452,170.0
Colombo,2024-03-15,2024-03-23,2,validation,130.0,124.96237,207.0
Colombo,2024-03-22,2024-03-30,2,validation,132.0,112.3412,146.0
Colombo,2024-03-29,2024-04-06,2,validation,68.0,112.38723,130.0
Colombo,2024-04-05,2024-04-13,2,validation,111.0,128.4305,132.0
Colombo,2024-04-12,2024-04-20,2,validation,111.0,82.96525,68.0
Colombo,2024-04-19,2024-04-27,2,validation,114.0,99.99144,111.0
Colombo,2024-04-26,2024-05-04,2,validation,75.0,113.92216,111.0
Colombo,2024-05-03,2024-05-11,2,validation,133.0,141.82375,114.0
Colombo,2024-05-10,2024-05-18,2,validation,119.0,89.126205,75.0
Colombo,2024-05-17,2024-05-25,2,validation,156.0,143.00914,133.0
Colombo,2024-05-24,2024-06-01,2,validation,158.0,134.61539,119.0
Colombo,2024-05-31,2024-06-08,2,validation,182.0,231.33926,156.0
Colombo,2024-06-07,2024-06-15,2,validation,218.0,250.0466,158.0
Colombo,2024-06-14,2024-06-22,2,validation,245.0,281.9128,182.0
Colombo,2024-06-21,2024-06-29,2,validation,292.0,277.47913,218.0
Colombo,2024-06-28,2024-07-06,2,validation,320.0,313.2931,245.0
Colombo,2024-07-05,2024-07-13,2,validation,312.0,324.51984,292.0
Colombo,2024-07-12,2024-07-20,2,validation,321.0,341.98492,320.0
Colombo,2024-07-19,2024-07-27,2,validation,308.0,323.87952,312.0
Colombo,2024-07-26,2024-08-03,2,validation,279.0,278.245,321.0
Colombo,2024-08-02,2024-08-10,2,validation,266.0,268.74463,308.0
Colombo,2024-08-09,2024-08-17,2,validation,263.0,255.21715,279.0
Colombo,2024-08-16,2024-08-24,2,validation,250.0,217.185,266.0
Colombo,2024-08-23,2024-08-31,2,validation,192.0,243.69878,263.0
Colombo,2024-08-30,2024-09-07,2,validation,226.0,224.93614,250.0
Colombo,2024-09-06,2024-09-14,2,validation,202.0,265.22308,192.0
Colombo,2024-09-13,2024-09-21,2,validation,143.0,275.0785,226.0
Colombo,2024-09-20,2024-09-28,2,validation,169.0,224.22673,202.0
Colombo,2024-09-27,2024-10-05,2,validation,172.0,160.061,143.0
Colombo,2024-10-04,2024-10-12,2,validation,180.0,172.97913,169.0
Colombo,2024-10-11,2024-10-19,2,validation,161.0,168.02167,172.0
Colombo,2024-10-18,2024-10-26,2,validation,141.0,178.53583,180.0
Colombo,2024-10-25,2024-11-02,2,validation,152.0,197.52542,161.0
Colombo,2024-11-01,2024-11-09,2,validation,156.0,185.95934,141.0
Colombo,2024-11-08,2024-11-16,2,validation,191.0,184.41722,152.0
Colombo,2024-11-15,2024-11-23,2,validation,185.0,179.5281,156.0
Colombo,2024-11-22,2024-11-30,2,validation,163.0,223.39087,191.0
Colombo,2024-11-29,2024-12-07,2,validation,247.0,207.70863,185.0
Colombo,2024-12-06,2024-12-14,2,validation,220.0,195.2169,163.0
Colombo,2024-12-13,2024-12-21,2,validation,231.0,282.32162,247.0
Colombo,2024-12-20,2024-12-28,2,validation,200.0,238.81573,220.0
Galle,2023-12-29,2024-01-06,2,validation,84.0,102.60347,93.0
Galle,2024-01-05,2024-01-13,2,validation,132.0,125.73675,107.0
Galle,2024-01-12,2024-01-20,2,validation,119.0,110.14713,84.0
Galle,2024-01-19,2024-01-27,2,validation,111.0,126.11676,132.0
Galle,2024-01-26,2024-02-03,2,validation,103.0,126.787994,119.0
Galle,2024-02-02,2024-02-10,2,validation,66.0,111.315765,111.0
Galle,2024-02-09,2024-02-17,2,validation,42.0,98.93222,103.0
Galle,2024-02-16,2024-02-24,2,validation,75.0,64.78024,66.0
Galle,2024-02-23,2024-03-02,2,validation,40.0,45.942547,42.0
Galle,2024-03-01,2024-03-09,2,validation,28.0,55.896545,75.0
Galle,2024-03-08,2024-03-16,2,validation,30.0,43.48049,40.0
Galle,2024-03-15,2024-03-23,2,validation,20.0,30.059744,28.0
Galle,2024-03-22,2024-03-30,2,validation,32.0,25.267479,30.0
Galle,2024-03-29,2024-04-06,2,validation,18.0,24.759338,20.0
Galle,2024-04-05,2024-04-13,2,validation,19.0,33.391224,32.0
Galle,2024-04-12,2024-04-20,2,validation,23.0,25.003933,18.0
Galle,2024-04-19,2024-04-27,2,validation,24.0,23.275099,19.0
Galle,2024-04-26,2024-05-04,2,validation,21.0,24.197395,23.0
Galle,2024-05-03,2024-05-11,2,validation,24.0,26.92911,24.0
Galle,2024-05-10,2024-05-18,2,validation,13.0,26.115921,21.0
Galle,2024-05-17,2024-05-25,2,validation,26.0,26.31754,24.0
Galle,2024-05-24,2024-06-01,2,validation,9.0,23.267445,13.0
Galle,2024-05-31,2024-06-08,2,validation,21.0,27.078163,26.0
Galle,2024-06-07,2024-06-15,2,validation,26.0,28.033772,9.0
Galle,2024-06-14,2024-06-22,2,validation,32.0,34.968845,21.0
Galle,2024-06-21,2024-06-29,2,validation,29.0,59.539894,26.0
Galle,2024-06-28,2024-07-06,2,validation,34.0,59.6277,32.0
Galle,2024-07-05,2024-07-13,2,validation,31.0,26.429827,29.0
Galle,2024-07-12,2024-07-20,2,validation,33.0,34.17849,34.0
Galle,2024-07-19,2024-07-27,2,validation,32.0,37.672565,31.0
Galle,2024-07-26,2024-08-03,2,validation,46.0,35.718307,33.0
Galle,2024-08-02,2024-08-10,2,validation,40.0,35.479465,32.0
Galle,2024-08-09,2024-08-17,2,validation,27.0,41.020123,46.0
Galle,2024-08-16,2024-08-24,2,validation,50.0,41.259193,40.0
Galle,2024-08-23,2024-08-31,2,validation,38.0,32.07549,27.0
Galle,2024-08-30,2024-09-07,2,validation,35.0,44.507828,50.0
Galle,2024-09-06,2024-09-14,2,validation,32.0,44.71118,38.0
Galle,2024-09-13,2024-09-21,2,validation,46.0,48.435467,35.0
Galle,2024-09-20,2024-09-28,2,validation,35.0,40.82659,32.0
Galle,2024-09-27,2024-10-05,2,validation,35.0,45.746243,46.0
Galle,2024-10-04,2024-10-12,2,validation,27.0,43.34508,35.0
Galle,2024-10-11,2024-10-19,2,validation,21.0,42.912983,35.0
Galle,2024-10-18,2024-10-26,2,validation,26.0,34.00476,27.0
Galle,2024-10-25,2024-11-02,2,validation,27.0,28.700335,21.0
Galle,2024-11-01,2024-11-09,2,validation,25.0,31.243925,26.0
Galle,2024-11-08,2024-11-16,2,validation,59.0,29.265842,27.0
Galle,2024-11-15,2024-11-23,2,validation,26.0,28.751415,25.0
Galle,2024-11-22,2024-11-30,2,validation,37.0,47.52341,59.0
Galle,2024-11-29,2024-12-07,2,validation,34.0,36.799206,26.0
Galle,2024-12-06,2024-12-14,2,validation,27.0,37.801044,37.0
Galle,2024-12-13,2024-12-21,2,validation,25.0,40.523586,34.0
Galle,2024-12-20,2024-12-28,2,validation,30.0,34.76515,27.0
Gampaha,2023-12-29,2024-01-06,2,validation,111.0,184.0471,146.0
Gampaha,2024-01-05,2024-01-13,2,validation,147.0,182.21376,146.0
Gampaha,2024-01-12,2024-01-20,2,validation,150.0,130.16013,111.0
Gampaha,2024-01-19,2024-01-27,2,validation,144.0,125.73966,147.0
Gampaha,2024-01-26,2024-02-03,2,validation,165.0,167.98274,150.0
Gampaha,2024-02-02,2024-02-10,2,validation,155.0,170.15135,144.0
Gampaha,2024-02-09,2024-02-17,2,validation,111.0,153.04623,165.0
Gampaha,2024-02-16,2024-02-24,2,validation,102.0,139.33733,155.0
Gampaha,2024-02-23,2024-03-02,2,validation,68.0,93.15842,111.0
Gampaha,2024-03-01,2024-03-09,2,validation,90.0,72.676834,102.0
Gampaha,2024-03-08,2024-03-16,2,validation,80.0,54.207233,68.0
Gampaha,2024-03-15,2024-03-23,2,validation,60.0,63.422924,90.0
Gampaha,2024-03-22,2024-03-30,2,validation,66.0,65.02414,80.0
Gampaha,2024-03-29,2024-04-06,2,validation,46.0,66.48785,60.0
Gampaha,2024-04-05,2024-04-13,2,validation,68.0,65.56862,66.0
Gampaha,2024-04-12,2024-04-20,2,validation,43.0,58.156666,46.0
Gampaha,2024-04-19,2024-04-27,2,validation,48.0,63.650887,68.0
Gampaha,2024-04-26,2024-05-04,2,validation,55.0,52.75676,43.0
Gampaha,2024-05-03,2024-05-11,2,validation,70.0,52.0202,48.0
Gampaha,2024-05-10,2024-05-18,2,validation,40.0,55.281113,55.0
Gampaha,2024-05-17,2024-05-25,2,validation,48.0,62.375313,70.0
Gampaha,2024-05-24,2024-06-01,2,validation,77.0,53.175236,40.0
Gampaha,2024-05-31,2024-06-08,2,validation,105.0,58.70491,48.0
Gampaha,2024-06-07,2024-06-15,2,validation,81.0,80.647675,77.0
Gampaha,2024-06-14,2024-06-22,2,validation,103.0,136.73936,105.0
Gampaha,2024-06-21,2024-06-29,2,validation,139.0,121.101875,81.0
Gampaha,2024-06-28,2024-07-06,2,validation,125.0,144.27216,103.0
Gampaha,2024-07-05,2024-07-13,2,validation,129.0,153.25569,139.0
Gampaha,2024-07-12,2024-07-20,2,validation,157.0,138.78104,125.0
Gampaha,2024-07-19,2024-07-27,2,validation,148.0,136.32674,129.0
Gampaha,2024-07-26,2024-08-03,2,validation,174.0,148.028,157.0
Gampaha,2024-08-02,2024-08-10,2,validation,123.0,141.99852,148.0
Gampaha,2024-08-09,2024-08-17,2,validation,124.0,179.5932,174.0
Gampaha,2024-08-16,2024-08-24,2,validation,122.0,118.36221,123.0
Gampaha,2024-08-23,2024-08-31,2,validation,128.0,132.15393,124.0
Gampaha,2024-08-30,2024-09-07,2,validation,84.0,116.93584,122.0
Gampaha,2024-09-06,2024-09-14,2,validation,96.0,161.32164,128.0
Gampaha,2024-09-13,2024-09-21,2,validation,91.0,122.657166,84.0
Gampaha,2024-09-20,2024-09-28,2,validation,101.0,118.57852,96.0
Gampaha,2024-09-27,2024-10-05,2,validation,120.0,97.7074,91.0
Gampaha,2024-10-04,2024-10-12,2,validation,95.0,103.60012,101.0
Gampaha,2024-10-11,2024-10-19,2,validation,98.0,130.19533,120.0
Gampaha,2024-10-18,2024-10-26,2,validation,103.0,96.94999,95.0
Gampaha,2024-10-25,2024-11-02,2,validation,111.0,101.476715,98.0
Gampaha,2024-11-01,2024-11-09,2,validation,95.0,123.4272,103.0
Gampaha,2024-11-08,2024-11-16,2,validation,153.0,119.125946,111.0
Gampaha,2024-11-15,2024-11-23,2,validation,186.0,98.053406,95.0
Gampaha,2024-11-22,2024-11-30,2,validation,133.0,160.73946,153.0
Gampaha,2024-11-29,2024-12-07,2,validation,161.0,191.17009,186.0
Gampaha,2024-12-06,2024-12-14,2,validation,103.0,159.19653,133.0
Gampaha,2024-12-13,2024-12-21,2,validation,131.0,186.21889,161.0
Gampaha,2024-12-20,2024-12-28,2,validation,186.0,136.61322,103.0
Hambantota,2023-12-29,2024-01-06,2,validation,55.0,36.561024,18.0
Hambantota,2024-01-05,2024-01-13,2,validation,33.0,43.16159,38.0
Hambantota,2024-01-12,2024-01-20,2,validation,50.0,53.516056,55.0
Hambantota,2024-01-19,2024-01-27,2,validation,37.0,37.932465,33.0
Hambantota,2024-01-26,2024-02-03,2,validation,29.0,45.212147,50.0
Hambantota,2024-02-02,2024-02-10,2,validation,14.0,42.428085,37.0
Hambantota,2024-02-09,2024-02-17,2,validation,35.0,29.89264,29.0
Hambantota,2024-02-16,2024-02-24,2,validation,18.0,18.210629,14.0
Hambantota,2024-02-23,2024-03-02,2,validation,22.0,27.252518,35.0
Hambantota,2024-03-01,2024-03-09,2,validation,27.0,19.363579,18.0
Hambantota,2024-03-08,2024-03-16,2,validation,17.0,18.384815,22.0
Hambantota,2024-03-15,2024-03-23,2,validation,29.0,20.301752,27.0
Hambantota,2024-03-22,2024-03-30,2,validation,13.0,17.893858,17.0
Hambantota,2024-03-29,2024-04-06,2,validation,10.0,22.14938,29.0
Hambantota,2024-04-05,2024-04-13,2,validation,32.0,17.656624,13.0
Hambantota,2024-04-12,2024-04-20,2,validation,12.0,17.070763,10.0
Hambantota,2024-04-19,2024-04-27,2,validation,15.0,30.778145,32.0
Hambantota,2024-04-26,2024-05-04,2,validation,18.0,19.74246,12.0
Hambantota,2024-05-03,2024-05-11,2,validation,9.0,18.913273,15.0
Hambantota,2024-05-10,2024-05-18,2,validation,6.0,18.731241,18.0
Hambantota,2024-05-17,2024-05-25,2,validation,12.0,16.391224,9.0
Hambantota,2024-05-24,2024-06-01,2,validation,16.0,10.563189,6.0
Hambantota,2024-05-31,2024-06-08,2,validation,9.0,13.964693,12.0
Hambantota,2024-06-07,2024-06-15,2,validation,8.0,16.868273,16.0
Hambantota,2024-06-14,2024-06-22,2,validation,10.0,13.349371,9.0
Hambantota,2024-06-21,2024-06-29,2,validation,12.0,22.838911,8.0
Hambantota,2024-06-28,2024-07-06,2,validation,5.0,13.9701605,10.0
Hambantota,2024-07-05,2024-07-13,2,validation,15.0,11.038191,12.0
Hambantota,2024-07-12,2024-07-20,2,validation,14.0,6.098894,5.0
Hambantota,2024-07-19,2024-07-27,2,validation,11.0,8.386433,15.0
Hambantota,2024-07-26,2024-08-03,2,validation,5.0,9.727598,14.0
Hambantota,2024-08-02,2024-08-10,2,validation,8.0,10.211521,11.0
Hambantota,2024-08-09,2024-08-17,2,validation,11.0,6.0925183,5.0
Hambantota,2024-08-16,2024-08-24,2,validation,15.0,5.507443,8.0
Hambantota,2024-08-23,2024-08-31,2,validation,10.0,8.711092,11.0
Hambantota,2024-08-30,2024-09-07,2,validation,14.0,12.021988,15.0
Hambantota,2024-09-06,2024-09-14,2,validation,10.0,13.253956,10.0
Hambantota,2024-09-13,2024-09-21,2,validation,10.0,15.435215,14.0
Hambantota,2024-09-20,2024-09-28,2,validation,10.0,13.379009,10.0
Hambantota,2024-09-27,2024-10-05,2,validation,11.0,9.682101,10.0
Hambantota,2024-10-04,2024-10-12,2,validation,14.0,10.739564,10.0
Hambantota,2024-10-11,2024-10-19,2,validation,9.0,12.626205,11.0
Hambantota,2024-10-18,2024-10-26,2,validation,10.0,14.020899,14.0
Hambantota,2024-10-25,2024-11-02,2,validation,12.0,12.499856,9.0
Hambantota,2024-11-01,2024-11-09,2,validation,4.0,12.068645,10.0
Hambantota,2024-11-08,2024-11-16,2,validation,23.0,12.190657,12.0
Hambantota,2024-11-15,2024-11-23,2,validation,6.0,10.7116,4.0
Hambantota,2024-11-22,2024-11-30,2,validation,15.0,17.719002,23.0
Hambantota,2024-11-29,2024-12-07,2,validation,12.0,12.978845,6.0
Hambantota,2024-12-06,2024-12-14,2,validation,22.0,15.0169325,15.0
Hambantota,2024-12-13,2024-12-21,2,validation,21.0,15.05608,12.0
Hambantota,2024-12-20,2024-12-28,2,validation,36.0,21.668747,22.0
Jaffna,2023-12-29,2024-01-06,2,validation,805.0,653.09467,746.0
Jaffna,2024-01-05,2024-01-13,2,validation,595.0,764.24133,623.0
Jaffna,2024-01-12,2024-01-20,2,validation,746.0,820.64905,805.0
Jaffna,2024-01-19,2024-01-27,2,validation,483.0,637.07135,595.0
Jaffna,2024-01-26,2024-02-03,2,validation,410.0,550.49554,746.0
Jaffna,2024-02-02,2024-02-10,2,validation,292.0,380.13287,483.0
Jaffna,2024-02-09,2024-02-17,2,validation,224.0,261.93973,410.0
Jaffna,2024-02-16,2024-02-24,2,validation,148.0,168.53331,292.0
Jaffna,2024-02-23,2024-03-02,2,validation,143.0,139.04095,224.0
Jaffna,2024-03-01,2024-03-09,2,validation,99.0,76.692055,148.0
Jaffna,2024-03-08,2024-03-16,2,validation,67.0,73.68809,143.0
Jaffna,2024-03-15,2024-03-23,2,validation,68.0,55.212543,99.0
Jaffna,2024-03-22,2024-03-30,2,validation,60.0,48.717197,67.0
Jaffna,2024-03-29,2024-04-06,2,validation,42.0,49.725704,68.0
Jaffna,2024-04-05,2024-04-13,2,validation,34.0,50.53973,60.0
Jaffna,2024-04-12,2024-04-20,2,validation,35.0,45.77441,42.0
Jaffna,2024-04-19,2024-04-27,2,validation,28.0,36.351093,34.0
Jaffna,2024-04-26,2024-05-04,2,validation,19.0,32.38803,35.0
Jaffna,2024-05-03,2024-05-11,2,validation,16.0,24.787586,28.0
Jaffna,2024-05-10,2024-05-18,2,validation,5.0,21.201885,19.0
Jaffna,2024-05-17,2024-05-25,2,validation,23.0,25.22965,16.0
Jaffna,2024-05-24,2024-06-01,2,validation,22.0,23.71235,5.0
Jaffna,2024-05-31,2024-06-08,2,validation,18.0,29.8408,23.0
Jaffna,2024-06-07,2024-06-15,2,validation,11.0,41.3789,22.0
Jaffna,2024-06-14,2024-06-22,2,validation,20.0,33.320744,18.0
Jaffna,2024-06-21,2024-06-29,2,validation,21.0,33.261307,11.0
Jaffna,2024-06-28,2024-07-06,2,validation,15.0,33.78258,20.0
Jaffna,2024-07-05,2024-07-13,2,validation,18.0,27.986967,21.0
Jaffna,2024-07-12,2024-07-20,2,validation,10.0,18.353804,15.0
Jaffna,2024-07-19,2024-07-27,2,validation,13.0,17.261362,18.0
Jaffna,2024-07-26,2024-08-03,2,validation,6.0,13.4837885,10.0
Jaffna,2024-08-02,2024-08-10,2,validation,11.0,13.829014,13.0
Jaffna,2024-08-09,2024-08-17,2,validation,16.0,10.513024,6.0
Jaffna,2024-08-16,2024-08-24,2,validation,15.0,12.2111025,11.0
Jaffna,2024-08-23,2024-08-31,2,validation,8.0,14.614017,16.0
Jaffna,2024-08-30,2024-09-07,2,validation,11.0,17.053074,15.0
Jaffna,2024-09-06,2024-09-14,2,validation,8.0,13.866145,8.0
Jaffna,2024-09-13,2024-09-21,2,validation,15.0,13.782039,11.0
Jaffna,2024-09-20,2024-09-28,2,validation,11.0,8.281018,8.0
Jaffna,2024-09-27,2024-10-05,2,validation,10.0,11.519645,15.0
Jaffna,2024-10-04,2024-10-12,2,validation,11.0,13.798441,11.0
Jaffna,2024-10-11,2024-10-19,2,validation,7.0,17.990164,10.0
Jaffna,2024-10-18,2024-10-26,2,validation,30.0,16.47131,11.0
Jaffna,2024-10-25,2024-11-02,2,validation,26.0,21.784447,7.0
Jaffna,2024-11-01,2024-11-09,2,validation,25.0,35.875904,30.0
Jaffna,2024-11-08,2024-11-16,2,validation,37.0,41.42407,26.0
Jaffna,2024-11-15,2024-11-23,2,validation,47.0,42.695324,25.0
Jaffna,2024-11-22,2024-11-30,2,validation,35.0,47.437252,37.0
Jaffna,2024-11-29,2024-12-07,2,validation,60.0,63.7778,47.0
Jaffna,2024-12-06,2024-12-14,2,validation,76.0,66.416115,35.0
Jaffna,2024-12-13,2024-12-21,2,validation,76.0,77.141464,60.0
Jaffna,2024-12-20,2024-12-28,2,validation,58.0,105.866104,76.0
Kalutara,2023-12-29,2024-01-06,2,validation,103.0,244.0245,89.0
Kalutara,2024-01-05,2024-01-13,2,validation,105.0,106.05324,77.0
Kalutara,2024-01-12,2024-01-20,2,validation,96.0,114.87738,103.0
Kalutara,2024-01-19,2024-01-27,2,validation,118.0,84.939384,105.0
Kalutara,2024-01-26,2024-02-03,2,validation,113.0,91.92642,96.0
Kalutara,2024-02-02,2024-02-10,2,validation,81.0,130.0751,118.0
Kalutara,2024-02-09,2024-02-17,2,validation,77.0,101.59884,113.0
Kalutara,2024-02-16,2024-02-24,2,validation,54.0,72.113914,81.0
Kalutara,2024-02-23,2024-03-02,2,validation,43.0,61.580547,77.0
Kalutara,2024-03-01,2024-03-09,2,validation,91.0,50.70651,54.0
Kalutara,2024-03-08,2024-03-16,2,validation,78.0,38.991276,43.0
Kalutara,2024-03-15,2024-03-23,2,validation,69.0,71.85293,91.0
Kalutara,2024-03-22,2024-03-30,2,validation,50.0,65.55806,78.0
Kalutara,2024-03-29,2024-04-06,2,validation,35.0,62.795925,69.0
Kalutara,2024-04-05,2024-04-13,2,validation,37.0,57.56588,50.0
Kalutara,2024-04-12,2024-04-20,2,validation,24.0,47.669994,35.0
Kalutara,2024-04-19,2024-04-27,2,validation,41.0,44.629005,37.0
Kalutara,2024-04-26,2024-05-04,2,validation,31.0,32.49796,24.0
Kalutara,2024-05-03,2024-05-11,2,validation,50.0,40.94037,41.0
Kalutara,2024-05-10,2024-05-18,2,validation,32.0,39.283627,31.0
Kalutara,2024-05-17,2024-05-25,2,validation,41.0,47.873085,50.0
Kalutara,2024-05-24,2024-06-01,2,validation,41.0,42.77082,32.0
Kalutara,2024-05-31,2024-06-08,2,validation,50.0,49.071102,41.0
Kalutara,2024-06-07,2024-06-15,2,validation,46.0,54.762104,41.0
Kalutara,2024-06-14,2024-06-22,2,validation,63.0,71.075424,50.0
Kalutara,2024-06-21,2024-06-29,2,validation,60.0,98.64265,46.0
Kalutara,2024-06-28,2024-07-06,2,validation,68.0,95.46588,63.0
Kalutara,2024-07-05,2024-07-13,2,validation,55.0,67.85764,60.0
Kalutara,2024-07-12,2024-07-20,2,validation,65.0,64.44374,68.0
Kalutara,2024-07-19,2024-07-27,2,validation,27.0,56.659714,55.0
Kalutara,2024-07-26,2024-08-03,2,validation,50.0,59.566227,65.0
Kalutara,2024-08-02,2024-08-10,2,validation,48.0,36.351902,27.0
Kalutara,2024-08-09,2024-08-17,2,validation,43.0,44.914413,50.0
Kalutara,2024-08-16,2024-08-24,2,validation,57.0,48.56351,48.0
Kalutara,2024-08-23,2024-08-31,2,validation,39.0,45.20322,43.0
Kalutara,2024-08-30,2024-09-07,2,validation,23.0,54.68616,57.0
Kalutara,2024-09-06,2024-09-14,2,validation,34.0,51.37281,39.0
Kalutara,2024-09-13,2024-09-21,2,validation,48.0,39.68975,23.0
Kalutara,2024-09-20,2024-09-28,2,validation,44.0,39.962128,34.0
Kalutara,2024-09-27,2024-10-05,2,validation,44.0,49.565323,48.0
Kalutara,2024-10-04,2024-10-12,2,validation,36.0,48.04123,44.0
Kalutara,2024-10-11,2024-10-19,2,validation,31.0,48.15908,44.0
Kalutara,2024-10-18,2024-10-26,2,validation,40.0,42.585163,36.0
Kalutara,2024-10-25,2024-11-02,2,validation,36.0,40.13848,31.0
Kalutara,2024-11-01,2024-11-09,2,validation,23.0,48.577644,40.0
Kalutara,2024-11-08,2024-11-16,2,validation,30.0,43.845554,36.0
Kalutara,2024-11-15,2024-11-23,2,validation,34.0,32.584797,23.0
Kalutara,2024-11-22,2024-11-30,2,validation,28.0,31.826565,30.0
Kalutara,2024-11-29,2024-12-07,2,validation,32.0,39.854183,34.0
Kalutara,2024-12-06,2024-12-14,2,validation,49.0,35.455357,28.0
Kalutara,2024-12-13,2024-12-21,2,validation,34.0,42.024216,32.0
Kalutara,2024-12-20,2024-12-28,2,validation,65.0,49.12043,49.0
Kandy,2023-12-29,2024-01-06,2,validation,199.0,352.26556,330.0
Kandy,2024-01-05,2024-01-13,2,validation,165.0,265.7526,237.0
Kandy,2024-01-12,2024-01-20,2,validation,186.0,231.7839,199.0
Kandy,2024-01-19,2024-01-27,2,validation,126.0,159.37231,165.0
Kandy,2024-01-26,2024-02-03,2,validation,126.0,161.5531,186.0
Kandy,2024-02-02,2024-02-10,2,validation,86.0,121.2264,126.0
Kandy,2024-02-09,2024-02-17,2,validation,83.0,142.47078,126.0
Kandy,2024-02-16,2024-02-24,2,validation,58.0,77.67259,86.0
Kandy,2024-02-23,2024-03-02,2,validation,68.0,64.071045,83.0
Kandy,2024-03-01,2024-03-09,2,validation,59.0,56.323395,58.0
Kandy,2024-03-08,2024-03-16,2,validation,42.0,48.200512,68.0
Kandy,2024-03-15,2024-03-23,2,validation,51.0,50.725586,59.0
Kandy,2024-03-22,2024-03-30,2,validation,47.0,46.774162,42.0
Kandy,2024-03-29,2024-04-06,2,validation,44.0,53.373344,51.0
Kandy,2024-04-05,2024-04-13,2,validation,73.0,49.80147,47.0
Kandy,2024-04-12,2024-04-20,2,validation,64.0,53.077232,44.0
Kandy,2024-04-19,2024-04-27,2,validation,66.0,71.519745,73.0
Kandy,2024-04-26,2024-05-04,2,validation,71.0,68.33772,64.0
Kandy,2024-05-03,2024-05-11,2,validation,98.0,66.94777,66.0
Kandy,2024-05-10,2024-05-18,2,validation,62.0,72.3046,71.0
Kandy,2024-05-17,2024-05-25,2,validation,66.0,105.68732,98.0
Kandy,2024-05-24,2024-06-01,2,validation,69.0,82.51643,62.0
Kandy,2024-05-31,2024-06-08,2,validation,70.0,73.052246,66.0
Kandy,2024-06-07,2024-06-15,2,validation,85.0,91.1967,69.0
Kandy,2024-06-14,2024-06-22,2,validation,91.0,80.419235,70.0
Kandy,2024-06-21,2024-06-29,2,validation,110.0,105.67611,85.0
Kandy,2024-06-28,2024-07-06,2,validation,141.0,109.369125,91.0
Kandy,2024-07-05,2024-07-13,2,validation,105.0,110.07747,110.0
Kandy,2024-07-12,2024-07-20,2,validation,120.0,129.30283,141.0
Kandy,2024-07-19,2024-07-27,2,validation,107.0,96.9185,105.0
Kandy,2024-07-26,2024-08-03,2,validation,120.0,106.85034,120.0
Kandy,2024-08-02,2024-08-10,2,validation,114.0,91.09707,107.0
Kandy,2024-08-09,2024-08-17,2,validation,72.0,113.60623,120.0
Kandy,2024-08-16,2024-08-24,2,validation,94.0,113.32341,114.0
Kandy,2024-08-23,2024-08-31,2,validation,73.0,69.985435,72.0
Kandy,2024-08-30,2024-09-07,2,validation,76.0,83.45991,94.0
Kandy,2024-09-06,2024-09-14,2,validation,64.0,75.763405,73.0
Kandy,2024-09-13,2024-09-21,2,validation,75.0,76.511345,76.0
Kandy,2024-09-20,2024-09-28,2,validation,58.0,72.43807,64.0
Kandy,2024-09-27,2024-10-05,2,validation,59.0,67.917694,75.0
Kandy,2024-10-04,2024-10-12,2,validation,68.0,67.820656,58.0
Kandy,2024-10-11,2024-10-19,2,validation,74.0,65.38263,59.0
Kandy,2024-10-18,2024-10-26,2,validation,66.0,62.65796,68.0
Kandy,2024-10-25,2024-11-02,2,validation,70.0,64.93144,74.0
Kandy,2024-11-01,2024-11-09,2,validation,68.0,68.75691,66.0
Kandy,2024-11-08,2024-11-16,2,validation,84.0,68.224335,70.0
Kandy,2024-11-15,2024-11-23,2,validation,63.0,63.24848,68.0
Kandy,2024-11-22,2024-11-30,2,validation,71.0,81.17281,84.0
Kandy,2024-11-29,2024-12-07,2,validation,73.0,89.12539,63.0
Kandy,2024-12-06,2024-12-14,2,validation,57.0,78.9556,71.0
Kandy,2024-12-13,2024-12-21,2,validation,76.0,59.589725,73.0
Kandy,2024-12-20,2024-12-28,2,validation,66.0,63.723038,57.0
Kegalle,2023-12-29,2024-01-06,2,validation,104.0,122.991714,119.0
Kegalle,2024-01-05,2024-01-13,2,validation,77.0,112.63097,112.0
Kegalle,2024-01-12,2024-01-20,2,validation,91.0,104.01432,104.0
Kegalle,2024-01-19,2024-01-27,2,validation,73.0,66.49102,77.0
Kegalle,2024-01-26,2024-02-03,2,validation,89.0,72.33234,91.0
Kegalle,2024-02-02,2024-02-10,2,validation,48.0,73.15081,73.0
Kegalle,2024-02-09,2024-02-17,2,validation,71.0,73.13663,89.0
Kegalle,2024-02-16,2024-02-24,2,validation,43.0,48.393513,48.0
Kegalle,2024-02-23,2024-03-02,2,validation,34.0,51.27927,71.0
Kegalle,2024-03-01,2024-03-09,2,validation,44.0,37.554058,43.0
Kegalle,2024-03-08,2024-03-16,2,validation,35.0,31.19872,34.0
Kegalle,2024-03-15,2024-03-23,2,validation,30.0,34.171955,44.0
Kegalle,2024-03-22,2024-03-30,2,validation,25.0,33.53512,35.0
Kegalle,2024-03-29,2024-04-06,2,validation,25.0,29.17885,30.0
Kegalle,2024-04-05,2024-04-13,2,validation,23.0,25.810343,25.0
Kegalle,2024-04-12,2024-04-20,2,validation,42.0,26.560644,25.0
Kegalle,2024-04-19,2024-04-27,2,validation,36.0,27.031147,23.0
Kegalle,2024-04-26,2024-05-04,2,validation,56.0,36.73977,42.0
Kegalle,2024-05-03,2024-05-11,2,validation,48.0,38.425594,36.0
Kegalle,2024-05-10,2024-05-18,2,validation,28.0,51.503365,56.0
Kegalle,2024-05-17,2024-05-25,2,validation,49.0,53.239468,48.0
Kegalle,2024-05-24,2024-06-01,2,validation,31.0,37.79135,28.0
Kegalle,2024-05-31,2024-06-08,2,validation,36.0,51.289993,49.0
Kegalle,2024-06-07,2024-06-15,2,validation,24.0,41.840977,31.0
Kegalle,2024-06-14,2024-06-22,2,validation,40.0,45.714985,36.0
Kegalle,2024-06-21,2024-06-29,2,validation,38.0,54.285866,24.0
Kegalle,2024-06-28,2024-07-06,2,validation,35.0,50.222404,40.0
Kegalle,2024-07-05,2024-07-13,2,validation,35.0,37.726257,38.0
Kegalle,2024-07-12,2024-07-20,2,validation,19.0,38.25667,35.0
Kegalle,2024-07-19,2024-07-27,2,validation,39.0,38.906097,35.0
Kegalle,2024-07-26,2024-08-03,2,validation,20.0,26.164072,19.0
Kegalle,2024-08-02,2024-08-10,2,validation,37.0,32.436584,39.0
Kegalle,2024-08-09,2024-08-17,2,validation,77.0,27.780918,20.0
Kegalle,2024-08-16,2024-08-24,2,validation,23.0,33.103912,37.0
Kegalle,2024-08-23,2024-08-31,2,validation,38.0,59.523647,77.0
Kegalle,2024-08-30,2024-09-07,2,validation,37.0,37.20533,23.0
Kegalle,2024-09-06,2024-09-14,2,validation,26.0,47.44779,38.0
Kegalle,2024-09-13,2024-09-21,2,validation,25.0,56.29775,37.0
Kegalle,2024-09-20,2024-09-28,2,validation,15.0,34.24403,26.0
Kegalle,2024-09-27,2024-10-05,2,validation,13.0,29.964277,25.0
Kegalle,2024-10-04,2024-10-12,2,validation,20.0,24.369537,15.0
Kegalle,2024-10-11,2024-10-19,2,validation,24.0,21.459366,13.0
Kegalle,2024-10-18,2024-10-26,2,validation,8.0,22.474926,20.0
Kegalle,2024-10-25,2024-11-02,2,validation,21.0,24.48039,24.0
Kegalle,2024-11-01,2024-11-09,2,validation,16.0,18.317907,8.0
Kegalle,2024-11-08,2024-11-16,2,validation,26.0,23.628235,21.0
Kegalle,2024-11-15,2024-11-23,2,validation,23.0,19.342926,16.0
Kegalle,2024-11-22,2024-11-30,2,validation,21.0,27.489685,26.0
Kegalle,2024-11-29,2024-12-07,2,validation,14.0,26.729097,23.0
Kegalle,2024-12-06,2024-12-14,2,validation,17.0,26.65095,21.0
Kegalle,2024-12-13,2024-12-21,2,validation,44.0,22.48494,14.0
Kegalle,2024-12-20,2024-12-28,2,validation,64.0,22.780828,17.0
Kilinochchi,2023-12-29,2024-01-06,2,validation,52.0,20.870502,17.0
Kilinochchi,2024-01-05,2024-01-13,2,validation,20.0,40.020386,29.0
Kilinochchi,2024-01-12,2024-01-20,2,validation,41.0,45.19051,52.0
Kilinochchi,2024-01-19,2024-01-27,2,validation,22.0,32.67639,20.0
Kilinochchi,2024-01-26,2024-02-03,2,validation,26.0,33.9812,41.0
Kilinochchi,2024-02-02,2024-02-10,2,validation,22.0,22.273066,22.0
Kilinochchi,2024-02-09,2024-02-17,2,validation,12.0,22.204876,26.0
Kilinochchi,2024-02-16,2024-02-24,2,validation,9.0,20.717167,22.0
Kilinochchi,2024-02-23,2024-03-02,2,validation,8.0,15.797822,12.0
Kilinochchi,2024-03-01,2024-03-09,2,validation,8.0,11.279894,9.0
Kilinochchi,2024-03-08,2024-03-16,2,validation,7.0,7.8406534,8.0
Kilinochchi,2024-03-15,2024-03-23,2,validation,2.0,5.243232,8.0
Kilinochchi,2024-03-22,2024-03-30,2,validation,3.0,5.3430715,7.0
Kilinochchi,2024-03-29,2024-04-06,2,validation,3.0,4.1222286,2.0
Kilinochchi,2024-04-05,2024-04-13,2,validation,4.0,3.1753273,3.0
Kilinochchi,2024-04-12,2024-04-20,2,validation,0.0,3.4638078,3.0
Kilinochchi,2024-04-19,2024-04-27,2,validation,0.0,3.58804,4.0
Kilinochchi,2024-04-26,2024-05-04,2,validation,0.0,2.3211882,0.0
Kilinochchi,2024-05-03,2024-05-11,2,validation,1.0,1.5503397,0.0
Kilinochchi,2024-05-10,2024-05-18,2,validation,0.0,1.7868326,0.0
Kilinochchi,2024-05-17,2024-05-25,2,validation,0.0,2.8167372,1.0
Kilinochchi,2024-05-24,2024-06-01,2,validation,0.0,3.7375364,0.0
Kilinochchi,2024-05-31,2024-06-08,2,validation,0.0,2.7806945,0.0
Kilinochchi,2024-06-07,2024-06-15,2,validation,0.0,4.254202,0.0
Kilinochchi,2024-06-14,2024-06-22,2,validation,0.0,4.0200753,0.0
Kilinochchi,2024-06-21,2024-06-29,2,validation,0.0,9.910239,0.0
Kilinochchi,2024-06-28,2024-07-06,2,validation,0.0,4.6866026,0.0
Kilinochchi,2024-07-05,2024-07-13,2,validation,2.0,2.4069166,0.0
Kilinochchi,2024-07-12,2024-07-20,2,validation,1.0,1.125592,0.0
Kilinochchi,2024-07-19,2024-07-27,2,validation,1.0,0.23692568,2.0
Kilinochchi,2024-07-26,2024-08-03,2,validation,6.0,0.31704727,1.0
Kilinochchi,2024-08-02,2024-08-10,2,validation,3.0,0.2534172,1.0
Kilinochchi,2024-08-09,2024-08-17,2,validation,3.0,1.3998983,6.0
Kilinochchi,2024-08-16,2024-08-24,2,validation,1.0,0.70401955,3.0
Kilinochchi,2024-08-23,2024-08-31,2,validation,0.0,0.782645,3.0
Kilinochchi,2024-08-30,2024-09-07,2,validation,0.0,1.0839758,1.0
Kilinochchi,2024-09-06,2024-09-14,2,validation,0.0,1.6871314,0.0
Kilinochchi,2024-09-13,2024-09-21,2,validation,2.0,1.138211,0.0
Kilinochchi,2024-09-20,2024-09-28,2,validation,2.0,1.4515436,0.0
Kilinochchi,2024-09-27,2024-10-05,2,validation,0.0,1.4530852,2.0
Kilinochchi,2024-10-04,2024-10-12,2,validation,1.0,1.9263964,2.0
Kilinochchi,2024-10-11,2024-10-19,2,validation,1.0,3.6897295,0.0
Kilinochchi,2024-10-18,2024-10-26,2,validation,3.0,3.6920063,1.0
Kilinochchi,2024-10-25,2024-11-02,2,validation,5.0,3.9725165,1.0
Kilinochchi,2024-11-01,2024-11-09,2,validation,3.0,4.721079,3.0
Kilinochchi,2024-11-08,2024-11-16,2,validation,0.0,5.8363705,5.0
Kilinochchi,2024-11-15,2024-11-23,2,validation,1.0,7.6506777,3.0
Kilinochchi,2024-11-22,2024-11-30,2,validation,1.0,5.7038455,0.0
Kilinochchi,2024-11-29,2024-12-07,2,validation,8.0,5.989423,1.0
Kilinochchi,2024-12-06,2024-12-14,2,validation,6.0,7.8752584,1.0
Kilinochchi,2024-12-13,2024-12-21,2,validation,5.0,15.724293,8.0
Kilinochchi,2024-12-20,2024-12-28,2,validation,5.0,11.51755,6.0
Kurunegala,2023-12-29,2024-01-06,2,validation,127.0,179.05592,164.0
Kurunegala,2024-01-05,2024-01-13,2,validation,62.0,175.1007,155.0
Kurunegala,2024-01-12,2024-01-20,2,validation,135.0,131.18423,127.0
Kurunegala,2024-01-19,2024-01-27,2,validation,103.0,60.181137,62.0
Kurunegala,2024-01-26,2024-02-03,2,validation,108.0,91.465805,135.0
Kurunegala,2024-02-02,2024-02-10,2,validation,26.0,92.50764,103.0
Kurunegala,2024-02-09,2024-02-17,2,validation,61.0,90.07682,108.0
Kurunegala,2024-02-16,2024-02-24,2,validation,58.0,33.363487,26.0
Kurunegala,2024-02-23,2024-03-02,2,validation,67.0,47.296978,61.0
Kurunegala,2024-03-01,2024-03-09,2,validation,50.0,45.151283,58.0
Kurunegala,2024-03-08,2024-03-16,2,validation,29.0,51.49193,67.0
Kurunegala,2024-03-15,2024-03-23,2,validation,19.0,46.4315,50.0
Kurunegala,2024-03-22,2024-03-30,2,validation,26.0,30.89364,29.0
Kurunegala,2024-03-29,2024-04-06,2,validation,6.0,24.955973,19.0
Kurunegala,2024-04-05,2024-04-13,2,validation,21.0,25.372286,26.0
Kurunegala,2024-04-12,2024-04-20,2,validation,20.0,16.589825,6.0
Kurunegala,2024-04-19,2024-04-27,2,validation,19.0,21.424374,21.0
Kurunegala,2024-04-26,2024-05-04,2,validation,34.0,21.020554,20.0
Kurunegala,2024-05-03,2024-05-11,2,validation,44.0,19.745277,19.0
Kurunegala,2024-05-10,2024-05-18,2,validation,39.0,30.366566,34.0
Kurunegala,2024-05-17,2024-05-25,2,validation,39.0,40.517414,44.0
Kurunegala,2024-05-24,2024-06-01,2,validation,37.0,41.202297,39.0
Kurunegala,2024-05-31,2024-06-08,2,validation,36.0,44.4615,39.0
Kurunegala,2024-06-07,2024-06-15,2,validation,21.0,52.25563,37.0
Kurunegala,2024-06-14,2024-06-22,2,validation,47.0,50.388992,36.0
Kurunegala,2024-06-21,2024-06-29,2,validation,39.0,50.36454,21.0
Kurunegala,2024-06-28,2024-07-06,2,validation,32.0,47.823654,47.0
Kurunegala,2024-07-05,2024-07-13,2,validation,38.0,41.427406,39.0
Kurunegala,2024-07-12,2024-07-20,2,validation,27.0,37.65143,32.0
Kurunegala,2024-07-19,2024-07-27,2,validation,61.0,37.561954,38.0
Kurunegala,2024-07-26,2024-08-03,2,validation,39.0,29.520386,27.0
Kurunegala,2024-08-02,2024-08-10,2,validation,31.0,47.94034,61.0
Kurunegala,2024-08-09,2024-08-17,2,validation,20.0,41.36321,39.0
Kurunegala,2024-08-16,2024-08-24,2,validation,20.0,38.488453,31.0
Kurunegala,2024-08-23,2024-08-31,2,validation,21.0,27.905293,20.0
Kurunegala,2024-08-30,2024-09-07,2,validation,26.0,26.96628,20.0
Kurunegala,2024-09-06,2024-09-14,2,validation,22.0,41.82987,21.0
Kurunegala,2024-09-13,2024-09-21,2,validation,28.0,37.61746,26.0
Kurunegala,2024-09-20,2024-09-28,2,validation,17.0,24.619995,22.0
Kurunegala,2024-09-27,2024-10-05,2,validation,16.0,28.221302,28.0
Kurunegala,2024-10-04,2024-10-12,2,validation,16.0,22.73089,17.0
Kurunegala,2024-10-11,2024-10-19,2,validation,21.0,22.460709,16.0
Kurunegala,2024-10-18,2024-10-26,2,validation,30.0,20.573969,16.0
Kurunegala,2024-10-25,2024-11-02,2,validation,20.0,24.167976,21.0
Kurunegala,2024-11-01,2024-11-09,2,validation,14.0,27.884323,30.0
Kurunegala,2024-11-08,2024-11-16,2,validation,25.0,26.08205,20.0
Kurunegala,2024-11-15,2024-11-23,2,validation,20.0,20.096083,14.0
Kurunegala,2024-11-22,2024-11-30,2,validation,17.0,27.868671,25.0
Kurunegala,2024-11-29,2024-12-07,2,validation,14.0,27.247528,20.0
Kurunegala,2024-12-06,2024-12-14,2,validation,25.0,24.26314,17.0
Kurunegala,2024-12-13,2024-12-21,2,validation,26.0,21.884272,14.0
Kurunegala,2024-12-20,2024-12-28,2,validation,26.0,29.05929,25.0
Mannar,2023-12-29,2024-01-06,2,validation,35.0,25.090147,25.0
Mannar,2024-01-05,2024-01-13,2,validation,13.0,56.452824,53.0
Mannar,2024-01-12,2024-01-20,2,validation,10.0,42.472305,35.0
Mannar,2024-01-19,2024-01-27,2,validation,19.0,28.768713,13.0
Mannar,2024-01-26,2024-02-03,2,validation,21.0,17.786207,10.0
Mannar,2024-02-02,2024-02-10,2,validation,2.0,17.701134,19.0
Mannar,2024-02-09,2024-02-17,2,validation,4.0,19.991705,21.0
Mannar,2024-02-16,2024-02-24,2,validation,4.0,9.582514,2.0
Mannar,2024-02-23,2024-03-02,2,validation,4.0,4.9202857,4.0
Mannar,2024-03-01,2024-03-09,2,validation,1.0,3.6587567,4.0
Mannar,2024-03-08,2024-03-16,2,validation,1.0,3.0286632,4.0
Mannar,2024-03-15,2024-03-23,2,validation,2.0,1.7478657,1.0
Mannar,2024-03-22,2024-03-30,2,validation,1.0,2.2167735,1.0
Mannar,2024-03-29,2024-04-06,2,validation,2.0,1.5438397,2.0
Mannar,2024-04-05,2024-04-13,2,validation,1.0,1.7957649,1.0
Mannar,2024-04-12,2024-04-20,2,validation,9.0,2.5254812,2.0
Mannar,2024-04-19,2024-04-27,2,validation,1.0,2.39212,1.0
Mannar,2024-04-26,2024-05-04,2,validation,1.0,4.5917115,9.0
Mannar,2024-05-03,2024-05-11,2,validation,0.0,2.6445422,1.0
Mannar,2024-05-10,2024-05-18,2,validation,0.0,2.9496126,1.0
Mannar,2024-05-17,2024-05-25,2,validation,2.0,3.5924125,0.0
Mannar,2024-05-24,2024-06-01,2,validation,2.0,4.434398,0.0
Mannar,2024-05-31,2024-06-08,2,validation,1.0,3.8283014,2.0
Mannar,2024-06-07,2024-06-15,2,validation,1.0,5.071946,2.0
Mannar,2024-06-14,2024-06-22,2,validation,3.0,4.5692434,1.0
Mannar,2024-06-21,2024-06-29,2,validation,2.0,10.823594,1.0
Mannar,2024-06-28,2024-07-06,2,validation,2.0,6.6035776,3.0
Mannar,2024-07-05,2024-07-13,2,validation,5.0,3.4300935,2.0
Mannar,2024-07-12,2024-07-20,2,validation,5.0,1.3856949,2.0
Mannar,2024-07-19,2024-07-27,2,validation,8.0,1.1640813,5.0
Mannar,2024-07-26,2024-08-03,2,validation,3.0,1.5720928,5.0
Mannar,2024-08-02,2024-08-10,2,validation,10.0,2.2904692,8.0
Mannar,2024-08-09,2024-08-17,2,validation,10.0,1.7379336,3.0
Mannar,2024-08-16,2024-08-24,2,validation,8.0,6.4580164,10.0
Mannar,2024-08-23,2024-08-31,2,validation,3.0,7.7195363,10.0
Mannar,2024-08-30,2024-09-07,2,validation,11.0,5.3011203,8.0
Mannar,2024-09-06,2024-09-14,2,validation,14.0,5.766767,3.0
Mannar,2024-09-13,2024-09-21,2,validation,4.0,8.950851,11.0
Mannar,2024-09-20,2024-09-28,2,validation,2.0,9.602084,14.0
Mannar,2024-09-27,2024-10-05,2,validation,2.0,6.461984,4.0
Mannar,2024-10-04,2024-10-12,2,validation,5.0,5.062666,2.0
Mannar,2024-10-11,2024-10-19,2,validation,7.0,5.9604545,2.0
Mannar,2024-10-18,2024-10-26,2,validation,5.0,7.663533,5.0
Mannar,2024-10-25,2024-11-02,2,validation,3.0,6.799827,7.0
Mannar,2024-11-01,2024-11-09,2,validation,5.0,8.53812,5.0
Mannar,2024-11-08,2024-11-16,2,validation,6.0,7.561643,3.0
Mannar,2024-11-15,2024-11-23,2,validation,6.0,7.9297986,5.0
Mannar,2024-11-22,2024-11-30,2,validation,2.0,8.271209,6.0
Mannar,2024-11-29,2024-12-07,2,validation,2.0,8.658927,6.0
Mannar,2024-12-06,2024-12-14,2,validation,8.0,3.706665,2.0
Mannar,2024-12-13,2024-12-21,2,validation,12.0,7.9894466,2.0
Mannar,2024-12-20,2024-12-28,2,validation,11.0,8.306496,8.0
Matale,2023-12-29,2024-01-06,2,validation,39.0,79.39372,71.0
Matale,2024-01-05,2024-01-13,2,validation,47.0,56.810425,40.0
Matale,2024-01-12,2024-01-20,2,validation,28.0,43.07855,39.0
Matale,2024-01-19,2024-01-27,2,validation,22.0,41.24113,47.0
Matale,2024-01-26,2024-02-03,2,validation,27.0,29.900948,28.0
Matale,2024-02-02,2024-02-10,2,validation,30.0,26.991974,22.0
Matale,2024-02-09,2024-02-17,2,validation,18.0,24.323463,27.0
Matale,2024-02-16,2024-02-24,2,validation,16.0,22.895578,30.0
Matale,2024-02-23,2024-03-02,2,validation,11.0,17.366415,18.0
Matale,2024-03-01,2024-03-09,2,validation,8.0,16.963915,16.0
Matale,2024-03-08,2024-03-16,2,validation,6.0,12.829869,11.0
Matale,2024-03-15,2024-03-23,2,validation,12.0,8.56014,8.0
Matale,2024-03-22,2024-03-30,2,validation,3.0,6.6574826,6.0
Matale,2024-03-29,2024-04-06,2,validation,6.0,10.508314,12.0
Matale,2024-04-05,2024-04-13,2,validation,16.0,6.220865,3.0
Matale,2024-04-12,2024-04-20,2,validation,7.0,7.1313806,6.0
Matale,2024-04-19,2024-04-27,2,validation,6.0,12.076452,16.0
Matale,2024-04-26,2024-05-04,2,validation,13.0,8.751803,7.0
Matale,2024-05-03,2024-05-11,2,validation,9.0,8.269392,6.0
Matale,2024-05-10,2024-05-18,2,validation,5.0,11.561839,13.0
Matale,2024-05-17,2024-05-25,2,validation,7.0,12.274087,9.0
Matale,2024-05-24,2024-06-01,2,validation,8.0,8.628349,5.0
Matale,2024-05-31,2024-06-08,2,validation,3.0,10.382121,7.0
Matale,2024-06-07,2024-06-15,2,validation,15.0,13.526457,8.0
Matale,2024-06-14,2024-06-22,2,validation,13.0,10.054042,3.0
Matale,2024-06-21,2024-06-29,2,validation,14.0,25.098309,15.0
Matale,2024-06-28,2024-07-06,2,validation,24.0,19.399647,13.0
Matale,2024-07-05,2024-07-13,2,validation,18.0,13.71524,14.0
Matale,2024-07-12,2024-07-20,2,validation,19.0,16.32759,24.0
Matale,2024-07-19,2024-07-27,2,validation,16.0,19.098957,18.0
Matale,2024-07-26,2024-08-03,2,validation,14.0,17.629717,19.0
Matale,2024-08-02,2024-08-10,2,validation,18.0,16.603888,16.0
Matale,2024-08-09,2024-08-17,2,validation,21.0,16.895409,14.0
Matale,2024-08-16,2024-08-24,2,validation,8.0,18.279184,18.0
Matale,2024-08-23,2024-08-31,2,validation,17.0,20.339167,21.0
Matale,2024-08-30,2024-09-07,2,validation,22.0,12.138749,8.0
Matale,2024-09-06,2024-09-14,2,validation,16.0,19.294054,17.0
Matale,2024-09-13,2024-09-21,2,validation,12.0,22.77399,22.0
Matale,2024-09-20,2024-09-28,2,validation,26.0,21.029001,16.0
Matale,2024-09-27,2024-10-05,2,validation,32.0,17.181448,12.0
Matale,2024-10-04,2024-10-12,2,validation,7.0,23.759638,26.0
Matale,2024-10-11,2024-10-19,2,validation,43.0,32.892727,32.0
Matale,2024-10-18,2024-10-26,2,validation,35.0,17.757647,7.0
Matale,2024-10-25,2024-11-02,2,validation,25.0,35.62849,43.0
Matale,2024-11-01,2024-11-09,2,validation,41.0,37.95608,35.0
Matale,2024-11-08,2024-11-16,2,validation,41.0,32.21157,25.0
Matale,2024-11-15,2024-11-23,2,validation,31.0,35.99673,41.0
Matale,2024-11-22,2024-11-30,2,validation,37.0,43.588234,41.0
Matale,2024-11-29,2024-12-07,2,validation,38.0,41.637756,31.0
Matale,2024-12-06,2024-12-14,2,validation,52.0,39.101078,37.0
Matale,2024-12-13,2024-12-21,2,validation,34.0,41.48997,38.0
Matale,2024-12-20,2024-12-28,2,validation,52.0,65.44459,52.0
Matara,2023-12-29,2024-01-06,2,validation,35.0,34.36705,20.0
Matara,2024-01-05,2024-01-13,2,validation,27.0,52.38421,46.0
Matara,2024-01-12,2024-01-20,2,validation,32.0,53.15515,35.0
Matara,2024-01-19,2024-01-27,2,validation,29.0,33.6255,27.0
Matara,2024-01-26,2024-02-03,2,validation,26.0,33.324505,32.0
Matara,2024-02-02,2024-02-10,2,validation,23.0,33.49465,29.0
Matara,2024-02-09,2024-02-17,2,validation,29.0,28.050728,26.0
Matara,2024-02-16,2024-02-24,2,validation,15.0,20.316698,23.0
Matara,2024-02-23,2024-03-02,2,validation,28.0,22.802263,29.0
Matara,2024-03-01,2024-03-09,2,validation,23.0,17.134863,15.0
Matara,2024-03-08,2024-03-16,2,validation,14.0,22.32473,28.0
Matara,2024-03-15,2024-03-23,2,validation,14.0,21.182669,23.0
Matara,2024-03-22,2024-03-30,2,validation,17.0,17.243786,14.0
Matara,2024-03-29,2024-04-06,2,validation,11.0,16.306654,14.0
Matara,2024-04-05,2024-04-13,2,validation,3.0,18.24206,17.0
Matara,2024-04-12,2024-04-20,2,validation,10.0,18.834364,11.0
Matara,2024-04-19,2024-04-27,2,validation,14.0,13.082529,3.0
Matara,2024-04-26,2024-05-04,2,validation,16.0,12.703886,10.0
Matara,2024-05-03,2024-05-11,2,validation,13.0,13.636839,14.0
Matara,2024-05-10,2024-05-18,2,validation,7.0,16.523674,16.0
Matara,2024-05-17,2024-05-25,2,validation,17.0,16.230394,13.0
Matara,2024-05-24,2024-06-01,2,validation,16.0,13.2391815,7.0
Matara,2024-05-31,2024-06-08,2,validation,11.0,19.034616,17.0
Matara,2024-06-07,2024-06-15,2,validation,5.0,22.179106,16.0
Matara,2024-06-14,2024-06-22,2,validation,13.0,19.785349,11.0
Matara,2024-06-21,2024-06-29,2,validation,22.0,37.140022,5.0
Matara,2024-06-28,2024-07-06,2,validation,19.0,23.074507,13.0
Matara,2024-07-05,2024-07-13,2,validation,27.0,19.022362,22.0
Matara,2024-07-12,2024-07-20,2,validation,44.0,17.29403,19.0
Matara,2024-07-19,2024-07-27,2,validation,31.0,24.828987,27.0
Matara,2024-07-26,2024-08-03,2,validation,29.0,35.476837,44.0
Matara,2024-08-02,2024-08-10,2,validation,38.0,35.18102,31.0
Matara,2024-08-09,2024-08-17,2,validation,22.0,28.76132,29.0
Matara,2024-08-16,2024-08-24,2,validation,13.0,33.089996,38.0
Matara,2024-08-23,2024-08-31,2,validation,31.0,30.02661,22.0
Matara,2024-08-30,2024-09-07,2,validation,22.0,22.270256,13.0
Matara,2024-09-06,2024-09-14,2,validation,28.0,35.70352,31.0
Matara,2024-09-13,2024-09-21,2,validation,22.0,31.735155,22.0
Matara,2024-09-20,2024-09-28,2,validation,75.0,28.007631,28.0
Matara,2024-09-27,2024-10-05,2,validation,46.0,26.787634,22.0
Matara,2024-10-04,2024-10-12,2,validation,36.0,53.522564,75.0
Matara,2024-10-11,2024-10-19,2,validation,29.0,59.108917,46.0
Matara,2024-10-18,2024-10-26,2,validation,18.0,43.550808,36.0
Matara,2024-10-25,2024-11-02,2,validation,19.0,34.66608,29.0
Matara,2024-11-01,2024-11-09,2,validation,14.0,28.531075,18.0
Matara,2024-11-08,2024-11-16,2,validation,20.0,25.421757,19.0
Matara,2024-11-15,2024-11-23,2,validation,20.0,21.251013,14.0
Matara,2024-11-22,2024-11-30,2,validation,15.0,24.470749,20.0
Matara,2024-11-29,2024-12-07,2,validation,11.0,25.10144,20.0
Matara,2024-12-06,2024-12-14,2,validation,12.0,20.938044,15.0
Matara,2024-12-13,2024-12-21,2,validation,26.0,20.34615,11.0
Matara,2024-12-20,2024-12-28,2,validation,28.0,20.651379,12.0
Monaragala,2023-12-29,2024-01-06,2,validation,29.0,67.52799,29.0
Monaragala,2024-01-05,2024-01-13,2,validation,87.0,47.11575,42.0
Monaragala,2024-01-12,2024-01-20,2,validation,48.0,56.332893,29.0
Monaragala,2024-01-19,2024-01-27,2,validation,36.0,68.625656,87.0
Monaragala,2024-01-26,2024-02-03,2,validation,21.0,57.286495,48.0
Monaragala,2024-02-02,2024-02-10,2,validation,15.0,45.127388,36.0
Monaragala,2024-02-09,2024-02-17,2,validation,27.0,27.304935,21.0
Monaragala,2024-02-16,2024-02-24,2,validation,25.0,24.289589,15.0
Monaragala,2024-02-23,2024-03-02,2,validation,17.0,24.557005,27.0
Monaragala,2024-03-01,2024-03-09,2,validation,19.0,25.127304,25.0
Monaragala,2024-03-08,2024-03-16,2,validation,12.0,15.932249,17.0
Monaragala,2024-03-15,2024-03-23,2,validation,10.0,14.778896,19.0
Monaragala,2024-03-22,2024-03-30,2,validation,8.0,13.822708,12.0
Monaragala,2024-03-29,2024-04-06,2,validation,12.0,15.332543,10.0
Monaragala,2024-04-05,2024-04-13,2,validation,10.0,9.692252,8.0
Monaragala,2024-04-12,2024-04-20,2,validation,15.0,13.037144,12.0
Monaragala,2024-04-19,2024-04-27,2,validation,7.0,14.695292,10.0
Monaragala,2024-04-26,2024-05-04,2,validation,12.0,13.532727,15.0
Monaragala,2024-05-03,2024-05-11,2,validation,14.0,11.623094,7.0
Monaragala,2024-05-10,2024-05-18,2,validation,5.0,13.508813,12.0
Monaragala,2024-05-17,2024-05-25,2,validation,15.0,14.356394,14.0
Monaragala,2024-05-24,2024-06-01,2,validation,20.0,11.342527,5.0
Monaragala,2024-05-31,2024-06-08,2,validation,14.0,13.908204,15.0
Monaragala,2024-06-07,2024-06-15,2,validation,16.0,20.334978,20.0
Monaragala,2024-06-14,2024-06-22,2,validation,13.0,16.898243,14.0
Monaragala,2024-06-21,2024-06-29,2,validation,11.0,24.619663,16.0
Monaragala,2024-06-28,2024-07-06,2,validation,15.0,19.405502,13.0
Monaragala,2024-07-05,2024-07-13,2,validation,12.0,15.252922,11.0
Monaragala,2024-07-12,2024-07-20,2,validation,15.0,13.179758,15.0
Monaragala,2024-07-19,2024-07-27,2,validation,12.0,13.196334,12.0
Monaragala,2024-07-26,2024-08-03,2,validation,12.0,13.450158,15.0
Monaragala,2024-08-02,2024-08-10,2,validation,13.0,12.182462,12.0
Monaragala,2024-08-09,2024-08-17,2,validation,15.0,13.431066,12.0
Monaragala,2024-08-16,2024-08-24,2,validation,18.0,12.86324,13.0
Monaragala,2024-08-23,2024-08-31,2,validation,17.0,14.710106,15.0
Monaragala,2024-08-30,2024-09-07,2,validation,4.0,14.916542,18.0
Monaragala,2024-09-06,2024-09-14,2,validation,19.0,19.663204,17.0
Monaragala,2024-09-13,2024-09-21,2,validation,21.0,12.36938,4.0
Monaragala,2024-09-20,2024-09-28,2,validation,30.0,15.000365,19.0
Monaragala,2024-09-27,2024-10-05,2,validation,34.0,19.317951,21.0
Monaragala,2024-10-04,2024-10-12,2,validation,40.0,24.741459,30.0
Monaragala,2024-10-11,2024-10-19,2,validation,28.0,33.91685,34.0
Monaragala,2024-10-18,2024-10-26,2,validation,26.0,39.8987,40.0
Monaragala,2024-10-25,2024-11-02,2,validation,19.0,32.617233,28.0
Monaragala,2024-11-01,2024-11-09,2,validation,15.0,30.653975,26.0
Monaragala,2024-11-08,2024-11-16,2,validation,45.0,24.686968,19.0
Monaragala,2024-11-15,2024-11-23,2,validation,20.0,22.80866,15.0
Monaragala,2024-11-22,2024-11-30,2,validation,13.0,40.468933,45.0
Monaragala,2024-11-29,2024-12-07,2,validation,22.0,33.078495,20.0
Monaragala,2024-12-06,2024-12-14,2,validation,13.0,20.721336,13.0
Monaragala,2024-12-13,2024-12-21,2,validation,13.0,25.597973,22.0
Monaragala,2024-12-20,2024-12-28,2,validation,25.0,22.62707,13.0
Mullaitivu,2023-12-29,2024-01-06,2,validation,26.0,24.634008,24.0
Mullaitivu,2024-01-05,2024-01-13,2,validation,31.0,40.752865,25.0
Mullaitivu,2024-01-12,2024-01-20,2,validation,23.0,30.572033,26.0
Mullaitivu,2024-01-19,2024-01-27,2,validation,11.0,32.176853,31.0
Mullaitivu,2024-01-26,2024-02-03,2,validation,22.0,24.672684,23.0
Mullaitivu,2024-02-02,2024-02-10,2,validation,8.0,18.15913,11.0
Mullaitivu,2024-02-09,2024-02-17,2,validation,9.0,18.88995,22.0
Mullaitivu,2024-02-16,2024-02-24,2,validation,2.0,12.729793,8.0
Mullaitivu,2024-02-23,2024-03-02,2,validation,5.0,10.581543,9.0
Mullaitivu,2024-03-01,2024-03-09,2,validation,7.0,4.1670566,2.0
Mullaitivu,2024-03-08,2024-03-16,2,validation,1.0,3.8531954,5.0
Mullaitivu,2024-03-15,2024-03-23,2,validation,1.0,4.0195513,7.0
Mullaitivu,2024-03-22,2024-03-30,2,validation,3.0,3.0800848,1.0
Mullaitivu,2024-03-29,2024-04-06,2,validation,2.0,2.5964856,1.0
Mullaitivu,2024-04-05,2024-04-13,2,validation,2.0,2.0734892,3.0
Mullaitivu,2024-04-12,2024-04-20,2,validation,1.0,2.8216598,2.0
Mullaitivu,2024-04-19,2024-04-27,2,validation,2.0,2.4145498,2.0
Mullaitivu,2024-04-26,2024-05-04,2,validation,2.0,1.8524625,1.0
Mullaitivu,2024-05-03,2024-05-11,2,validation,0.0,1.588547,2.0
Mullaitivu,2024-05-10,2024-05-18,2,validation,0.0,1.7868326,2.0
Mullaitivu,2024-05-17,2024-05-25,2,validation,1.0,2.9262857,0.0
Mullaitivu,2024-05-24,2024-06-01,2,validation,0.0,3.851252,0.0
Mullaitivu,2024-05-31,2024-06-08,2,validation,0.0,2.9236789,1.0
Mullaitivu,2024-06-07,2024-06-15,2,validation,1.0,4.2846837,0.0
Mullaitivu,2024-06-14,2024-06-22,2,validation,1.0,3.9150898,0.0
Mullaitivu,2024-06-21,2024-06-29,2,validation,1.0,9.451569,1.0
Mullaitivu,2024-06-28,2024-07-06,2,validation,3.0,4.319948,1.0
Mullaitivu,2024-07-05,2024-07-13,2,validation,0.0,2.2252498,1.0
Mullaitivu,2024-07-12,2024-07-20,2,validation,1.0,1.1970117,3.0
Mullaitivu,2024-07-19,2024-07-27,2,validation,1.0,0.29429606,0.0
Mullaitivu,2024-07-26,2024-08-03,2,validation,1.0,0.38846695,1.0
Mullaitivu,2024-08-02,2024-08-10,2,validation,1.0,0.16085187,1.0
Mullaitivu,2024-08-09,2024-08-17,2,validation,0.0,0.35616615,1.0
Mullaitivu,2024-08-16,2024-08-24,2,validation,2.0,0.49124885,1.0
Mullaitivu,2024-08-23,2024-08-31,2,validation,2.0,1.1633117,0.0
Mullaitivu,2024-08-30,2024-09-07,2,validation,2.0,1.546572,2.0
Mullaitivu,2024-09-06,2024-09-14,2,validation,4.0,2.1605082,2.0
Mullaitivu,2024-09-13,2024-09-21,2,validation,1.0,1.2306695,2.0
Mullaitivu,2024-09-20,2024-09-28,2,validation,1.0,1.7027414,4.0
Mullaitivu,2024-09-27,2024-10-05,2,validation,1.0,2.027262,1.0
Mullaitivu,2024-10-04,2024-10-12,2,validation,0.0,2.4643052,1.0
Mullaitivu,2024-10-11,2024-10-19,2,validation,1.0,3.9027278,1.0
Mullaitivu,2024-10-18,2024-10-26,2,validation,1.0,3.9793782,0.0
Mullaitivu,2024-10-25,2024-11-02,2,validation,3.0,4.042832,1.0
Mullaitivu,2024-11-01,2024-11-09,2,validation,1.0,4.7913938,1.0
Mullaitivu,2024-11-08,2024-11-16,2,validation,3.0,4.5811296,3.0
Mullaitivu,2024-11-15,2024-11-23,2,validation,3.0,4.9392076,1.0
Mullaitivu,2024-11-22,2024-11-30,2,validation,0.0,4.9715247,3.0
Mullaitivu,2024-11-29,2024-12-07,2,validation,5.0,5.905049,3.0
Mullaitivu,2024-12-06,2024-12-14,2,validation,2.0,6.6512203,0.0
Mullaitivu,2024-12-13,2024-12-21,2,validation,4.0,9.556881,5.0
Mullaitivu,2024-12-20,2024-12-28,2,validation,3.0,17.644659,2.0
Nuwara Eliya,2023-12-29,2024-01-06,2,validation,28.0,26.563501,13.0
Nuwara Eliya,2024-01-05,2024-01-13,2,validation,22.0,20.764706,19.0
Nuwara Eliya,2024-01-12,2024-01-20,2,validation,18.0,35.11931,28.0
Nuwara Eliya,2024-01-19,2024-01-27,2,validation,13.0,26.562542,22.0
Nuwara Eliya,2024-01-26,2024-02-03,2,validation,18.0,19.499851,18.0
Nuwara Eliya,2024-02-02,2024-02-10,2,validation,9.0,17.31186,13.0
Nuwara Eliya,2024-02-09,2024-02-17,2,validation,9.0,16.238611,18.0
Nuwara Eliya,2024-02-16,2024-02-24,2,validation,6.0,12.842002,9.0
Nuwara Eliya,2024-02-23,2024-03-02,2,validation,10.0,10.866897,9.0
Nuwara Eliya,2024-03-01,2024-03-09,2,validation,4.0,5.6527457,6.0
Nuwara Eliya,2024-03-08,2024-03-16,2,validation,6.0,6.9804964,10.0
Nuwara Eliya,2024-03-15,2024-03-23,2,validation,7.0,2.277921,4.0
Nuwara Eliya,2024-03-22,2024-03-30,2,validation,3.0,3.7315748,6.0
Nuwara Eliya,2024-03-29,2024-04-06,2,validation,1.0,4.4983664,7.0
Nuwara Eliya,2024-04-05,2024-04-13,2,validation,7.0,3.6584947,3.0
Nuwara Eliya,2024-04-12,2024-04-20,2,validation,3.0,3.6948485,1.0
Nuwara Eliya,2024-04-19,2024-04-27,2,validation,3.0,5.702326,7.0
Nuwara Eliya,2024-04-26,2024-05-04,2,validation,4.0,3.036768,3.0
Nuwara Eliya,2024-05-03,2024-05-11,2,validation,2.0,3.0001974,3.0
Nuwara Eliya,2024-05-10,2024-05-18,2,validation,1.0,3.7654324,4.0
Nuwara Eliya,2024-05-17,2024-05-25,2,validation,2.0,4.4112415,2.0
Nuwara Eliya,2024-05-24,2024-06-01,2,validation,5.0,4.998368,1.0
Nuwara Eliya,2024-05-31,2024-06-08,2,validation,4.0,5.72457,2.0
Nuwara Eliya,2024-06-07,2024-06-15,2,validation,2.0,7.2031984,5.0
Nuwara Eliya,2024-06-14,2024-06-22,2,validation,10.0,16.387604,4.0
Nuwara Eliya,2024-06-21,2024-06-29,2,validation,7.0,26.691362,2.0
Nuwara Eliya,2024-06-28,2024-07-06,2,validation,10.0,20.615606,10.0
Nuwara Eliya,2024-07-05,2024-07-13,2,validation,6.0,5.0183015,7.0
Nuwara Eliya,2024-07-12,2024-07-20,2,validation,5.0,8.768666,10.0
Nuwara Eliya,2024-07-19,2024-07-27,2,validation,9.0,7.2051125,6.0
Nuwara Eliya,2024-07-26,2024-08-03,2,validation,5.0,4.1322355,5.0
Nuwara Eliya,2024-08-02,2024-08-10,2,validation,10.0,5.7907386,9.0
Nuwara Eliya,2024-08-09,2024-08-17,2,validation,7.0,4.9063525,5.0
Nuwara Eliya,2024-08-16,2024-08-24,2,validation,4.0,8.291905,10.0
Nuwara Eliya,2024-08-23,2024-08-31,2,validation,1.0,5.8424225,7.0
Nuwara Eliya,2024-08-30,2024-09-07,2,validation,5.0,5.2398777,4.0
Nuwara Eliya,2024-09-06,2024-09-14,2,validation,6.0,6.302999,1.0
Nuwara Eliya,2024-09-13,2024-09-21,2,validation,8.0,5.8803506,5.0
Nuwara Eliya,2024-09-20,2024-09-28,2,validation,7.0,4.883778,6.0
Nuwara Eliya,2024-09-27,2024-10-05,2,validation,4.0,6.2213063,8.0
Nuwara Eliya,2024-10-04,2024-10-12,2,validation,5.0,6.717956,7.0
Nuwara Eliya,2024-10-11,2024-10-19,2,validation,4.0,6.933231,4.0
Nuwara Eliya,2024-10-18,2024-10-26,2,validation,6.0,5.9142447,5.0
Nuwara Eliya,2024-10-25,2024-11-02,2,validation,5.0,6.675396,4.0
Nuwara Eliya,2024-11-01,2024-11-09,2,validation,0.0,7.5641403,6.0
Nuwara Eliya,2024-11-08,2024-11-16,2,validation,4.0,6.6093693,5.0
Nuwara Eliya,2024-11-15,2024-11-23,2,validation,3.0,4.980121,0.0
Nuwara Eliya,2024-11-22,2024-11-30,2,validation,2.0,5.4051895,4.0
Nuwara Eliya,2024-11-29,2024-12-07,2,validation,1.0,6.265065,3.0
Nuwara Eliya,2024-12-06,2024-12-14,2,validation,3.0,5.869573,2.0
Nuwara Eliya,2024-12-13,2024-12-21,2,validation,10.0,4.4474125,1.0
Nuwara Eliya,2024-12-20,2024-12-28,2,validation,5.0,4.300932,3.0
Polonnaruwa,2023-12-29,2024-01-06,2,validation,12.0,21.725218,8.0
Polonnaruwa,2024-01-05,2024-01-13,2,validation,42.0,31.236622,21.0
Polonnaruwa,2024-01-12,2024-01-20,2,validation,12.0,20.218752,12.0
Polonnaruwa,2024-01-19,2024-01-27,2,validation,10.0,33.922894,42.0
Polonnaruwa,2024-01-26,2024-02-03,2,validation,19.0,21.00358,12.0
Polonnaruwa,2024-02-02,2024-02-10,2,validation,41.0,19.228128,10.0
Polonnaruwa,2024-02-09,2024-02-17,2,validation,17.0,15.667245,19.0
Polonnaruwa,2024-02-16,2024-02-24,2,validation,7.0,31.164722,41.0
Polonnaruwa,2024-02-23,2024-03-02,2,validation,11.0,21.433775,17.0
Polonnaruwa,2024-03-01,2024-03-09,2,validation,10.0,12.764264,7.0
Polonnaruwa,2024-03-08,2024-03-16,2,validation,15.0,11.70357,11.0
Polonnaruwa,2024-03-15,2024-03-23,2,validation,7.0,9.698933,10.0
Polonnaruwa,2024-03-22,2024-03-30,2,validation,7.0,11.545038,15.0
Polonnaruwa,2024-03-29,2024-04-06,2,validation,4.0,9.029041,7.0
Polonnaruwa,2024-04-05,2024-04-13,2,validation,3.0,6.475061,7.0
Polonnaruwa,2024-04-12,2024-04-20,2,validation,5.0,5.026926,4.0
Polonnaruwa,2024-04-19,2024-04-27,2,validation,7.0,5.2874985,3.0
Polonnaruwa,2024-04-26,2024-05-04,2,validation,6.0,4.2263045,5.0
Polonnaruwa,2024-05-03,2024-05-11,2,validation,3.0,4.618692,7.0
Polonnaruwa,2024-05-10,2024-05-18,2,validation,6.0,5.034759,6.0
Polonnaruwa,2024-05-17,2024-05-25,2,validation,2.0,5.1302814,3.0
Polonnaruwa,2024-05-24,2024-06-01,2,validation,2.0,5.7624683,6.0
Polonnaruwa,2024-05-31,2024-06-08,2,validation,6.0,6.4810543,2.0
Polonnaruwa,2024-06-07,2024-06-15,2,validation,5.0,9.91144,2.0
Polonnaruwa,2024-06-14,2024-06-22,2,validation,13.0,8.009208,6.0
Polonnaruwa,2024-06-21,2024-06-29,2,validation,3.0,11.736884,5.0
Polonnaruwa,2024-06-28,2024-07-06,2,validation,7.0,9.818952,13.0
Polonnaruwa,2024-07-05,2024-07-13,2,validation,14.0,5.9009085,3.0
Polonnaruwa,2024-07-12,2024-07-20,2,validation,6.0,4.8376803,7.0
Polonnaruwa,2024-07-19,2024-07-27,2,validation,11.0,6.488572,14.0
Polonnaruwa,2024-07-26,2024-08-03,2,validation,4.0,5.3008127,6.0
Polonnaruwa,2024-08-02,2024-08-10,2,validation,8.0,7.607968,11.0
Polonnaruwa,2024-08-09,2024-08-17,2,validation,10.0,4.1549177,4.0
Polonnaruwa,2024-08-16,2024-08-24,2,validation,7.0,4.37155,8.0
Polonnaruwa,2024-08-23,2024-08-31,2,validation,3.0,6.620861,10.0
Polonnaruwa,2024-08-30,2024-09-07,2,validation,5.0,4.7768497,7.0
Polonnaruwa,2024-09-06,2024-09-14,2,validation,5.0,4.4183416,3.0
Polonnaruwa,2024-09-13,2024-09-21,2,validation,8.0,4.1749563,5.0
Polonnaruwa,2024-09-20,2024-09-28,2,validation,8.0,3.9101262,5.0
Polonnaruwa,2024-09-27,2024-10-05,2,validation,10.0,4.537206,8.0
Polonnaruwa,2024-10-04,2024-10-12,2,validation,1.0,5.484886,8.0
Polonnaruwa,2024-10-11,2024-10-19,2,validation,6.0,10.381461,10.0
Polonnaruwa,2024-10-18,2024-10-26,2,validation,3.0,7.1106744,1.0
Polonnaruwa,2024-10-25,2024-11-02,2,validation,8.0,7.3034415,6.0
Polonnaruwa,2024-11-01,2024-11-09,2,validation,7.0,7.8304405,3.0
Polonnaruwa,2024-11-08,2024-11-16,2,validation,6.0,8.6166525,8.0
Polonnaruwa,2024-11-15,2024-11-23,2,validation,17.0,8.410771,7.0
Polonnaruwa,2024-11-22,2024-11-30,2,validation,6.0,16.850124,6.0
Polonnaruwa,2024-11-29,2024-12-07,2,validation,5.0,19.156652,17.0
Polonnaruwa,2024-12-06,2024-12-14,2,validation,3.0,12.391668,6.0
Polonnaruwa,2024-12-13,2024-12-21,2,validation,6.0,10.347013,5.0
Polonnaruwa,2024-12-20,2024-12-28,2,validation,14.0,10.97644,3.0
Puttalam,2023-12-29,2024-01-06,2,validation,92.0,86.05029,63.0
Puttalam,2024-01-05,2024-01-13,2,validation,127.0,106.00808,90.0
Puttalam,2024-01-12,2024-01-20,2,validation,76.0,92.562096,92.0
Puttalam,2024-01-19,2024-01-27,2,validation,52.0,111.38949,127.0
Puttalam,2024-01-26,2024-02-03,2,validation,34.0,71.33895,76.0
Puttalam,2024-02-02,2024-02-10,2,validation,102.0,60.874172,52.0
Puttalam,2024-02-09,2024-02-17,2,validation,29.0,39.255096,34.0
Puttalam,2024-02-16,2024-02-24,2,validation,21.0,74.71978,102.0
Puttalam,2024-02-23,2024-03-02,2,validation,14.0,35.212845,29.0
Puttalam,2024-03-01,2024-03-09,2,validation,9.0,22.794855,21.0
Puttalam,2024-03-08,2024-03-16,2,validation,12.0,19.997393,14.0
Puttalam,2024-03-15,2024-03-23,2,validation,9.0,16.181734,9.0
Puttalam,2024-03-22,2024-03-30,2,validation,18.0,12.834413,12.0
Puttalam,2024-03-29,2024-04-06,2,validation,8.0,11.288781,9.0
Puttalam,2024-04-05,2024-04-13,2,validation,19.0,13.196121,18.0
Puttalam,2024-04-12,2024-04-20,2,validation,7.0,9.976806,8.0
Puttalam,2024-04-19,2024-04-27,2,validation,7.0,15.407249,19.0
Puttalam,2024-04-26,2024-05-04,2,validation,7.0,10.381801,7.0
Puttalam,2024-05-03,2024-05-11,2,validation,13.0,9.606027,7.0
Puttalam,2024-05-10,2024-05-18,2,validation,11.0,7.8286395,7.0
Puttalam,2024-05-17,2024-05-25,2,validation,11.0,12.7822695,13.0
Puttalam,2024-05-24,2024-06-01,2,validation,7.0,14.552288,11.0
Puttalam,2024-05-31,2024-06-08,2,validation,10.0,16.267189,11.0
Puttalam,2024-06-07,2024-06-15,2,validation,9.0,22.687925,7.0
Puttalam,2024-06-14,2024-06-22,2,validation,27.0,17.487808,10.0
Puttalam,2024-06-21,2024-06-29,2,validation,21.0,17.923197,9.0
Puttalam,2024-06-28,2024-07-06,2,validation,13.0,23.376942,27.0
Puttalam,2024-07-05,2024-07-13,2,validation,28.0,21.95825,21.0
Puttalam,2024-07-12,2024-07-20,2,validation,24.0,17.354246,13.0
Puttalam,2024-07-19,2024-07-27,2,validation,19.0,23.033428,28.0
Puttalam,2024-07-26,2024-08-03,2,validation,24.0,21.070778,24.0
Puttalam,2024-08-02,2024-08-10,2,validation,16.0,18.314009,19.0
Puttalam,2024-08-09,2024-08-17,2,validation,9.0,20.06967,24.0
Puttalam,2024-08-16,2024-08-24,2,validation,17.0,19.215174,16.0
Puttalam,2024-08-23,2024-08-31,2,validation,11.0,14.682825,9.0
Puttalam,2024-08-30,2024-09-07,2,validation,11.0,15.920766,17.0
Puttalam,2024-09-06,2024-09-14,2,validation,16.0,18.196281,11.0
Puttalam,2024-09-13,2024-09-21,2,validation,16.0,16.253365,11.0
Puttalam,2024-09-20,2024-09-28,2,validation,23.0,16.085777,16.0
Puttalam,2024-09-27,2024-10-05,2,validation,11.0,16.969904,16.0
Puttalam,2024-10-04,2024-10-12,2,validation,28.0,19.830189,23.0
Puttalam,2024-10-11,2024-10-19,2,validation,15.0,18.809826,11.0
Puttalam,2024-10-18,2024-10-26,2,validation,21.0,25.55828,28.0
Puttalam,2024-10-25,2024-11-02,2,validation,28.0,21.233932,15.0
Puttalam,2024-11-01,2024-11-09,2,validation,19.0,24.939175,21.0
Puttalam,2024-11-08,2024-11-16,2,validation,30.0,27.309109,28.0
Puttalam,2024-11-15,2024-11-23,2,validation,23.0,24.07821,19.0
Puttalam,2024-11-22,2024-11-30,2,validation,28.0,28.655258,30.0
Puttalam,2024-11-29,2024-12-07,2,validation,31.0,27.822504,23.0
Puttalam,2024-12-06,2024-12-14,2,validation,39.0,29.631046,28.0
Puttalam,2024-12-13,2024-12-21,2,validation,23.0,36.043537,31.0
Puttalam,2024-12-20,2024-12-28,2,validation,30.0,37.91645,39.0
Ratnapura,2023-12-29,2024-01-06,2,validation,77.0,71.07428,54.0
Ratnapura,2024-01-05,2024-01-13,2,validation,43.0,93.66226,76.0
Ratnapura,2024-01-12,2024-01-20,2,validation,67.0,109.82933,77.0
Ratnapura,2024-01-19,2024-01-27,2,validation,72.0,54.738174,43.0
Ratnapura,2024-01-26,2024-02-03,2,validation,82.0,79.17336,67.0
Ratnapura,2024-02-02,2024-02-10,2,validation,14.0,71.08326,72.0
Ratnapura,2024-02-09,2024-02-17,2,validation,57.0,73.68762,82.0
Ratnapura,2024-02-16,2024-02-24,2,validation,57.0,39.62654,14.0
Ratnapura,2024-02-23,2024-03-02,2,validation,38.0,49.01072,57.0
Ratnapura,2024-03-01,2024-03-09,2,validation,56.0,55.142647,57.0
Ratnapura,2024-03-08,2024-03-16,2,validation,48.0,44.128742,38.0
Ratnapura,2024-03-15,2024-03-23,2,validation,53.0,50.61623,56.0
Ratnapura,2024-03-22,2024-03-30,2,validation,49.0,50.612522,48.0
Ratnapura,2024-03-29,2024-04-06,2,validation,39.0,49.848736,53.0
Ratnapura,2024-04-05,2024-04-13,2,validation,44.0,49.80294,49.0
Ratnapura,2024-04-12,2024-04-20,2,validation,67.0,47.012375,39.0
Ratnapura,2024-04-19,2024-04-27,2,validation,74.0,53.826214,44.0
Ratnapura,2024-04-26,2024-05-04,2,validation,88.0,75.424225,67.0
Ratnapura,2024-05-03,2024-05-11,2,validation,72.0,77.00435,74.0
Ratnapura,2024-05-10,2024-05-18,2,validation,76.0,100.40066,88.0
Ratnapura,2024-05-17,2024-05-25,2,validation,84.0,84.404724,72.0
Ratnapura,2024-05-24,2024-06-01,2,validation,60.0,85.497116,76.0
Ratnapura,2024-05-31,2024-06-08,2,validation,47.0,132.22185,84.0
Ratnapura,2024-06-07,2024-06-15,2,validation,57.0,102.81102,60.0
Ratnapura,2024-06-14,2024-06-22,2,validation,58.0,96.18412,47.0
Ratnapura,2024-06-21,2024-06-29,2,validation,52.0,226.55365,57.0
Ratnapura,2024-06-28,2024-07-06,2,validation,51.0,232.3795,58.0
Ratnapura,2024-07-05,2024-07-13,2,validation,81.0,162.49927,52.0
Ratnapura,2024-07-12,2024-07-20,2,validation,76.0,74.3434,51.0
Ratnapura,2024-07-19,2024-07-27,2,validation,72.0,65.01525,81.0
Ratnapura,2024-07-26,2024-08-03,2,validation,51.0,62.293884,76.0
Ratnapura,2024-08-02,2024-08-10,2,validation,38.0,61.549747,72.0
Ratnapura,2024-08-09,2024-08-17,2,validation,25.0,51.137375,51.0
Ratnapura,2024-08-16,2024-08-24,2,validation,48.0,38.686344,38.0
Ratnapura,2024-08-23,2024-08-31,2,validation,51.0,31.630814,25.0
Ratnapura,2024-08-30,2024-09-07,2,validation,18.0,44.07417,48.0
Ratnapura,2024-09-06,2024-09-14,2,validation,32.0,52.032253,51.0
Ratnapura,2024-09-13,2024-09-21,2,validation,40.0,63.25858,18.0
Ratnapura,2024-09-20,2024-09-28,2,validation,31.0,37.275913,32.0
Ratnapura,2024-09-27,2024-10-05,2,validation,45.0,40.95114,40.0
Ratnapura,2024-10-04,2024-10-12,2,validation,42.0,50.3055,31.0
Ratnapura,2024-10-11,2024-10-19,2,validation,54.0,40.119972,45.0
Ratnapura,2024-10-18,2024-10-26,2,validation,61.0,41.64666,42.0
Ratnapura,2024-10-25,2024-11-02,2,validation,48.0,48.834213,54.0
Ratnapura,2024-11-01,2024-11-09,2,validation,41.0,62.325855,61.0
Ratnapura,2024-11-08,2024-11-16,2,validation,54.0,52.844345,48.0
Ratnapura,2024-11-15,2024-11-23,2,validation,53.0,44.607307,41.0
Ratnapura,2024-11-22,2024-11-30,2,validation,38.0,51.18447,54.0
Ratnapura,2024-11-29,2024-12-07,2,validation,44.0,61.15595,53.0
Ratnapura,2024-12-06,2024-12-14,2,validation,20.0,43.59672,38.0
Ratnapura,2024-12-13,2024-12-21,2,validation,47.0,64.47261,44.0
Ratnapura,2024-12-20,2024-12-28,2,validation,30.0,48.119442,20.0
Trincomalee,2023-12-29,2024-01-06,2,validation,50.0,29.771736,23.0
Trincomalee,2024-01-05,2024-01-13,2,validation,33.0,44.189774,42.0
Trincomalee,2024-01-12,2024-01-20,2,validation,42.0,51.691704,50.0
Trincomalee,2024-01-19,2024-01-27,2,validation,29.0,42.804394,33.0
Trincomalee,2024-01-26,2024-02-03,2,validation,31.0,41.436527,42.0
Trincomalee,2024-02-02,2024-02-10,2,validation,33.0,35.191162,29.0
Trincomalee,2024-02-09,2024-02-17,2,validation,26.0,34.367912,31.0
Trincomalee,2024-02-16,2024-02-24,2,validation,26.0,32.007072,33.0
Trincomalee,2024-02-23,2024-03-02,2,validation,13.0,24.662788,26.0
Trincomalee,2024-03-01,2024-03-09,2,validation,23.0,24.079556,26.0
Trincomalee,2024-03-08,2024-03-16,2,validation,21.0,17.010742,13.0
Trincomalee,2024-03-15,2024-03-23,2,validation,12.0,18.416746,23.0
Trincomalee,2024-03-22,2024-03-30,2,validation,7.0,19.733362,21.0
Trincomalee,2024-03-29,2024-04-06,2,validation,9.0,16.696157,12.0
Trincomalee,2024-04-05,2024-04-13,2,validation,17.0,10.880035,7.0
Trincomalee,2024-04-12,2024-04-20,2,validation,9.0,10.01371,9.0
Trincomalee,2024-04-19,2024-04-27,2,validation,19.0,12.500844,17.0
Trincomalee,2024-04-26,2024-05-04,2,validation,18.0,9.643019,9.0
Trincomalee,2024-05-03,2024-05-11,2,validation,12.0,11.820154,19.0
Trincomalee,2024-05-10,2024-05-18,2,validation,6.0,13.962838,18.0
Trincomalee,2024-05-17,2024-05-25,2,validation,7.0,16.055326,12.0
Trincomalee,2024-05-24,2024-06-01,2,validation,10.0,13.625717,6.0
Trincomalee,2024-05-31,2024-06-08,2,validation,7.0,9.066227,7.0
Trincomalee,2024-06-07,2024-06-15,2,validation,12.0,11.872672,10.0
Trincomalee,2024-06-14,2024-06-22,2,validation,10.0,8.153432,7.0
Trincomalee,2024-06-21,2024-06-29,2,validation,11.0,16.974386,12.0
Trincomalee,2024-06-28,2024-07-06,2,validation,7.0,11.81617,10.0
Trincomalee,2024-07-05,2024-07-13,2,validation,14.0,9.823959,11.0
Trincomalee,2024-07-12,2024-07-20,2,validation,8.0,7.202971,7.0
Trincomalee,2024-07-19,2024-07-27,2,validation,12.0,7.805934,14.0
Trincomalee,2024-07-26,2024-08-03,2,validation,12.0,6.179396,8.0
Trincomalee,2024-08-02,2024-08-10,2,validation,10.0,8.330826,12.0
Trincomalee,2024-08-09,2024-08-17,2,validation,3.0,10.170551,12.0
Trincomalee,2024-08-16,2024-08-24,2,validation,8.0,10.610993,10.0
Trincomalee,2024-08-23,2024-08-31,2,validation,2.0,5.0647244,3.0
Trincomalee,2024-08-30,2024-09-07,2,validation,6.0,5.3436275,8.0
Trincomalee,2024-09-06,2024-09-14,2,validation,3.0,5.5159545,2.0
Trincomalee,2024-09-13,2024-09-21,2,validation,2.0,4.6323547,6.0
Trincomalee,2024-09-20,2024-09-28,2,validation,2.0,3.222183,3.0
Trincomalee,2024-09-27,2024-10-05,2,validation,5.0,3.2523637,2.0
Trincomalee,2024-10-04,2024-10-12,2,validation,3.0,3.0749278,2.0
Trincomalee,2024-10-11,2024-10-19,2,validation,4.0,4.806522,5.0
Trincomalee,2024-10-18,2024-10-26,2,validation,9.0,4.072498,3.0
Trincomalee,2024-10-25,2024-11-02,2,validation,8.0,4.7790647,4.0
Trincomalee,2024-11-01,2024-11-09,2,validation,16.0,8.362319,9.0
Trincomalee,2024-11-08,2024-11-16,2,validation,13.0,8.159428,8.0
Trincomalee,2024-11-15,2024-11-23,2,validation,9.0,13.892469,16.0
Trincomalee,2024-11-22,2024-11-30,2,validation,14.0,15.327149,13.0
Trincomalee,2024-11-29,2024-12-07,2,validation,20.0,14.417927,9.0
Trincomalee,2024-12-06,2024-12-14,2,validation,19.0,14.444517,14.0
Trincomalee,2024-12-13,2024-12-21,2,validation,30.0,24.529444,20.0
Trincomalee,2024-12-20,2024-12-28,2,validation,28.0,29.951077,19.0
Vavuniya,2023-12-29,2024-01-06,2,validation,27.0,19.958406,19.0
Vavuniya,2024-01-05,2024-01-13,2,validation,14.0,24.689104,20.0
Vavuniya,2024-01-12,2024-01-20,2,validation,19.0,27.596697,27.0
Vavuniya,2024-01-19,2024-01-27,2,validation,5.0,17.937471,14.0
Vavuniya,2024-01-26,2024-02-03,2,validation,7.0,18.34093,19.0
Vavuniya,2024-02-02,2024-02-10,2,validation,3.0,13.042624,5.0
Vavuniya,2024-02-09,2024-02-17,2,validation,4.0,10.104067,7.0
Vavuniya,2024-02-16,2024-02-24,2,validation,3.0,4.122726,3.0
Vavuniya,2024-02-23,2024-03-02,2,validation,5.0,3.5125515,4.0
Vavuniya,2024-03-01,2024-03-09,2,validation,5.0,2.4837363,3.0
Vavuniya,2024-03-08,2024-03-16,2,validation,2.0,2.5705209,5.0
Vavuniya,2024-03-15,2024-03-23,2,validation,2.0,2.435264,5.0
Vavuniya,2024-03-22,2024-03-30,2,validation,1.0,2.5429177,2.0
Vavuniya,2024-03-29,2024-04-06,2,validation,0.0,2.5964856,2.0
Vavuniya,2024-04-05,2024-04-13,2,validation,0.0,2.6500387,1.0
Vavuniya,2024-04-12,2024-04-20,2,validation,0.0,2.6308384,0.0
Vavuniya,2024-04-19,2024-04-27,2,validation,0.0,2.39212,0.0
Vavuniya,2024-04-26,2024-05-04,2,validation,4.0,1.6396918,0.0
Vavuniya,2024-05-03,2024-05-11,2,validation,2.0,1.5434079,0.0
Vavuniya,2024-05-10,2024-05-18,2,validation,0.0,2.465001,4.0
Vavuniya,2024-05-17,2024-05-25,2,validation,1.0,3.4476566,2.0
Vavuniya,2024-05-24,2024-06-01,2,validation,4.0,3.919648,0.0
Vavuniya,2024-05-31,2024-06-08,2,validation,2.0,4.0444736,1.0
Vavuniya,2024-06-07,2024-06-15,2,validation,1.0,6.5910587,4.0
Vavuniya,2024-06-14,2024-06-22,2,validation,1.0,4.421102,2.0
Vavuniya,2024-06-21,2024-06-29,2,validation,4.0,9.472644,1.0
Vavuniya,2024-06-28,2024-07-06,2,validation,3.0,4.6427994,1.0
Vavuniya,2024-07-05,2024-07-13,2,validation,1.0,2.9774702,4.0
Vavuniya,2024-07-12,2024-07-20,2,validation,5.0,1.5124772,3.0
Vavuniya,2024-07-19,2024-07-27,2,validation,1.0,0.49207425,1.0
Vavuniya,2024-07-26,2024-08-03,2,validation,0.0,1.1835325,5.0
Vavuniya,2024-08-02,2024-08-10,2,validation,5.0,1.001689,1.0
Vavuniya,2024-08-09,2024-08-17,2,validation,3.0,0.59894085,0.0
Vavuniya,2024-08-16,2024-08-24,2,validation,0.0,1.8769984,5.0
Vavuniya,2024-08-23,2024-08-31,2,validation,1.0,2.0315888,3.0
Vavuniya,2024-08-30,2024-09-07,2,validation,1.0,2.3319855,0.0
Vavuniya,2024-09-06,2024-09-14,2,validation,2.0,3.9434814,1.0
Vavuniya,2024-09-13,2024-09-21,2,validation,0.0,2.8130512,1.0
Vavuniya,2024-09-20,2024-09-28,2,validation,0.0,1.4515436,2.0
Vavuniya,2024-09-27,2024-10-05,2,validation,1.0,1.8142667,0.0
Vavuniya,2024-10-04,2024-10-12,2,validation,3.0,2.3754647,0.0
Vavuniya,2024-10-11,2024-10-19,2,validation,1.0,3.6897295,1.0
Vavuniya,2024-10-18,2024-10-26,2,validation,1.0,3.9569468,3.0
Vavuniya,2024-10-25,2024-11-02,2,validation,2.0,4.304393,1.0
Vavuniya,2024-11-01,2024-11-09,2,validation,0.0,5.2475696,1.0
Vavuniya,2024-11-08,2024-11-16,2,validation,5.0,4.690549,2.0
Vavuniya,2024-11-15,2024-11-23,2,validation,3.0,5.756381,0.0
Vavuniya,2024-11-22,2024-11-30,2,validation,2.0,5.7644916,5.0
Vavuniya,2024-11-29,2024-12-07,2,validation,4.0,6.67556,3.0
Vavuniya,2024-12-06,2024-12-14,2,validation,4.0,5.8717065,2.0
Vavuniya,2024-12-13,2024-12-21,2,validation,2.0,6.5286484,4.0
Vavuniya,2024-12-20,2024-12-28,2,validation,4.0,4.718013,4.0
Ampara,2024-12-27,2025-01-04,2,test,20.0,19.984732,15.0
Ampara,2025-01-03,2025-01-11,2,test,27.0,45.265182,58.0
Ampara,2025-01-10,2025-01-18,2,test,16.0,30.661474,20.0
Ampara,2025-01-17,2025-01-25,2,test,13.0,26.687138,27.0
Ampara,2025-01-24,2025-02-01,2,test,17.0,23.542624,16.0
Ampara,2025-01-31,2025-02-08,2,test,17.0,21.938284,13.0
Ampara,2025-02-07,2025-02-15,2,test,15.0,20.86266,17.0
Ampara,2025-02-14,2025-02-22,2,test,11.0,20.285269,17.0
Ampara,2025-02-21,2025-03-01,2,test,16.0,18.481165,15.0
Ampara,2025-02-28,2025-03-08,2,test,11.0,15.854179,11.0
Ampara,2025-03-07,2025-03-15,2,test,9.0,16.45709,16.0
Ampara,2025-03-14,2025-03-22,2,test,12.0,15.913503,11.0
Ampara,2025-03-21,2025-03-29,2,test,15.0,13.599627,9.0
Ampara,2025-03-28,2025-04-05,2,test,22.0,12.730446,12.0
Ampara,2025-04-04,2025-04-12,2,test,13.0,15.310529,15.0
Ampara,2025-04-11,2025-04-19,2,test,15.0,19.761902,22.0
Ampara,2025-04-18,2025-04-26,2,test,24.0,18.307976,13.0
Ampara,2025-04-25,2025-05-03,2,test,17.0,19.590908,15.0
Ampara,2025-05-02,2025-05-10,2,test,16.0,22.93694,24.0
Ampara,2025-05-09,2025-05-17,2,test,14.0,20.905653,17.0
Ampara,2025-05-16,2025-05-24,2,test,14.0,18.912502,16.0
Ampara,2025-05-23,2025-05-31,2,test,28.0,17.218082,14.0
Ampara,2025-05-30,2025-06-07,2,test,11.0,15.833586,14.0
Ampara,2025-06-06,2025-06-14,2,test,12.0,19.855688,28.0
Ampara,2025-06-13,2025-06-21,2,test,12.0,14.7711315,11.0
Ampara,2025-06-20,2025-06-28,2,test,22.0,14.309581,12.0
Ampara,2025-06-27,2025-07-05,2,test,16.0,14.130327,12.0
Ampara,2025-07-04,2025-07-12,2,test,17.0,18.447813,22.0
Ampara,2025-07-11,2025-07-19,2,test,8.0,15.70859,16.0
Ampara,2025-07-18,2025-07-26,2,test,11.0,16.12481,17.0
Ampara,2025-07-25,2025-08-02,2,test,3.0,9.389927,8.0
Ampara,2025-08-01,2025-08-09,2,test,6.0,10.733737,11.0
Ampara,2025-08-08,2025-08-16,2,test,7.0,5.0865507,3.0
Ampara,2025-08-15,2025-08-23,2,test,7.0,5.1192975,6.0
Ampara,2025-08-22,2025-08-30,2,test,6.0,3.3826792,7.0
Ampara,2025-08-29,2025-09-06,2,test,17.0,4.125464,7.0
Ampara,2025-09-05,2025-09-13,2,test,15.0,4.67844,6.0
Ampara,2025-09-12,2025-09-20,2,test,4.0,9.8510475,17.0
Ampara,2025-09-19,2025-09-27,2,test,6.0,13.321109,15.0
Ampara,2025-09-26,2025-10-04,2,test,9.0,10.113297,4.0
Ampara,2025-10-03,2025-10-11,2,test,14.0,9.018231,6.0
Ampara,2025-10-10,2025-10-18,2,test,9.0,10.692638,9.0
Ampara,2025-10-17,2025-10-25,2,test,15.0,14.483163,14.0
Ampara,2025-10-24,2025-11-01,2,test,10.0,10.743433,9.0
Ampara,2025-10-31,2025-11-08,2,test,17.0,13.083851,15.0
Ampara,2025-11-07,2025-11-15,2,test,24.0,13.752891,10.0
Ampara,2025-11-14,2025-11-22,2,test,11.0,17.091404,17.0
Ampara,2025-11-21,2025-11-29,2,test,7.0,19.16376,24.0
Ampara,2025-11-28,2025-12-06,2,test,22.0,20.400503,11.0
Ampara,2025-12-05,2025-12-13,2,test,18.0,13.568994,7.0
Anuradhapura,2024-12-27,2025-01-04,2,test,20.0,24.691145,12.0
Anuradhapura,2025-01-03,2025-01-11,2,test,29.0,31.15012,27.0
Anuradhapura,2025-01-10,2025-01-18,2,test,16.0,24.915087,20.0
Anuradhapura,2025-01-17,2025-01-25,2,test,22.0,25.226402,29.0
Anuradhapura,2025-01-24,2025-02-01,2,test,39.0,19.848244,16.0
Anuradhapura,2025-01-31,2025-02-08,2,test,39.0,23.7516,22.0
Anuradhapura,2025-02-07,2025-02-15,2,test,24.0,31.113098,39.0
Anuradhapura,2025-02-14,2025-02-22,2,test,18.0,34.43134,39.0
Anuradhapura,2025-02-21,2025-03-01,2,test,25.0,26.153913,24.0
Anuradhapura,2025-02-28,2025-03-08,2,test,12.0,18.619867,18.0
Anuradhapura,2025-03-07,2025-03-15,2,test,8.0,23.080336,25.0
Anuradhapura,2025-03-14,2025-03-22,2,test,9.0,17.0163,12.0
Anuradhapura,2025-03-21,2025-03-29,2,test,6.0,14.733673,8.0
Anuradhapura,2025-03-28,2025-04-05,2,test,3.0,11.669493,9.0
Anuradhapura,2025-04-04,2025-04-12,2,test,4.0,9.955703,6.0
Anuradhapura,2025-04-11,2025-04-19,2,test,8.0,8.024793,3.0
Anuradhapura,2025-04-18,2025-04-26,2,test,10.0,6.314781,4.0
Anuradhapura,2025-04-25,2025-05-03,2,test,11.0,8.002609,8.0
Anuradhapura,2025-05-02,2025-05-10,2,test,11.0,10.688396,10.0
Anuradhapura,2025-05-09,2025-05-17,2,test,13.0,12.199313,11.0
Anuradhapura,2025-05-16,2025-05-24,2,test,11.0,11.246331,11.0
Anuradhapura,2025-05-23,2025-05-31,2,test,10.0,14.222522,13.0
Anuradhapura,2025-05-30,2025-06-07,2,test,7.0,14.257565,11.0
Anuradhapura,2025-06-06,2025-06-14,2,test,8.0,12.632505,10.0
Anuradhapura,2025-06-13,2025-06-21,2,test,17.0,8.110028,7.0
Anuradhapura,2025-06-20,2025-06-28,2,test,8.0,7.642903,8.0
Anuradhapura,2025-06-27,2025-07-05,2,test,8.0,13.541987,17.0
Anuradhapura,2025-07-04,2025-07-12,2,test,12.0,10.094524,8.0
Anuradhapura,2025-07-11,2025-07-19,2,test,11.0,7.155526,8.0
Anuradhapura,2025-07-18,2025-07-26,2,test,3.0,9.60639,12.0
Anuradhapura,2025-07-25,2025-08-02,2,test,6.0,9.71084,11.0
Anuradhapura,2025-08-01,2025-08-09,2,test,11.0,4.827568,3.0
Anuradhapura,2025-08-08,2025-08-16,2,test,6.0,4.398396,6.0
Anuradhapura,2025-08-15,2025-08-23,2,test,9.0,6.8082743,11.0
Anuradhapura,2025-08-22,2025-08-30,2,test,2.0,5.0103116,6.0
Anuradhapura,2025-08-29,2025-09-06,2,test,6.0,5.290382,9.0
Anuradhapura,2025-09-05,2025-09-13,2,test,3.0,3.2568414,2.0
Anuradhapura,2025-09-12,2025-09-20,2,test,2.0,4.501905,6.0
Anuradhapura,2025-09-19,2025-09-27,2,test,0.0,4.947994,3.0
Anuradhapura,2025-09-26,2025-10-04,2,test,7.0,4.5905223,2.0
Anuradhapura,2025-10-03,2025-10-11,2,test,9.0,4.696163,0.0
Anuradhapura,2025-10-10,2025-10-18,2,test,4.0,5.7887096,7.0
Anuradhapura,2025-10-17,2025-10-25,2,test,9.0,7.3497157,9.0
Anuradhapura,2025-10-24,2025-11-01,2,test,3.0,7.056484,4.0
Anuradhapura,2025-10-31,2025-11-08,2,test,8.0,8.66142,9.0
Anuradhapura,2025-11-07,2025-11-15,2,test,10.0,8.379397,3.0
Anuradhapura,2025-11-14,2025-11-22,2,test,8.0,9.872085,8.0
Anuradhapura,2025-11-21,2025-11-29,2,test,11.0,10.486588,10.0
Anuradhapura,2025-11-28,2025-12-06,2,test,12.0,8.759953,8.0
Anuradhapura,2025-12-05,2025-12-13,2,test,13.0,14.094205,11.0
Badulla,2024-12-27,2025-01-04,2,test,17.0,20.583893,19.0
Badulla,2025-01-03,2025-01-11,2,test,28.0,19.230192,5.0
Badulla,2025-01-10,2025-01-18,2,test,27.0,17.861902,17.0
Badulla,2025-01-17,2025-01-25,2,test,26.0,21.33069,28.0
Badulla,2025-01-24,2025-02-01,2,test,17.0,25.805925,27.0
Badulla,2025-01-31,2025-02-08,2,test,17.0,25.461142,26.0
Badulla,2025-02-07,2025-02-15,2,test,8.0,23.23324,17.0
Badulla,2025-02-14,2025-02-22,2,test,11.0,21.5426,17.0
Badulla,2025-02-21,2025-03-01,2,test,3.0,11.918035,8.0
Badulla,2025-02-28,2025-03-08,2,test,17.0,11.877889,11.0
Badulla,2025-03-07,2025-03-15,2,test,6.0,6.9067817,3.0
Badulla,2025-03-14,2025-03-22,2,test,12.0,11.4593935,17.0
Badulla,2025-03-21,2025-03-29,2,test,9.0,8.776803,6.0
Badulla,2025-03-28,2025-04-05,2,test,18.0,12.217841,12.0
Badulla,2025-04-04,2025-04-12,2,test,11.0,10.027188,9.0
Badulla,2025-04-11,2025-04-19,2,test,19.0,15.483575,18.0
Badulla,2025-04-18,2025-04-26,2,test,12.0,13.972801,11.0
Badulla,2025-04-25,2025-05-03,2,test,7.0,17.01065,19.0
Badulla,2025-05-02,2025-05-10,2,test,7.0,18.546717,12.0
Badulla,2025-05-09,2025-05-17,2,test,25.0,16.26295,7.0
Badulla,2025-05-16,2025-05-24,2,test,26.0,11.144104,7.0
Badulla,2025-05-23,2025-05-31,2,test,24.0,22.313248,25.0
Badulla,2025-05-30,2025-06-07,2,test,24.0,25.956718,26.0
Badulla,2025-06-06,2025-06-14,2,test,31.0,23.00094,24.0
Badulla,2025-06-13,2025-06-21,2,test,17.0,21.886436,24.0
Badulla,2025-06-20,2025-06-28,2,test,17.0,29.533106,31.0
Badulla,2025-06-27,2025-07-05,2,test,16.0,24.286667,17.0
Badulla,2025-07-04,2025-07-12,2,test,37.0,18.489367,17.0
Badulla,2025-07-11,2025-07-19,2,test,20.0,15.928695,16.0
Badulla,2025-07-18,2025-07-26,2,test,16.0,26.856798,37.0
Badulla,2025-07-25,2025-08-02,2,test,13.0,22.346354,20.0
Badulla,2025-08-01,2025-08-09,2,test,12.0,15.998625,16.0
Badulla,2025-08-08,2025-08-16,2,test,14.0,15.109048,13.0
Badulla,2025-08-15,2025-08-23,2,test,18.0,13.445808,12.0
Badulla,2025-08-22,2025-08-30,2,test,8.0,13.739074,14.0
Badulla,2025-08-29,2025-09-06,2,test,11.0,13.288477,18.0
Badulla,2025-09-05,2025-09-13,2,test,19.0,9.845193,8.0
Badulla,2025-09-12,2025-09-20,2,test,8.0,10.884692,11.0
Badulla,2025-09-19,2025-09-27,2,test,13.0,14.773268,19.0
Badulla,2025-09-26,2025-10-04,2,test,4.0,13.195616,8.0
Badulla,2025-10-03,2025-10-11,2,test,8.0,12.911643,13.0
Badulla,2025-10-10,2025-10-18,2,test,11.0,9.834493,4.0
Badulla,2025-10-17,2025-10-25,2,test,7.0,9.819867,8.0
Badulla,2025-10-24,2025-11-01,2,test,14.0,10.004338,11.0
Badulla,2025-10-31,2025-11-08,2,test,17.0,7.986761,7.0
Badulla,2025-11-07,2025-11-15,2,test,18.0,11.655318,14.0
Badulla,2025-11-14,2025-11-22,2,test,14.0,14.807968,17.0
Badulla,2025-11-21,2025-11-29,2,test,10.0,16.12608,18.0
Badulla,2025-11-28,2025-12-06,2,test,18.0,16.46411,14.0
Badulla,2025-12-05,2025-12-13,2,test,25.0,18.585817,10.0
Batticaloa,2024-12-27,2025-01-04,2,test,55.0,50.81845,47.0
Batticaloa,2025-01-03,2025-01-11,2,test,65.0,62.094032,62.0
Batticaloa,2025-01-10,2025-01-18,2,test,64.0,58.220947,55.0
Batticaloa,2025-01-17,2025-01-25,2,test,53.0,61.55455,65.0
Batticaloa,2025-01-24,2025-02-01,2,test,60.0,66.049126,64.0
Batticaloa,2025-01-31,2025-02-08,2,test,60.0,59.132233,53.0
Batticaloa,2025-02-07,2025-02-15,2,test,81.0,63.257072,60.0
Batticaloa,2025-02-14,2025-02-22,2,test,59.0,60.304474,60.0
Batticaloa,2025-02-21,2025-03-01,2,test,56.0,66.85576,81.0
Batticaloa,2025-02-28,2025-03-08,2,test,31.0,65.04804,59.0
Batticaloa,2025-03-07,2025-03-15,2,test,28.0,57.297672,56.0
Batticaloa,2025-03-14,2025-03-22,2,test,28.0,42.932137,31.0
Batticaloa,2025-03-21,2025-03-29,2,test,46.0,35.19622,28.0
Batticaloa,2025-03-28,2025-04-05,2,test,70.0,29.051367,28.0
Batticaloa,2025-04-04,2025-04-12,2,test,62.0,40.502113,46.0
Batticaloa,2025-04-11,2025-04-19,2,test,94.0,58.342384,70.0
Batticaloa,2025-04-18,2025-04-26,2,test,84.0,61.32376,62.0
Batticaloa,2025-04-25,2025-05-03,2,test,59.0,88.0479,94.0
Batticaloa,2025-05-02,2025-05-10,2,test,58.0,85.573975,84.0
Batticaloa,2025-05-09,2025-05-17,2,test,53.0,69.085884,59.0
Batticaloa,2025-05-16,2025-05-24,2,test,52.0,57.783283,58.0
Batticaloa,2025-05-23,2025-05-31,2,test,59.0,53.921062,53.0
Batticaloa,2025-05-30,2025-06-07,2,test,30.0,46.61434,52.0
Batticaloa,2025-06-06,2025-06-14,2,test,40.0,48.351307,59.0
Batticaloa,2025-06-13,2025-06-21,2,test,16.0,28.884317,30.0
Batticaloa,2025-06-20,2025-06-28,2,test,20.0,33.492085,40.0
Batticaloa,2025-06-27,2025-07-05,2,test,13.0,23.229551,16.0
Batticaloa,2025-07-04,2025-07-12,2,test,19.0,22.606575,20.0
Batticaloa,2025-07-11,2025-07-19,2,test,6.0,14.008075,13.0
Batticaloa,2025-07-18,2025-07-26,2,test,6.0,14.6560335,19.0
Batticaloa,2025-07-25,2025-08-02,2,test,12.0,9.261232,6.0
Batticaloa,2025-08-01,2025-08-09,2,test,5.0,7.640567,6.0
Batticaloa,2025-08-08,2025-08-16,2,test,6.0,8.43882,12.0
Batticaloa,2025-08-15,2025-08-23,2,test,9.0,5.911875,5.0
Batticaloa,2025-08-22,2025-08-30,2,test,8.0,4.813258,6.0
Batticaloa,2025-08-29,2025-09-06,2,test,8.0,5.641639,9.0
Batticaloa,2025-09-05,2025-09-13,2,test,9.0,5.0656466,8.0
Batticaloa,2025-09-12,2025-09-20,2,test,9.0,5.3634176,8.0
Batticaloa,2025-09-19,2025-09-27,2,test,14.0,8.242743,9.0
Batticaloa,2025-09-26,2025-10-04,2,test,16.0,7.500449,9.0
Batticaloa,2025-10-03,2025-10-11,2,test,17.0,9.500623,14.0
Batticaloa,2025-10-10,2025-10-18,2,test,13.0,14.460158,16.0
Batticaloa,2025-10-17,2025-10-25,2,test,19.0,17.447058,17.0
Batticaloa,2025-10-24,2025-11-01,2,test,29.0,16.1376,13.0
Batticaloa,2025-10-31,2025-11-08,2,test,21.0,18.726606,19.0
Batticaloa,2025-11-07,2025-11-15,2,test,21.0,24.662256,29.0
Batticaloa,2025-11-14,2025-11-22,2,test,10.0,25.059467,21.0
Batticaloa,2025-11-21,2025-11-29,2,test,16.0,24.326097,21.0
Batticaloa,2025-11-28,2025-12-06,2,test,14.0,19.587828,10.0
Batticaloa,2025-12-05,2025-12-13,2,test,20.0,21.339495,16.0
Colombo,2024-12-27,2025-01-04,2,test,245.0,232.42725,231.0
Colombo,2025-01-03,2025-01-11,2,test,247.0,229.71782,200.0
Colombo,2025-01-10,2025-01-18,2,test,284.0,215.70932,245.0
Colombo,2025-01-17,2025-01-25,2,test,225.0,230.69978,247.0
Colombo,2025-01-24,2025-02-01,2,test,252.0,271.1283,284.0
Colombo,2025-01-31,2025-02-08,2,test,252.0,229.50003,225.0
Colombo,2025-02-07,2025-02-15,2,test,217.0,257.267,252.0
Colombo,2025-02-14,2025-02-22,2,test,219.0,238.83142,252.0
Colombo,2025-02-21,2025-03-01,2,test,262.0,163.61247,217.0
Colombo,2025-02-28,2025-03-08,2,test,214.0,174.0686,219.0
Colombo,2025-03-07,2025-03-15,2,test,242.0,226.6423,262.0
Colombo,2025-03-14,2025-03-22,2,test,239.0,170.73975,214.0
Colombo,2025-03-21,2025-03-29,2,test,204.0,236.2577,242.0
Colombo,2025-03-28,2025-04-05,2,test,277.0,249.87752,239.0
Colombo,2025-04-04,2025-04-12,2,test,230.0,193.0908,204.0
Colombo,2025-04-11,2025-04-19,2,test,306.0,297.66373,277.0
Colombo,2025-04-18,2025-04-26,2,test,276.0,218.44736,230.0
Colombo,2025-04-25,2025-05-03,2,test,310.0,328.69812,306.0
Colombo,2025-05-02,2025-05-10,2,test,359.0,355.86288,276.0
Colombo,2025-05-09,2025-05-17,2,test,336.0,313.49228,310.0
Colombo,2025-05-16,2025-05-24,2,test,302.0,380.3056,359.0
Colombo,2025-05-23,2025-05-31,2,test,245.0,377.90198,336.0
Colombo,2025-05-30,2025-06-07,2,test,279.0,292.51495,302.0
Colombo,2025-06-06,2025-06-14,2,test,316.0,222.63695,245.0
Colombo,2025-06-13,2025-06-21,2,test,276.0,297.762,279.0
Colombo,2025-06-20,2025-06-28,2,test,285.0,303.1258,316.0
Colombo,2025-06-27,2025-07-05,2,test,222.0,333.58536,276.0
Colombo,2025-07-04,2025-07-12,2,test,226.0,334.85428,285.0
Colombo,2025-07-11,2025-07-19,2,test,237.0,245.67175,222.0
Colombo,2025-07-18,2025-07-26,2,test,246.0,201.87779,226.0
Colombo,2025-07-25,2025-08-02,2,test,156.0,187.82816,237.0
Colombo,2025-08-01,2025-08-09,2,test,87.0,191.6224,246.0
Colombo,2025-08-08,2025-08-16,2,test,137.0,168.94499,156.0
Colombo,2025-08-15,2025-08-23,2,test,104.0,93.702065,87.0
Colombo,2025-08-22,2025-08-30,2,test,103.0,108.25881,137.0
Colombo,2025-08-29,2025-09-06,2,test,117.0,78.6059,104.0
Colombo,2025-09-05,2025-09-13,2,test,120.0,90.43906,103.0
Colombo,2025-09-12,2025-09-20,2,test,155.0,117.63628,117.0
Colombo,2025-09-19,2025-09-27,2,test,129.0,123.65618,120.0
Colombo,2025-09-26,2025-10-04,2,test,130.0,166.82872,155.0
Colombo,2025-10-03,2025-10-11,2,test,157.0,146.86124,129.0
Colombo,2025-10-10,2025-10-18,2,test,214.0,149.37064,130.0
Colombo,2025-10-17,2025-10-25,2,test,153.0,172.78775,157.0
Colombo,2025-10-24,2025-11-01,2,test,184.0,179.83244,214.0
Colombo,2025-10-31,2025-11-08,2,test,266.0,186.77971,153.0
Colombo,2025-11-07,2025-11-15,2,test,226.0,217.59706,184.0
Colombo,2025-11-14,2025-11-22,2,test,286.0,257.7429,266.0
Colombo,2025-11-21,2025-11-29,2,test,272.0,223.48863,226.0
Colombo,2025-11-28,2025-12-06,2,test,318.0,264.23486,286.0
Colombo,2025-12-05,2025-12-13,2,test,340.0,296.10443,272.0
Galle,2024-12-27,2025-01-04,2,test,82.0,28.996601,25.0
Galle,2025-01-03,2025-01-11,2,test,51.0,37.871025,30.0
Galle,2025-01-10,2025-01-18,2,test,48.0,59.847332,82.0
Galle,2025-01-17,2025-01-25,2,test,53.0,54.91576,51.0
Galle,2025-01-24,2025-02-01,2,test,44.0,51.030952,48.0
Galle,2025-01-31,2025-02-08,2,test,44.0,53.196983,53.0
Galle,2025-02-07,2025-02-15,2,test,43.0,48.123547,44.0
Galle,2025-02-14,2025-02-22,2,test,21.0,46.216408,44.0
Galle,2025-02-21,2025-03-01,2,test,40.0,43.894432,43.0
Galle,2025-02-28,2025-03-08,2,test,24.0,29.031364,21.0
Galle,2025-03-07,2025-03-15,2,test,35.0,35.973717,40.0
Galle,2025-03-14,2025-03-22,2,test,31.0,29.801268,24.0
Galle,2025-03-21,2025-03-29,2,test,34.0,35.558952,35.0
Galle,2025-03-28,2025-04-05,2,test,29.0,38.02293,31.0
Galle,2025-04-04,2025-04-12,2,test,23.0,37.928097,34.0
Galle,2025-04-11,2025-04-19,2,test,55.0,33.936466,29.0
Galle,2025-04-18,2025-04-26,2,test,29.0,27.7711,23.0
Galle,2025-04-25,2025-05-03,2,test,32.0,44.769604,55.0
Galle,2025-05-02,2025-05-10,2,test,44.0,36.80037,29.0
Galle,2025-05-09,2025-05-17,2,test,56.0,35.02869,32.0
Galle,2025-05-16,2025-05-24,2,test,44.0,41.54424,44.0
Galle,2025-05-23,2025-05-31,2,test,49.0,53.079647,56.0
Galle,2025-05-30,2025-06-07,2,test,44.0,47.69621,44.0
Galle,2025-06-06,2025-06-14,2,test,73.0,49.4227,49.0
Galle,2025-06-13,2025-06-21,2,test,79.0,48.073822,44.0
Galle,2025-06-20,2025-06-28,2,test,47.0,62.52514,73.0
Galle,2025-06-27,2025-07-05,2,test,56.0,70.99365,79.0
Galle,2025-07-04,2025-07-12,2,test,43.0,78.30837,47.0
Galle,2025-07-11,2025-07-19,2,test,66.0,55.678875,56.0
Galle,2025-07-18,2025-07-26,2,test,44.0,47.69248,43.0
Galle,2025-07-25,2025-08-02,2,test,37.0,57.744442,66.0
Galle,2025-08-01,2025-08-09,2,test,48.0,45.03996,44.0
Galle,2025-08-08,2025-08-16,2,test,27.0,40.104706,37.0
Galle,2025-08-15,2025-08-23,2,test,37.0,46.463123,48.0
Galle,2025-08-22,2025-08-30,2,test,33.0,32.63858,27.0
Galle,2025-08-29,2025-09-06,2,test,44.0,33.291737,37.0
Galle,2025-09-05,2025-09-13,2,test,29.0,37.971836,33.0
Galle,2025-09-12,2025-09-20,2,test,35.0,41.562603,44.0
Galle,2025-09-19,2025-09-27,2,test,30.0,33.7053,29.0
Galle,2025-09-26,2025-10-04,2,test,34.0,36.67632,35.0
Galle,2025-10-03,2025-10-11,2,test,40.0,33.426785,30.0
Galle,2025-10-10,2025-10-18,2,test,29.0,38.62613,34.0
Galle,2025-10-17,2025-10-25,2,test,30.0,43.28994,40.0
Galle,2025-10-24,2025-11-01,2,test,27.0,32.91271,29.0
Galle,2025-10-31,2025-11-08,2,test,36.0,28.86126,30.0
Galle,2025-11-07,2025-11-15,2,test,48.0,32.219494,27.0
Galle,2025-11-14,2025-11-22,2,test,68.0,37.705273,36.0
Galle,2025-11-21,2025-11-29,2,test,68.0,47.100697,48.0
Galle,2025-11-28,2025-12-06,2,test,81.0,59.148808,68.0
Galle,2025-12-05,2025-12-13,2,test,82.0,63.966045,68.0
Gampaha,2024-12-27,2025-01-04,2,test,191.0,109.70894,131.0
Gampaha,2025-01-03,2025-01-11,2,test,157.0,175.12296,186.0
Gampaha,2025-01-10,2025-01-18,2,test,184.0,180.00577,191.0
Gampaha,2025-01-17,2025-01-25,2,test,162.0,150.95668,157.0
Gampaha,2025-01-24,2025-02-01,2,test,131.0,162.33533,184.0
Gampaha,2025-01-31,2025-02-08,2,test,131.0,154.93243,162.0
Gampaha,2025-02-07,2025-02-15,2,test,132.0,139.29749,131.0
Gampaha,2025-02-14,2025-02-22,2,test,119.0,136.1942,131.0
Gampaha,2025-02-21,2025-03-01,2,test,142.0,108.347244,132.0
Gampaha,2025-02-28,2025-03-08,2,test,132.0,95.43942,119.0
Gampaha,2025-03-07,2025-03-15,2,test,125.0,120.70569,142.0
Gampaha,2025-03-14,2025-03-22,2,test,135.0,119.96659,132.0
Gampaha,2025-03-21,2025-03-29,2,test,135.0,124.83385,125.0
Gampaha,2025-03-28,2025-04-05,2,test,137.0,139.373,135.0
Gampaha,2025-04-04,2025-04-12,2,test,171.0,142.1181,135.0
Gampaha,2025-04-11,2025-04-19,2,test,166.0,155.3666,137.0
Gampaha,2025-04-18,2025-04-26,2,test,158.0,164.35988,171.0
Gampaha,2025-04-25,2025-05-03,2,test,194.0,179.58487,166.0
Gampaha,2025-05-02,2025-05-10,2,test,224.0,202.03108,158.0
Gampaha,2025-05-09,2025-05-17,2,test,208.0,201.85872,194.0
Gampaha,2025-05-16,2025-05-24,2,test,197.0,227.13516,224.0
Gampaha,2025-05-23,2025-05-31,2,test,228.0,229.03177,208.0
Gampaha,2025-05-30,2025-06-07,2,test,207.0,199.4503,197.0
Gampaha,2025-06-06,2025-06-14,2,test,217.0,213.81712,228.0
Gampaha,2025-06-13,2025-06-21,2,test,167.0,235.16698,207.0
Gampaha,2025-06-20,2025-06-28,2,test,181.0,211.31624,217.0
Gampaha,2025-06-27,2025-07-05,2,test,154.0,212.29123,167.0
Gampaha,2025-07-04,2025-07-12,2,test,193.0,219.50793,181.0
Gampaha,2025-07-11,2025-07-19,2,test,175.0,230.17607,154.0
Gampaha,2025-07-18,2025-07-26,2,test,148.0,181.13626,193.0
Gampaha,2025-07-25,2025-08-02,2,test,96.0,154.39195,175.0
Gampaha,2025-08-01,2025-08-09,2,test,91.0,124.8727,148.0
Gampaha,2025-08-08,2025-08-16,2,test,108.0,96.1431,96.0
Gampaha,2025-08-15,2025-08-23,2,test,63.0,84.38362,91.0
Gampaha,2025-08-22,2025-08-30,2,test,58.0,82.1477,108.0
Gampaha,2025-08-29,2025-09-06,2,test,92.0,63.767056,63.0
Gampaha,2025-09-05,2025-09-13,2,test,93.0,59.826344,58.0
Gampaha,2025-09-12,2025-09-20,2,test,78.0,82.17331,92.0
Gampaha,2025-09-19,2025-09-27,2,test,56.0,96.49998,93.0
Gampaha,2025-09-26,2025-10-04,2,test,82.0,79.54808,78.0
Gampaha,2025-10-03,2025-10-11,2,test,83.0,67.17415,56.0
Gampaha,2025-10-10,2025-10-18,2,test,95.0,74.07721,82.0
Gampaha,2025-10-17,2025-10-25,2,test,112.0,85.017784,83.0
Gampaha,2025-10-24,2025-11-01,2,test,128.0,92.28215,95.0
Gampaha,2025-10-31,2025-11-08,2,test,131.0,108.429665,112.0
Gampaha,2025-11-07,2025-11-15,2,test,159.0,140.10953,128.0
Gampaha,2025-11-14,2025-11-22,2,test,138.0,169.53815,131.0
Gampaha,2025-11-21,2025-11-29,2,test,186.0,165.8728,159.0
Gampaha,2025-11-28,2025-12-06,2,test,202.0,139.31868,138.0
Gampaha,2025-12-05,2025-12-13,2,test,214.0,164.63852,186.0
Hambantota,2024-12-27,2025-01-04,2,test,35.0,22.81412,21.0
Hambantota,2025-01-03,2025-01-11,2,test,32.0,44.141884,36.0
Hambantota,2025-01-10,2025-01-18,2,test,24.0,37.711327,35.0
Hambantota,2025-01-17,2025-01-25,2,test,22.0,36.557945,32.0
Hambantota,2025-01-24,2025-02-01,2,test,15.0,29.413563,24.0
Hambantota,2025-01-31,2025-02-08,2,test,15.0,27.288424,22.0
Hambantota,2025-02-07,2025-02-15,2,test,10.0,23.361794,15.0
Hambantota,2025-02-14,2025-02-22,2,test,12.0,19.388433,15.0
Hambantota,2025-02-21,2025-03-01,2,test,17.0,15.4485235,10.0
Hambantota,2025-02-28,2025-03-08,2,test,14.0,12.995745,12.0
Hambantota,2025-03-07,2025-03-15,2,test,18.0,14.837022,17.0
Hambantota,2025-03-14,2025-03-22,2,test,12.0,15.429694,14.0
Hambantota,2025-03-21,2025-03-29,2,test,13.0,18.258087,18.0
Hambantota,2025-03-28,2025-04-05,2,test,10.0,17.867804,12.0
Hambantota,2025-04-04,2025-04-12,2,test,12.0,18.502607,13.0
Hambantota,2025-04-11,2025-04-19,2,test,23.0,17.696676,10.0
Hambantota,2025-04-18,2025-04-26,2,test,24.0,15.426089,12.0
Hambantota,2025-04-25,2025-05-03,2,test,16.0,19.300274,23.0
Hambantota,2025-05-02,2025-05-10,2,test,20.0,24.200787,24.0
Hambantota,2025-05-09,2025-05-17,2,test,20.0,21.162722,16.0
Hambantota,2025-05-16,2025-05-24,2,test,8.0,21.354063,20.0
Hambantota,2025-05-23,2025-05-31,2,test,24.0,23.119202,20.0
Hambantota,2025-05-30,2025-06-07,2,test,15.0,16.531755,8.0
Hambantota,2025-06-06,2025-06-14,2,test,22.0,19.345026,24.0
Hambantota,2025-06-13,2025-06-21,2,test,21.0,16.688484,15.0
Hambantota,2025-06-20,2025-06-28,2,test,24.0,20.084621,22.0
Hambantota,2025-06-27,2025-07-05,2,test,31.0,21.022076,21.0
Hambantota,2025-07-04,2025-07-12,2,test,46.0,21.036448,24.0
Hambantota,2025-07-11,2025-07-19,2,test,31.0,25.472733,31.0
Hambantota,2025-07-18,2025-07-26,2,test,24.0,33.77549,46.0
Hambantota,2025-07-25,2025-08-02,2,test,17.0,30.40944,31.0
Hambantota,2025-08-01,2025-08-09,2,test,15.0,21.688875,24.0
Hambantota,2025-08-08,2025-08-16,2,test,7.0,16.137846,17.0
Hambantota,2025-08-15,2025-08-23,2,test,18.0,15.180155,15.0
Hambantota,2025-08-22,2025-08-30,2,test,9.0,9.026272,7.0
Hambantota,2025-08-29,2025-09-06,2,test,9.0,11.162092,18.0
Hambantota,2025-09-05,2025-09-13,2,test,7.0,9.213673,9.0
Hambantota,2025-09-12,2025-09-20,2,test,19.0,7.2414365,9.0
Hambantota,2025-09-19,2025-09-27,2,test,15.0,6.600623,7.0
Hambantota,2025-09-26,2025-10-04,2,test,10.0,12.637782,19.0
Hambantota,2025-10-03,2025-10-11,2,test,10.0,12.900065,15.0
Hambantota,2025-10-10,2025-10-18,2,test,6.0,13.173452,10.0
Hambantota,2025-10-17,2025-10-25,2,test,14.0,12.834328,10.0
Hambantota,2025-10-24,2025-11-01,2,test,18.0,10.812795,6.0
Hambantota,2025-10-31,2025-11-08,2,test,14.0,12.546028,14.0
Hambantota,2025-11-07,2025-11-15,2,test,15.0,14.877224,18.0
Hambantota,2025-11-14,2025-11-22,2,test,13.0,16.86002,14.0
Hambantota,2025-11-21,2025-11-29,2,test,24.0,17.01447,15.0
Hambantota,2025-11-28,2025-12-06,2,test,28.0,16.161907,13.0
Hambantota,2025-12-05,2025-12-13,2,test,42.0,19.848637,24.0
Jaffna,2024-12-27,2025-01-04,2,test,52.0,99.78112,76.0
Jaffna,2025-01-03,2025-01-11,2,test,37.0,82.840324,58.0
Jaffna,2025-01-10,2025-01-18,2,test,57.0,54.81306,52.0
Jaffna,2025-01-17,2025-01-25,2,test,39.0,50.49501,37.0
Jaffna,2025-01-24,2025-02-01,2,test,35.0,59.639545,57.0
Jaffna,2025-01-31,2025-02-08,2,test,35.0,45.27215,39.0
Jaffna,2025-02-07,2025-02-15,2,test,30.0,41.27839,35.0
Jaffna,2025-02-14,2025-02-22,2,test,28.0,38.235096,35.0
Jaffna,2025-02-21,2025-03-01,2,test,15.0,29.335789,30.0
Jaffna,2025-02-28,2025-03-08,2,test,23.0,29.0397,28.0
Jaffna,2025-03-07,2025-03-15,2,test,25.0,20.74321,15.0
Jaffna,2025-03-14,2025-03-22,2,test,24.0,24.010948,23.0
Jaffna,2025-03-21,2025-03-29,2,test,15.0,26.99449,25.0
Jaffna,2025-03-28,2025-04-05,2,test,11.0,23.045391,24.0
Jaffna,2025-04-04,2025-04-12,2,test,18.0,19.993534,15.0
Jaffna,2025-04-11,2025-04-19,2,test,44.0,18.00494,11.0
Jaffna,2025-04-18,2025-04-26,2,test,20.0,15.799604,18.0
Jaffna,2025-04-25,2025-05-03,2,test,18.0,30.191563,44.0
Jaffna,2025-05-02,2025-05-10,2,test,27.0,25.46011,20.0
Jaffna,2025-05-09,2025-05-17,2,test,35.0,18.793354,18.0
Jaffna,2025-05-16,2025-05-24,2,test,20.0,22.690418,27.0
Jaffna,2025-05-23,2025-05-31,2,test,26.0,31.651148,35.0
Jaffna,2025-05-30,2025-06-07,2,test,25.0,27.518461,20.0
Jaffna,2025-06-06,2025-06-14,2,test,24.0,24.29117,26.0
Jaffna,2025-06-13,2025-06-21,2,test,12.0,24.367712,25.0
Jaffna,2025-06-20,2025-06-28,2,test,17.0,21.693176,24.0
Jaffna,2025-06-27,2025-07-05,2,test,26.0,18.860283,12.0
Jaffna,2025-07-04,2025-07-12,2,test,31.0,19.263132,17.0
Jaffna,2025-07-11,2025-07-19,2,test,19.0,19.93392,26.0
Jaffna,2025-07-18,2025-07-26,2,test,15.0,26.127283,31.0
Jaffna,2025-07-25,2025-08-02,2,test,9.0,21.062904,19.0
Jaffna,2025-08-01,2025-08-09,2,test,20.0,17.47592,15.0
Jaffna,2025-08-08,2025-08-16,2,test,6.0,14.353326,9.0
Jaffna,2025-08-15,2025-08-23,2,test,12.0,21.723194,20.0
Jaffna,2025-08-22,2025-08-30,2,test,22.0,11.233229,6.0
Jaffna,2025-08-29,2025-09-06,2,test,14.0,11.706679,12.0
Jaffna,2025-09-05,2025-09-13,2,test,5.0,17.598297,22.0
Jaffna,2025-09-12,2025-09-20,2,test,14.0,16.61012,14.0
Jaffna,2025-09-19,2025-09-27,2,test,18.0,12.448343,5.0
Jaffna,2025-09-26,2025-10-04,2,test,19.0,15.816188,14.0
Jaffna,2025-10-03,2025-10-11,2,test,26.0,15.492858,18.0
Jaffna,2025-10-10,2025-10-18,2,test,26.0,17.983501,19.0
Jaffna,2025-10-17,2025-10-25,2,test,55.0,27.5679,26.0
Jaffna,2025-10-24,2025-11-01,2,test,54.0,36.79806,26.0
Jaffna,2025-10-31,2025-11-08,2,test,54.0,46.162014,55.0
Jaffna,2025-11-07,2025-11-15,2,test,57.0,55.619053,54.0
Jaffna,2025-11-14,2025-11-22,2,test,49.0,59.657116,54.0
Jaffna,2025-11-21,2025-11-29,2,test,58.0,65.1368,57.0
Jaffna,2025-11-28,2025-12-06,2,test,78.0,64.29205,49.0
Jaffna,2025-12-05,2025-12-13,2,test,76.0,68.03684,58.0
Kalutara,2024-12-27,2025-01-04,2,test,24.0,42.023857,34.0
Kalutara,2025-01-03,2025-01-11,2,test,51.0,69.550026,65.0
Kalutara,2025-01-10,2025-01-18,2,test,38.0,33.720688,24.0
Kalutara,2025-01-17,2025-01-25,2,test,29.0,44.39157,51.0
Kalutara,2025-01-24,2025-02-01,2,test,29.0,42.11735,38.0
Kalutara,2025-01-31,2025-02-08,2,test,29.0,33.647778,29.0
Kalutara,2025-02-07,2025-02-15,2,test,44.0,29.041445,29.0
Kalutara,2025-02-14,2025-02-22,2,test,31.0,28.012693,29.0
Kalutara,2025-02-21,2025-03-01,2,test,43.0,36.462917,44.0
Kalutara,2025-02-28,2025-03-08,2,test,37.0,32.546543,31.0
Kalutara,2025-03-07,2025-03-15,2,test,35.0,36.184494,43.0
Kalutara,2025-03-14,2025-03-22,2,test,30.0,37.91641,37.0
Kalutara,2025-03-21,2025-03-29,2,test,39.0,40.20103,35.0
Kalutara,2025-03-28,2025-04-05,2,test,36.0,34.314915,30.0
Kalutara,2025-04-04,2025-04-12,2,test,42.0,37.46983,39.0
Kalutara,2025-04-11,2025-04-19,2,test,64.0,41.251644,36.0
Kalutara,2025-04-18,2025-04-26,2,test,59.0,43.771656,42.0
Kalutara,2025-04-25,2025-05-03,2,test,63.0,58.634274,64.0
Kalutara,2025-05-02,2025-05-10,2,test,35.0,63.629993,59.0
Kalutara,2025-05-09,2025-05-17,2,test,92.0,63.904972,63.0
Kalutara,2025-05-16,2025-05-24,2,test,71.0,46.391884,35.0
Kalutara,2025-05-23,2025-05-31,2,test,68.0,84.849625,92.0
Kalutara,2025-05-30,2025-06-07,2,test,74.0,73.02646,71.0
Kalutara,2025-06-06,2025-06-14,2,test,62.0,69.14317,68.0
Kalutara,2025-06-13,2025-06-21,2,test,92.0,73.97058,74.0
Kalutara,2025-06-20,2025-06-28,2,test,57.0,71.633865,62.0
Kalutara,2025-06-27,2025-07-05,2,test,66.0,101.63117,92.0
Kalutara,2025-07-04,2025-07-12,2,test,80.0,89.02822,57.0
Kalutara,2025-07-11,2025-07-19,2,test,53.0,71.04731,66.0
Kalutara,2025-07-18,2025-07-26,2,test,30.0,64.9175,80.0
Kalutara,2025-07-25,2025-08-02,2,test,47.0,56.973904,53.0
Kalutara,2025-08-01,2025-08-09,2,test,56.0,34.4185,30.0
Kalutara,2025-08-08,2025-08-16,2,test,39.0,42.1312,47.0
Kalutara,2025-08-15,2025-08-23,2,test,40.0,51.317913,56.0
Kalutara,2025-08-22,2025-08-30,2,test,34.0,39.58762,39.0
Kalutara,2025-08-29,2025-09-06,2,test,32.0,40.92486,40.0
Kalutara,2025-09-05,2025-09-13,2,test,27.0,39.098957,34.0
Kalutara,2025-09-12,2025-09-20,2,test,43.0,36.606316,32.0
Kalutara,2025-09-19,2025-09-27,2,test,32.0,32.486794,27.0
Kalutara,2025-09-26,2025-10-04,2,test,35.0,40.62213,43.0
Kalutara,2025-10-03,2025-10-11,2,test,24.0,38.72326,32.0
Kalutara,2025-10-10,2025-10-18,2,test,35.0,39.91354,35.0
Kalutara,2025-10-17,2025-10-25,2,test,32.0,31.849466,24.0
Kalutara,2025-10-24,2025-11-01,2,test,27.0,36.1438,35.0
Kalutara,2025-10-31,2025-11-08,2,test,35.0,37.47906,32.0
Kalutara,2025-11-07,2025-11-15,2,test,34.0,31.980053,27.0
Kalutara,2025-11-14,2025-11-22,2,test,57.0,38.478565,35.0
Kalutara,2025-11-21,2025-11-29,2,test,63.0,40.08353,34.0
Kalutara,2025-11-28,2025-12-06,2,test,53.0,51.574284,57.0
Kalutara,2025-12-05,2025-12-13,2,test,85.0,61.467854,63.0
Kandy,2024-12-27,2025-01-04,2,test,65.0,58.20845,76.0
Kandy,2025-01-03,2025-01-11,2,test,77.0,73.13041,66.0
Kandy,2025-01-10,2025-01-18,2,test,62.0,65.89504,65.0
Kandy,2025-01-17,2025-01-25,2,test,80.0,73.643814,77.0
Kandy,2025-01-24,2025-02-01,2,test,50.0,72.33579,62.0
Kandy,2025-01-31,2025-02-08,2,test,50.0,57.629227,80.0
Kandy,2025-02-07,2025-02-15,2,test,63.0,70.130554,50.0
Kandy,2025-02-14,2025-02-22,2,test,58.0,43.73248,50.0
Kandy,2025-02-21,2025-03-01,2,test,49.0,52.019314,63.0
Kandy,2025-02-28,2025-03-08,2,test,59.0,50.501785,58.0
Kandy,2025-03-07,2025-03-15,2,test,59.0,48.28921,49.0
Kandy,2025-03-14,2025-03-22,2,test,56.0,53.782597,59.0
Kandy,2025-03-21,2025-03-29,2,test,65.0,61.614765,59.0
Kandy,2025-03-28,2025-04-05,2,test,50.0,59.462852,56.0
Kandy,2025-04-04,2025-04-12,2,test,53.0,66.57191,65.0
Kandy,2025-04-11,2025-04-19,2,test,73.0,58.957188,50.0
Kandy,2025-04-18,2025-04-26,2,test,60.0,61.88413,53.0
Kandy,2025-04-25,2025-05-03,2,test,77.0,72.66529,73.0
Kandy,2025-05-02,2025-05-10,2,test,98.0,71.00064,60.0
Kandy,2025-05-09,2025-05-17,2,test,126.0,74.259674,77.0
Kandy,2025-05-16,2025-05-24,2,test,105.0,97.347855,98.0
Kandy,2025-05-23,2025-05-31,2,test,126.0,144.48552,126.0
Kandy,2025-05-30,2025-06-07,2,test,118.0,111.821884,105.0
Kandy,2025-06-06,2025-06-14,2,test,192.0,122.03876,126.0
Kandy,2025-06-13,2025-06-21,2,test,161.0,126.81665,118.0
Kandy,2025-06-20,2025-06-28,2,test,174.0,203.12247,192.0
Kandy,2025-06-27,2025-07-05,2,test,141.0,209.0937,161.0
Kandy,2025-07-04,2025-07-12,2,test,184.0,197.32443,174.0
Kandy,2025-07-11,2025-07-19,2,test,168.0,151.4852,141.0
Kandy,2025-07-18,2025-07-26,2,test,107.0,157.57574,184.0
Kandy,2025-07-25,2025-08-02,2,test,145.0,136.49942,168.0
Kandy,2025-08-01,2025-08-09,2,test,80.0,92.00533,107.0
Kandy,2025-08-08,2025-08-16,2,test,92.0,122.25006,145.0
Kandy,2025-08-15,2025-08-23,2,test,94.0,76.28323,80.0
Kandy,2025-08-22,2025-08-30,2,test,87.0,79.28544,92.0
Kandy,2025-08-29,2025-09-06,2,test,60.0,79.8846,94.0
Kandy,2025-09-05,2025-09-13,2,test,79.0,80.96555,87.0
Kandy,2025-09-12,2025-09-20,2,test,37.0,64.11091,60.0
Kandy,2025-09-19,2025-09-27,2,test,39.0,74.143394,79.0
Kandy,2025-09-26,2025-10-04,2,test,44.0,55.35,37.0
Kandy,2025-10-03,2025-10-11,2,test,44.0,46.9092,39.0
Kandy,2025-10-10,2025-10-18,2,test,52.0,49.52823,44.0
Kandy,2025-10-17,2025-10-25,2,test,58.0,48.175625,44.0
Kandy,2025-10-24,2025-11-01,2,test,56.0,51.85403,52.0
Kandy,2025-10-31,2025-11-08,2,test,71.0,51.627605,58.0
Kandy,2025-11-07,2025-11-15,2,test,88.0,58.3863,56.0
Kandy,2025-11-14,2025-11-22,2,test,60.0,67.82045,71.0
Kandy,2025-11-21,2025-11-29,2,test,50.0,83.41546,88.0
Kandy,2025-11-28,2025-12-06,2,test,82.0,79.31596,60.0
Kandy,2025-12-05,2025-12-13,2,test,85.0,57.491753,50.0
Kegalle,2024-12-27,2025-01-04,2,test,40.0,33.21211,44.0
Kegalle,2025-01-03,2025-01-11,2,test,34.0,55.7207,64.0
Kegalle,2025-01-10,2025-01-18,2,test,26.0,44.38864,40.0
Kegalle,2025-01-17,2025-01-25,2,test,24.0,39.20459,34.0
Kegalle,2025-01-24,2025-02-01,2,test,29.0,32.663353,26.0
Kegalle,2025-01-31,2025-02-08,2,test,29.0,25.809378,24.0
Kegalle,2025-02-07,2025-02-15,2,test,35.0,26.498789,29.0
Kegalle,2025-02-14,2025-02-22,2,test,22.0,25.85934,29.0
Kegalle,2025-02-21,2025-03-01,2,test,43.0,28.621056,35.0
Kegalle,2025-02-28,2025-03-08,2,test,20.0,22.959997,22.0
Kegalle,2025-03-07,2025-03-15,2,test,32.0,33.300304,43.0
Kegalle,2025-03-14,2025-03-22,2,test,24.0,23.743923,20.0
Kegalle,2025-03-21,2025-03-29,2,test,20.0,30.479517,32.0
Kegalle,2025-03-28,2025-04-05,2,test,29.0,26.53673,24.0
Kegalle,2025-04-04,2025-04-12,2,test,13.0,24.144497,20.0
Kegalle,2025-04-11,2025-04-19,2,test,35.0,27.409876,29.0
Kegalle,2025-04-18,2025-04-26,2,test,38.0,20.696377,13.0
Kegalle,2025-04-25,2025-05-03,2,test,43.0,32.80634,35.0
Kegalle,2025-05-02,2025-05-10,2,test,45.0,38.93207,38.0
Kegalle,2025-05-09,2025-05-17,2,test,43.0,42.71345,43.0
Kegalle,2025-05-16,2025-05-24,2,test,61.0,43.11371,45.0
Kegalle,2025-05-23,2025-05-31,2,test,54.0,45.63993,43.0
Kegalle,2025-05-30,2025-06-07,2,test,46.0,56.087105,61.0
Kegalle,2025-06-06,2025-06-14,2,test,48.0,53.325325,54.0
Kegalle,2025-06-13,2025-06-21,2,test,35.0,50.12764,46.0
Kegalle,2025-06-20,2025-06-28,2,test,39.0,52.24737,48.0
Kegalle,2025-06-27,2025-07-05,2,test,30.0,48.390423,35.0
Kegalle,2025-07-04,2025-07-12,2,test,41.0,50.21303,39.0
Kegalle,2025-07-11,2025-07-19,2,test,33.0,33.395306,30.0
Kegalle,2025-07-18,2025-07-26,2,test,29.0,38.00647,41.0
Kegalle,2025-07-25,2025-08-02,2,test,31.0,36.980984,33.0
Kegalle,2025-08-01,2025-08-09,2,test,19.0,29.776133,29.0
Kegalle,2025-08-08,2025-08-16,2,test,24.0,32.15565,31.0
Kegalle,2025-08-15,2025-08-23,2,test,27.0,23.793337,19.0
Kegalle,2025-08-22,2025-08-30,2,test,19.0,22.1436,24.0
Kegalle,2025-08-29,2025-09-06,2,test,67.0,24.631182,27.0
Kegalle,2025-09-05,2025-09-13,2,test,20.0,20.821377,19.0
Kegalle,2025-09-12,2025-09-20,2,test,18.0,47.42514,67.0
Kegalle,2025-09-19,2025-09-27,2,test,19.0,35.09338,20.0
Kegalle,2025-09-26,2025-10-04,2,test,18.0,26.01055,18.0
Kegalle,2025-10-03,2025-10-11,2,test,11.0,24.234745,19.0
Kegalle,2025-10-10,2025-10-18,2,test,17.0,22.51874,18.0
Kegalle,2025-10-17,2025-10-25,2,test,19.0,18.850895,11.0
Kegalle,2025-10-24,2025-11-01,2,test,17.0,18.38366,17.0
Kegalle,2025-10-31,2025-11-08,2,test,18.0,20.27578,19.0
Kegalle,2025-11-07,2025-11-15,2,test,34.0,25.091265,17.0
Kegalle,2025-11-14,2025-11-22,2,test,30.0,25.698593,18.0
Kegalle,2025-11-21,2025-11-29,2,test,18.0,38.13018,34.0
Kegalle,2025-11-28,2025-12-06,2,test,36.0,30.314457,30.0
Kegalle,2025-12-05,2025-12-13,2,test,37.0,25.50814,18.0
Kilinochchi,2024-12-27,2025-01-04,2,test,8.0,16.77373,5.0
Kilinochchi,2025-01-03,2025-01-11,2,test,3.0,16.52147,5.0
Kilinochchi,2025-01-10,2025-01-18,2,test,6.0,9.476007,8.0
Kilinochchi,2025-01-17,2025-01-25,2,test,3.0,5.3910747,3.0
Kilinochchi,2025-01-24,2025-02-01,2,test,2.0,7.248502,6.0
Kilinochchi,2025-01-31,2025-02-08,2,test,2.0,5.4305196,3.0
Kilinochchi,2025-02-07,2025-02-15,2,test,2.0,4.806711,2.0
Kilinochchi,2025-02-14,2025-02-22,2,test,1.0,3.948187,2.0
Kilinochchi,2025-02-21,2025-03-01,2,test,3.0,2.2467532,2.0
Kilinochchi,2025-02-28,2025-03-08,2,test,6.0,2.2889225,1.0
Kilinochchi,2025-03-07,2025-03-15,2,test,0.0,2.5048032,3.0
Kilinochchi,2025-03-14,2025-03-22,2,test,2.0,4.570552,6.0
Kilinochchi,2025-03-21,2025-03-29,2,test,0.0,3.9413128,0.0
Kilinochchi,2025-03-28,2025-04-05,2,test,1.0,2.775904,2.0
Kilinochchi,2025-04-04,2025-04-12,2,test,1.0,2.8494577,0.0
Kilinochchi,2025-04-11,2025-04-19,2,test,7.0,3.029402,1.0
Kilinochchi,2025-04-18,2025-04-26,2,test,1.0,1.349506,1.0
Kilinochchi,2025-04-25,2025-05-03,2,test,1.0,3.1626697,7.0
Kilinochchi,2025-05-02,2025-05-10,2,test,4.0,2.6994119,1.0
Kilinochchi,2025-05-09,2025-05-17,2,test,2.0,1.7080315,1.0
Kilinochchi,2025-05-16,2025-05-24,2,test,2.0,1.6294967,4.0
Kilinochchi,2025-05-23,2025-05-31,2,test,1.0,2.9095864,2.0
Kilinochchi,2025-05-30,2025-06-07,2,test,2.0,1.7131091,2.0
Kilinochchi,2025-06-06,2025-06-14,2,test,0.0,1.4091362,1.0
Kilinochchi,2025-06-13,2025-06-21,2,test,1.0,1.5583696,2.0
Kilinochchi,2025-06-20,2025-06-28,2,test,2.0,1.264158,0.0
Kilinochchi,2025-06-27,2025-07-05,2,test,0.0,3.5184433,1.0
Kilinochchi,2025-07-04,2025-07-12,2,test,3.0,2.7751606,2.0
Kilinochchi,2025-07-11,2025-07-19,2,test,1.0,1.6204723,0.0
Kilinochchi,2025-07-18,2025-07-26,2,test,0.0,1.4231851,3.0
Kilinochchi,2025-07-25,2025-08-02,2,test,0.0,0.32704794,1.0
Kilinochchi,2025-08-01,2025-08-09,2,test,2.0,0.61280835,0.0
Kilinochchi,2025-08-08,2025-08-16,2,test,0.0,0.080924414,0.0
Kilinochchi,2025-08-15,2025-08-23,2,test,0.0,0.45766813,2.0
Kilinochchi,2025-08-22,2025-08-30,2,test,2.0,0.20814116,0.0
Kilinochchi,2025-08-29,2025-09-06,2,test,1.0,0.13234837,0.0
Kilinochchi,2025-09-05,2025-09-13,2,test,1.0,0.55118054,2.0
Kilinochchi,2025-09-12,2025-09-20,2,test,0.0,0.9609067,1.0
Kilinochchi,2025-09-19,2025-09-27,2,test,3.0,2.1329405,1.0
Kilinochchi,2025-09-26,2025-10-04,2,test,4.0,1.7815101,0.0
Kilinochchi,2025-10-03,2025-10-11,2,test,2.0,1.5082991,3.0
Kilinochchi,2025-10-10,2025-10-18,2,test,2.0,2.3158143,4.0
Kilinochchi,2025-10-17,2025-10-25,2,test,2.0,3.0709872,2.0
Kilinochchi,2025-10-24,2025-11-01,2,test,6.0,3.6629827,2.0
Kilinochchi,2025-10-31,2025-11-08,2,test,5.0,3.8385804,2.0
Kilinochchi,2025-11-07,2025-11-15,2,test,3.0,5.276509,6.0
Kilinochchi,2025-11-14,2025-11-22,2,test,1.0,6.301442,5.0
Kilinochchi,2025-11-21,2025-11-29,2,test,4.0,5.3370075,3.0
Kilinochchi,2025-11-28,2025-12-06,2,test,10.0,5.1832347,1.0
Kilinochchi,2025-12-05,2025-12-13,2,test,5.0,6.38449,4.0
Kurunegala,2024-12-27,2025-01-04,2,test,39.0,32.428368,26.0
Kurunegala,2025-01-03,2025-01-11,2,test,30.0,30.760921,26.0
Kurunegala,2025-01-10,2025-01-18,2,test,34.0,33.52297,39.0
Kurunegala,2025-01-17,2025-01-25,2,test,18.0,31.355042,30.0
Kurunegala,2025-01-24,2025-02-01,2,test,27.0,36.368008,34.0
Kurunegala,2025-01-31,2025-02-08,2,test,27.0,26.879717,18.0
Kurunegala,2025-02-07,2025-02-15,2,test,20.0,26.896126,27.0
Kurunegala,2025-02-14,2025-02-22,2,test,25.0,25.435846,27.0
Kurunegala,2025-02-21,2025-03-01,2,test,17.0,20.732054,20.0
Kurunegala,2025-02-28,2025-03-08,2,test,23.0,22.158747,25.0
Kurunegala,2025-03-07,2025-03-15,2,test,21.0,18.012167,17.0
Kurunegala,2025-03-14,2025-03-22,2,test,19.0,19.805447,23.0
Kurunegala,2025-03-21,2025-03-29,2,test,19.0,21.853018,21.0
Kurunegala,2025-03-28,2025-04-05,2,test,17.0,20.129225,19.0
Kurunegala,2025-04-04,2025-04-12,2,test,13.0,20.417938,19.0
Kurunegala,2025-04-11,2025-04-19,2,test,53.0,20.92322,17.0
Kurunegala,2025-04-18,2025-04-26,2,test,34.0,18.531105,13.0
Kurunegala,2025-04-25,2025-05-03,2,test,30.0,40.265648,53.0
Kurunegala,2025-05-02,2025-05-10,2,test,44.0,40.164978,34.0
Kurunegala,2025-05-09,2025-05-17,2,test,47.0,33.18732,30.0
Kurunegala,2025-05-16,2025-05-24,2,test,60.0,39.59619,44.0
Kurunegala,2025-05-23,2025-05-31,2,test,43.0,45.86122,47.0
Kurunegala,2025-05-30,2025-06-07,2,test,68.0,56.939346,60.0
Kurunegala,2025-06-06,2025-06-14,2,test,77.0,47.189777,43.0
Kurunegala,2025-06-13,2025-06-21,2,test,70.0,60.898384,68.0
Kurunegala,2025-06-20,2025-06-28,2,test,51.0,68.0481,77.0
Kurunegala,2025-06-27,2025-07-05,2,test,50.0,82.317055,70.0
Kurunegala,2025-07-04,2025-07-12,2,test,49.0,72.84264,51.0
Kurunegala,2025-07-11,2025-07-19,2,test,84.0,52.75005,50.0
Kurunegala,2025-07-18,2025-07-26,2,test,39.0,51.314976,49.0
Kurunegala,2025-07-25,2025-08-02,2,test,37.0,68.55687,84.0
Kurunegala,2025-08-01,2025-08-09,2,test,23.0,44.179356,39.0
Kurunegala,2025-08-08,2025-08-16,2,test,24.0,39.240704,37.0
Kurunegala,2025-08-15,2025-08-23,2,test,24.0,32.707264,23.0
Kurunegala,2025-08-22,2025-08-30,2,test,8.0,23.966848,24.0
Kurunegala,2025-08-29,2025-09-06,2,test,19.0,22.481508,24.0
Kurunegala,2025-09-05,2025-09-13,2,test,15.0,14.278819,8.0
Kurunegala,2025-09-12,2025-09-20,2,test,19.0,16.349112,19.0
Kurunegala,2025-09-19,2025-09-27,2,test,8.0,16.889214,15.0
Kurunegala,2025-09-26,2025-10-04,2,test,15.0,19.748419,19.0
Kurunegala,2025-10-03,2025-10-11,2,test,24.0,14.085965,8.0
Kurunegala,2025-10-10,2025-10-18,2,test,17.0,17.662804,15.0
Kurunegala,2025-10-17,2025-10-25,2,test,15.0,22.309626,24.0
Kurunegala,2025-10-24,2025-11-01,2,test,13.0,21.261862,17.0
Kurunegala,2025-10-31,2025-11-08,2,test,20.0,21.150608,15.0
Kurunegala,2025-11-07,2025-11-15,2,test,23.0,22.40613,13.0
Kurunegala,2025-11-14,2025-11-22,2,test,21.0,27.002983,20.0
Kurunegala,2025-11-21,2025-11-29,2,test,19.0,24.74691,23.0
Kurunegala,2025-11-28,2025-12-06,2,test,24.0,24.273901,21.0
Kurunegala,2025-12-05,2025-12-13,2,test,32.0,23.56584,19.0
Mannar,2024-12-27,2025-01-04,2,test,15.0,12.7846575,12.0
Mannar,2025-01-03,2025-01-11,2,test,12.0,21.978148,11.0
Mannar,2025-01-10,2025-01-18,2,test,7.0,14.282534,15.0
Mannar,2025-01-17,2025-01-25,2,test,12.0,13.062282,12.0
Mannar,2025-01-24,2025-02-01,2,test,3.0,10.466085,7.0
Mannar,2025-01-31,2025-02-08,2,test,3.0,11.673921,12.0
Mannar,2025-02-07,2025-02-15,2,test,4.0,8.173221,3.0
Mannar,2025-02-14,2025-02-22,2,test,3.0,6.3163543,3.0
Mannar,2025-02-21,2025-03-01,2,test,0.0,3.7780323,4.0
Mannar,2025-02-28,2025-03-08,2,test,2.0,3.9837294,3.0
Mannar,2025-03-07,2025-03-15,2,test,2.0,2.8366575,0.0
Mannar,2025-03-14,2025-03-22,2,test,4.0,2.5189176,2.0
Mannar,2025-03-21,2025-03-29,2,test,2.0,3.6523454,2.0
Mannar,2025-03-28,2025-04-05,2,test,1.0,3.135066,4.0
Mannar,2025-04-04,2025-04-12,2,test,2.0,2.6435363,2.0
Mannar,2025-04-11,2025-04-19,2,test,1.0,3.9088683,1.0
Mannar,2025-04-18,2025-04-26,2,test,6.0,2.536849,2.0
Mannar,2025-04-25,2025-05-03,2,test,1.0,2.5816827,1.0
Mannar,2025-05-02,2025-05-10,2,test,3.0,4.605256,6.0
Mannar,2025-05-09,2025-05-17,2,test,4.0,2.666269,1.0
Mannar,2025-05-16,2025-05-24,2,test,2.0,1.7664841,3.0
Mannar,2025-05-23,2025-05-31,2,test,3.0,3.1124518,4.0
Mannar,2025-05-30,2025-06-07,2,test,2.0,3.8181796,2.0
Mannar,2025-06-06,2025-06-14,2,test,4.0,2.4800305,3.0
Mannar,2025-06-13,2025-06-21,2,test,0.0,3.086721,2.0
Mannar,2025-06-20,2025-06-28,2,test,2.0,2.7691264,4.0
Mannar,2025-06-27,2025-07-05,2,test,1.0,4.5716434,0.0
Mannar,2025-07-04,2025-07-12,2,test,2.0,3.256569,2.0
Mannar,2025-07-11,2025-07-19,2,test,4.0,1.6856734,1.0
Mannar,2025-07-18,2025-07-26,2,test,2.0,1.6871382,2.0
Mannar,2025-07-25,2025-08-02,2,test,3.0,0.8296052,4.0
Mannar,2025-08-01,2025-08-09,2,test,1.0,0.7709892,2.0
Mannar,2025-08-08,2025-08-16,2,test,1.0,0.73490524,3.0
Mannar,2025-08-15,2025-08-23,2,test,2.0,0.958008,1.0
Mannar,2025-08-22,2025-08-30,2,test,2.0,0.6278386,1.0
Mannar,2025-08-29,2025-09-06,2,test,2.0,0.42842668,2.0
Mannar,2025-09-05,2025-09-13,2,test,3.0,0.6526878,2.0
Mannar,2025-09-12,2025-09-20,2,test,2.0,1.3103056,2.0
Mannar,2025-09-19,2025-09-27,2,test,0.0,2.6035967,3.0
Mannar,2025-09-26,2025-10-04,2,test,1.0,2.5360997,2.0
Mannar,2025-10-03,2025-10-11,2,test,3.0,2.1215081,0.0
Mannar,2025-10-10,2025-10-18,2,test,5.0,2.632796,1.0
Mannar,2025-10-17,2025-10-25,2,test,7.0,3.0937197,3.0
Mannar,2025-10-24,2025-11-01,2,test,6.0,4.739693,5.0
Mannar,2025-10-31,2025-11-08,2,test,12.0,5.05237,7.0
Mannar,2025-11-07,2025-11-15,2,test,5.0,7.6438274,6.0
Mannar,2025-11-14,2025-11-22,2,test,5.0,13.033678,12.0
Mannar,2025-11-21,2025-11-29,2,test,0.0,10.446583,5.0
Mannar,2025-11-28,2025-12-06,2,test,5.0,8.348743,5.0
Mannar,2025-12-05,2025-12-13,2,test,0.0,9.095759,0.0
Matale,2024-12-27,2025-01-04,2,test,39.0,43.332363,34.0
Matale,2025-01-03,2025-01-11,2,test,44.0,51.21328,52.0
Matale,2025-01-10,2025-01-18,2,test,39.0,38.505116,39.0
Matale,2025-01-17,2025-01-25,2,test,45.0,42.27182,44.0
Matale,2025-01-24,2025-02-01,2,test,38.0,40.633053,39.0
Matale,2025-01-31,2025-02-08,2,test,38.0,42.82646,45.0
Matale,2025-02-07,2025-02-15,2,test,40.0,38.902836,38.0
Matale,2025-02-14,2025-02-22,2,test,28.0,35.891655,38.0
Matale,2025-02-21,2025-03-01,2,test,39.0,37.84563,40.0
Matale,2025-02-28,2025-03-08,2,test,22.0,27.616295,28.0
Matale,2025-03-07,2025-03-15,2,test,20.0,29.388992,39.0
Matale,2025-03-14,2025-03-22,2,test,32.0,24.675108,22.0
Matale,2025-03-21,2025-03-29,2,test,21.0,25.802189,20.0
Matale,2025-03-28,2025-04-05,2,test,30.0,31.023842,32.0
Matale,2025-04-04,2025-04-12,2,test,28.0,28.806684,21.0
Matale,2025-04-11,2025-04-19,2,test,42.0,28.88361,30.0
Matale,2025-04-18,2025-04-26,2,test,28.0,28.88051,28.0
Matale,2025-04-25,2025-05-03,2,test,23.0,38.419075,42.0
Matale,2025-05-02,2025-05-10,2,test,16.0,33.292652,28.0
Matale,2025-05-09,2025-05-17,2,test,20.0,26.719269,23.0
Matale,2025-05-16,2025-05-24,2,test,20.0,22.433428,16.0
Matale,2025-05-23,2025-05-31,2,test,24.0,24.783094,20.0
Matale,2025-05-30,2025-06-07,2,test,17.0,22.913647,20.0
Matale,2025-06-06,2025-06-14,2,test,24.0,23.22678,24.0
Matale,2025-06-13,2025-06-21,2,test,23.0,21.272589,17.0
Matale,2025-06-20,2025-06-28,2,test,14.0,24.031906,24.0
Matale,2025-06-27,2025-07-05,2,test,12.0,28.020903,23.0
Matale,2025-07-04,2025-07-12,2,test,19.0,21.12108,14.0
Matale,2025-07-11,2025-07-19,2,test,27.0,17.613953,12.0
Matale,2025-07-18,2025-07-26,2,test,19.0,15.88265,19.0
Matale,2025-07-25,2025-08-02,2,test,17.0,21.07572,27.0
Matale,2025-08-01,2025-08-09,2,test,13.0,18.18147,19.0
Matale,2025-08-08,2025-08-16,2,test,17.0,17.3568,17.0
Matale,2025-08-15,2025-08-23,2,test,11.0,15.663253,13.0
Matale,2025-08-22,2025-08-30,2,test,31.0,16.232492,17.0
Matale,2025-08-29,2025-09-06,2,test,22.0,13.338033,11.0
Matale,2025-09-05,2025-09-13,2,test,34.0,24.969097,31.0
Matale,2025-09-12,2025-09-20,2,test,24.0,22.460558,22.0
Matale,2025-09-19,2025-09-27,2,test,19.0,31.050406,34.0
Matale,2025-09-26,2025-10-04,2,test,9.0,26.605225,24.0
Matale,2025-10-03,2025-10-11,2,test,15.0,22.298714,19.0
Matale,2025-10-10,2025-10-18,2,test,24.0,15.774063,9.0
Matale,2025-10-17,2025-10-25,2,test,22.0,16.532913,15.0
Matale,2025-10-24,2025-11-01,2,test,12.0,20.122149,24.0
Matale,2025-10-31,2025-11-08,2,test,22.0,24.408255,22.0
Matale,2025-11-07,2025-11-15,2,test,20.0,22.533617,12.0
Matale,2025-11-14,2025-11-22,2,test,15.0,30.075752,22.0
Matale,2025-11-21,2025-11-29,2,test,21.0,23.943258,20.0
Matale,2025-11-28,2025-12-06,2,test,25.0,19.558254,15.0
Matale,2025-12-05,2025-12-13,2,test,16.0,25.436935,21.0
Matara,2024-12-27,2025-01-04,2,test,23.0,24.380829,26.0
Matara,2025-01-03,2025-01-11,2,test,45.0,36.180286,28.0
Matara,2025-01-10,2025-01-18,2,test,32.0,27.935308,23.0
Matara,2025-01-17,2025-01-25,2,test,59.0,37.517582,45.0
Matara,2025-01-24,2025-02-01,2,test,34.0,38.89552,32.0
Matara,2025-01-31,2025-02-08,2,test,34.0,53.854897,59.0
Matara,2025-02-07,2025-02-15,2,test,35.0,43.125023,34.0
Matara,2025-02-14,2025-02-22,2,test,24.0,38.81754,34.0
Matara,2025-02-21,2025-03-01,2,test,50.0,39.97609,35.0
Matara,2025-02-28,2025-03-08,2,test,32.0,29.480068,24.0
Matara,2025-03-07,2025-03-15,2,test,30.0,41.49064,50.0
Matara,2025-03-14,2025-03-22,2,test,44.0,38.58441,32.0
Matara,2025-03-21,2025-03-29,2,test,38.0,33.53801,30.0
Matara,2025-03-28,2025-04-05,2,test,32.0,41.550358,44.0
Matara,2025-04-04,2025-04-12,2,test,35.0,41.09684,38.0
Matara,2025-04-11,2025-04-19,2,test,38.0,39.426693,32.0
Matara,2025-04-18,2025-04-26,2,test,38.0,39.642574,35.0
Matara,2025-04-25,2025-05-03,2,test,17.0,42.83148,38.0
Matara,2025-05-02,2025-05-10,2,test,27.0,43.0873,38.0
Matara,2025-05-09,2025-05-17,2,test,21.0,28.241592,17.0
Matara,2025-05-16,2025-05-24,2,test,26.0,28.196001,27.0
Matara,2025-05-23,2025-05-31,2,test,34.0,27.895586,21.0
Matara,2025-05-30,2025-06-07,2,test,70.0,29.077833,26.0
Matara,2025-06-06,2025-06-14,2,test,39.0,33.300507,34.0
Matara,2025-06-13,2025-06-21,2,test,58.0,55.29332,70.0
Matara,2025-06-20,2025-06-28,2,test,39.0,45.462696,39.0
Matara,2025-06-27,2025-07-05,2,test,28.0,55.10648,58.0
Matara,2025-07-04,2025-07-12,2,test,41.0,55.285637,39.0
Matara,2025-07-11,2025-07-19,2,test,42.0,35.57278,28.0
Matara,2025-07-18,2025-07-26,2,test,30.0,37.596054,41.0
Matara,2025-07-25,2025-08-02,2,test,20.0,40.30255,42.0
Matara,2025-08-01,2025-08-09,2,test,35.0,30.096869,30.0
Matara,2025-08-08,2025-08-16,2,test,26.0,25.770409,20.0
Matara,2025-08-15,2025-08-23,2,test,26.0,33.5657,35.0
Matara,2025-08-22,2025-08-30,2,test,16.0,29.298323,26.0
Matara,2025-08-29,2025-09-06,2,test,18.0,23.589146,26.0
Matara,2025-09-05,2025-09-13,2,test,12.0,18.64382,16.0
Matara,2025-09-12,2025-09-20,2,test,12.0,17.921541,18.0
Matara,2025-09-19,2025-09-27,2,test,12.0,16.700878,12.0
Matara,2025-09-26,2025-10-04,2,test,20.0,16.961733,12.0
Matara,2025-10-03,2025-10-11,2,test,22.0,16.391132,12.0
Matara,2025-10-10,2025-10-18,2,test,10.0,20.814232,20.0
Matara,2025-10-17,2025-10-25,2,test,23.0,23.81818,22.0
Matara,2025-10-24,2025-11-01,2,test,17.0,19.20272,10.0
Matara,2025-10-31,2025-11-08,2,test,36.0,21.891209,23.0
Matara,2025-11-07,2025-11-15,2,test,22.0,21.487852,17.0
Matara,2025-11-14,2025-11-22,2,test,37.0,34.84346,36.0
Matara,2025-11-21,2025-11-29,2,test,45.0,28.418459,22.0
Matara,2025-11-28,2025-12-06,2,test,67.0,34.549892,37.0
Matara,2025-12-05,2025-12-13,2,test,44.0,47.35907,45.0
Monaragala,2024-12-27,2025-01-04,2,test,26.0,19.09799,13.0
Monaragala,2025-01-03,2025-01-11,2,test,23.0,25.439266,25.0
Monaragala,2025-01-10,2025-01-18,2,test,24.0,26.274837,26.0
Monaragala,2025-01-17,2025-01-25,2,test,20.0,23.846441,23.0
Monaragala,2025-01-24,2025-02-01,2,test,6.0,24.720015,24.0
Monaragala,2025-01-31,2025-02-08,2,test,6.0,24.83107,20.0
Monaragala,2025-02-07,2025-02-15,2,test,15.0,19.185228,6.0
Monaragala,2025-02-14,2025-02-22,2,test,10.0,13.811204,6.0
Monaragala,2025-02-21,2025-03-01,2,test,17.0,12.301124,15.0
Monaragala,2025-02-28,2025-03-08,2,test,23.0,11.56128,10.0
Monaragala,2025-03-07,2025-03-15,2,test,24.0,13.137006,17.0
Monaragala,2025-03-14,2025-03-22,2,test,21.0,17.942032,23.0
Monaragala,2025-03-21,2025-03-29,2,test,15.0,24.702267,24.0
Monaragala,2025-03-28,2025-04-05,2,test,29.0,25.162834,21.0
Monaragala,2025-04-04,2025-04-12,2,test,27.0,22.128332,15.0
Monaragala,2025-04-11,2025-04-19,2,test,12.0,26.990995,29.0
Monaragala,2025-04-18,2025-04-26,2,test,22.0,28.477499,27.0
Monaragala,2025-04-25,2025-05-03,2,test,10.0,22.882046,12.0
Monaragala,2025-05-02,2025-05-10,2,test,17.0,25.733187,22.0
Monaragala,2025-05-09,2025-05-17,2,test,15.0,20.539528,10.0
Monaragala,2025-05-16,2025-05-24,2,test,26.0,20.609402,17.0
Monaragala,2025-05-23,2025-05-31,2,test,29.0,18.4567,15.0
Monaragala,2025-05-30,2025-06-07,2,test,26.0,25.455135,26.0
Monaragala,2025-06-06,2025-06-14,2,test,24.0,25.776768,29.0
Monaragala,2025-06-13,2025-06-21,2,test,27.0,25.9945,26.0
Monaragala,2025-06-20,2025-06-28,2,test,12.0,23.000074,24.0
Monaragala,2025-06-27,2025-07-05,2,test,13.0,28.251135,27.0
Monaragala,2025-07-04,2025-07-12,2,test,19.0,20.493633,12.0
Monaragala,2025-07-11,2025-07-19,2,test,17.0,15.58108,13.0
Monaragala,2025-07-18,2025-07-26,2,test,17.0,16.502129,19.0
Monaragala,2025-07-25,2025-08-02,2,test,11.0,17.457106,17.0
Monaragala,2025-08-01,2025-08-09,2,test,17.0,16.487164,17.0
Monaragala,2025-08-08,2025-08-16,2,test,8.0,16.833006,11.0
Monaragala,2025-08-15,2025-08-23,2,test,16.0,16.238451,17.0
Monaragala,2025-08-22,2025-08-30,2,test,3.0,11.026015,8.0
Monaragala,2025-08-29,2025-09-06,2,test,16.0,14.767282,16.0
Monaragala,2025-09-05,2025-09-13,2,test,10.0,7.7526875,3.0
Monaragala,2025-09-12,2025-09-20,2,test,8.0,12.794493,16.0
Monaragala,2025-09-19,2025-09-27,2,test,9.0,14.171131,10.0
Monaragala,2025-09-26,2025-10-04,2,test,4.0,11.871019,8.0
Monaragala,2025-10-03,2025-10-11,2,test,11.0,10.003578,9.0
Monaragala,2025-10-10,2025-10-18,2,test,17.0,9.93876,4.0
Monaragala,2025-10-17,2025-10-25,2,test,16.0,12.1738825,11.0
Monaragala,2025-10-24,2025-11-01,2,test,7.0,14.538076,17.0
Monaragala,2025-10-31,2025-11-08,2,test,10.0,15.613257,16.0
Monaragala,2025-11-07,2025-11-15,2,test,15.0,13.091799,7.0
Monaragala,2025-11-14,2025-11-22,2,test,15.0,14.366458,10.0
Monaragala,2025-11-21,2025-11-29,2,test,10.0,15.048175,15.0
Monaragala,2025-11-28,2025-12-06,2,test,14.0,15.999711,15.0
Monaragala,2025-12-05,2025-12-13,2,test,24.0,15.17139,10.0
Mullaitivu,2024-12-27,2025-01-04,2,test,1.0,16.19764,4.0
Mullaitivu,2025-01-03,2025-01-11,2,test,1.0,16.686258,3.0
Mullaitivu,2025-01-10,2025-01-18,2,test,4.0,7.0027204,1.0
Mullaitivu,2025-01-17,2025-01-25,2,test,1.0,3.9854965,1.0
Mullaitivu,2025-01-24,2025-02-01,2,test,2.0,5.1947722,4.0
Mullaitivu,2025-01-31,2025-02-08,2,test,2.0,3.9342694,1.0
Mullaitivu,2025-02-07,2025-02-15,2,test,0.0,3.583359,2.0
Mullaitivu,2025-02-14,2025-02-22,2,test,1.0,3.6186664,2.0
Mullaitivu,2025-02-21,2025-03-01,2,test,1.0,2.2100296,0.0
Mullaitivu,2025-02-28,2025-03-08,2,test,3.0,2.2733393,1.0
Mullaitivu,2025-03-07,2025-03-15,2,test,0.0,2.8367574,1.0
Mullaitivu,2025-03-14,2025-03-22,2,test,0.0,2.8415291,3.0
Mullaitivu,2025-03-21,2025-03-29,2,test,2.0,3.642456,0.0
Mullaitivu,2025-03-28,2025-04-05,2,test,2.0,2.6315255,0.0
Mullaitivu,2025-04-04,2025-04-12,2,test,1.0,2.764298,2.0
Mullaitivu,2025-04-11,2025-04-19,2,test,0.0,3.2404237,2.0
Mullaitivu,2025-04-18,2025-04-26,2,test,2.0,1.5489184,1.0
Mullaitivu,2025-04-25,2025-05-03,2,test,1.0,2.2521462,0.0
Mullaitivu,2025-05-02,2025-05-10,2,test,2.0,2.8549175,2.0
Mullaitivu,2025-05-09,2025-05-17,2,test,1.0,1.9497576,1.0
Mullaitivu,2025-05-16,2025-05-24,2,test,1.0,1.333817,2.0
Mullaitivu,2025-05-23,2025-05-31,2,test,4.0,2.0337996,1.0
Mullaitivu,2025-05-30,2025-06-07,2,test,2.0,1.9087818,1.0
Mullaitivu,2025-06-06,2025-06-14,2,test,1.0,1.5149273,4.0
Mullaitivu,2025-06-13,2025-06-21,2,test,3.0,1.5583696,2.0
Mullaitivu,2025-06-20,2025-06-28,2,test,2.0,1.264158,1.0
Mullaitivu,2025-06-27,2025-07-05,2,test,0.0,3.7599418,3.0
Mullaitivu,2025-07-04,2025-07-12,2,test,0.0,3.249304,2.0
Mullaitivu,2025-07-11,2025-07-19,2,test,0.0,1.7401196,0.0
Mullaitivu,2025-07-18,2025-07-26,2,test,0.0,1.4561301,0.0
Mullaitivu,2025-07-25,2025-08-02,2,test,0.0,0.6310204,0.0
Mullaitivu,2025-08-01,2025-08-09,2,test,0.0,0.29927614,0.0
Mullaitivu,2025-08-08,2025-08-16,2,test,0.0,0.13344721,0.0
Mullaitivu,2025-08-15,2025-08-23,2,test,1.0,0.410638,0.0
Mullaitivu,2025-08-22,2025-08-30,2,test,0.0,0.16111107,0.0
Mullaitivu,2025-08-29,2025-09-06,2,test,2.0,0.13742594,1.0
Mullaitivu,2025-09-05,2025-09-13,2,test,2.0,0.36168766,0.0
Mullaitivu,2025-09-12,2025-09-20,2,test,0.0,0.9692768,2.0
Mullaitivu,2025-09-19,2025-09-27,2,test,1.0,2.2954075,2.0
Mullaitivu,2025-09-26,2025-10-04,2,test,0.0,1.991041,0.0
Mullaitivu,2025-10-03,2025-10-11,2,test,0.0,1.4826722,1.0
Mullaitivu,2025-10-10,2025-10-18,2,test,0.0,2.6227224,0.0
Mullaitivu,2025-10-17,2025-10-25,2,test,1.0,2.866726,0.0
Mullaitivu,2025-10-24,2025-11-01,2,test,0.0,3.575318,0.0
Mullaitivu,2025-10-31,2025-11-08,2,test,2.0,3.547608,1.0
Mullaitivu,2025-11-07,2025-11-15,2,test,4.0,3.8642664,0.0
Mullaitivu,2025-11-14,2025-11-22,2,test,2.0,4.4276667,2.0
Mullaitivu,2025-11-21,2025-11-29,2,test,0.0,4.511271,4.0
Mullaitivu,2025-11-28,2025-12-06,2,test,2.0,3.5324876,2.0
Mullaitivu,2025-12-05,2025-12-13,2,test,3.0,5.341626,0.0
Nuwara Eliya,2024-12-27,2025-01-04,2,test,8.0,6.895429,10.0
Nuwara Eliya,2025-01-03,2025-01-11,2,test,1.0,7.50809,5.0
Nuwara Eliya,2025-01-10,2025-01-18,2,test,10.0,7.6778812,8.0
Nuwara Eliya,2025-01-17,2025-01-25,2,test,6.0,4.4004006,1.0
Nuwara Eliya,2025-01-24,2025-02-01,2,test,4.0,9.53503,10.0
Nuwara Eliya,2025-01-31,2025-02-08,2,test,4.0,8.198633,6.0
Nuwara Eliya,2025-02-07,2025-02-15,2,test,6.0,11.068157,4.0
Nuwara Eliya,2025-02-14,2025-02-22,2,test,2.0,3.7643492,4.0
Nuwara Eliya,2025-02-21,2025-03-01,2,test,2.0,5.0182567,6.0
Nuwara Eliya,2025-02-28,2025-03-08,2,test,1.0,2.6154108,2.0
Nuwara Eliya,2025-03-07,2025-03-15,2,test,6.0,2.5003488,2.0
Nuwara Eliya,2025-03-14,2025-03-22,2,test,4.0,2.741178,1.0
Nuwara Eliya,2025-03-21,2025-03-29,2,test,3.0,4.6652126,6.0
Nuwara Eliya,2025-03-28,2025-04-05,2,test,1.0,4.1230054,4.0
Nuwara Eliya,2025-04-04,2025-04-12,2,test,3.0,4.3425136,3.0
Nuwara Eliya,2025-04-11,2025-04-19,2,test,6.0,5.014131,1.0
Nuwara Eliya,2025-04-18,2025-04-26,2,test,6.0,4.3659678,3.0
Nuwara Eliya,2025-04-25,2025-05-03,2,test,7.0,5.2562404,6.0
Nuwara Eliya,2025-05-02,2025-05-10,2,test,9.0,6.30349,6.0
Nuwara Eliya,2025-05-09,2025-05-17,2,test,4.0,6.1832666,7.0
Nuwara Eliya,2025-05-16,2025-05-24,2,test,7.0,9.055468,9.0
Nuwara Eliya,2025-05-23,2025-05-31,2,test,9.0,8.332087,4.0
Nuwara Eliya,2025-05-30,2025-06-07,2,test,17.0,7.2208195,7.0
Nuwara Eliya,2025-06-06,2025-06-14,2,test,20.0,7.4154277,9.0
Nuwara Eliya,2025-06-13,2025-06-21,2,test,6.0,13.779608,17.0
Nuwara Eliya,2025-06-20,2025-06-28,2,test,8.0,19.318945,20.0
Nuwara Eliya,2025-06-27,2025-07-05,2,test,10.0,16.21018,6.0
Nuwara Eliya,2025-07-04,2025-07-12,2,test,24.0,10.766428,8.0
Nuwara Eliya,2025-07-11,2025-07-19,2,test,18.0,11.252277,10.0
Nuwara Eliya,2025-07-18,2025-07-26,2,test,9.0,14.406084,24.0
Nuwara Eliya,2025-07-25,2025-08-02,2,test,10.0,15.034713,18.0
Nuwara Eliya,2025-08-01,2025-08-09,2,test,3.0,12.7222395,9.0
Nuwara Eliya,2025-08-08,2025-08-16,2,test,8.0,12.953253,10.0
Nuwara Eliya,2025-08-15,2025-08-23,2,test,5.0,7.8165927,3.0
Nuwara Eliya,2025-08-22,2025-08-30,2,test,7.0,6.0543942,8.0
Nuwara Eliya,2025-08-29,2025-09-06,2,test,5.0,4.0207667,5.0
Nuwara Eliya,2025-09-05,2025-09-13,2,test,6.0,4.877686,7.0
Nuwara Eliya,2025-09-12,2025-09-20,2,test,6.0,4.314576,5.0
Nuwara Eliya,2025-09-19,2025-09-27,2,test,10.0,6.6946883,6.0
Nuwara Eliya,2025-09-26,2025-10-04,2,test,10.0,6.3098664,6.0
Nuwara Eliya,2025-10-03,2025-10-11,2,test,5.0,9.9090605,10.0
Nuwara Eliya,2025-10-10,2025-10-18,2,test,2.0,11.948493,10.0
Nuwara Eliya,2025-10-17,2025-10-25,2,test,5.0,9.000591,5.0
Nuwara Eliya,2025-10-24,2025-11-01,2,test,5.0,6.539346,2.0
Nuwara Eliya,2025-10-31,2025-11-08,2,test,5.0,8.765534,5.0
Nuwara Eliya,2025-11-07,2025-11-15,2,test,8.0,9.665307,5.0
Nuwara Eliya,2025-11-14,2025-11-22,2,test,8.0,6.0717235,5.0
Nuwara Eliya,2025-11-21,2025-11-29,2,test,1.0,4.409692,8.0
Nuwara Eliya,2025-11-28,2025-12-06,2,test,3.0,7.004187,8.0
Nuwara Eliya,2025-12-05,2025-12-13,2,test,7.0,11.780879,1.0
Polonnaruwa,2024-12-27,2025-01-04,2,test,6.0,13.496506,6.0
Polonnaruwa,2025-01-03,2025-01-11,2,test,7.0,17.283854,14.0
Polonnaruwa,2025-01-10,2025-01-18,2,test,3.0,10.8012705,6.0
Polonnaruwa,2025-01-17,2025-01-25,2,test,8.0,8.092793,7.0
Polonnaruwa,2025-01-24,2025-02-01,2,test,10.0,6.6135364,3.0
Polonnaruwa,2025-01-31,2025-02-08,2,test,10.0,8.152106,8.0
Polonnaruwa,2025-02-07,2025-02-15,2,test,9.0,11.138036,10.0
Polonnaruwa,2025-02-14,2025-02-22,2,test,6.0,10.722488,10.0
Polonnaruwa,2025-02-21,2025-03-01,2,test,18.0,8.121287,9.0
Polonnaruwa,2025-02-28,2025-03-08,2,test,3.0,6.535316,6.0
Polonnaruwa,2025-03-07,2025-03-15,2,test,6.0,10.484376,18.0
Polonnaruwa,2025-03-14,2025-03-22,2,test,4.0,7.2365603,3.0
Polonnaruwa,2025-03-21,2025-03-29,2,test,5.0,8.311876,6.0
Polonnaruwa,2025-03-28,2025-04-05,2,test,6.0,6.1075406,4.0
Polonnaruwa,2025-04-04,2025-04-12,2,test,5.0,7.1284814,5.0
Polonnaruwa,2025-04-11,2025-04-19,2,test,8.0,7.45342,6.0
Polonnaruwa,2025-04-18,2025-04-26,2,test,10.0,6.336465,5.0
Polonnaruwa,2025-04-25,2025-05-03,2,test,10.0,7.672147,8.0
Polonnaruwa,2025-05-02,2025-05-10,2,test,7.0,12.0333605,10.0
Polonnaruwa,2025-05-09,2025-05-17,2,test,6.0,12.028362,10.0
Polonnaruwa,2025-05-16,2025-05-24,2,test,12.0,9.766652,7.0
Polonnaruwa,2025-05-23,2025-05-31,2,test,15.0,8.90589,6.0
Polonnaruwa,2025-05-30,2025-06-07,2,test,12.0,10.76854,12.0
Polonnaruwa,2025-06-06,2025-06-14,2,test,21.0,10.824402,15.0
Polonnaruwa,2025-06-13,2025-06-21,2,test,10.0,11.109944,12.0
Polonnaruwa,2025-06-20,2025-06-28,2,test,14.0,16.257935,21.0
Polonnaruwa,2025-06-27,2025-07-05,2,test,11.0,15.758451,10.0
Polonnaruwa,2025-07-04,2025-07-12,2,test,14.0,14.991388,14.0
Polonnaruwa,2025-07-11,2025-07-19,2,test,15.0,12.183131,11.0
Polonnaruwa,2025-07-18,2025-07-26,2,test,8.0,12.28976,14.0
Polonnaruwa,2025-07-25,2025-08-02,2,test,2.0,11.339541,15.0
Polonnaruwa,2025-08-01,2025-08-09,2,test,3.0,7.162804,8.0
Polonnaruwa,2025-08-08,2025-08-16,2,test,5.0,4.682141,2.0
Polonnaruwa,2025-08-15,2025-08-23,2,test,2.0,2.5251553,3.0
Polonnaruwa,2025-08-22,2025-08-30,2,test,4.0,2.4963229,5.0
Polonnaruwa,2025-08-29,2025-09-06,2,test,2.0,1.4415783,2.0
Polonnaruwa,2025-09-05,2025-09-13,2,test,2.0,1.3158658,4.0
Polonnaruwa,2025-09-12,2025-09-20,2,test,3.0,1.755722,2.0
Polonnaruwa,2025-09-19,2025-09-27,2,test,7.0,2.616905,2.0
Polonnaruwa,2025-09-26,2025-10-04,2,test,6.0,2.0533133,3.0
Polonnaruwa,2025-10-03,2025-10-11,2,test,4.0,4.242349,7.0
Polonnaruwa,2025-10-10,2025-10-18,2,test,3.0,5.9444237,6.0
Polonnaruwa,2025-10-17,2025-10-25,2,test,3.0,5.4859266,4.0
Polonnaruwa,2025-10-24,2025-11-01,2,test,3.0,5.480089,3.0
Polonnaruwa,2025-10-31,2025-11-08,2,test,15.0,5.0620766,3.0
Polonnaruwa,2025-11-07,2025-11-15,2,test,15.0,5.4520206,3.0
Polonnaruwa,2025-11-14,2025-11-22,2,test,8.0,11.196931,15.0
Polonnaruwa,2025-11-21,2025-11-29,2,test,5.0,13.500288,15.0
Polonnaruwa,2025-11-28,2025-12-06,2,test,6.0,11.418062,8.0
Polonnaruwa,2025-12-05,2025-12-13,2,test,14.0,9.935635,5.0
Puttalam,2024-12-27,2025-01-04,2,test,45.0,30.739107,23.0
Puttalam,2025-01-03,2025-01-11,2,test,17.0,45.143475,30.0
Puttalam,2025-01-10,2025-01-18,2,test,16.0,40.98473,45.0
Puttalam,2025-01-17,2025-01-25,2,test,22.0,27.152939,17.0
Puttalam,2025-01-24,2025-02-01,2,test,16.0,22.135096,16.0
Puttalam,2025-01-31,2025-02-08,2,test,16.0,22.892855,22.0
Puttalam,2025-02-07,2025-02-15,2,test,24.0,20.78373,16.0
Puttalam,2025-02-14,2025-02-22,2,test,23.0,18.902765,16.0
Puttalam,2025-02-21,2025-03-01,2,test,24.0,19.16498,24.0
Puttalam,2025-02-28,2025-03-08,2,test,15.0,20.61318,23.0
Puttalam,2025-03-07,2025-03-15,2,test,10.0,20.674574,24.0
Puttalam,2025-03-14,2025-03-22,2,test,14.0,17.914454,15.0
Puttalam,2025-03-21,2025-03-29,2,test,11.0,17.980093,10.0
Puttalam,2025-03-28,2025-04-05,2,test,8.0,15.994284,14.0
Puttalam,2025-04-04,2025-04-12,2,test,7.0,16.92227,11.0
Puttalam,2025-04-11,2025-04-19,2,test,10.0,12.417494,8.0
Puttalam,2025-04-18,2025-04-26,2,test,9.0,9.78867,7.0
Puttalam,2025-04-25,2025-05-03,2,test,12.0,13.593292,10.0
Puttalam,2025-05-02,2025-05-10,2,test,8.0,10.681258,9.0
Puttalam,2025-05-09,2025-05-17,2,test,13.0,11.609529,12.0
Puttalam,2025-05-16,2025-05-24,2,test,11.0,8.876465,8.0
Puttalam,2025-05-23,2025-05-31,2,test,17.0,12.283334,13.0
Puttalam,2025-05-30,2025-06-07,2,test,10.0,13.614337,11.0
Puttalam,2025-06-06,2025-06-14,2,test,10.0,15.038554,17.0
Puttalam,2025-06-13,2025-06-21,2,test,7.0,15.015086,10.0
Puttalam,2025-06-20,2025-06-28,2,test,12.0,15.167299,10.0
Puttalam,2025-06-27,2025-07-05,2,test,7.0,12.481716,7.0
Puttalam,2025-07-04,2025-07-12,2,test,12.0,14.599208,12.0
Puttalam,2025-07-11,2025-07-19,2,test,12.0,8.840762,7.0
Puttalam,2025-07-18,2025-07-26,2,test,15.0,9.93696,12.0
Puttalam,2025-07-25,2025-08-02,2,test,17.0,9.143935,12.0
Puttalam,2025-08-01,2025-08-09,2,test,11.0,11.601149,15.0
Puttalam,2025-08-08,2025-08-16,2,test,4.0,12.124493,17.0
Puttalam,2025-08-15,2025-08-23,2,test,9.0,13.176085,11.0
Puttalam,2025-08-22,2025-08-30,2,test,5.0,7.024692,4.0
Puttalam,2025-08-29,2025-09-06,2,test,10.0,7.054354,9.0
Puttalam,2025-09-05,2025-09-13,2,test,6.0,4.909615,5.0
Puttalam,2025-09-12,2025-09-20,2,test,4.0,7.2567487,10.0
Puttalam,2025-09-19,2025-09-27,2,test,5.0,6.8568788,6.0
Puttalam,2025-09-26,2025-10-04,2,test,5.0,6.0837836,4.0
Puttalam,2025-10-03,2025-10-11,2,test,12.0,6.1912065,5.0
Puttalam,2025-10-10,2025-10-18,2,test,5.0,6.3913116,5.0
Puttalam,2025-10-17,2025-10-25,2,test,11.0,10.975005,12.0
Puttalam,2025-10-24,2025-11-01,2,test,23.0,9.1307,5.0
Puttalam,2025-10-31,2025-11-08,2,test,20.0,11.483512,11.0
Puttalam,2025-11-07,2025-11-15,2,test,18.0,20.366726,23.0
Puttalam,2025-11-14,2025-11-22,2,test,10.0,24.336466,20.0
Puttalam,2025-11-21,2025-11-29,2,test,13.0,21.083735,18.0
Puttalam,2025-11-28,2025-12-06,2,test,30.0,17.382242,10.0
Puttalam,2025-12-05,2025-12-13,2,test,22.0,17.992737,13.0
Ratnapura,2024-12-27,2025-01-04,2,test,56.0,43.602566,47.0
Ratnapura,2025-01-03,2025-01-11,2,test,46.0,36.33175,30.0
Ratnapura,2025-01-10,2025-01-18,2,test,70.0,48.780506,56.0
Ratnapura,2025-01-17,2025-01-25,2,test,58.0,45.19433,46.0
Ratnapura,2025-01-24,2025-02-01,2,test,47.0,62.684395,70.0
Ratnapura,2025-01-31,2025-02-08,2,test,47.0,55.84571,58.0
Ratnapura,2025-02-07,2025-02-15,2,test,50.0,52.818108,47.0
Ratnapura,2025-02-14,2025-02-22,2,test,47.0,57.469646,47.0
Ratnapura,2025-02-21,2025-03-01,2,test,13.0,48.795757,50.0
Ratnapura,2025-02-28,2025-03-08,2,test,46.0,46.120953,47.0
Ratnapura,2025-03-07,2025-03-15,2,test,56.0,30.800335,13.0
Ratnapura,2025-03-14,2025-03-22,2,test,45.0,38.26407,46.0
Ratnapura,2025-03-21,2025-03-29,2,test,54.0,52.741695,56.0
Ratnapura,2025-03-28,2025-04-05,2,test,146.0,52.242973,45.0
Ratnapura,2025-04-04,2025-04-12,2,test,146.0,52.539608,54.0
Ratnapura,2025-04-11,2025-04-19,2,test,319.0,151.91762,146.0
Ratnapura,2025-04-18,2025-04-26,2,test,273.0,180.98499,146.0
Ratnapura,2025-04-25,2025-05-03,2,test,242.0,357.35336,319.0
Ratnapura,2025-05-02,2025-05-10,2,test,251.0,390.2416,273.0
Ratnapura,2025-05-09,2025-05-17,2,test,203.0,275.70563,242.0
Ratnapura,2025-05-16,2025-05-24,2,test,197.0,254.7641,251.0
Ratnapura,2025-05-23,2025-05-31,2,test,172.0,188.69019,203.0
Ratnapura,2025-05-30,2025-06-07,2,test,145.0,190.22057,197.0
Ratnapura,2025-06-06,2025-06-14,2,test,118.0,158.09486,172.0
Ratnapura,2025-06-13,2025-06-21,2,test,120.0,163.04152,145.0
Ratnapura,2025-06-20,2025-06-28,2,test,104.0,152.99333,118.0
Ratnapura,2025-06-27,2025-07-05,2,test,97.0,174.61084,120.0
Ratnapura,2025-07-04,2025-07-12,2,test,93.0,125.952034,104.0
Ratnapura,2025-07-11,2025-07-19,2,test,99.0,111.26156,97.0
Ratnapura,2025-07-18,2025-07-26,2,test,91.0,95.577065,93.0
Ratnapura,2025-07-25,2025-08-02,2,test,64.0,83.06412,99.0
Ratnapura,2025-08-01,2025-08-09,2,test,79.0,81.82572,91.0
Ratnapura,2025-08-08,2025-08-16,2,test,62.0,67.808754,64.0
Ratnapura,2025-08-15,2025-08-23,2,test,60.0,68.26521,79.0
Ratnapura,2025-08-22,2025-08-30,2,test,59.0,59.381245,62.0
Ratnapura,2025-08-29,2025-09-06,2,test,15.0,56.983955,60.0
Ratnapura,2025-09-05,2025-09-13,2,test,65.0,55.60175,59.0
Ratnapura,2025-09-12,2025-09-20,2,test,63.0,30.678535,15.0
Ratnapura,2025-09-19,2025-09-27,2,test,70.0,51.567413,65.0
Ratnapura,2025-09-26,2025-10-04,2,test,41.0,62.830055,63.0
Ratnapura,2025-10-03,2025-10-11,2,test,42.0,63.89218,70.0
Ratnapura,2025-10-10,2025-10-18,2,test,36.0,49.74895,41.0
Ratnapura,2025-10-17,2025-10-25,2,test,57.0,44.04984,42.0
Ratnapura,2025-10-24,2025-11-01,2,test,47.0,42.45026,36.0
Ratnapura,2025-10-31,2025-11-08,2,test,43.0,51.21097,57.0
Ratnapura,2025-11-07,2025-11-15,2,test,54.0,48.88238,47.0
Ratnapura,2025-11-14,2025-11-22,2,test,54.0,53.330894,43.0
Ratnapura,2025-11-21,2025-11-29,2,test,64.0,57.987125,54.0
Ratnapura,2025-11-28,2025-12-06,2,test,43.0,53.680927,54.0
Ratnapura,2025-12-05,2025-12-13,2,test,60.0,60.062687,64.0
Trincomalee,2024-12-27,2025-01-04,2,test,34.0,34.064606,30.0
Trincomalee,2025-01-03,2025-01-11,2,test,34.0,36.819782,28.0
Trincomalee,2025-01-10,2025-01-18,2,test,23.0,38.655575,34.0
Trincomalee,2025-01-17,2025-01-25,2,test,22.0,39.007,34.0
Trincomalee,2025-01-24,2025-02-01,2,test,28.0,31.297592,23.0
Trincomalee,2025-01-31,2025-02-08,2,test,28.0,27.328402,22.0
Trincomalee,2025-02-07,2025-02-15,2,test,29.0,28.941793,28.0
Trincomalee,2025-02-14,2025-02-22,2,test,25.0,27.320967,28.0
Trincomalee,2025-02-21,2025-03-01,2,test,17.0,24.696785,29.0
Trincomalee,2025-02-28,2025-03-08,2,test,25.0,23.162045,25.0
Trincomalee,2025-03-07,2025-03-15,2,test,23.0,19.678158,17.0
Trincomalee,2025-03-14,2025-03-22,2,test,28.0,25.072592,25.0
Trincomalee,2025-03-21,2025-03-29,2,test,36.0,24.824688,23.0
Trincomalee,2025-03-28,2025-04-05,2,test,33.0,26.158073,28.0
Trincomalee,2025-04-04,2025-04-12,2,test,44.0,33.055103,36.0
Trincomalee,2025-04-11,2025-04-19,2,test,46.0,38.37589,33.0
Trincomalee,2025-04-18,2025-04-26,2,test,64.0,39.711304,44.0
Trincomalee,2025-04-25,2025-05-03,2,test,55.0,44.312195,46.0
Trincomalee,2025-05-02,2025-05-10,2,test,45.0,58.476334,64.0
Trincomalee,2025-05-09,2025-05-17,2,test,43.0,50.787266,55.0
Trincomalee,2025-05-16,2025-05-24,2,test,39.0,42.976185,45.0
Trincomalee,2025-05-23,2025-05-31,2,test,40.0,45.013565,43.0
Trincomalee,2025-05-30,2025-06-07,2,test,16.0,36.761242,39.0
Trincomalee,2025-06-06,2025-06-14,2,test,16.0,35.220867,40.0
Trincomalee,2025-06-13,2025-06-21,2,test,12.0,22.672634,16.0
Trincomalee,2025-06-20,2025-06-28,2,test,8.0,16.672531,16.0
Trincomalee,2025-06-27,2025-07-05,2,test,11.0,16.074755,12.0
Trincomalee,2025-07-04,2025-07-12,2,test,11.0,10.778813,8.0
Trincomalee,2025-07-11,2025-07-19,2,test,7.0,9.307326,11.0
Trincomalee,2025-07-18,2025-07-26,2,test,9.0,9.643714,11.0
Trincomalee,2025-07-25,2025-08-02,2,test,4.0,6.2009344,7.0
Trincomalee,2025-08-01,2025-08-09,2,test,2.0,5.4215093,9.0
Trincomalee,2025-08-08,2025-08-16,2,test,4.0,3.6508968,4.0
Trincomalee,2025-08-15,2025-08-23,2,test,4.0,2.366479,2.0
Trincomalee,2025-08-22,2025-08-30,2,test,3.0,2.0654879,4.0
Trincomalee,2025-08-29,2025-09-06,2,test,5.0,1.9883583,4.0
Trincomalee,2025-09-05,2025-09-13,2,test,2.0,1.2287142,3.0
Trincomalee,2025-09-12,2025-09-20,2,test,6.0,2.6906984,5.0
Trincomalee,2025-09-19,2025-09-27,2,test,8.0,3.2976406,2.0
Trincomalee,2025-09-26,2025-10-04,2,test,1.0,3.8303692,6.0
Trincomalee,2025-10-03,2025-10-11,2,test,5.0,4.095025,8.0
Trincomalee,2025-10-10,2025-10-18,2,test,7.0,5.1138563,1.0
Trincomalee,2025-10-17,2025-10-25,2,test,15.0,5.9757137,5.0
Trincomalee,2025-10-24,2025-11-01,2,test,12.0,7.2163153,7.0
Trincomalee,2025-10-31,2025-11-08,2,test,11.0,10.569963,15.0
Trincomalee,2025-11-07,2025-11-15,2,test,19.0,12.877415,12.0
Trincomalee,2025-11-14,2025-11-22,2,test,16.0,16.198837,11.0
Trincomalee,2025-11-21,2025-11-29,2,test,8.0,17.782354,19.0
Trincomalee,2025-11-28,2025-12-06,2,test,26.0,19.487398,16.0
Trincomalee,2025-12-05,2025-12-13,2,test,9.0,16.601742,8.0
Vavuniya,2024-12-27,2025-01-04,2,test,2.0,10.945076,2.0
Vavuniya,2025-01-03,2025-01-11,2,test,2.0,7.8648543,4.0
Vavuniya,2025-01-10,2025-01-18,2,test,2.0,4.230959,2.0
Vavuniya,2025-01-17,2025-01-25,2,test,3.0,3.4041536,2.0
Vavuniya,2025-01-24,2025-02-01,2,test,2.0,3.0533667,2.0
Vavuniya,2025-01-31,2025-02-08,2,test,2.0,3.4532259,3.0
Vavuniya,2025-02-07,2025-02-15,2,test,0.0,3.1459858,2.0
Vavuniya,2025-02-14,2025-02-22,2,test,5.0,2.6798372,2.0
Vavuniya,2025-02-21,2025-03-01,2,test,0.0,1.5246128,0.0
Vavuniya,2025-02-28,2025-03-08,2,test,1.0,3.1520815,5.0
Vavuniya,2025-03-07,2025-03-15,2,test,1.0,2.304721,0.0
Vavuniya,2025-03-14,2025-03-22,2,test,1.0,2.0057986,1.0
Vavuniya,2025-03-21,2025-03-29,2,test,3.0,3.8308015,1.0
Vavuniya,2025-03-28,2025-04-05,2,test,0.0,3.1483653,1.0
Vavuniya,2025-04-04,2025-04-12,2,test,5.0,3.2789192,3.0
Vavuniya,2025-04-11,2025-04-19,2,test,1.0,4.4946823,0.0
Vavuniya,2025-04-18,2025-04-26,2,test,3.0,4.112339,5.0
Vavuniya,2025-04-25,2025-05-03,2,test,0.0,4.269652,1.0
Vavuniya,2025-05-02,2025-05-10,2,test,2.0,4.5985327,3.0
Vavuniya,2025-05-09,2025-05-17,2,test,2.0,3.5081265,0.0
Vavuniya,2025-05-16,2025-05-24,2,test,1.0,3.0506604,2.0
Vavuniya,2025-05-23,2025-05-31,2,test,5.0,4.082944,2.0
Vavuniya,2025-05-30,2025-06-07,2,test,2.0,3.489835,1.0
Vavuniya,2025-06-06,2025-06-14,2,test,4.0,3.0604255,5.0
Vavuniya,2025-06-13,2025-06-21,2,test,3.0,1.9591142,2.0
Vavuniya,2025-06-20,2025-06-28,2,test,3.0,2.1140902,4.0
Vavuniya,2025-06-27,2025-07-05,2,test,2.0,4.6065345,3.0
Vavuniya,2025-07-04,2025-07-12,2,test,3.0,3.718745,3.0
Vavuniya,2025-07-11,2025-07-19,2,test,0.0,2.0827699,2.0
Vavuniya,2025-07-18,2025-07-26,2,test,1.0,1.976819,3.0
Vavuniya,2025-07-25,2025-08-02,2,test,0.0,1.0231388,0.0
Vavuniya,2025-08-01,2025-08-09,2,test,2.0,0.5418395,1.0
Vavuniya,2025-08-08,2025-08-16,2,test,3.0,0.6845753,0.0
Vavuniya,2025-08-15,2025-08-23,2,test,0.0,0.7427576,2.0
Vavuniya,2025-08-22,2025-08-30,2,test,0.0,0.23995487,3.0
Vavuniya,2025-08-29,2025-09-06,2,test,2.0,0.31391373,0.0
Vavuniya,2025-09-05,2025-09-13,2,test,1.0,0.5432527,0.0
Vavuniya,2025-09-12,2025-09-20,2,test,0.0,1.6631072,2.0
Vavuniya,2025-09-19,2025-09-27,2,test,0.0,2.680205,1.0
Vavuniya,2025-09-26,2025-10-04,2,test,4.0,2.2112014,0.0
Vavuniya,2025-10-03,2025-10-11,2,test,2.0,2.986895,0.0
Vavuniya,2025-10-10,2025-10-18,2,test,0.0,3.7490008,4.0
Vavuniya,2025-10-17,2025-10-25,2,test,1.0,4.161942,2.0
Vavuniya,2025-10-24,2025-11-01,2,test,1.0,3.957819,0.0
Vavuniya,2025-10-31,2025-11-08,2,test,2.0,3.6731648,1.0
Vavuniya,2025-11-07,2025-11-15,2,test,0.0,6.258831,1.0
Vavuniya,2025-11-14,2025-11-22,2,test,0.0,5.844531,2.0
Vavuniya,2025-11-21,2025-11-29,2,test,1.0,3.9494846,0.0
Vavuniya,2025-11-28,2025-12-06,2,test,2.0,3.491622,0.0
Vavuniya,2025-12-05,2025-12-13,2,test,3.0,6.184627,1.0
Ampara,2023-12-15,2024-01-06,4,validation,45.0,43.36439,40.0
Ampara,2023-12-22,2024-01-13,4,validation,101.0,95.58267,115.0
Ampara,2023-12-29,2024-01-20,4,validation,71.0,61.17234,39.0
Ampara,2024-01-05,2024-01-27,4,validation,56.0,69.21474,78.0
Ampara,2024-01-12,2024-02-03,4,validation,80.0,63.511444,45.0
Ampara,2024-01-19,2024-02-10,4,validation,75.0,83.17897,101.0
Ampara,2024-01-26,2024-02-17,4,validation,25.0,71.53974,71.0
Ampara,2024-02-02,2024-02-24,4,validation,28.0,59.69039,56.0
Ampara,2024-02-09,2024-03-02,4,validation,36.0,68.74402,80.0
Ampara,2024-02-16,2024-03-09,4,validation,35.0,64.59272,75.0
Ampara,2024-02-23,2024-03-16,4,validation,25.0,40.678444,25.0
Ampara,2024-03-01,2024-03-23,4,validation,12.0,28.946012,28.0
Ampara,2024-03-08,2024-03-30,4,validation,15.0,32.853355,36.0
Ampara,2024-03-15,2024-04-06,4,validation,8.0,23.276588,35.0
Ampara,2024-03-22,2024-04-13,4,validation,8.0,22.813051,25.0
Ampara,2024-03-29,2024-04-20,4,validation,12.0,28.19157,12.0
Ampara,2024-04-05,2024-04-27,4,validation,12.0,24.20982,15.0
Ampara,2024-04-12,2024-05-04,4,validation,7.0,19.764147,8.0
Ampara,2024-04-19,2024-05-11,4,validation,4.0,15.394993,8.0
Ampara,2024-04-26,2024-05-18,4,validation,3.0,12.058311,12.0
Ampara,2024-05-03,2024-05-25,4,validation,14.0,11.898125,12.0
Ampara,2024-05-10,2024-06-01,4,validation,11.0,9.411954,7.0
Ampara,2024-05-17,2024-06-08,4,validation,13.0,7.1907716,4.0
Ampara,2024-05-24,2024-06-15,4,validation,8.0,7.419326,3.0
Ampara,2024-05-31,2024-06-22,4,validation,23.0,11.367633,14.0
Ampara,2024-06-07,2024-06-29,4,validation,11.0,16.491262,11.0
Ampara,2024-06-14,2024-07-06,4,validation,18.0,14.942989,13.0
Ampara,2024-06-21,2024-07-13,4,validation,12.0,11.772199,8.0
Ampara,2024-06-28,2024-07-20,4,validation,8.0,20.5853,23.0
Ampara,2024-07-05,2024-07-27,4,validation,20.0,12.961035,11.0
Ampara,2024-07-12,2024-08-03,4,validation,12.0,13.134043,18.0
Ampara,2024-07-19,2024-08-10,4,validation,16.0,9.661978,12.0
Ampara,2024-07-26,2024-08-17,4,validation,38.0,7.506462,8.0
Ampara,2024-08-02,2024-08-24,4,validation,17.0,12.938845,20.0
Ampara,2024-08-09,2024-08-31,4,validation,9.0,9.997587,12.0
Ampara,2024-08-16,2024-09-07,4,validation,24.0,11.4369335,16.0
Ampara,2024-08-23,2024-09-14,4,validation,5.0,24.695875,38.0
Ampara,2024-08-30,2024-09-21,4,validation,7.0,23.472504,17.0
Ampara,2024-09-06,2024-09-28,4,validation,4.0,22.397285,9.0
Ampara,2024-09-13,2024-10-05,4,validation,7.0,24.27142,24.0
Ampara,2024-09-20,2024-10-12,4,validation,6.0,18.037672,5.0
Ampara,2024-09-27,2024-10-19,4,validation,6.0,11.145034,7.0
Ampara,2024-10-04,2024-10-26,4,validation,1.0,8.767989,4.0
Ampara,2024-10-11,2024-11-02,4,validation,14.0,9.337347,7.0
Ampara,2024-10-18,2024-11-09,4,validation,6.0,7.0842505,6.0
Ampara,2024-10-25,2024-11-16,4,validation,9.0,8.16002,6.0
Ampara,2024-11-01,2024-11-23,4,validation,5.0,9.576046,1.0
Ampara,2024-11-08,2024-11-30,4,validation,5.0,14.575571,14.0
Ampara,2024-11-15,2024-12-07,4,validation,10.0,13.764814,6.0
Ampara,2024-11-22,2024-12-14,4,validation,6.0,15.705079,9.0
Ampara,2024-11-29,2024-12-21,4,validation,15.0,11.217652,5.0
Ampara,2024-12-06,2024-12-28,4,validation,58.0,17.061062,5.0
Anuradhapura,2023-12-15,2024-01-06,4,validation,28.0,32.917564,30.0
Anuradhapura,2023-12-22,2024-01-13,4,validation,95.0,32.333797,22.0
Anuradhapura,2023-12-29,2024-01-20,4,validation,34.0,39.919235,42.0
Anuradhapura,2024-01-05,2024-01-27,4,validation,11.0,33.209866,28.0
Anuradhapura,2024-01-12,2024-02-03,4,validation,69.0,35.68343,28.0
Anuradhapura,2024-01-19,2024-02-10,4,validation,29.0,68.22338,95.0
Anuradhapura,2024-01-26,2024-02-17,4,validation,53.0,41.518867,34.0
Anuradhapura,2024-02-02,2024-02-24,4,validation,50.0,36.253307,11.0
Anuradhapura,2024-02-09,2024-03-02,4,validation,42.0,53.25004,69.0
Anuradhapura,2024-02-16,2024-03-09,4,validation,33.0,24.074171,29.0
Anuradhapura,2024-02-23,2024-03-16,4,validation,18.0,36.19804,53.0
Anuradhapura,2024-03-01,2024-03-23,4,validation,11.0,33.79294,50.0
Anuradhapura,2024-03-08,2024-03-30,4,validation,5.0,26.099924,42.0
Anuradhapura,2024-03-15,2024-04-06,4,validation,5.0,27.008589,33.0
Anuradhapura,2024-03-22,2024-04-13,4,validation,4.0,18.775455,18.0
Anuradhapura,2024-03-29,2024-04-20,4,validation,3.0,18.273415,11.0
Anuradhapura,2024-04-05,2024-04-27,4,validation,4.0,12.741916,5.0
Anuradhapura,2024-04-12,2024-05-04,4,validation,5.0,10.633133,5.0
Anuradhapura,2024-04-19,2024-05-11,4,validation,7.0,5.326056,4.0
Anuradhapura,2024-04-26,2024-05-18,4,validation,4.0,5.064648,3.0
Anuradhapura,2024-05-03,2024-05-25,4,validation,5.0,4.1032577,4.0
Anuradhapura,2024-05-10,2024-06-01,4,validation,14.0,4.996527,5.0
Anuradhapura,2024-05-17,2024-06-08,4,validation,8.0,7.8433237,7.0
Anuradhapura,2024-05-24,2024-06-15,4,validation,5.0,9.833483,4.0
Anuradhapura,2024-05-31,2024-06-22,4,validation,3.0,8.971052,5.0
Anuradhapura,2024-06-07,2024-06-29,4,validation,5.0,15.497545,14.0
Anuradhapura,2024-06-14,2024-07-06,4,validation,6.0,12.921306,8.0
Anuradhapura,2024-06-21,2024-07-13,4,validation,11.0,11.41991,5.0
Anuradhapura,2024-06-28,2024-07-20,4,validation,23.0,6.6106424,3.0
Anuradhapura,2024-07-05,2024-07-27,4,validation,5.0,4.571555,5.0
Anuradhapura,2024-07-12,2024-08-03,4,validation,10.0,3.1415892,6.0
Anuradhapura,2024-07-19,2024-08-10,4,validation,16.0,5.4104805,11.0
Anuradhapura,2024-07-26,2024-08-17,4,validation,7.0,13.631715,23.0
Anuradhapura,2024-08-02,2024-08-24,4,validation,8.0,7.077517,5.0
Anuradhapura,2024-08-09,2024-08-31,4,validation,7.0,7.5682507,10.0
Anuradhapura,2024-08-16,2024-09-07,4,validation,8.0,11.810501,16.0
Anuradhapura,2024-08-23,2024-09-14,4,validation,3.0,9.322239,7.0
Anuradhapura,2024-08-30,2024-09-21,4,validation,9.0,7.549799,8.0
Anuradhapura,2024-09-06,2024-09-28,4,validation,4.0,9.6744795,7.0
Anuradhapura,2024-09-13,2024-10-05,4,validation,10.0,10.680626,8.0
Anuradhapura,2024-09-20,2024-10-12,4,validation,5.0,5.330182,3.0
Anuradhapura,2024-09-27,2024-10-19,4,validation,6.0,7.0239573,9.0
Anuradhapura,2024-10-04,2024-10-26,4,validation,9.0,5.7429075,4.0
Anuradhapura,2024-10-11,2024-11-02,4,validation,13.0,9.461342,10.0
Anuradhapura,2024-10-18,2024-11-09,4,validation,13.0,9.130119,5.0
Anuradhapura,2024-10-25,2024-11-16,4,validation,18.0,10.542375,6.0
Anuradhapura,2024-11-01,2024-11-23,4,validation,12.0,11.179072,9.0
Anuradhapura,2024-11-08,2024-11-30,4,validation,7.0,15.852878,13.0
Anuradhapura,2024-11-15,2024-12-07,4,validation,18.0,15.554875,13.0
Anuradhapura,2024-11-22,2024-12-14,4,validation,22.0,19.56971,18.0
Anuradhapura,2024-11-29,2024-12-21,4,validation,12.0,17.528965,12.0
Anuradhapura,2024-12-06,2024-12-28,4,validation,27.0,16.745466,7.0
Badulla,2023-12-15,2024-01-06,4,validation,78.0,145.87337,178.0
Badulla,2023-12-22,2024-01-13,4,validation,13.0,149.20218,16.0
Badulla,2023-12-29,2024-01-20,4,validation,53.0,143.71135,120.0
Badulla,2024-01-05,2024-01-27,4,validation,24.0,179.95811,111.0
Badulla,2024-01-12,2024-02-03,4,validation,44.0,178.52095,78.0
Badulla,2024-01-19,2024-02-10,4,validation,12.0,101.97753,13.0
Badulla,2024-01-26,2024-02-17,4,validation,15.0,40.794018,53.0
Badulla,2024-02-02,2024-02-24,4,validation,8.0,36.58476,24.0
Badulla,2024-02-09,2024-03-02,4,validation,11.0,38.676105,44.0
Badulla,2024-02-16,2024-03-09,4,validation,13.0,17.927221,12.0
Badulla,2024-02-23,2024-03-16,4,validation,7.0,19.129246,15.0
Badulla,2024-03-01,2024-03-23,4,validation,8.0,12.727015,8.0
Badulla,2024-03-08,2024-03-30,4,validation,7.0,12.024975,11.0
Badulla,2024-03-15,2024-04-06,4,validation,3.0,7.695369,13.0
Badulla,2024-03-22,2024-04-13,4,validation,9.0,6.5715055,7.0
Badulla,2024-03-29,2024-04-20,4,validation,5.0,7.0525913,8.0
Badulla,2024-04-05,2024-04-27,4,validation,7.0,8.128145,7.0
Badulla,2024-04-12,2024-05-04,4,validation,7.0,7.377466,3.0
Badulla,2024-04-19,2024-05-11,4,validation,2.0,6.795705,9.0
Badulla,2024-04-26,2024-05-18,4,validation,7.0,7.0463657,5.0
Badulla,2024-05-03,2024-05-25,4,validation,7.0,7.0080996,7.0
Badulla,2024-05-10,2024-06-01,4,validation,6.0,7.685375,7.0
Badulla,2024-05-17,2024-06-08,4,validation,5.0,9.069465,2.0
Badulla,2024-05-24,2024-06-15,4,validation,12.0,10.995837,7.0
Badulla,2024-05-31,2024-06-22,4,validation,21.0,13.6708765,7.0
Badulla,2024-06-07,2024-06-29,4,validation,15.0,18.774137,6.0
Badulla,2024-06-14,2024-07-06,4,validation,15.0,14.030968,5.0
Badulla,2024-06-21,2024-07-13,4,validation,12.0,15.244984,12.0
Badulla,2024-06-28,2024-07-20,4,validation,10.0,17.605906,21.0
Badulla,2024-07-05,2024-07-27,4,validation,15.0,15.701711,15.0
Badulla,2024-07-12,2024-08-03,4,validation,18.0,15.518572,15.0
Badulla,2024-07-19,2024-08-10,4,validation,9.0,12.805627,12.0
Badulla,2024-07-26,2024-08-17,4,validation,10.0,11.276167,10.0
Badulla,2024-08-02,2024-08-24,4,validation,20.0,10.452084,15.0
Badulla,2024-08-09,2024-08-31,4,validation,15.0,12.095572,18.0
Badulla,2024-08-16,2024-09-07,4,validation,6.0,9.646861,9.0
Badulla,2024-08-23,2024-09-14,4,validation,8.0,9.807624,10.0
Badulla,2024-08-30,2024-09-21,4,validation,9.0,17.886234,20.0
Badulla,2024-09-06,2024-09-28,4,validation,6.0,17.078728,15.0
Badulla,2024-09-13,2024-10-05,4,validation,9.0,15.318688,6.0
Badulla,2024-09-20,2024-10-12,4,validation,6.0,17.811174,8.0
Badulla,2024-09-27,2024-10-19,4,validation,14.0,10.145663,9.0
Badulla,2024-10-04,2024-10-26,4,validation,10.0,9.06062,6.0
Badulla,2024-10-11,2024-11-02,4,validation,7.0,10.038208,9.0
Badulla,2024-10-18,2024-11-09,4,validation,8.0,11.140715,6.0
Badulla,2024-10-25,2024-11-16,4,validation,19.0,14.120293,14.0
Badulla,2024-11-01,2024-11-23,4,validation,15.0,15.411957,10.0
Badulla,2024-11-08,2024-11-30,4,validation,15.0,14.756413,7.0
Badulla,2024-11-15,2024-12-07,4,validation,19.0,11.781227,8.0
Badulla,2024-11-22,2024-12-14,4,validation,20.0,18.968506,19.0
Badulla,2024-11-29,2024-12-21,4,validation,19.0,21.91533,15.0
Badulla,2024-12-06,2024-12-28,4,validation,5.0,19.54729,15.0
Batticaloa,2023-12-15,2024-01-06,4,validation,123.0,127.233345,95.0
Batticaloa,2023-12-22,2024-01-13,4,validation,122.0,100.869865,88.0
Batticaloa,2023-12-29,2024-01-20,4,validation,88.0,139.86656,113.0
Batticaloa,2024-01-05,2024-01-27,4,validation,67.0,174.92831,142.0
Batticaloa,2024-01-12,2024-02-03,4,validation,82.0,180.20439,123.0
Batticaloa,2024-01-19,2024-02-10,4,validation,61.0,144.72842,122.0
Batticaloa,2024-01-26,2024-02-17,4,validation,70.0,95.20784,88.0
Batticaloa,2024-02-02,2024-02-24,4,validation,51.0,80.38254,67.0
Batticaloa,2024-02-09,2024-03-02,4,validation,67.0,70.174,82.0
Batticaloa,2024-02-16,2024-03-09,4,validation,55.0,57.105007,61.0
Batticaloa,2024-02-23,2024-03-16,4,validation,28.0,59.547165,70.0
Batticaloa,2024-03-01,2024-03-23,4,validation,26.0,50.843365,51.0
Batticaloa,2024-03-08,2024-03-30,4,validation,16.0,53.52354,67.0
Batticaloa,2024-03-15,2024-04-06,4,validation,20.0,39.345276,55.0
Batticaloa,2024-03-22,2024-04-13,4,validation,11.0,26.179056,28.0
Batticaloa,2024-03-29,2024-04-20,4,validation,10.0,30.920006,26.0
Batticaloa,2024-04-05,2024-04-27,4,validation,17.0,23.038408,16.0
Batticaloa,2024-04-12,2024-05-04,4,validation,19.0,22.87931,20.0
Batticaloa,2024-04-19,2024-05-11,4,validation,17.0,21.573006,11.0
Batticaloa,2024-04-26,2024-05-18,4,validation,18.0,15.112491,10.0
Batticaloa,2024-05-03,2024-05-25,4,validation,13.0,13.038472,17.0
Batticaloa,2024-05-10,2024-06-01,4,validation,15.0,14.422246,19.0
Batticaloa,2024-05-17,2024-06-08,4,validation,19.0,18.201792,17.0
Batticaloa,2024-05-24,2024-06-15,4,validation,14.0,22.596327,18.0
Batticaloa,2024-05-31,2024-06-22,4,validation,15.0,22.051434,13.0
Batticaloa,2024-06-07,2024-06-29,4,validation,16.0,23.259315,15.0
Batticaloa,2024-06-14,2024-07-06,4,validation,21.0,23.774673,19.0
Batticaloa,2024-06-21,2024-07-13,4,validation,11.0,20.875898,14.0
Batticaloa,2024-06-28,2024-07-20,4,validation,15.0,14.042447,15.0
Batticaloa,2024-07-05,2024-07-27,4,validation,25.0,15.456572,16.0
Batticaloa,2024-07-12,2024-08-03,4,validation,20.0,14.83432,21.0
Batticaloa,2024-07-19,2024-08-10,4,validation,22.0,10.105228,11.0
Batticaloa,2024-07-26,2024-08-17,4,validation,21.0,10.937998,15.0
Batticaloa,2024-08-02,2024-08-24,4,validation,29.0,14.202551,25.0
Batticaloa,2024-08-09,2024-08-31,4,validation,16.0,14.277132,20.0
Batticaloa,2024-08-16,2024-09-07,4,validation,17.0,18.093128,22.0
Batticaloa,2024-08-23,2024-09-14,4,validation,16.0,21.908752,21.0
Batticaloa,2024-08-30,2024-09-21,4,validation,15.0,28.350792,29.0
Batticaloa,2024-09-06,2024-09-28,4,validation,5.0,24.67962,16.0
Batticaloa,2024-09-13,2024-10-05,4,validation,10.0,22.066528,17.0
Batticaloa,2024-09-20,2024-10-12,4,validation,13.0,22.93898,16.0
Batticaloa,2024-09-27,2024-10-19,4,validation,7.0,18.259474,15.0
Batticaloa,2024-10-04,2024-10-26,4,validation,6.0,15.893968,5.0
Batticaloa,2024-10-11,2024-11-02,4,validation,14.0,15.278103,10.0
Batticaloa,2024-10-18,2024-11-09,4,validation,11.0,18.939516,13.0
Batticaloa,2024-10-25,2024-11-16,4,validation,12.0,19.549654,7.0
Batticaloa,2024-11-01,2024-11-23,4,validation,21.0,17.968157,6.0
Batticaloa,2024-11-08,2024-11-30,4,validation,31.0,22.826542,14.0
Batticaloa,2024-11-15,2024-12-07,4,validation,30.0,23.646864,11.0
Batticaloa,2024-11-22,2024-12-14,4,validation,35.0,26.78102,12.0
Batticaloa,2024-11-29,2024-12-21,4,validation,47.0,31.970018,21.0
Batticaloa,2024-12-06,2024-12-28,4,validation,62.0,40.029373,31.0
Colombo,2023-12-15,2024-01-06,4,validation,549.0,375.43216,409.0
Colombo,2023-12-22,2024-01-13,4,validation,477.0,320.32632,476.0
Colombo,2023-12-29,2024-01-20,4,validation,499.0,461.95874,375.0
Colombo,2024-01-05,2024-01-27,4,validation,349.0,349.53406,299.0
Colombo,2024-01-12,2024-02-03,4,validation,382.0,771.6552,549.0
Colombo,2024-01-19,2024-02-10,4,validation,286.0,578.7485,477.0
Colombo,2024-01-26,2024-02-17,4,validation,269.0,513.8412,499.0
Colombo,2024-02-02,2024-02-24,4,validation,252.0,418.4775,349.0
Colombo,2024-02-09,2024-03-02,4,validation,170.0,301.67142,382.0
Colombo,2024-02-16,2024-03-09,4,validation,207.0,185.66617,286.0
Colombo,2024-02-23,2024-03-16,4,validation,146.0,167.32327,269.0
Colombo,2024-03-01,2024-03-23,4,validation,130.0,127.86141,252.0
Colombo,2024-03-08,2024-03-30,4,validation,132.0,79.41743,170.0
Colombo,2024-03-15,2024-04-06,4,validation,68.0,89.45202,207.0
Colombo,2024-03-22,2024-04-13,4,validation,111.0,87.3781,146.0
Colombo,2024-03-29,2024-04-20,4,validation,111.0,93.68843,130.0
Colombo,2024-04-05,2024-04-27,4,validation,114.0,119.89603,132.0
Colombo,2024-04-12,2024-05-04,4,validation,75.0,100.66686,68.0
Colombo,2024-04-19,2024-05-11,4,validation,133.0,119.36551,111.0
Colombo,2024-04-26,2024-05-18,4,validation,119.0,128.17758,111.0
Colombo,2024-05-03,2024-05-25,4,validation,156.0,148.45349,114.0
Colombo,2024-05-10,2024-06-01,4,validation,158.0,106.35328,75.0
Colombo,2024-05-17,2024-06-08,4,validation,182.0,185.06055,133.0
Colombo,2024-05-24,2024-06-15,4,validation,218.0,153.49063,119.0
Colombo,2024-05-31,2024-06-22,4,validation,245.0,344.40805,156.0
Colombo,2024-06-07,2024-06-29,4,validation,292.0,366.56296,158.0
Colombo,2024-06-14,2024-07-06,4,validation,320.0,358.76566,182.0
Colombo,2024-06-21,2024-07-13,4,validation,312.0,310.71637,218.0
Colombo,2024-06-28,2024-07-20,4,validation,321.0,314.34537,245.0
Colombo,2024-07-05,2024-07-27,4,validation,308.0,281.32382,292.0
Colombo,2024-07-12,2024-08-03,4,validation,279.0,270.3878,320.0
Colombo,2024-07-19,2024-08-10,4,validation,266.0,226.05693,312.0
Colombo,2024-07-26,2024-08-17,4,validation,263.0,216.3491,321.0
Colombo,2024-08-02,2024-08-24,4,validation,250.0,184.63423,308.0
Colombo,2024-08-09,2024-08-31,4,validation,192.0,189.43512,279.0
Colombo,2024-08-16,2024-09-07,4,validation,226.0,157.39539,266.0
Colombo,2024-08-23,2024-09-14,4,validation,202.0,312.73465,263.0
Colombo,2024-08-30,2024-09-21,4,validation,143.0,329.64313,250.0
Colombo,2024-09-06,2024-09-28,4,validation,169.0,309.54956,192.0
Colombo,2024-09-13,2024-10-05,4,validation,172.0,308.81104,226.0
Colombo,2024-09-20,2024-10-12,4,validation,180.0,279.05432,202.0
Colombo,2024-09-27,2024-10-19,4,validation,161.0,214.31906,143.0
Colombo,2024-10-04,2024-10-26,4,validation,141.0,190.47617,169.0
Colombo,2024-10-11,2024-11-02,4,validation,152.0,177.38203,172.0
Colombo,2024-10-18,2024-11-09,4,validation,156.0,216.33908,180.0
Colombo,2024-10-25,2024-11-16,4,validation,191.0,243.81506,161.0
Colombo,2024-11-01,2024-11-23,4,validation,185.0,250.95178,141.0
Colombo,2024-11-08,2024-11-30,4,validation,163.0,269.17572,152.0
Colombo,2024-11-15,2024-12-07,4,validation,247.0,202.24333,156.0
Colombo,2024-11-22,2024-12-14,4,validation,220.0,219.89658,191.0
Colombo,2024-11-29,2024-12-21,4,validation,231.0,290.0692,185.0
Colombo,2024-12-06,2024-12-28,4,validation,200.0,243.11237,163.0
Galle,2023-12-15,2024-01-06,4,validation,84.0,126.46563,113.0
Galle,2023-12-22,2024-01-13,4,validation,132.0,123.66664,126.0
Galle,2023-12-29,2024-01-20,4,validation,119.0,112.95165,93.0
Galle,2024-01-05,2024-01-27,4,validation,111.0,135.2738,107.0
Galle,2024-01-12,2024-02-03,4,validation,103.0,111.56923,84.0
Galle,2024-01-19,2024-02-10,4,validation,66.0,140.37396,132.0
Galle,2024-01-26,2024-02-17,4,validation,42.0,113.74279,119.0
Galle,2024-02-02,2024-02-24,4,validation,75.0,99.571915,111.0
Galle,2024-02-09,2024-03-02,4,validation,40.0,96.31119,103.0
Galle,2024-02-16,2024-03-09,4,validation,28.0,55.116173,66.0
Galle,2024-02-23,2024-03-16,4,validation,30.0,34.01555,42.0
Galle,2024-03-01,2024-03-23,4,validation,20.0,46.542976,75.0
Galle,2024-03-08,2024-03-30,4,validation,32.0,30.355871,40.0
Galle,2024-03-15,2024-04-06,4,validation,18.0,20.037287,28.0
Galle,2024-03-22,2024-04-13,4,validation,19.0,23.900078,30.0
Galle,2024-03-29,2024-04-20,4,validation,23.0,20.795017,20.0
Galle,2024-04-05,2024-04-27,4,validation,24.0,36.63328,32.0
Galle,2024-04-12,2024-05-04,4,validation,21.0,27.106123,18.0
Galle,2024-04-19,2024-05-11,4,validation,24.0,26.291271,19.0
Galle,2024-04-26,2024-05-18,4,validation,13.0,33.151066,23.0
Galle,2024-05-03,2024-05-25,4,validation,26.0,30.67642,24.0
Galle,2024-05-10,2024-06-01,4,validation,9.0,28.748272,21.0
Galle,2024-05-17,2024-06-08,4,validation,21.0,29.710514,24.0
Galle,2024-05-24,2024-06-15,4,validation,26.0,28.231966,13.0
Galle,2024-05-31,2024-06-22,4,validation,32.0,57.88837,26.0
Galle,2024-06-07,2024-06-29,4,validation,29.0,46.68988,9.0
Galle,2024-06-14,2024-07-06,4,validation,34.0,45.32761,21.0
Galle,2024-06-21,2024-07-13,4,validation,31.0,41.14831,26.0
Galle,2024-06-28,2024-07-20,4,validation,33.0,35.910805,32.0
Galle,2024-07-05,2024-07-27,4,validation,32.0,30.381369,29.0
Galle,2024-07-12,2024-08-03,4,validation,46.0,35.780243,34.0
Galle,2024-07-19,2024-08-10,4,validation,40.0,29.71923,31.0
Galle,2024-07-26,2024-08-17,4,validation,27.0,35.17424,33.0
Galle,2024-08-02,2024-08-24,4,validation,50.0,29.427372,32.0
Galle,2024-08-09,2024-08-31,4,validation,38.0,37.81831,46.0
Galle,2024-08-16,2024-09-07,4,validation,35.0,36.41079,40.0
Galle,2024-08-23,2024-09-14,4,validation,32.0,32.457485,27.0
Galle,2024-08-30,2024-09-21,4,validation,46.0,51.91255,50.0
Galle,2024-09-06,2024-09-28,4,validation,35.0,48.20734,38.0
Galle,2024-09-13,2024-10-05,4,validation,35.0,46.02947,35.0
Galle,2024-09-20,2024-10-12,4,validation,27.0,37.291714,32.0
Galle,2024-09-27,2024-10-19,4,validation,21.0,47.16795,46.0
Galle,2024-10-04,2024-10-26,4,validation,26.0,57.84344,35.0
Galle,2024-10-11,2024-11-02,4,validation,27.0,45.1008,35.0
Galle,2024-10-18,2024-11-09,4,validation,25.0,37.723442,27.0
Galle,2024-10-25,2024-11-16,4,validation,59.0,29.667603,21.0
Galle,2024-11-01,2024-11-23,4,validation,26.0,33.662045,26.0
Galle,2024-11-08,2024-11-30,4,validation,37.0,33.141254,27.0
Galle,2024-11-15,2024-12-07,4,validation,34.0,32.782333,25.0
Galle,2024-11-22,2024-12-14,4,validation,27.0,55.776012,59.0
Galle,2024-11-29,2024-12-21,4,validation,25.0,39.951122,26.0
Galle,2024-12-06,2024-12-28,4,validation,30.0,44.30194,37.0
Gampaha,2023-12-15,2024-01-06,4,validation,111.0,176.00624,130.0
Gampaha,2023-12-22,2024-01-13,4,validation,147.0,180.48178,217.0
Gampaha,2023-12-29,2024-01-20,4,validation,150.0,226.50027,146.0
Gampaha,2024-01-05,2024-01-27,4,validation,144.0,186.14792,146.0
Gampaha,2024-01-12,2024-02-03,4,validation,165.0,149.12909,111.0
Gampaha,2024-01-19,2024-02-10,4,validation,155.0,153.96788,147.0
Gampaha,2024-01-26,2024-02-17,4,validation,111.0,167.24846,150.0
Gampaha,2024-02-02,2024-02-24,4,validation,102.0,172.37761,144.0
Gampaha,2024-02-09,2024-03-02,4,validation,68.0,187.89575,165.0
Gampaha,2024-02-16,2024-03-09,4,validation,90.0,117.82688,155.0
Gampaha,2024-02-23,2024-03-16,4,validation,80.0,69.57446,111.0
Gampaha,2024-03-01,2024-03-23,4,validation,60.0,58.888386,102.0
Gampaha,2024-03-08,2024-03-30,4,validation,66.0,34.8356,68.0
Gampaha,2024-03-15,2024-04-06,4,validation,46.0,48.214863,90.0
Gampaha,2024-03-22,2024-04-13,4,validation,68.0,56.449036,80.0
Gampaha,2024-03-29,2024-04-20,4,validation,43.0,70.20729,60.0
Gampaha,2024-04-05,2024-04-27,4,validation,48.0,78.262314,66.0
Gampaha,2024-04-12,2024-05-04,4,validation,55.0,69.046104,46.0
Gampaha,2024-04-19,2024-05-11,4,validation,70.0,71.80347,68.0
Gampaha,2024-04-26,2024-05-18,4,validation,40.0,58.89264,43.0
Gampaha,2024-05-03,2024-05-25,4,validation,48.0,56.2561,48.0
Gampaha,2024-05-10,2024-06-01,4,validation,77.0,66.91119,55.0
Gampaha,2024-05-17,2024-06-08,4,validation,105.0,67.66787,70.0
Gampaha,2024-05-24,2024-06-15,4,validation,81.0,55.392384,40.0
Gampaha,2024-05-31,2024-06-22,4,validation,103.0,102.37082,48.0
Gampaha,2024-06-07,2024-06-29,4,validation,139.0,122.26648,77.0
Gampaha,2024-06-14,2024-07-06,4,validation,125.0,168.07495,105.0
Gampaha,2024-06-21,2024-07-13,4,validation,129.0,144.18745,81.0
Gampaha,2024-06-28,2024-07-20,4,validation,157.0,144.89719,103.0
Gampaha,2024-07-05,2024-07-27,4,validation,148.0,153.8394,139.0
Gampaha,2024-07-12,2024-08-03,4,validation,174.0,119.00699,125.0
Gampaha,2024-07-19,2024-08-10,4,validation,123.0,127.65005,129.0
Gampaha,2024-07-26,2024-08-17,4,validation,124.0,142.34186,157.0
Gampaha,2024-08-02,2024-08-24,4,validation,122.0,129.0326,148.0
Gampaha,2024-08-09,2024-08-31,4,validation,128.0,170.26852,174.0
Gampaha,2024-08-16,2024-09-07,4,validation,84.0,111.925514,123.0
Gampaha,2024-08-23,2024-09-14,4,validation,96.0,166.54538,124.0
Gampaha,2024-08-30,2024-09-21,4,validation,91.0,141.62698,122.0
Gampaha,2024-09-06,2024-09-28,4,validation,101.0,172.37125,128.0
Gampaha,2024-09-13,2024-10-05,4,validation,120.0,104.08264,84.0
Gampaha,2024-09-20,2024-10-12,4,validation,95.0,115.72501,96.0
Gampaha,2024-09-27,2024-10-19,4,validation,98.0,145.3684,91.0
Gampaha,2024-10-04,2024-10-26,4,validation,103.0,124.68552,101.0
Gampaha,2024-10-11,2024-11-02,4,validation,111.0,139.51845,120.0
Gampaha,2024-10-18,2024-11-09,4,validation,95.0,123.89937,95.0
Gampaha,2024-10-25,2024-11-16,4,validation,153.0,123.18713,98.0
Gampaha,2024-11-01,2024-11-23,4,validation,186.0,132.8472,103.0
Gampaha,2024-11-08,2024-11-30,4,validation,133.0,132.27312,111.0
Gampaha,2024-11-15,2024-12-07,4,validation,161.0,88.51409,95.0
Gampaha,2024-11-22,2024-12-14,4,validation,103.0,166.30104,153.0
Gampaha,2024-11-29,2024-12-21,4,validation,131.0,216.79231,186.0
Gampaha,2024-12-06,2024-12-28,4,validation,186.0,166.9928,133.0
Hambantota,2023-12-15,2024-01-06,4,validation,55.0,48.125942,43.0
Hambantota,2023-12-22,2024-01-13,4,validation,33.0,59.57483,72.0
Hambantota,2023-12-29,2024-01-20,4,validation,50.0,49.596878,18.0
Hambantota,2024-01-05,2024-01-27,4,validation,37.0,45.30155,38.0
Hambantota,2024-01-12,2024-02-03,4,validation,29.0,55.67603,55.0
Hambantota,2024-01-19,2024-02-10,4,validation,14.0,44.590076,33.0
Hambantota,2024-01-26,2024-02-17,4,validation,35.0,43.021343,50.0
Hambantota,2024-02-02,2024-02-24,4,validation,18.0,38.40256,37.0
Hambantota,2024-02-09,2024-03-02,4,validation,22.0,34.48224,29.0
Hambantota,2024-02-16,2024-03-09,4,validation,27.0,18.539103,14.0
Hambantota,2024-02-23,2024-03-16,4,validation,17.0,22.243027,35.0
Hambantota,2024-03-01,2024-03-23,4,validation,29.0,15.876819,18.0
Hambantota,2024-03-08,2024-03-30,4,validation,13.0,16.68571,22.0
Hambantota,2024-03-15,2024-04-06,4,validation,10.0,16.158846,27.0
Hambantota,2024-03-22,2024-04-13,4,validation,32.0,13.790821,17.0
Hambantota,2024-03-29,2024-04-20,4,validation,12.0,21.046745,29.0
Hambantota,2024-04-05,2024-04-27,4,validation,15.0,17.244097,13.0
Hambantota,2024-04-12,2024-05-04,4,validation,18.0,17.946735,10.0
Hambantota,2024-04-19,2024-05-11,4,validation,9.0,27.033468,32.0
Hambantota,2024-04-26,2024-05-18,4,validation,6.0,23.778023,12.0
Hambantota,2024-05-03,2024-05-25,4,validation,12.0,19.79527,15.0
Hambantota,2024-05-10,2024-06-01,4,validation,16.0,20.46723,18.0
Hambantota,2024-05-17,2024-06-08,4,validation,9.0,21.255266,9.0
Hambantota,2024-05-24,2024-06-15,4,validation,8.0,13.768435,6.0
Hambantota,2024-05-31,2024-06-22,4,validation,10.0,17.277094,12.0
Hambantota,2024-06-07,2024-06-29,4,validation,12.0,24.897774,16.0
Hambantota,2024-06-14,2024-07-06,4,validation,5.0,18.774529,9.0
Hambantota,2024-06-21,2024-07-13,4,validation,15.0,17.795515,8.0
Hambantota,2024-06-28,2024-07-20,4,validation,14.0,13.926225,10.0
Hambantota,2024-07-05,2024-07-27,4,validation,11.0,10.710263,12.0
Hambantota,2024-07-12,2024-08-03,4,validation,5.0,5.5083976,5.0
Hambantota,2024-07-19,2024-08-10,4,validation,8.0,8.435742,15.0
Hambantota,2024-07-26,2024-08-17,4,validation,11.0,8.702875,14.0
Hambantota,2024-08-02,2024-08-24,4,validation,15.0,8.595857,11.0
Hambantota,2024-08-09,2024-08-31,4,validation,10.0,6.06338,5.0
Hambantota,2024-08-16,2024-09-07,4,validation,14.0,6.078121,8.0
Hambantota,2024-08-23,2024-09-14,4,validation,10.0,8.52618,11.0
Hambantota,2024-08-30,2024-09-21,4,validation,10.0,14.571698,15.0
Hambantota,2024-09-06,2024-09-28,4,validation,10.0,12.387641,10.0
Hambantota,2024-09-13,2024-10-05,4,validation,11.0,16.71385,14.0
Hambantota,2024-09-20,2024-10-12,4,validation,14.0,16.680971,10.0
Hambantota,2024-09-27,2024-10-19,4,validation,9.0,10.966006,10.0
Hambantota,2024-10-04,2024-10-26,4,validation,10.0,12.047411,10.0
Hambantota,2024-10-11,2024-11-02,4,validation,12.0,13.54427,11.0
Hambantota,2024-10-18,2024-11-09,4,validation,4.0,13.832549,14.0
Hambantota,2024-10-25,2024-11-16,4,validation,23.0,12.881448,9.0
Hambantota,2024-11-01,2024-11-23,4,validation,6.0,13.472658,10.0
Hambantota,2024-11-08,2024-11-30,4,validation,15.0,14.577446,12.0
Hambantota,2024-11-15,2024-12-07,4,validation,12.0,13.420108,4.0
Hambantota,2024-11-22,2024-12-14,4,validation,22.0,24.38071,23.0
Hambantota,2024-11-29,2024-12-21,4,validation,21.0,17.496979,6.0
Hambantota,2024-12-06,2024-12-28,4,validation,36.0,21.014185,15.0
Jaffna,2023-12-15,2024-01-06,4,validation,805.0,414.05658,423.0
Jaffna,2023-12-22,2024-01-13,4,validation,595.0,514.29425,706.0
Jaffna,2023-12-29,2024-01-20,4,validation,746.0,634.705,746.0
Jaffna,2024-01-05,2024-01-27,4,validation,483.0,917.6623,623.0
Jaffna,2024-01-12,2024-02-03,4,validation,410.0,1100.7931,805.0
Jaffna,2024-01-19,2024-02-10,4,validation,292.0,763.06665,595.0
Jaffna,2024-01-26,2024-02-17,4,validation,224.0,659.1107,746.0
Jaffna,2024-02-02,2024-02-24,4,validation,148.0,233.56387,483.0
Jaffna,2024-02-09,2024-03-02,4,validation,143.0,209.20395,410.0
Jaffna,2024-02-16,2024-03-09,4,validation,99.0,117.08152,292.0
Jaffna,2024-02-23,2024-03-16,4,validation,67.0,92.02814,224.0
Jaffna,2024-03-01,2024-03-23,4,validation,68.0,67.624825,148.0
Jaffna,2024-03-08,2024-03-30,4,validation,60.0,49.56377,143.0
Jaffna,2024-03-15,2024-04-06,4,validation,42.0,35.297234,99.0
Jaffna,2024-03-22,2024-04-13,4,validation,34.0,36.11569,67.0
Jaffna,2024-03-29,2024-04-20,4,validation,35.0,52.100483,68.0
Jaffna,2024-04-05,2024-04-27,4,validation,28.0,52.6747,60.0
Jaffna,2024-04-12,2024-05-04,4,validation,19.0,43.225174,42.0
Jaffna,2024-04-19,2024-05-11,4,validation,16.0,35.036087,34.0
Jaffna,2024-04-26,2024-05-18,4,validation,5.0,27.96923,35.0
Jaffna,2024-05-03,2024-05-25,4,validation,23.0,23.28485,28.0
Jaffna,2024-05-10,2024-06-01,4,validation,22.0,21.410027,19.0
Jaffna,2024-05-17,2024-06-08,4,validation,18.0,35.763042,16.0
Jaffna,2024-05-24,2024-06-15,4,validation,11.0,52.80337,5.0
Jaffna,2024-05-31,2024-06-22,4,validation,20.0,37.655025,23.0
Jaffna,2024-06-07,2024-06-29,4,validation,21.0,45.21218,22.0
Jaffna,2024-06-14,2024-07-06,4,validation,15.0,39.99172,18.0
Jaffna,2024-06-21,2024-07-13,4,validation,18.0,30.25593,11.0
Jaffna,2024-06-28,2024-07-20,4,validation,10.0,29.359224,20.0
Jaffna,2024-07-05,2024-07-27,4,validation,13.0,28.288239,21.0
Jaffna,2024-07-12,2024-08-03,4,validation,6.0,16.416605,15.0
Jaffna,2024-07-19,2024-08-10,4,validation,11.0,17.198122,18.0
Jaffna,2024-07-26,2024-08-17,4,validation,16.0,14.664883,10.0
Jaffna,2024-08-02,2024-08-24,4,validation,15.0,12.343524,13.0
Jaffna,2024-08-09,2024-08-31,4,validation,8.0,10.861719,6.0
Jaffna,2024-08-16,2024-09-07,4,validation,11.0,13.528507,11.0
Jaffna,2024-08-23,2024-09-14,4,validation,8.0,17.14127,16.0
Jaffna,2024-08-30,2024-09-21,4,validation,15.0,25.234259,15.0
Jaffna,2024-09-06,2024-09-28,4,validation,11.0,25.061987,8.0
Jaffna,2024-09-13,2024-10-05,4,validation,10.0,20.418123,11.0
Jaffna,2024-09-20,2024-10-12,4,validation,11.0,15.985712,8.0
Jaffna,2024-09-27,2024-10-19,4,validation,7.0,19.543865,15.0
Jaffna,2024-10-04,2024-10-26,4,validation,30.0,18.941101,11.0
Jaffna,2024-10-11,2024-11-02,4,validation,26.0,33.457714,10.0
Jaffna,2024-10-18,2024-11-09,4,validation,25.0,44.20798,11.0
Jaffna,2024-10-25,2024-11-16,4,validation,37.0,51.45012,7.0
Jaffna,2024-11-01,2024-11-23,4,validation,47.0,54.6929,30.0
Jaffna,2024-11-08,2024-11-30,4,validation,35.0,69.1327,26.0
Jaffna,2024-11-15,2024-12-07,4,validation,60.0,84.063156,25.0
Jaffna,2024-11-22,2024-12-14,4,validation,76.0,88.906685,37.0
Jaffna,2024-11-29,2024-12-21,4,validation,76.0,85.26754,47.0
Jaffna,2024-12-06,2024-12-28,4,validation,58.0,103.4596,35.0
Kalutara,2023-12-15,2024-01-06,4,validation,103.0,103.26816,104.0
Kalutara,2023-12-22,2024-01-13,4,validation,105.0,393.67575,693.0
Kalutara,2023-12-29,2024-01-20,4,validation,96.0,275.38632,89.0
Kalutara,2024-01-05,2024-01-27,4,validation,118.0,149.42236,77.0
Kalutara,2024-01-12,2024-02-03,4,validation,113.0,115.2019,103.0
Kalutara,2024-01-19,2024-02-10,4,validation,81.0,103.62716,105.0
Kalutara,2024-01-26,2024-02-17,4,validation,77.0,90.95589,96.0
Kalutara,2024-02-02,2024-02-24,4,validation,54.0,118.77023,118.0
Kalutara,2024-02-09,2024-03-02,4,validation,43.0,120.605865,113.0
Kalutara,2024-02-16,2024-03-09,4,validation,91.0,60.250446,81.0
Kalutara,2024-02-23,2024-03-16,4,validation,78.0,52.39238,77.0
Kalutara,2024-03-01,2024-03-23,4,validation,69.0,36.080307,54.0
Kalutara,2024-03-08,2024-03-30,4,validation,50.0,26.910381,43.0
Kalutara,2024-03-15,2024-04-06,4,validation,35.0,61.33856,91.0
Kalutara,2024-03-22,2024-04-13,4,validation,37.0,61.764088,78.0
Kalutara,2024-03-29,2024-04-20,4,validation,24.0,75.99227,69.0
Kalutara,2024-04-05,2024-04-27,4,validation,41.0,74.52862,50.0
Kalutara,2024-04-12,2024-05-04,4,validation,31.0,60.00418,35.0
Kalutara,2024-04-19,2024-05-11,4,validation,50.0,47.912853,37.0
Kalutara,2024-04-26,2024-05-18,4,validation,32.0,39.37578,24.0
Kalutara,2024-05-03,2024-05-25,4,validation,41.0,44.81394,41.0
Kalutara,2024-05-10,2024-06-01,4,validation,41.0,37.294914,31.0
Kalutara,2024-05-17,2024-06-08,4,validation,50.0,48.032314,50.0
Kalutara,2024-05-24,2024-06-15,4,validation,46.0,38.336445,32.0
Kalutara,2024-05-31,2024-06-22,4,validation,63.0,71.65392,41.0
Kalutara,2024-06-07,2024-06-29,4,validation,60.0,73.19332,41.0
Kalutara,2024-06-14,2024-07-06,4,validation,68.0,77.98304,50.0
Kalutara,2024-06-21,2024-07-13,4,validation,55.0,67.57455,46.0
Kalutara,2024-06-28,2024-07-20,4,validation,65.0,70.75484,63.0
Kalutara,2024-07-05,2024-07-27,4,validation,27.0,71.742836,60.0
Kalutara,2024-07-12,2024-08-03,4,validation,50.0,60.13766,68.0
Kalutara,2024-07-19,2024-08-10,4,validation,48.0,54.892742,55.0
Kalutara,2024-07-26,2024-08-17,4,validation,43.0,45.169483,65.0
Kalutara,2024-08-02,2024-08-24,4,validation,57.0,28.025537,27.0
Kalutara,2024-08-09,2024-08-31,4,validation,39.0,42.35567,50.0
Kalutara,2024-08-16,2024-09-07,4,validation,23.0,42.991325,48.0
Kalutara,2024-08-23,2024-09-14,4,validation,34.0,42.684612,43.0
Kalutara,2024-08-30,2024-09-21,4,validation,48.0,64.4298,57.0
Kalutara,2024-09-06,2024-09-28,4,validation,44.0,55.472767,39.0
Kalutara,2024-09-13,2024-10-05,4,validation,44.0,43.136898,23.0
Kalutara,2024-09-20,2024-10-12,4,validation,36.0,47.331604,34.0
Kalutara,2024-09-27,2024-10-19,4,validation,31.0,50.16424,48.0
Kalutara,2024-10-04,2024-10-26,4,validation,40.0,60.97672,44.0
Kalutara,2024-10-11,2024-11-02,4,validation,36.0,55.62697,44.0
Kalutara,2024-10-18,2024-11-09,4,validation,23.0,49.977142,36.0
Kalutara,2024-10-25,2024-11-16,4,validation,30.0,37.304512,31.0
Kalutara,2024-11-01,2024-11-23,4,validation,34.0,47.411884,40.0
Kalutara,2024-11-08,2024-11-30,4,validation,28.0,43.58808,36.0
Kalutara,2024-11-15,2024-12-07,4,validation,32.0,34.195885,23.0
Kalutara,2024-11-22,2024-12-14,4,validation,49.0,37.277554,30.0
Kalutara,2024-11-29,2024-12-21,4,validation,34.0,46.145443,34.0
Kalutara,2024-12-06,2024-12-28,4,validation,65.0,39.002125,28.0
Kandy,2023-12-15,2024-01-06,4,validation,199.0,346.30286,353.0
Kandy,2023-12-22,2024-01-13,4,validation,165.0,295.41257,418.0
Kandy,2023-12-29,2024-01-20,4,validation,186.0,336.41513,330.0
Kandy,2024-01-05,2024-01-27,4,validation,126.0,247.53766,237.0
Kandy,2024-01-12,2024-02-03,4,validation,126.0,226.18904,199.0
Kandy,2024-01-19,2024-02-10,4,validation,86.0,156.45091,165.0
Kandy,2024-01-26,2024-02-17,4,validation,83.0,117.52736,186.0
Kandy,2024-02-02,2024-02-24,4,validation,58.0,103.5241,126.0
Kandy,2024-02-09,2024-03-02,4,validation,68.0,97.00021,126.0
Kandy,2024-02-16,2024-03-09,4,validation,59.0,59.917892,86.0
Kandy,2024-02-23,2024-03-16,4,validation,42.0,54.98929,83.0
Kandy,2024-03-01,2024-03-23,4,validation,51.0,51.12294,58.0
Kandy,2024-03-08,2024-03-30,4,validation,47.0,44.587482,68.0
Kandy,2024-03-15,2024-04-06,4,validation,44.0,54.770866,59.0
Kandy,2024-03-22,2024-04-13,4,validation,73.0,49.378696,42.0
Kandy,2024-03-29,2024-04-20,4,validation,64.0,70.95538,51.0
Kandy,2024-04-05,2024-04-27,4,validation,66.0,77.59057,47.0
Kandy,2024-04-12,2024-05-04,4,validation,71.0,76.70846,44.0
Kandy,2024-04-19,2024-05-11,4,validation,98.0,92.76118,73.0
Kandy,2024-04-26,2024-05-18,4,validation,62.0,94.17665,64.0
Kandy,2024-05-03,2024-05-25,4,validation,66.0,84.02378,66.0
Kandy,2024-05-10,2024-06-01,4,validation,69.0,89.718185,71.0
Kandy,2024-05-17,2024-06-08,4,validation,70.0,118.64565,98.0
Kandy,2024-05-24,2024-06-15,4,validation,85.0,105.97517,62.0
Kandy,2024-05-31,2024-06-22,4,validation,91.0,141.67058,66.0
Kandy,2024-06-07,2024-06-29,4,validation,110.0,154.56671,69.0
Kandy,2024-06-14,2024-07-06,4,validation,141.0,131.92497,70.0
Kandy,2024-06-21,2024-07-13,4,validation,105.0,104.65448,85.0
Kandy,2024-06-28,2024-07-20,4,validation,120.0,134.78821,91.0
Kandy,2024-07-05,2024-07-27,4,validation,107.0,108.11088,110.0
Kandy,2024-07-12,2024-08-03,4,validation,120.0,138.68013,141.0
Kandy,2024-07-19,2024-08-10,4,validation,114.0,75.8783,105.0
Kandy,2024-07-26,2024-08-17,4,validation,72.0,112.34297,120.0
Kandy,2024-08-02,2024-08-24,4,validation,94.0,97.17232,107.0
Kandy,2024-08-09,2024-08-31,4,validation,73.0,106.89118,120.0
Kandy,2024-08-16,2024-09-07,4,validation,76.0,119.95778,114.0
Kandy,2024-08-23,2024-09-14,4,validation,64.0,84.05796,72.0
Kandy,2024-08-30,2024-09-21,4,validation,75.0,83.137436,94.0
Kandy,2024-09-06,2024-09-28,4,validation,58.0,66.4483,73.0
Kandy,2024-09-13,2024-10-05,4,validation,59.0,87.02874,76.0
Kandy,2024-09-20,2024-10-12,4,validation,68.0,85.14317,64.0
Kandy,2024-09-27,2024-10-19,4,validation,74.0,75.74818,75.0
Kandy,2024-10-04,2024-10-26,4,validation,66.0,69.29398,58.0
Kandy,2024-10-11,2024-11-02,4,validation,70.0,80.750824,59.0
Kandy,2024-10-18,2024-11-09,4,validation,68.0,75.18213,68.0
Kandy,2024-10-25,2024-11-16,4,validation,84.0,78.06246,74.0
Kandy,2024-11-01,2024-11-23,4,validation,63.0,74.59857,66.0
Kandy,2024-11-08,2024-11-30,4,validation,71.0,76.76442,70.0
Kandy,2024-11-15,2024-12-07,4,validation,73.0,71.07086,68.0
Kandy,2024-11-22,2024-12-14,4,validation,57.0,77.5251,84.0
Kandy,2024-11-29,2024-12-21,4,validation,76.0,78.06303,63.0
Kandy,2024-12-06,2024-12-28,4,validation,66.0,158.22952,71.0
Kegalle,2023-12-15,2024-01-06,4,validation,104.0,71.14902,63.0
Kegalle,2023-12-22,2024-01-13,4,validation,77.0,67.27566,90.0
Kegalle,2023-12-29,2024-01-20,4,validation,91.0,116.80819,119.0
Kegalle,2024-01-05,2024-01-27,4,validation,73.0,89.28,112.0
Kegalle,2024-01-12,2024-02-03,4,validation,89.0,83.17794,104.0
Kegalle,2024-01-19,2024-02-10,4,validation,48.0,71.93928,77.0
Kegalle,2024-01-26,2024-02-17,4,validation,71.0,66.468666,91.0
Kegalle,2024-02-02,2024-02-24,4,validation,43.0,66.020355,73.0
Kegalle,2024-02-09,2024-03-02,4,validation,34.0,74.61903,89.0
Kegalle,2024-02-16,2024-03-09,4,validation,44.0,38.06461,48.0
Kegalle,2024-02-23,2024-03-16,4,validation,35.0,47.41168,71.0
Kegalle,2024-03-01,2024-03-23,4,validation,30.0,28.863892,43.0
Kegalle,2024-03-08,2024-03-30,4,validation,25.0,22.338177,34.0
Kegalle,2024-03-15,2024-04-06,4,validation,25.0,26.257837,44.0
Kegalle,2024-03-22,2024-04-13,4,validation,23.0,24.392824,35.0
Kegalle,2024-03-29,2024-04-20,4,validation,42.0,25.652605,30.0
Kegalle,2024-04-05,2024-04-27,4,validation,36.0,25.543015,25.0
Kegalle,2024-04-12,2024-05-04,4,validation,56.0,28.825495,25.0
Kegalle,2024-04-19,2024-05-11,4,validation,48.0,30.497025,23.0
Kegalle,2024-04-26,2024-05-18,4,validation,28.0,41.410576,42.0
Kegalle,2024-05-03,2024-05-25,4,validation,49.0,40.533737,36.0
Kegalle,2024-05-10,2024-06-01,4,validation,31.0,56.051014,56.0
Kegalle,2024-05-17,2024-06-08,4,validation,36.0,62.396107,48.0
Kegalle,2024-05-24,2024-06-15,4,validation,24.0,43.719902,28.0
Kegalle,2024-05-31,2024-06-22,4,validation,40.0,73.019035,49.0
Kegalle,2024-06-07,2024-06-29,4,validation,38.0,47.472176,31.0
Kegalle,2024-06-14,2024-07-06,4,validation,35.0,53.08616,36.0
Kegalle,2024-06-21,2024-07-13,4,validation,35.0,40.574413,24.0
Kegalle,2024-06-28,2024-07-20,4,validation,19.0,43.546337,40.0
Kegalle,2024-07-05,2024-07-27,4,validation,39.0,36.586803,38.0
Kegalle,2024-07-12,2024-08-03,4,validation,20.0,37.39442,35.0
Kegalle,2024-07-19,2024-08-10,4,validation,37.0,37.426796,35.0
Kegalle,2024-07-26,2024-08-17,4,validation,77.0,23.888155,19.0
Kegalle,2024-08-02,2024-08-24,4,validation,23.0,32.976612,39.0
Kegalle,2024-08-09,2024-08-31,4,validation,38.0,24.50024,20.0
Kegalle,2024-08-16,2024-09-07,4,validation,37.0,35.683636,37.0
Kegalle,2024-08-23,2024-09-14,4,validation,26.0,74.33183,77.0
Kegalle,2024-08-30,2024-09-21,4,validation,25.0,41.36779,23.0
Kegalle,2024-09-06,2024-09-28,4,validation,15.0,51.361103,38.0
Kegalle,2024-09-13,2024-10-05,4,validation,13.0,48.327385,37.0
Kegalle,2024-09-20,2024-10-12,4,validation,20.0,33.760204,26.0
Kegalle,2024-09-27,2024-10-19,4,validation,24.0,32.06233,25.0
Kegalle,2024-10-04,2024-10-26,4,validation,8.0,28.659084,15.0
Kegalle,2024-10-11,2024-11-02,4,validation,21.0,26.608969,13.0
Kegalle,2024-10-18,2024-11-09,4,validation,16.0,26.792603,20.0
Kegalle,2024-10-25,2024-11-16,4,validation,26.0,30.583433,24.0
Kegalle,2024-11-01,2024-11-23,4,validation,23.0,25.212059,8.0
Kegalle,2024-11-08,2024-11-30,4,validation,21.0,26.902193,21.0
Kegalle,2024-11-15,2024-12-07,4,validation,14.0,25.929651,16.0
Kegalle,2024-11-22,2024-12-14,4,validation,17.0,30.148249,26.0
Kegalle,2024-11-29,2024-12-21,4,validation,44.0,32.2526,23.0
Kegalle,2024-12-06,2024-12-28,4,validation,64.0,33.109833,21.0
Kilinochchi,2023-12-15,2024-01-06,4,validation,52.0,16.983185,11.0
Kilinochchi,2023-12-22,2024-01-13,4,validation,20.0,23.182356,20.0
Kilinochchi,2023-12-29,2024-01-20,4,validation,41.0,22.702478,17.0
Kilinochchi,2024-01-05,2024-01-27,4,validation,22.0,29.15495,29.0
Kilinochchi,2024-01-12,2024-02-03,4,validation,26.0,44.073196,52.0
Kilinochchi,2024-01-19,2024-02-10,4,validation,22.0,28.946571,20.0
Kilinochchi,2024-01-26,2024-02-17,4,validation,12.0,32.584946,41.0
Kilinochchi,2024-02-02,2024-02-24,4,validation,9.0,23.537796,22.0
Kilinochchi,2024-02-09,2024-03-02,4,validation,8.0,18.886076,26.0
Kilinochchi,2024-02-16,2024-03-09,4,validation,8.0,20.48764,22.0
Kilinochchi,2024-02-23,2024-03-16,4,validation,7.0,13.432943,12.0
Kilinochchi,2024-03-01,2024-03-23,4,validation,2.0,13.302844,9.0
Kilinochchi,2024-03-08,2024-03-30,4,validation,3.0,7.7317,8.0
Kilinochchi,2024-03-15,2024-04-06,4,validation,3.0,6.4170117,8.0
Kilinochchi,2024-03-22,2024-04-13,4,validation,4.0,5.389647,7.0
Kilinochchi,2024-03-29,2024-04-20,4,validation,0.0,5.357437,2.0
Kilinochchi,2024-04-05,2024-04-27,4,validation,0.0,3.8893766,3.0
Kilinochchi,2024-04-12,2024-05-04,4,validation,0.0,4.213316,3.0
Kilinochchi,2024-04-19,2024-05-11,4,validation,1.0,2.9876738,4.0
Kilinochchi,2024-04-26,2024-05-18,4,validation,0.0,3.0325587,0.0
Kilinochchi,2024-05-03,2024-05-25,4,validation,0.0,1.8511026,0.0
Kilinochchi,2024-05-10,2024-06-01,4,validation,0.0,2.152606,0.0
Kilinochchi,2024-05-17,2024-06-08,4,validation,0.0,3.900164,1.0
Kilinochchi,2024-05-24,2024-06-15,4,validation,0.0,4.3748684,0.0
Kilinochchi,2024-05-31,2024-06-22,4,validation,0.0,4.7075753,0.0
Kilinochchi,2024-06-07,2024-06-29,4,validation,0.0,6.889615,0.0
Kilinochchi,2024-06-14,2024-07-06,4,validation,0.0,6.3155,0.0
Kilinochchi,2024-06-21,2024-07-13,4,validation,2.0,4.750465,0.0
Kilinochchi,2024-06-28,2024-07-20,4,validation,1.0,1.9442109,0.0
Kilinochchi,2024-07-05,2024-07-27,4,validation,1.0,1.2387383,0.0
Kilinochchi,2024-07-12,2024-08-03,4,validation,6.0,0.36766234,0.0
Kilinochchi,2024-07-19,2024-08-10,4,validation,3.0,0.0,2.0
Kilinochchi,2024-07-26,2024-08-17,4,validation,3.0,0.0,1.0
Kilinochchi,2024-08-02,2024-08-24,4,validation,1.0,0.0,1.0
Kilinochchi,2024-08-09,2024-08-31,4,validation,0.0,0.58288205,6.0
Kilinochchi,2024-08-16,2024-09-07,4,validation,0.0,0.2957478,3.0
Kilinochchi,2024-08-23,2024-09-14,4,validation,0.0,0.00085941283,3.0
Kilinochchi,2024-08-30,2024-09-21,4,validation,2.0,1.7018125,1.0
Kilinochchi,2024-09-06,2024-09-28,4,validation,2.0,2.2117581,0.0
Kilinochchi,2024-09-13,2024-10-05,4,validation,0.0,1.9961885,0.0
Kilinochchi,2024-09-20,2024-10-12,4,validation,1.0,1.5410134,0.0
Kilinochchi,2024-09-27,2024-10-19,4,validation,1.0,2.296641,2.0
Kilinochchi,2024-10-04,2024-10-26,4,validation,3.0,2.8528738,2.0
Kilinochchi,2024-10-11,2024-11-02,4,validation,5.0,2.9705026,0.0
Kilinochchi,2024-10-18,2024-11-09,4,validation,3.0,4.2508755,1.0
Kilinochchi,2024-10-25,2024-11-16,4,validation,0.0,4.597456,1.0
Kilinochchi,2024-11-01,2024-11-23,4,validation,1.0,6.2402573,3.0
Kilinochchi,2024-11-08,2024-11-30,4,validation,1.0,8.389467,5.0
Kilinochchi,2024-11-15,2024-12-07,4,validation,8.0,12.688681,3.0
Kilinochchi,2024-11-22,2024-12-14,4,validation,6.0,15.093098,0.0
Kilinochchi,2024-11-29,2024-12-21,4,validation,5.0,6.2805376,1.0
Kilinochchi,2024-12-06,2024-12-28,4,validation,5.0,17.232428,1.0
Kurunegala,2023-12-15,2024-01-06,4,validation,127.0,186.69603,155.0
Kurunegala,2023-12-22,2024-01-13,4,validation,62.0,148.76793,172.0
Kurunegala,2023-12-29,2024-01-20,4,validation,135.0,146.52658,164.0
Kurunegala,2024-01-05,2024-01-27,4,validation,103.0,128.85983,155.0
Kurunegala,2024-01-12,2024-02-03,4,validation,108.0,83.62526,127.0
Kurunegala,2024-01-19,2024-02-10,4,validation,26.0,41.76733,62.0
Kurunegala,2024-01-26,2024-02-17,4,validation,61.0,77.58538,135.0
Kurunegala,2024-02-02,2024-02-24,4,validation,58.0,62.61432,103.0
Kurunegala,2024-02-09,2024-03-02,4,validation,67.0,72.91786,108.0
Kurunegala,2024-02-16,2024-03-09,4,validation,50.0,72.460976,26.0
Kurunegala,2024-02-23,2024-03-16,4,validation,29.0,37.02444,61.0
Kurunegala,2024-03-01,2024-03-23,4,validation,19.0,31.609081,58.0
Kurunegala,2024-03-08,2024-03-30,4,validation,26.0,42.44621,67.0
Kurunegala,2024-03-15,2024-04-06,4,validation,6.0,41.80112,50.0
Kurunegala,2024-03-22,2024-04-13,4,validation,21.0,24.00509,29.0
Kurunegala,2024-03-29,2024-04-20,4,validation,20.0,22.98502,19.0
Kurunegala,2024-04-05,2024-04-27,4,validation,19.0,22.09025,26.0
Kurunegala,2024-04-12,2024-05-04,4,validation,34.0,19.265074,6.0
Kurunegala,2024-04-19,2024-05-11,4,validation,44.0,22.098795,21.0
Kurunegala,2024-04-26,2024-05-18,4,validation,39.0,23.378963,20.0
Kurunegala,2024-05-03,2024-05-25,4,validation,39.0,19.437967,19.0
Kurunegala,2024-05-10,2024-06-01,4,validation,37.0,33.749138,34.0
Kurunegala,2024-05-17,2024-06-08,4,validation,36.0,48.628822,44.0
Kurunegala,2024-05-24,2024-06-15,4,validation,21.0,55.54132,39.0
Kurunegala,2024-05-31,2024-06-22,4,validation,47.0,71.51874,39.0
Kurunegala,2024-06-07,2024-06-29,4,validation,39.0,71.76655,37.0
Kurunegala,2024-06-14,2024-07-06,4,validation,32.0,54.095604,36.0
Kurunegala,2024-06-21,2024-07-13,4,validation,38.0,40.006905,21.0
Kurunegala,2024-06-28,2024-07-20,4,validation,27.0,49.44619,47.0
Kurunegala,2024-07-05,2024-07-27,4,validation,61.0,37.614338,39.0
Kurunegala,2024-07-12,2024-08-03,4,validation,39.0,32.022488,32.0
Kurunegala,2024-07-19,2024-08-10,4,validation,31.0,36.617336,38.0
Kurunegala,2024-07-26,2024-08-17,4,validation,20.0,28.195524,27.0
Kurunegala,2024-08-02,2024-08-24,4,validation,20.0,44.234642,61.0
Kurunegala,2024-08-09,2024-08-31,4,validation,21.0,36.315063,39.0
Kurunegala,2024-08-16,2024-09-07,4,validation,26.0,37.038803,31.0
Kurunegala,2024-08-23,2024-09-14,4,validation,22.0,41.64367,20.0
Kurunegala,2024-08-30,2024-09-21,4,validation,28.0,37.194176,20.0
Kurunegala,2024-09-06,2024-09-28,4,validation,17.0,38.959126,21.0
Kurunegala,2024-09-13,2024-10-05,4,validation,16.0,39.339745,26.0
Kurunegala,2024-09-20,2024-10-12,4,validation,16.0,33.594307,22.0
Kurunegala,2024-09-27,2024-10-19,4,validation,21.0,31.50603,28.0
Kurunegala,2024-10-04,2024-10-26,4,validation,30.0,27.821922,17.0
Kurunegala,2024-10-11,2024-11-02,4,validation,20.0,26.673372,16.0
Kurunegala,2024-10-18,2024-11-09,4,validation,14.0,28.029509,16.0
Kurunegala,2024-10-25,2024-11-16,4,validation,25.0,29.493435,21.0
Kurunegala,2024-11-01,2024-11-23,4,validation,20.0,34.291626,30.0
Kurunegala,2024-11-08,2024-11-30,4,validation,17.0,34.502934,20.0
Kurunegala,2024-11-15,2024-12-07,4,validation,14.0,29.83212,14.0
Kurunegala,2024-11-22,2024-12-14,4,validation,25.0,37.33414,25.0
Kurunegala,2024-11-29,2024-12-21,4,validation,26.0,33.734676,20.0
Kurunegala,2024-12-06,2024-12-28,4,validation,26.0,32.419132,17.0
Mannar,2023-12-15,2024-01-06,4,validation,35.0,20.243967,14.0
Mannar,2023-12-22,2024-01-13,4,validation,13.0,20.355028,17.0
Mannar,2023-12-29,2024-01-20,4,validation,10.0,27.248613,25.0
Mannar,2024-01-05,2024-01-27,4,validation,19.0,43.09334,53.0
Mannar,2024-01-12,2024-02-03,4,validation,21.0,41.6126,35.0
Mannar,2024-01-19,2024-02-10,4,validation,2.0,31.746807,13.0
Mannar,2024-01-26,2024-02-17,4,validation,4.0,21.106798,10.0
Mannar,2024-02-02,2024-02-24,4,validation,4.0,18.771038,19.0
Mannar,2024-02-09,2024-03-02,4,validation,4.0,22.09756,21.0
Mannar,2024-02-16,2024-03-09,4,validation,1.0,9.927851,2.0
Mannar,2024-02-23,2024-03-16,4,validation,1.0,7.3066063,4.0
Mannar,2024-03-01,2024-03-23,4,validation,2.0,6.0333614,4.0
Mannar,2024-03-08,2024-03-30,4,validation,1.0,3.074575,4.0
Mannar,2024-03-15,2024-04-06,4,validation,2.0,1.2589338,1.0
Mannar,2024-03-22,2024-04-13,4,validation,1.0,1.4277968,1.0
Mannar,2024-03-29,2024-04-20,4,validation,9.0,1.9590038,2.0
Mannar,2024-04-05,2024-04-27,4,validation,1.0,2.1811163,1.0
Mannar,2024-04-12,2024-05-04,4,validation,1.0,2.4880495,2.0
Mannar,2024-04-19,2024-05-11,4,validation,0.0,1.7184803,1.0
Mannar,2024-04-26,2024-05-18,4,validation,0.0,4.5099225,9.0
Mannar,2024-05-03,2024-05-25,4,validation,2.0,3.2102761,1.0
Mannar,2024-05-10,2024-06-01,4,validation,2.0,3.6657498,1.0
Mannar,2024-05-17,2024-06-08,4,validation,1.0,7.7274218,0.0
Mannar,2024-05-24,2024-06-15,4,validation,1.0,7.081081,0.0
Mannar,2024-05-31,2024-06-22,4,validation,3.0,5.135134,2.0
Mannar,2024-06-07,2024-06-29,4,validation,2.0,7.043091,2.0
Mannar,2024-06-14,2024-07-06,4,validation,2.0,7.484445,1.0
Mannar,2024-06-21,2024-07-13,4,validation,5.0,8.386872,1.0
Mannar,2024-06-28,2024-07-20,4,validation,5.0,3.2750487,3.0
Mannar,2024-07-05,2024-07-27,4,validation,8.0,0.5858948,2.0
Mannar,2024-07-12,2024-08-03,4,validation,3.0,0.60098165,2.0
Mannar,2024-07-19,2024-08-10,4,validation,10.0,0.54974174,5.0
Mannar,2024-07-26,2024-08-17,4,validation,10.0,0.622943,5.0
Mannar,2024-08-02,2024-08-24,4,validation,8.0,1.2827176,8.0
Mannar,2024-08-09,2024-08-31,4,validation,3.0,1.4294577,3.0
Mannar,2024-08-16,2024-09-07,4,validation,11.0,4.143155,10.0
Mannar,2024-08-23,2024-09-14,4,validation,14.0,5.7050576,10.0
Mannar,2024-08-30,2024-09-21,4,validation,4.0,6.474078,8.0
Mannar,2024-09-06,2024-09-28,4,validation,2.0,6.13466,3.0
Mannar,2024-09-13,2024-10-05,4,validation,2.0,9.680749,11.0
Mannar,2024-09-20,2024-10-12,4,validation,5.0,9.646288,14.0
Mannar,2024-09-27,2024-10-19,4,validation,7.0,8.287742,4.0
Mannar,2024-10-04,2024-10-26,4,validation,5.0,7.339863,2.0
Mannar,2024-10-11,2024-11-02,4,validation,3.0,12.073232,2.0
Mannar,2024-10-18,2024-11-09,4,validation,5.0,11.631092,5.0
Mannar,2024-10-25,2024-11-16,4,validation,6.0,11.546708,7.0
Mannar,2024-11-01,2024-11-23,4,validation,6.0,9.8200035,5.0
Mannar,2024-11-08,2024-11-30,4,validation,2.0,16.896536,3.0
Mannar,2024-11-15,2024-12-07,4,validation,2.0,14.383259,5.0
Mannar,2024-11-22,2024-12-14,4,validation,8.0,12.871322,6.0
Mannar,2024-11-29,2024-12-21,4,validation,12.0,11.368831,6.0
Mannar,2024-12-06,2024-12-28,4,validation,11.0,16.255999,2.0
Matale,2023-12-15,2024-01-06,4,validation,39.0,88.60039,74.0
Matale,2023-12-22,2024-01-13,4,validation,47.0,96.036,101.0
Matale,2023-12-29,2024-01-20,4,validation,28.0,74.78166,71.0
Matale,2024-01-05,2024-01-27,4,validation,22.0,47.255886,40.0
Matale,2024-01-12,2024-02-03,4,validation,27.0,41.82557,39.0
Matale,2024-01-19,2024-02-10,4,validation,30.0,34.97178,47.0
Matale,2024-01-26,2024-02-17,4,validation,18.0,26.207426,28.0
Matale,2024-02-02,2024-02-24,4,validation,16.0,28.601044,22.0
Matale,2024-02-09,2024-03-02,4,validation,11.0,27.972755,27.0
Matale,2024-02-16,2024-03-09,4,validation,8.0,19.729713,30.0
Matale,2024-02-23,2024-03-16,4,validation,6.0,15.193854,18.0
Matale,2024-03-01,2024-03-23,4,validation,12.0,14.868077,16.0
Matale,2024-03-08,2024-03-30,4,validation,3.0,12.818036,11.0
Matale,2024-03-15,2024-04-06,4,validation,6.0,9.114757,8.0
Matale,2024-03-22,2024-04-13,4,validation,16.0,7.78786,6.0
Matale,2024-03-29,2024-04-20,4,validation,7.0,11.933281,12.0
Matale,2024-04-05,2024-04-27,4,validation,6.0,7.449894,3.0
Matale,2024-04-12,2024-05-04,4,validation,13.0,8.385927,6.0
Matale,2024-04-19,2024-05-11,4,validation,9.0,11.791558,16.0
Matale,2024-04-26,2024-05-18,4,validation,5.0,10.630897,7.0
Matale,2024-05-03,2024-05-25,4,validation,7.0,9.111481,6.0
Matale,2024-05-10,2024-06-01,4,validation,8.0,11.339887,13.0
Matale,2024-05-17,2024-06-08,4,validation,3.0,14.581167,9.0
Matale,2024-05-24,2024-06-15,4,validation,15.0,11.921475,5.0
Matale,2024-05-31,2024-06-22,4,validation,13.0,13.557651,7.0
Matale,2024-06-07,2024-06-29,4,validation,14.0,20.3393,8.0
Matale,2024-06-14,2024-07-06,4,validation,24.0,16.088675,3.0
Matale,2024-06-21,2024-07-13,4,validation,18.0,17.649248,15.0
Matale,2024-06-28,2024-07-20,4,validation,19.0,13.480092,13.0
Matale,2024-07-05,2024-07-27,4,validation,16.0,10.265517,14.0
Matale,2024-07-12,2024-08-03,4,validation,14.0,19.021912,24.0
Matale,2024-07-19,2024-08-10,4,validation,18.0,15.919937,18.0
Matale,2024-07-26,2024-08-17,4,validation,21.0,17.308521,19.0
Matale,2024-08-02,2024-08-24,4,validation,8.0,16.56081,16.0
Matale,2024-08-09,2024-08-31,4,validation,17.0,17.574314,14.0
Matale,2024-08-16,2024-09-07,4,validation,22.0,19.280882,18.0
Matale,2024-08-23,2024-09-14,4,validation,16.0,21.832317,21.0
Matale,2024-08-30,2024-09-21,4,validation,12.0,16.718027,8.0
Matale,2024-09-06,2024-09-28,4,validation,26.0,18.45462,17.0
Matale,2024-09-13,2024-10-05,4,validation,32.0,28.683344,22.0
Matale,2024-09-20,2024-10-12,4,validation,7.0,22.981562,16.0
Matale,2024-09-27,2024-10-19,4,validation,43.0,19.52884,12.0
Matale,2024-10-04,2024-10-26,4,validation,35.0,27.603584,26.0
Matale,2024-10-11,2024-11-02,4,validation,25.0,33.207798,32.0
Matale,2024-10-18,2024-11-09,4,validation,41.0,25.49682,7.0
Matale,2024-10-25,2024-11-16,4,validation,41.0,40.40041,43.0
Matale,2024-11-01,2024-11-23,4,validation,31.0,43.394146,35.0
Matale,2024-11-08,2024-11-30,4,validation,37.0,37.22525,25.0
Matale,2024-11-15,2024-12-07,4,validation,38.0,40.7964,41.0
Matale,2024-11-22,2024-12-14,4,validation,52.0,44.95279,41.0
Matale,2024-11-29,2024-12-21,4,validation,34.0,37.863823,31.0
Matale,2024-12-06,2024-12-28,4,validation,52.0,51.863125,37.0
Matara,2023-12-15,2024-01-06,4,validation,35.0,45.004032,38.0
Matara,2023-12-22,2024-01-13,4,validation,27.0,54.44545,36.0
Matara,2023-12-29,2024-01-20,4,validation,32.0,43.597656,20.0
Matara,2024-01-05,2024-01-27,4,validation,29.0,55.961205,46.0
Matara,2024-01-12,2024-02-03,4,validation,26.0,45.20395,35.0
Matara,2024-01-19,2024-02-10,4,validation,23.0,34.328945,27.0
Matara,2024-01-26,2024-02-17,4,validation,29.0,30.700518,32.0
Matara,2024-02-02,2024-02-24,4,validation,15.0,34.100346,29.0
Matara,2024-02-09,2024-03-02,4,validation,28.0,31.880087,26.0
Matara,2024-02-16,2024-03-09,4,validation,23.0,19.225452,23.0
Matara,2024-02-23,2024-03-16,4,validation,14.0,19.006752,29.0
Matara,2024-03-01,2024-03-23,4,validation,14.0,15.501537,15.0
Matara,2024-03-08,2024-03-30,4,validation,17.0,17.809029,28.0
Matara,2024-03-15,2024-04-06,4,validation,11.0,17.973043,23.0
Matara,2024-03-22,2024-04-13,4,validation,3.0,13.306751,14.0
Matara,2024-03-29,2024-04-20,4,validation,10.0,16.364092,14.0
Matara,2024-04-05,2024-04-27,4,validation,14.0,22.920198,17.0
Matara,2024-04-12,2024-05-04,4,validation,16.0,19.27742,11.0
Matara,2024-04-19,2024-05-11,4,validation,13.0,13.804506,3.0
Matara,2024-04-26,2024-05-18,4,validation,7.0,15.967224,10.0
Matara,2024-05-03,2024-05-25,4,validation,17.0,15.826084,14.0
Matara,2024-05-10,2024-06-01,4,validation,16.0,16.452328,16.0
Matara,2024-05-17,2024-06-08,4,validation,11.0,15.519067,13.0
Matara,2024-05-24,2024-06-15,4,validation,5.0,16.818085,7.0
Matara,2024-05-31,2024-06-22,4,validation,13.0,36.832188,17.0
Matara,2024-06-07,2024-06-29,4,validation,22.0,43.53894,16.0
Matara,2024-06-14,2024-07-06,4,validation,19.0,30.801245,11.0
Matara,2024-06-21,2024-07-13,4,validation,27.0,24.432268,5.0
Matara,2024-06-28,2024-07-20,4,validation,44.0,18.639465,13.0
Matara,2024-07-05,2024-07-27,4,validation,31.0,24.587626,22.0
Matara,2024-07-12,2024-08-03,4,validation,29.0,18.308563,19.0
Matara,2024-07-19,2024-08-10,4,validation,38.0,22.573185,27.0
Matara,2024-07-26,2024-08-17,4,validation,22.0,35.758587,44.0
Matara,2024-08-02,2024-08-24,4,validation,13.0,27.259014,31.0
Matara,2024-08-09,2024-08-31,4,validation,31.0,26.917091,29.0
Matara,2024-08-16,2024-09-07,4,validation,22.0,34.709587,38.0
Matara,2024-08-23,2024-09-14,4,validation,28.0,31.539202,22.0
Matara,2024-08-30,2024-09-21,4,validation,22.0,33.669712,13.0
Matara,2024-09-06,2024-09-28,4,validation,75.0,34.149757,31.0
Matara,2024-09-13,2024-10-05,4,validation,46.0,36.084637,22.0
Matara,2024-09-20,2024-10-12,4,validation,36.0,32.842564,28.0
Matara,2024-09-27,2024-10-19,4,validation,29.0,31.079176,22.0
Matara,2024-10-04,2024-10-26,4,validation,18.0,67.16647,75.0
Matara,2024-10-11,2024-11-02,4,validation,19.0,65.356834,46.0
Matara,2024-10-18,2024-11-09,4,validation,14.0,49.15561,36.0
Matara,2024-10-25,2024-11-16,4,validation,20.0,34.26349,29.0
Matara,2024-11-01,2024-11-23,4,validation,20.0,32.539715,18.0
Matara,2024-11-08,2024-11-30,4,validation,15.0,29.792652,19.0
Matara,2024-11-15,2024-12-07,4,validation,11.0,25.973633,14.0
Matara,2024-11-22,2024-12-14,4,validation,12.0,28.77976,20.0
Matara,2024-11-29,2024-12-21,4,validation,26.0,27.780067,20.0
Matara,2024-12-06,2024-12-28,4,validation,28.0,29.364935,15.0
Monaragala,2023-12-15,2024-01-06,4,validation,29.0,35.855305,30.0
Monaragala,2023-12-22,2024-01-13,4,validation,87.0,108.03377,172.0
Monaragala,2023-12-29,2024-01-20,4,validation,48.0,76.23719,29.0
Monaragala,2024-01-05,2024-01-27,4,validation,36.0,38.518505,42.0
Monaragala,2024-01-12,2024-02-03,4,validation,21.0,43.220146,29.0
Monaragala,2024-01-19,2024-02-10,4,validation,15.0,84.116585,87.0
Monaragala,2024-01-26,2024-02-17,4,validation,27.0,52.346043,48.0
Monaragala,2024-02-02,2024-02-24,4,validation,25.0,47.856285,36.0
Monaragala,2024-02-09,2024-03-02,4,validation,17.0,36.41146,21.0
Monaragala,2024-02-16,2024-03-09,4,validation,19.0,21.664478,15.0
Monaragala,2024-02-23,2024-03-16,4,validation,12.0,21.53447,27.0
Monaragala,2024-03-01,2024-03-23,4,validation,10.0,22.59969,25.0
Monaragala,2024-03-08,2024-03-30,4,validation,8.0,14.876903,17.0
Monaragala,2024-03-15,2024-04-06,4,validation,12.0,12.644882,19.0
Monaragala,2024-03-22,2024-04-13,4,validation,10.0,12.908749,12.0
Monaragala,2024-03-29,2024-04-20,4,validation,15.0,15.1679125,10.0
Monaragala,2024-04-05,2024-04-27,4,validation,7.0,11.975635,8.0
Monaragala,2024-04-12,2024-05-04,4,validation,12.0,14.695218,12.0
Monaragala,2024-04-19,2024-05-11,4,validation,14.0,13.0132475,10.0
Monaragala,2024-04-26,2024-05-18,4,validation,5.0,18.315247,15.0
Monaragala,2024-05-03,2024-05-25,4,validation,15.0,12.388418,7.0
Monaragala,2024-05-10,2024-06-01,4,validation,20.0,15.142831,12.0
Monaragala,2024-05-17,2024-06-08,4,validation,14.0,13.907066,14.0
Monaragala,2024-05-24,2024-06-15,4,validation,16.0,14.325203,5.0
Monaragala,2024-05-31,2024-06-22,4,validation,13.0,15.58494,15.0
Monaragala,2024-06-07,2024-06-29,4,validation,11.0,25.96914,20.0
Monaragala,2024-06-14,2024-07-06,4,validation,15.0,22.42826,14.0
Monaragala,2024-06-21,2024-07-13,4,validation,12.0,20.584204,16.0
Monaragala,2024-06-28,2024-07-20,4,validation,15.0,15.653636,13.0
Monaragala,2024-07-05,2024-07-27,4,validation,12.0,12.328975,11.0
Monaragala,2024-07-12,2024-08-03,4,validation,12.0,12.005672,15.0
Monaragala,2024-07-19,2024-08-10,4,validation,13.0,10.612965,12.0
Monaragala,2024-07-26,2024-08-17,4,validation,15.0,13.022326,15.0
Monaragala,2024-08-02,2024-08-24,4,validation,18.0,9.957146,12.0
Monaragala,2024-08-09,2024-08-31,4,validation,17.0,12.408829,12.0
Monaragala,2024-08-16,2024-09-07,4,validation,4.0,10.845419,13.0
Monaragala,2024-08-23,2024-09-14,4,validation,19.0,14.527018,15.0
Monaragala,2024-08-30,2024-09-21,4,validation,21.0,17.349932,18.0
Monaragala,2024-09-06,2024-09-28,4,validation,30.0,21.968899,17.0
Monaragala,2024-09-13,2024-10-05,4,validation,34.0,17.668734,4.0
Monaragala,2024-09-20,2024-10-12,4,validation,40.0,18.048237,19.0
Monaragala,2024-09-27,2024-10-19,4,validation,28.0,20.57199,21.0
Monaragala,2024-10-04,2024-10-26,4,validation,26.0,29.026398,30.0
Monaragala,2024-10-11,2024-11-02,4,validation,19.0,41.471046,34.0
Monaragala,2024-10-18,2024-11-09,4,validation,15.0,44.23596,40.0
Monaragala,2024-10-25,2024-11-16,4,validation,45.0,35.08763,28.0
Monaragala,2024-11-01,2024-11-23,4,validation,20.0,36.306847,26.0
Monaragala,2024-11-08,2024-11-30,4,validation,13.0,35.039185,19.0
Monaragala,2024-11-15,2024-12-07,4,validation,22.0,28.665396,15.0
Monaragala,2024-11-22,2024-12-14,4,validation,13.0,45.578323,45.0
Monaragala,2024-11-29,2024-12-21,4,validation,13.0,37.55598,20.0
Monaragala,2024-12-06,2024-12-28,4,validation,25.0,30.650757,13.0
Mullaitivu,2023-12-15,2024-01-06,4,validation,26.0,11.950254,4.0
Mullaitivu,2023-12-22,2024-01-13,4,validation,31.0,14.197282,13.0
Mullaitivu,2023-12-29,2024-01-20,4,validation,23.0,26.349724,24.0
Mullaitivu,2024-01-05,2024-01-27,4,validation,11.0,30.702671,25.0
Mullaitivu,2024-01-12,2024-02-03,4,validation,22.0,30.280024,26.0
Mullaitivu,2024-01-19,2024-02-10,4,validation,8.0,31.65417,31.0
Mullaitivu,2024-01-26,2024-02-17,4,validation,9.0,26.426447,23.0
Mullaitivu,2024-02-02,2024-02-24,4,validation,2.0,19.150654,11.0
Mullaitivu,2024-02-09,2024-03-02,4,validation,5.0,20.930962,22.0
Mullaitivu,2024-02-16,2024-03-09,4,validation,7.0,14.112985,8.0
Mullaitivu,2024-02-23,2024-03-16,4,validation,1.0,9.505387,9.0
Mullaitivu,2024-03-01,2024-03-23,4,validation,1.0,8.814344,2.0
Mullaitivu,2024-03-08,2024-03-30,4,validation,3.0,5.6385794,5.0
Mullaitivu,2024-03-15,2024-04-06,4,validation,2.0,3.4455903,7.0
Mullaitivu,2024-03-22,2024-04-13,4,validation,2.0,2.3435476,1.0
Mullaitivu,2024-03-29,2024-04-20,4,validation,1.0,3.590378,1.0
Mullaitivu,2024-04-05,2024-04-27,4,validation,2.0,2.8790169,3.0
Mullaitivu,2024-04-12,2024-05-04,4,validation,2.0,2.7385154,2.0
Mullaitivu,2024-04-19,2024-05-11,4,validation,0.0,1.9091775,2.0
Mullaitivu,2024-04-26,2024-05-18,4,validation,0.0,2.1562765,1.0
Mullaitivu,2024-05-03,2024-05-25,4,validation,1.0,1.5504441,2.0
Mullaitivu,2024-05-10,2024-06-01,4,validation,0.0,2.1056015,2.0
Mullaitivu,2024-05-17,2024-06-08,4,validation,0.0,4.1034923,0.0
Mullaitivu,2024-05-24,2024-06-15,4,validation,1.0,4.5711813,0.0
Mullaitivu,2024-05-31,2024-06-22,4,validation,1.0,4.359861,1.0
Mullaitivu,2024-06-07,2024-06-29,4,validation,1.0,5.980469,0.0
Mullaitivu,2024-06-14,2024-07-06,4,validation,3.0,5.9463735,0.0
Mullaitivu,2024-06-21,2024-07-13,4,validation,0.0,3.7193177,1.0
Mullaitivu,2024-06-28,2024-07-20,4,validation,1.0,1.8535775,1.0
Mullaitivu,2024-07-05,2024-07-27,4,validation,1.0,0.79036576,1.0
Mullaitivu,2024-07-12,2024-08-03,4,validation,1.0,0.505934,3.0
Mullaitivu,2024-07-19,2024-08-10,4,validation,1.0,0.0,0.0
Mullaitivu,2024-07-26,2024-08-17,4,validation,0.0,0.0,1.0
Mullaitivu,2024-08-02,2024-08-24,4,validation,2.0,0.0,1.0
Mullaitivu,2024-08-09,2024-08-31,4,validation,2.0,0.0,1.0
Mullaitivu,2024-08-16,2024-09-07,4,validation,2.0,0.0,1.0
Mullaitivu,2024-08-23,2024-09-14,4,validation,4.0,0.096403554,0.0
Mullaitivu,2024-08-30,2024-09-21,4,validation,1.0,1.0219067,2.0
Mullaitivu,2024-09-06,2024-09-28,4,validation,1.0,2.3825047,2.0
Mullaitivu,2024-09-13,2024-10-05,4,validation,1.0,2.2452533,2.0
Mullaitivu,2024-09-20,2024-10-12,4,validation,0.0,1.8668224,4.0
Mullaitivu,2024-09-27,2024-10-19,4,validation,1.0,3.124343,1.0
Mullaitivu,2024-10-04,2024-10-26,4,validation,1.0,3.4359474,1.0
Mullaitivu,2024-10-11,2024-11-02,4,validation,3.0,3.5495214,1.0
Mullaitivu,2024-10-18,2024-11-09,4,validation,1.0,4.8235745,0.0
Mullaitivu,2024-10-25,2024-11-16,4,validation,3.0,3.8789682,1.0
Mullaitivu,2024-11-01,2024-11-23,4,validation,3.0,6.15239,1.0
Mullaitivu,2024-11-08,2024-11-30,4,validation,0.0,8.100052,3.0
Mullaitivu,2024-11-15,2024-12-07,4,validation,5.0,8.445103,1.0
Mullaitivu,2024-11-22,2024-12-14,4,validation,2.0,6.1069613,3.0
Mullaitivu,2024-11-29,2024-12-21,4,validation,4.0,5.4041214,3.0
Mullaitivu,2024-12-06,2024-12-28,4,validation,3.0,17.380142,0.0
Nuwara Eliya,2023-12-15,2024-01-06,4,validation,28.0,39.83915,25.0
Nuwara Eliya,2023-12-22,2024-01-13,4,validation,22.0,40.49873,36.0
Nuwara Eliya,2023-12-29,2024-01-20,4,validation,18.0,36.62703,13.0
Nuwara Eliya,2024-01-05,2024-01-27,4,validation,13.0,26.133432,19.0
Nuwara Eliya,2024-01-12,2024-02-03,4,validation,18.0,36.10919,28.0
Nuwara Eliya,2024-01-19,2024-02-10,4,validation,9.0,26.616365,22.0
Nuwara Eliya,2024-01-26,2024-02-17,4,validation,9.0,21.29329,18.0
Nuwara Eliya,2024-02-02,2024-02-24,4,validation,6.0,20.133318,13.0
Nuwara Eliya,2024-02-09,2024-03-02,4,validation,10.0,19.694939,18.0
Nuwara Eliya,2024-02-16,2024-03-09,4,validation,4.0,9.419725,9.0
Nuwara Eliya,2024-02-23,2024-03-16,4,validation,6.0,7.9442086,9.0
Nuwara Eliya,2024-03-01,2024-03-23,4,validation,7.0,8.205749,6.0
Nuwara Eliya,2024-03-08,2024-03-30,4,validation,3.0,5.534197,10.0
Nuwara Eliya,2024-03-15,2024-04-06,4,validation,1.0,2.22676,4.0
Nuwara Eliya,2024-03-22,2024-04-13,4,validation,7.0,3.0966427,6.0
Nuwara Eliya,2024-03-29,2024-04-20,4,validation,3.0,5.3870125,7.0
Nuwara Eliya,2024-04-05,2024-04-27,4,validation,3.0,5.0627184,3.0
Nuwara Eliya,2024-04-12,2024-05-04,4,validation,4.0,4.223349,1.0
Nuwara Eliya,2024-04-19,2024-05-11,4,validation,2.0,4.1942515,7.0
Nuwara Eliya,2024-04-26,2024-05-18,4,validation,1.0,4.9806886,3.0
Nuwara Eliya,2024-05-03,2024-05-25,4,validation,2.0,2.576448,3.0
Nuwara Eliya,2024-05-10,2024-06-01,4,validation,5.0,4.0937867,4.0
Nuwara Eliya,2024-05-17,2024-06-08,4,validation,4.0,3.0164282,2.0
Nuwara Eliya,2024-05-24,2024-06-15,4,validation,2.0,3.6243083,1.0
Nuwara Eliya,2024-05-31,2024-06-22,4,validation,10.0,12.932091,2.0
Nuwara Eliya,2024-06-07,2024-06-29,4,validation,7.0,33.288498,5.0
Nuwara Eliya,2024-06-14,2024-07-06,4,validation,10.0,30.659758,4.0
Nuwara Eliya,2024-06-21,2024-07-13,4,validation,6.0,17.708776,2.0
Nuwara Eliya,2024-06-28,2024-07-20,4,validation,5.0,9.846534,10.0
Nuwara Eliya,2024-07-05,2024-07-27,4,validation,9.0,6.7390265,7.0
Nuwara Eliya,2024-07-12,2024-08-03,4,validation,5.0,6.0419817,10.0
Nuwara Eliya,2024-07-19,2024-08-10,4,validation,10.0,3.7959921,6.0
Nuwara Eliya,2024-07-26,2024-08-17,4,validation,7.0,6.382322,5.0
Nuwara Eliya,2024-08-02,2024-08-24,4,validation,4.0,1.9251336,9.0
Nuwara Eliya,2024-08-09,2024-08-31,4,validation,1.0,1.6752392,5.0
Nuwara Eliya,2024-08-16,2024-09-07,4,validation,5.0,5.1823826,10.0
Nuwara Eliya,2024-08-23,2024-09-14,4,validation,6.0,5.550136,7.0
Nuwara Eliya,2024-08-30,2024-09-21,4,validation,8.0,4.730979,4.0
Nuwara Eliya,2024-09-06,2024-09-28,4,validation,7.0,4.5503607,1.0
Nuwara Eliya,2024-09-13,2024-10-05,4,validation,4.0,5.001064,5.0
Nuwara Eliya,2024-09-20,2024-10-12,4,validation,5.0,6.041987,6.0
Nuwara Eliya,2024-09-27,2024-10-19,4,validation,4.0,3.534788,8.0
Nuwara Eliya,2024-10-04,2024-10-26,4,validation,6.0,8.909719,7.0
Nuwara Eliya,2024-10-11,2024-11-02,4,validation,5.0,6.4114923,4.0
Nuwara Eliya,2024-10-18,2024-11-09,4,validation,0.0,7.2113056,5.0
Nuwara Eliya,2024-10-25,2024-11-16,4,validation,4.0,7.1273355,4.0
Nuwara Eliya,2024-11-01,2024-11-23,4,validation,3.0,9.432817,6.0
Nuwara Eliya,2024-11-08,2024-11-30,4,validation,2.0,8.744772,5.0
Nuwara Eliya,2024-11-15,2024-12-07,4,validation,1.0,5.958181,0.0
Nuwara Eliya,2024-11-22,2024-12-14,4,validation,3.0,5.2897058,4.0
Nuwara Eliya,2024-11-29,2024-12-21,4,validation,10.0,5.7403197,3.0
Nuwara Eliya,2024-12-06,2024-12-28,4,validation,5.0,5.701719,2.0
Polonnaruwa,2023-12-15,2024-01-06,4,validation,12.0,24.294436,16.0
Polonnaruwa,2023-12-22,2024-01-13,4,validation,42.0,33.57783,33.0
Polonnaruwa,2023-12-29,2024-01-20,4,validation,12.0,25.302452,8.0
Polonnaruwa,2024-01-05,2024-01-27,4,validation,10.0,28.175394,21.0
Polonnaruwa,2024-01-12,2024-02-03,4,validation,19.0,25.339495,12.0
Polonnaruwa,2024-01-19,2024-02-10,4,validation,41.0,35.170963,42.0
Polonnaruwa,2024-01-26,2024-02-17,4,validation,17.0,23.568676,12.0
Polonnaruwa,2024-02-02,2024-02-24,4,validation,7.0,24.715734,10.0
Polonnaruwa,2024-02-09,2024-03-02,4,validation,11.0,20.477125,19.0
Polonnaruwa,2024-02-16,2024-03-09,4,validation,10.0,28.47587,41.0
Polonnaruwa,2024-02-23,2024-03-16,4,validation,15.0,20.244305,17.0
Polonnaruwa,2024-03-01,2024-03-23,4,validation,7.0,15.5314455,7.0
Polonnaruwa,2024-03-08,2024-03-30,4,validation,7.0,11.5873995,11.0
Polonnaruwa,2024-03-15,2024-04-06,4,validation,4.0,8.915679,10.0
Polonnaruwa,2024-03-22,2024-04-13,4,validation,3.0,11.390323,15.0
Polonnaruwa,2024-03-29,2024-04-20,4,validation,5.0,10.212957,7.0
Polonnaruwa,2024-04-05,2024-04-27,4,validation,7.0,8.821187,7.0
Polonnaruwa,2024-04-12,2024-05-04,4,validation,6.0,6.567003,4.0
Polonnaruwa,2024-04-19,2024-05-11,4,validation,3.0,5.0334272,3.0
Polonnaruwa,2024-04-26,2024-05-18,4,validation,6.0,5.607187,5.0
Polonnaruwa,2024-05-03,2024-05-25,4,validation,2.0,5.7809772,7.0
Polonnaruwa,2024-05-10,2024-06-01,4,validation,2.0,5.813156,6.0
Polonnaruwa,2024-05-17,2024-06-08,4,validation,6.0,5.985358,3.0
Polonnaruwa,2024-05-24,2024-06-15,4,validation,5.0,10.2844515,6.0
Polonnaruwa,2024-05-31,2024-06-22,4,validation,13.0,18.252861,2.0
Polonnaruwa,2024-06-07,2024-06-29,4,validation,3.0,18.669983,2.0
Polonnaruwa,2024-06-14,2024-07-06,4,validation,7.0,15.580676,6.0
Polonnaruwa,2024-06-21,2024-07-13,4,validation,14.0,6.1051292,5.0
Polonnaruwa,2024-06-28,2024-07-20,4,validation,6.0,7.945982,13.0
Polonnaruwa,2024-07-05,2024-07-27,4,validation,11.0,4.4745035,3.0
Polonnaruwa,2024-07-12,2024-08-03,4,validation,4.0,4.7152476,7.0
Polonnaruwa,2024-07-19,2024-08-10,4,validation,8.0,5.376511,14.0
Polonnaruwa,2024-07-26,2024-08-17,4,validation,10.0,4.3682995,6.0
Polonnaruwa,2024-08-02,2024-08-24,4,validation,7.0,6.085802,11.0
Polonnaruwa,2024-08-09,2024-08-31,4,validation,3.0,3.1429293,4.0
Polonnaruwa,2024-08-16,2024-09-07,4,validation,5.0,4.3168545,8.0
Polonnaruwa,2024-08-23,2024-09-14,4,validation,5.0,4.2940326,10.0
Polonnaruwa,2024-08-30,2024-09-21,4,validation,8.0,5.795379,7.0
Polonnaruwa,2024-09-06,2024-09-28,4,validation,8.0,4.6181273,3.0
Polonnaruwa,2024-09-13,2024-10-05,4,validation,10.0,4.5796933,5.0
Polonnaruwa,2024-09-20,2024-10-12,4,validation,1.0,4.4881234,5.0
Polonnaruwa,2024-09-27,2024-10-19,4,validation,6.0,6.1139407,8.0
Polonnaruwa,2024-10-04,2024-10-26,4,validation,3.0,6.8335586,8.0
Polonnaruwa,2024-10-11,2024-11-02,4,validation,8.0,9.400156,10.0
Polonnaruwa,2024-10-18,2024-11-09,4,validation,7.0,8.692476,1.0
Polonnaruwa,2024-10-25,2024-11-16,4,validation,6.0,8.023879,6.0
Polonnaruwa,2024-11-01,2024-11-23,4,validation,17.0,10.562095,3.0
Polonnaruwa,2024-11-08,2024-11-30,4,validation,6.0,17.862543,8.0
Polonnaruwa,2024-11-15,2024-12-07,4,validation,5.0,14.539841,7.0
Polonnaruwa,2024-11-22,2024-12-14,4,validation,3.0,18.538162,6.0
Polonnaruwa,2024-11-29,2024-12-21,4,validation,6.0,19.894789,17.0
Polonnaruwa,2024-12-06,2024-12-28,4,validation,14.0,15.5056095,6.0
Puttalam,2023-12-15,2024-01-06,4,validation,92.0,107.83647,107.0
Puttalam,2023-12-22,2024-01-13,4,validation,127.0,114.70365,96.0
Puttalam,2023-12-29,2024-01-20,4,validation,76.0,71.914276,63.0
Puttalam,2024-01-05,2024-01-27,4,validation,52.0,70.43963,90.0
Puttalam,2024-01-12,2024-02-03,4,validation,34.0,82.18968,92.0
Puttalam,2024-01-19,2024-02-10,4,validation,102.0,112.12884,127.0
Puttalam,2024-01-26,2024-02-17,4,validation,29.0,71.61601,76.0
Puttalam,2024-02-02,2024-02-24,4,validation,21.0,54.97711,52.0
Puttalam,2024-02-09,2024-03-02,4,validation,14.0,40.396038,34.0
Puttalam,2024-02-16,2024-03-09,4,validation,9.0,70.78082,102.0
Puttalam,2024-02-23,2024-03-16,4,validation,12.0,33.316917,29.0
Puttalam,2024-03-01,2024-03-23,4,validation,9.0,24.15689,21.0
Puttalam,2024-03-08,2024-03-30,4,validation,18.0,16.714066,14.0
Puttalam,2024-03-15,2024-04-06,4,validation,8.0,9.923208,9.0
Puttalam,2024-03-22,2024-04-13,4,validation,19.0,10.848422,12.0
Puttalam,2024-03-29,2024-04-20,4,validation,7.0,10.261266,9.0
Puttalam,2024-04-05,2024-04-27,4,validation,7.0,14.936158,18.0
Puttalam,2024-04-12,2024-05-04,4,validation,7.0,11.359073,8.0
Puttalam,2024-04-19,2024-05-11,4,validation,13.0,16.468884,19.0
Puttalam,2024-04-26,2024-05-18,4,validation,11.0,12.498092,7.0
Puttalam,2024-05-03,2024-05-25,4,validation,11.0,12.068877,7.0
Puttalam,2024-05-10,2024-06-01,4,validation,7.0,10.281585,7.0
Puttalam,2024-05-17,2024-06-08,4,validation,10.0,16.146782,13.0
Puttalam,2024-05-24,2024-06-15,4,validation,9.0,21.653038,11.0
Puttalam,2024-05-31,2024-06-22,4,validation,27.0,19.51835,11.0
Puttalam,2024-06-07,2024-06-29,4,validation,21.0,26.77136,7.0
Puttalam,2024-06-14,2024-07-06,4,validation,13.0,22.340815,10.0
Puttalam,2024-06-21,2024-07-13,4,validation,28.0,14.143819,9.0
Puttalam,2024-06-28,2024-07-20,4,validation,24.0,19.087229,27.0
Puttalam,2024-07-05,2024-07-27,4,validation,19.0,20.870987,21.0
Puttalam,2024-07-12,2024-08-03,4,validation,24.0,15.811347,13.0
Puttalam,2024-07-19,2024-08-10,4,validation,16.0,20.120865,28.0
Puttalam,2024-07-26,2024-08-17,4,validation,9.0,25.434929,24.0
Puttalam,2024-08-02,2024-08-24,4,validation,17.0,16.583513,19.0
Puttalam,2024-08-09,2024-08-31,4,validation,11.0,23.605848,24.0
Puttalam,2024-08-16,2024-09-07,4,validation,11.0,21.161713,16.0
Puttalam,2024-08-23,2024-09-14,4,validation,16.0,18.397627,9.0
Puttalam,2024-08-30,2024-09-21,4,validation,16.0,21.182737,17.0
Puttalam,2024-09-06,2024-09-28,4,validation,23.0,18.867437,11.0
Puttalam,2024-09-13,2024-10-05,4,validation,11.0,19.719835,11.0
Puttalam,2024-09-20,2024-10-12,4,validation,28.0,18.073835,16.0
Puttalam,2024-09-27,2024-10-19,4,validation,15.0,19.307686,16.0
Puttalam,2024-10-04,2024-10-26,4,validation,21.0,25.021187,23.0
Puttalam,2024-10-11,2024-11-02,4,validation,28.0,18.993706,11.0
Puttalam,2024-10-18,2024-11-09,4,validation,19.0,28.765505,28.0
Puttalam,2024-10-25,2024-11-16,4,validation,30.0,27.068087,15.0
Puttalam,2024-11-01,2024-11-23,4,validation,23.0,31.717506,21.0
Puttalam,2024-11-08,2024-11-30,4,validation,28.0,34.754,28.0
Puttalam,2024-11-15,2024-12-07,4,validation,31.0,30.267538,19.0
Puttalam,2024-11-22,2024-12-14,4,validation,39.0,35.124245,30.0
Puttalam,2024-11-29,2024-12-21,4,validation,23.0,36.86702,23.0
Puttalam,2024-12-06,2024-12-28,4,validation,30.0,38.864826,28.0
Ratnapura,2023-12-15,2024-01-06,4,validation,77.0,201.8269,106.0
Ratnapura,2023-12-22,2024-01-13,4,validation,43.0,183.39294,44.0
Ratnapura,2023-12-29,2024-01-20,4,validation,67.0,131.59538,54.0
Ratnapura,2024-01-05,2024-01-27,4,validation,72.0,68.85561,76.0
Ratnapura,2024-01-12,2024-02-03,4,validation,82.0,115.7791,77.0
Ratnapura,2024-01-19,2024-02-10,4,validation,14.0,66.248505,43.0
Ratnapura,2024-01-26,2024-02-17,4,validation,57.0,69.088776,67.0
Ratnapura,2024-02-02,2024-02-24,4,validation,57.0,79.85214,72.0
Ratnapura,2024-02-09,2024-03-02,4,validation,38.0,73.62152,82.0
Ratnapura,2024-02-16,2024-03-09,4,validation,56.0,44.33981,14.0
Ratnapura,2024-02-23,2024-03-16,4,validation,48.0,46.497307,57.0
Ratnapura,2024-03-01,2024-03-23,4,validation,53.0,48.925774,57.0
Ratnapura,2024-03-08,2024-03-30,4,validation,49.0,38.927113,38.0
Ratnapura,2024-03-15,2024-04-06,4,validation,39.0,49.013653,56.0
Ratnapura,2024-03-22,2024-04-13,4,validation,44.0,40.243862,48.0
Ratnapura,2024-03-29,2024-04-20,4,validation,67.0,57.36087,53.0
Ratnapura,2024-04-05,2024-04-27,4,validation,74.0,61.187626,49.0
Ratnapura,2024-04-12,2024-05-04,4,validation,88.0,52.96732,39.0
Ratnapura,2024-04-19,2024-05-11,4,validation,72.0,61.33107,44.0
Ratnapura,2024-04-26,2024-05-18,4,validation,76.0,68.455215,67.0
Ratnapura,2024-05-03,2024-05-25,4,validation,84.0,82.31491,74.0
Ratnapura,2024-05-10,2024-06-01,4,validation,60.0,99.949844,88.0
Ratnapura,2024-05-17,2024-06-08,4,validation,47.0,78.824646,72.0
Ratnapura,2024-05-24,2024-06-15,4,validation,57.0,113.68665,76.0
Ratnapura,2024-05-31,2024-06-22,4,validation,58.0,316.35828,84.0
Ratnapura,2024-06-07,2024-06-29,4,validation,52.0,345.1286,60.0
Ratnapura,2024-06-14,2024-07-06,4,validation,51.0,220.61127,47.0
Ratnapura,2024-06-21,2024-07-13,4,validation,81.0,212.01262,57.0
Ratnapura,2024-06-28,2024-07-20,4,validation,76.0,210.65016,58.0
Ratnapura,2024-07-05,2024-07-27,4,validation,72.0,109.67566,52.0
Ratnapura,2024-07-12,2024-08-03,4,validation,51.0,39.68096,51.0
Ratnapura,2024-07-19,2024-08-10,4,validation,38.0,51.166283,81.0
Ratnapura,2024-07-26,2024-08-17,4,validation,25.0,46.128586,76.0
Ratnapura,2024-08-02,2024-08-24,4,validation,48.0,43.49179,72.0
Ratnapura,2024-08-09,2024-08-31,4,validation,51.0,42.515156,51.0
Ratnapura,2024-08-16,2024-09-07,4,validation,18.0,27.833136,38.0
Ratnapura,2024-08-23,2024-09-14,4,validation,32.0,32.462696,25.0
Ratnapura,2024-08-30,2024-09-21,4,validation,40.0,55.816654,48.0
Ratnapura,2024-09-06,2024-09-28,4,validation,31.0,50.64296,51.0
Ratnapura,2024-09-13,2024-10-05,4,validation,45.0,45.699047,18.0
Ratnapura,2024-09-20,2024-10-12,4,validation,42.0,46.691402,32.0
Ratnapura,2024-09-27,2024-10-19,4,validation,54.0,30.657125,40.0
Ratnapura,2024-10-04,2024-10-26,4,validation,61.0,35.406254,31.0
Ratnapura,2024-10-11,2024-11-02,4,validation,48.0,42.177715,45.0
Ratnapura,2024-10-18,2024-11-09,4,validation,41.0,41.250515,42.0
Ratnapura,2024-10-25,2024-11-16,4,validation,54.0,49.001106,54.0
Ratnapura,2024-11-01,2024-11-23,4,validation,53.0,66.64744,61.0
Ratnapura,2024-11-08,2024-11-30,4,validation,38.0,47.400593,48.0
Ratnapura,2024-11-15,2024-12-07,4,validation,44.0,50.403416,41.0
Ratnapura,2024-11-22,2024-12-14,4,validation,20.0,49.454243,54.0
Ratnapura,2024-11-29,2024-12-21,4,validation,47.0,58.677086,53.0
Ratnapura,2024-12-06,2024-12-28,4,validation,30.0,30.622553,38.0
Trincomalee,2023-12-15,2024-01-06,4,validation,50.0,34.90714,21.0
Trincomalee,2023-12-22,2024-01-13,4,validation,33.0,39.26281,28.0
Trincomalee,2023-12-29,2024-01-20,4,validation,42.0,37.109463,23.0
Trincomalee,2024-01-05,2024-01-27,4,validation,29.0,44.376232,42.0
Trincomalee,2024-01-12,2024-02-03,4,validation,31.0,58.628662,50.0
Trincomalee,2024-01-19,2024-02-10,4,validation,33.0,46.886303,33.0
Trincomalee,2024-01-26,2024-02-17,4,validation,26.0,39.145153,42.0
Trincomalee,2024-02-02,2024-02-24,4,validation,26.0,39.957542,29.0
Trincomalee,2024-02-09,2024-03-02,4,validation,13.0,36.009926,31.0
Trincomalee,2024-02-16,2024-03-09,4,validation,23.0,31.79146,33.0
Trincomalee,2024-02-23,2024-03-16,4,validation,21.0,23.618753,26.0
Trincomalee,2024-03-01,2024-03-23,4,validation,12.0,24.806946,26.0
Trincomalee,2024-03-08,2024-03-30,4,validation,7.0,14.221746,13.0
Trincomalee,2024-03-15,2024-04-06,4,validation,9.0,16.050896,23.0
Trincomalee,2024-03-22,2024-04-13,4,validation,17.0,15.848986,21.0
Trincomalee,2024-03-29,2024-04-20,4,validation,9.0,16.642654,12.0
Trincomalee,2024-04-05,2024-04-27,4,validation,19.0,10.792962,7.0
Trincomalee,2024-04-12,2024-05-04,4,validation,18.0,11.149754,9.0
Trincomalee,2024-04-19,2024-05-11,4,validation,12.0,13.388015,17.0
Trincomalee,2024-04-26,2024-05-18,4,validation,6.0,11.81572,9.0
Trincomalee,2024-05-03,2024-05-25,4,validation,7.0,13.64266,19.0
Trincomalee,2024-05-10,2024-06-01,4,validation,10.0,14.683039,18.0
Trincomalee,2024-05-17,2024-06-08,4,validation,7.0,17.208813,12.0
Trincomalee,2024-05-24,2024-06-15,4,validation,12.0,14.75639,6.0
Trincomalee,2024-05-31,2024-06-22,4,validation,10.0,13.038812,7.0
Trincomalee,2024-06-07,2024-06-29,4,validation,11.0,15.314281,10.0
Trincomalee,2024-06-14,2024-07-06,4,validation,7.0,13.317597,7.0
Trincomalee,2024-06-21,2024-07-13,4,validation,14.0,11.808271,12.0
Trincomalee,2024-06-28,2024-07-20,4,validation,8.0,8.5057125,10.0
Trincomalee,2024-07-05,2024-07-27,4,validation,12.0,8.294075,11.0
Trincomalee,2024-07-12,2024-08-03,4,validation,12.0,6.611675,7.0
Trincomalee,2024-07-19,2024-08-10,4,validation,10.0,7.8313694,14.0
Trincomalee,2024-07-26,2024-08-17,4,validation,3.0,6.209466,8.0
Trincomalee,2024-08-02,2024-08-24,4,validation,8.0,7.7791843,12.0
Trincomalee,2024-08-09,2024-08-31,4,validation,2.0,8.889687,12.0
Trincomalee,2024-08-16,2024-09-07,4,validation,6.0,7.619857,10.0
Trincomalee,2024-08-23,2024-09-14,4,validation,3.0,7.4476905,3.0
Trincomalee,2024-08-30,2024-09-21,4,validation,2.0,6.4121704,8.0
Trincomalee,2024-09-06,2024-09-28,4,validation,2.0,7.0520463,2.0
Trincomalee,2024-09-13,2024-10-05,4,validation,5.0,6.593869,6.0
Trincomalee,2024-09-20,2024-10-12,4,validation,3.0,4.3667583,3.0
Trincomalee,2024-09-27,2024-10-19,4,validation,4.0,5.1823444,2.0
Trincomalee,2024-10-04,2024-10-26,4,validation,9.0,4.5771527,2.0
Trincomalee,2024-10-11,2024-11-02,4,validation,8.0,5.6497126,5.0
Trincomalee,2024-10-18,2024-11-09,4,validation,16.0,5.3087916,3.0
Trincomalee,2024-10-25,2024-11-16,4,validation,13.0,5.843134,4.0
Trincomalee,2024-11-01,2024-11-23,4,validation,9.0,9.201405,9.0
Trincomalee,2024-11-08,2024-11-30,4,validation,14.0,13.827679,8.0
Trincomalee,2024-11-15,2024-12-07,4,validation,20.0,18.21245,16.0
Trincomalee,2024-11-22,2024-12-14,4,validation,19.0,18.754133,13.0
Trincomalee,2024-11-29,2024-12-21,4,validation,30.0,18.732412,9.0
Trincomalee,2024-12-06,2024-12-28,4,validation,28.0,25.206226,14.0
Vavuniya,2023-12-15,2024-01-06,4,validation,27.0,7.2421565,5.0
Vavuniya,2023-12-22,2024-01-13,4,validation,14.0,21.799086,22.0
Vavuniya,2023-12-29,2024-01-20,4,validation,19.0,18.899075,19.0
Vavuniya,2024-01-05,2024-01-27,4,validation,5.0,22.811018,20.0
Vavuniya,2024-01-12,2024-02-03,4,validation,7.0,25.810972,27.0
Vavuniya,2024-01-19,2024-02-10,4,validation,3.0,22.285864,14.0
Vavuniya,2024-01-26,2024-02-17,4,validation,4.0,19.249777,19.0
Vavuniya,2024-02-02,2024-02-24,4,validation,3.0,14.953076,5.0
Vavuniya,2024-02-09,2024-03-02,4,validation,5.0,12.813692,7.0
Vavuniya,2024-02-16,2024-03-09,4,validation,5.0,5.783474,3.0
Vavuniya,2024-02-23,2024-03-16,4,validation,2.0,3.471242,4.0
Vavuniya,2024-03-01,2024-03-23,4,validation,2.0,2.8035283,3.0
Vavuniya,2024-03-08,2024-03-30,4,validation,1.0,2.034347,5.0
Vavuniya,2024-03-15,2024-04-06,4,validation,0.0,1.771976,5.0
Vavuniya,2024-03-22,2024-04-13,4,validation,0.0,1.7975695,2.0
Vavuniya,2024-03-29,2024-04-20,4,validation,0.0,3.527821,2.0
Vavuniya,2024-04-05,2024-04-27,4,validation,0.0,3.4910378,1.0
Vavuniya,2024-04-12,2024-05-04,4,validation,4.0,2.814548,0.0
Vavuniya,2024-04-19,2024-05-11,4,validation,2.0,1.8310587,0.0
Vavuniya,2024-04-26,2024-05-18,4,validation,0.0,2.4337559,0.0
Vavuniya,2024-05-03,2024-05-25,4,validation,1.0,1.8209233,0.0
Vavuniya,2024-05-10,2024-06-01,4,validation,4.0,2.4004629,4.0
Vavuniya,2024-05-17,2024-06-08,4,validation,2.0,4.0575333,2.0
Vavuniya,2024-05-24,2024-06-15,4,validation,1.0,6.049153,0.0
Vavuniya,2024-05-31,2024-06-22,4,validation,1.0,5.2446365,1.0
Vavuniya,2024-06-07,2024-06-29,4,validation,4.0,8.809664,4.0
Vavuniya,2024-06-14,2024-07-06,4,validation,3.0,7.614943,2.0
Vavuniya,2024-06-21,2024-07-13,4,validation,1.0,5.298244,1.0
Vavuniya,2024-06-28,2024-07-20,4,validation,5.0,2.8615947,1.0
Vavuniya,2024-07-05,2024-07-27,4,validation,1.0,1.5550085,4.0
Vavuniya,2024-07-12,2024-08-03,4,validation,0.0,0.6922351,3.0
Vavuniya,2024-07-19,2024-08-10,4,validation,5.0,0.0,1.0
Vavuniya,2024-07-26,2024-08-17,4,validation,3.0,0.49971366,5.0
Vavuniya,2024-08-02,2024-08-24,4,validation,0.0,0.19695804,1.0
Vavuniya,2024-08-09,2024-08-31,4,validation,1.0,0.0,0.0
Vavuniya,2024-08-16,2024-09-07,4,validation,1.0,1.5489864,5.0
Vavuniya,2024-08-23,2024-09-14,4,validation,2.0,1.5921078,3.0
Vavuniya,2024-08-30,2024-09-21,4,validation,0.0,2.4951208,0.0
Vavuniya,2024-09-06,2024-09-28,4,validation,0.0,4.242506,1.0
Vavuniya,2024-09-13,2024-10-05,4,validation,1.0,4.0872536,1.0
Vavuniya,2024-09-20,2024-10-12,4,validation,3.0,1.8916637,2.0
Vavuniya,2024-09-27,2024-10-19,4,validation,1.0,2.539352,0.0
Vavuniya,2024-10-04,2024-10-26,4,validation,1.0,2.9461098,0.0
Vavuniya,2024-10-11,2024-11-02,4,validation,2.0,3.776721,1.0
Vavuniya,2024-10-18,2024-11-09,4,validation,0.0,5.1644645,3.0
Vavuniya,2024-10-25,2024-11-16,4,validation,5.0,5.2354727,1.0
Vavuniya,2024-11-01,2024-11-23,4,validation,3.0,6.451188,1.0
Vavuniya,2024-11-08,2024-11-30,4,validation,2.0,8.154783,2.0
Vavuniya,2024-11-15,2024-12-07,4,validation,4.0,7.1241994,0.0
Vavuniya,2024-11-22,2024-12-14,4,validation,4.0,8.7729025,5.0
Vavuniya,2024-11-29,2024-12-21,4,validation,2.0,4.4117403,3.0
Vavuniya,2024-12-06,2024-12-28,4,validation,4.0,9.107119,2.0
Ampara,2024-12-13,2025-01-04,4,test,20.0,14.92373,10.0
Ampara,2024-12-20,2025-01-11,4,test,27.0,14.31868,6.0
Ampara,2024-12-27,2025-01-18,4,test,16.0,20.024565,15.0
Ampara,2025-01-03,2025-01-25,4,test,13.0,38.92125,58.0
Ampara,2025-01-10,2025-02-01,4,test,17.0,29.478666,20.0
Ampara,2025-01-17,2025-02-08,4,test,17.0,29.682476,27.0
Ampara,2025-01-24,2025-02-15,4,test,15.0,27.795774,16.0
Ampara,2025-01-31,2025-02-22,4,test,11.0,23.83932,13.0
Ampara,2025-02-07,2025-03-01,4,test,16.0,22.920872,17.0
Ampara,2025-02-14,2025-03-08,4,test,11.0,21.272854,17.0
Ampara,2025-02-21,2025-03-15,4,test,9.0,19.449036,15.0
Ampara,2025-02-28,2025-03-22,4,test,12.0,13.518334,11.0
Ampara,2025-03-07,2025-03-29,4,test,15.0,15.371886,16.0
Ampara,2025-03-14,2025-04-05,4,test,22.0,13.289863,11.0
Ampara,2025-03-21,2025-04-12,4,test,13.0,12.118566,9.0
Ampara,2025-03-28,2025-04-19,4,test,15.0,15.412408,12.0
Ampara,2025-04-04,2025-04-26,4,test,24.0,15.471726,15.0
Ampara,2025-04-11,2025-05-03,4,test,17.0,22.36858,22.0
Ampara,2025-04-18,2025-05-10,4,test,16.0,17.182339,13.0
Ampara,2025-04-25,2025-05-17,4,test,14.0,20.15631,15.0
Ampara,2025-05-02,2025-05-24,4,test,14.0,26.850746,24.0
Ampara,2025-05-09,2025-05-31,4,test,28.0,24.532364,17.0
Ampara,2025-05-16,2025-06-07,4,test,11.0,18.462736,16.0
Ampara,2025-05-23,2025-06-14,4,test,12.0,17.803684,14.0
Ampara,2025-05-30,2025-06-21,4,test,12.0,15.563823,14.0
Ampara,2025-06-06,2025-06-28,4,test,22.0,17.475473,28.0
Ampara,2025-06-13,2025-07-05,4,test,16.0,15.080558,11.0
Ampara,2025-06-20,2025-07-12,4,test,17.0,16.981194,12.0
Ampara,2025-06-27,2025-07-19,4,test,8.0,13.63951,12.0
Ampara,2025-07-04,2025-07-26,4,test,11.0,16.425346,22.0
Ampara,2025-07-11,2025-08-02,4,test,3.0,12.490997,16.0
Ampara,2025-07-18,2025-08-09,4,test,6.0,12.395871,17.0
Ampara,2025-07-25,2025-08-16,4,test,7.0,7.415127,8.0
Ampara,2025-08-01,2025-08-23,4,test,7.0,10.081225,11.0
Ampara,2025-08-08,2025-08-30,4,test,6.0,5.862224,3.0
Ampara,2025-08-15,2025-09-06,4,test,17.0,4.860724,6.0
Ampara,2025-08-22,2025-09-13,4,test,15.0,3.099764,7.0
Ampara,2025-08-29,2025-09-20,4,test,4.0,4.5098114,7.0
Ampara,2025-09-05,2025-09-27,4,test,6.0,5.6248326,6.0
Ampara,2025-09-12,2025-10-04,4,test,9.0,10.587294,17.0
Ampara,2025-09-19,2025-10-11,4,test,14.0,13.9362335,15.0
Ampara,2025-09-26,2025-10-18,4,test,9.0,11.988721,4.0
Ampara,2025-10-03,2025-10-25,4,test,15.0,11.222261,6.0
Ampara,2025-10-10,2025-11-01,4,test,10.0,13.018614,9.0
Ampara,2025-10-17,2025-11-08,4,test,17.0,14.523447,14.0
Ampara,2025-10-24,2025-11-15,4,test,24.0,11.038887,9.0
Ampara,2025-10-31,2025-11-22,4,test,11.0,16.012758,15.0
Ampara,2025-11-07,2025-11-29,4,test,7.0,16.22077,10.0
Ampara,2025-11-14,2025-12-06,4,test,22.0,20.654884,17.0
Ampara,2025-11-21,2025-12-13,4,test,18.0,25.589682,24.0
Anuradhapura,2024-12-13,2025-01-04,4,test,20.0,24.153166,18.0
Anuradhapura,2024-12-20,2025-01-11,4,test,29.0,26.283375,22.0
Anuradhapura,2024-12-27,2025-01-18,4,test,16.0,22.145876,12.0
Anuradhapura,2025-01-03,2025-01-25,4,test,22.0,24.782095,27.0
Anuradhapura,2025-01-10,2025-02-01,4,test,39.0,24.909124,20.0
Anuradhapura,2025-01-17,2025-02-08,4,test,39.0,27.607275,29.0
Anuradhapura,2025-01-24,2025-02-15,4,test,24.0,21.13378,16.0
Anuradhapura,2025-01-31,2025-02-22,4,test,18.0,27.511404,22.0
Anuradhapura,2025-02-07,2025-03-01,4,test,25.0,33.47089,39.0
Anuradhapura,2025-02-14,2025-03-08,4,test,12.0,36.15247,39.0
Anuradhapura,2025-02-21,2025-03-15,4,test,8.0,29.782505,24.0
Anuradhapura,2025-02-28,2025-03-22,4,test,9.0,15.573869,18.0
Anuradhapura,2025-03-07,2025-03-29,4,test,6.0,19.123398,25.0
Anuradhapura,2025-03-14,2025-04-05,4,test,3.0,13.513978,12.0
Anuradhapura,2025-03-21,2025-04-12,4,test,4.0,16.291986,8.0
Anuradhapura,2025-03-28,2025-04-19,4,test,8.0,11.886482,9.0
Anuradhapura,2025-04-04,2025-04-26,4,test,10.0,11.253163,6.0
Anuradhapura,2025-04-11,2025-05-03,4,test,11.0,9.381775,3.0
Anuradhapura,2025-04-18,2025-05-10,4,test,11.0,5.8140893,4.0
Anuradhapura,2025-04-25,2025-05-17,4,test,13.0,8.165573,8.0
Anuradhapura,2025-05-02,2025-05-24,4,test,11.0,10.339745,10.0
Anuradhapura,2025-05-09,2025-05-31,4,test,10.0,12.100538,11.0
Anuradhapura,2025-05-16,2025-06-07,4,test,7.0,10.836343,11.0
Anuradhapura,2025-05-23,2025-06-14,4,test,8.0,13.787846,13.0
Anuradhapura,2025-05-30,2025-06-21,4,test,17.0,15.16455,11.0
Anuradhapura,2025-06-06,2025-06-28,4,test,8.0,10.8034725,10.0
Anuradhapura,2025-06-13,2025-07-05,4,test,8.0,10.143546,7.0
Anuradhapura,2025-06-20,2025-07-12,4,test,12.0,10.442784,8.0
Anuradhapura,2025-06-27,2025-07-19,4,test,11.0,13.898274,17.0
Anuradhapura,2025-07-04,2025-07-26,4,test,3.0,9.839102,8.0
Anuradhapura,2025-07-11,2025-08-02,4,test,6.0,6.7184696,8.0
Anuradhapura,2025-07-18,2025-08-09,4,test,11.0,8.425959,12.0
Anuradhapura,2025-07-25,2025-08-16,4,test,6.0,9.562358,11.0
Anuradhapura,2025-08-01,2025-08-23,4,test,9.0,4.5264363,3.0
Anuradhapura,2025-08-08,2025-08-30,4,test,2.0,4.33751,6.0
Anuradhapura,2025-08-15,2025-09-06,4,test,6.0,5.769067,11.0
Anuradhapura,2025-08-22,2025-09-13,4,test,3.0,4.0087605,6.0
Anuradhapura,2025-08-29,2025-09-20,4,test,2.0,5.3015504,9.0
Anuradhapura,2025-09-05,2025-09-27,4,test,0.0,3.091051,2.0
Anuradhapura,2025-09-12,2025-10-04,4,test,7.0,5.028939,6.0
Anuradhapura,2025-09-19,2025-10-11,4,test,9.0,5.434465,3.0
Anuradhapura,2025-09-26,2025-10-18,4,test,4.0,4.857924,2.0
Anuradhapura,2025-10-03,2025-10-25,4,test,9.0,4.9327946,0.0
Anuradhapura,2025-10-10,2025-11-01,4,test,3.0,6.9570675,7.0
Anuradhapura,2025-10-17,2025-11-08,4,test,8.0,7.9400144,9.0
Anuradhapura,2025-10-24,2025-11-15,4,test,10.0,9.776226,4.0
Anuradhapura,2025-10-31,2025-11-22,4,test,8.0,11.895326,9.0
Anuradhapura,2025-11-07,2025-11-29,4,test,11.0,11.4296,3.0
Anuradhapura,2025-11-14,2025-12-06,4,test,12.0,11.633441,8.0
Anuradhapura,2025-11-21,2025-12-13,4,test,13.0,11.508202,10.0
Badulla,2024-12-13,2025-01-04,4,test,17.0,17.912292,19.0
Badulla,2024-12-20,2025-01-11,4,test,28.0,25.027376,20.0
Badulla,2024-12-27,2025-01-18,4,test,27.0,23.436853,19.0
Badulla,2025-01-03,2025-01-25,4,test,26.0,15.8859625,5.0
Badulla,2025-01-10,2025-02-01,4,test,17.0,15.538099,17.0
Badulla,2025-01-17,2025-02-08,4,test,17.0,19.499275,28.0
Badulla,2025-01-24,2025-02-15,4,test,8.0,27.084715,27.0
Badulla,2025-01-31,2025-02-22,4,test,11.0,36.59625,26.0
Badulla,2025-02-07,2025-03-01,4,test,3.0,24.39978,17.0
Badulla,2025-02-14,2025-03-08,4,test,17.0,23.625008,17.0
Badulla,2025-02-21,2025-03-15,4,test,6.0,16.973291,8.0
Badulla,2025-02-28,2025-03-22,4,test,12.0,11.8659935,11.0
Badulla,2025-03-07,2025-03-29,4,test,9.0,8.018311,3.0
Badulla,2025-03-14,2025-04-05,4,test,18.0,12.409406,17.0
Badulla,2025-03-21,2025-04-12,4,test,11.0,8.563287,6.0
Badulla,2025-03-28,2025-04-19,4,test,19.0,14.1837635,12.0
Badulla,2025-04-04,2025-04-26,4,test,12.0,10.725136,9.0
Badulla,2025-04-11,2025-05-03,4,test,7.0,18.960108,18.0
Badulla,2025-04-18,2025-05-10,4,test,7.0,16.620947,11.0
Badulla,2025-04-25,2025-05-17,4,test,25.0,19.319757,19.0
Badulla,2025-05-02,2025-05-24,4,test,26.0,20.808739,12.0
Badulla,2025-05-09,2025-05-31,4,test,24.0,20.830406,7.0
Badulla,2025-05-16,2025-06-07,4,test,24.0,19.303675,7.0
Badulla,2025-05-23,2025-06-14,4,test,31.0,26.062101,25.0
Badulla,2025-05-30,2025-06-21,4,test,17.0,26.200895,26.0
Badulla,2025-06-06,2025-06-28,4,test,17.0,26.091303,24.0
Badulla,2025-06-13,2025-07-05,4,test,16.0,27.221424,24.0
Badulla,2025-06-20,2025-07-12,4,test,37.0,29.509476,31.0
Badulla,2025-06-27,2025-07-19,4,test,20.0,22.868708,17.0
Badulla,2025-07-04,2025-07-26,4,test,16.0,18.756392,17.0
Badulla,2025-07-11,2025-08-02,4,test,13.0,13.484952,16.0
Badulla,2025-07-18,2025-08-09,4,test,12.0,22.066141,37.0
Badulla,2025-07-25,2025-08-16,4,test,14.0,17.820969,20.0
Badulla,2025-08-01,2025-08-23,4,test,18.0,17.504164,16.0
Badulla,2025-08-08,2025-08-30,4,test,8.0,17.525085,13.0
Badulla,2025-08-15,2025-09-06,4,test,11.0,15.231947,12.0
Badulla,2025-08-22,2025-09-13,4,test,19.0,14.563912,14.0
Badulla,2025-08-29,2025-09-20,4,test,8.0,21.404926,18.0
Badulla,2025-09-05,2025-09-27,4,test,13.0,9.002493,8.0
Badulla,2025-09-12,2025-10-04,4,test,4.0,12.239442,11.0
Badulla,2025-09-19,2025-10-11,4,test,8.0,17.071077,19.0
Badulla,2025-09-26,2025-10-18,4,test,11.0,14.3166275,8.0
Badulla,2025-10-03,2025-10-25,4,test,7.0,16.740942,13.0
Badulla,2025-10-10,2025-11-01,4,test,14.0,24.190668,4.0
Badulla,2025-10-17,2025-11-08,4,test,17.0,21.150974,8.0
Badulla,2025-10-24,2025-11-15,4,test,18.0,13.703413,11.0
Badulla,2025-10-31,2025-11-22,4,test,14.0,13.135563,7.0
Badulla,2025-11-07,2025-11-29,4,test,10.0,15.437482,14.0
Badulla,2025-11-14,2025-12-06,4,test,18.0,20.119123,17.0
Badulla,2025-11-21,2025-12-13,4,test,25.0,22.85902,18.0
Batticaloa,2024-12-13,2025-01-04,4,test,55.0,35.78328,30.0
Batticaloa,2024-12-20,2025-01-11,4,test,65.0,55.28832,35.0
Batticaloa,2024-12-27,2025-01-18,4,test,64.0,62.083916,47.0
Batticaloa,2025-01-03,2025-01-25,4,test,53.0,59.20035,62.0
Batticaloa,2025-01-10,2025-02-01,4,test,60.0,54.75149,55.0
Batticaloa,2025-01-17,2025-02-08,4,test,60.0,68.55555,65.0
Batticaloa,2025-01-24,2025-02-15,4,test,81.0,80.447235,64.0
Batticaloa,2025-01-31,2025-02-22,4,test,59.0,62.58406,53.0
Batticaloa,2025-02-07,2025-03-01,4,test,56.0,57.926304,60.0
Batticaloa,2025-02-14,2025-03-08,4,test,31.0,50.670635,60.0
Batticaloa,2025-02-21,2025-03-15,4,test,28.0,63.694138,81.0
Batticaloa,2025-02-28,2025-03-22,4,test,28.0,67.05057,59.0
Batticaloa,2025-03-07,2025-03-29,4,test,46.0,65.301994,56.0
Batticaloa,2025-03-14,2025-04-05,4,test,70.0,41.280712,31.0
Batticaloa,2025-03-21,2025-04-12,4,test,62.0,35.73806,28.0
Batticaloa,2025-03-28,2025-04-19,4,test,94.0,33.77394,28.0
Batticaloa,2025-04-04,2025-04-26,4,test,84.0,47.079243,46.0
Batticaloa,2025-04-11,2025-05-03,4,test,59.0,70.71488,70.0
Batticaloa,2025-04-18,2025-05-10,4,test,58.0,68.39887,62.0
Batticaloa,2025-04-25,2025-05-17,4,test,53.0,90.77861,94.0
Batticaloa,2025-05-02,2025-05-24,4,test,52.0,87.737404,84.0
Batticaloa,2025-05-09,2025-05-31,4,test,59.0,72.690544,59.0
Batticaloa,2025-05-16,2025-06-07,4,test,30.0,58.542725,58.0
Batticaloa,2025-05-23,2025-06-14,4,test,40.0,47.561775,53.0
Batticaloa,2025-05-30,2025-06-21,4,test,16.0,44.41034,52.0
Batticaloa,2025-06-06,2025-06-28,4,test,20.0,42.67465,59.0
Batticaloa,2025-06-13,2025-07-05,4,test,13.0,26.6576,30.0
Batticaloa,2025-06-20,2025-07-12,4,test,19.0,30.396343,40.0
Batticaloa,2025-06-27,2025-07-19,4,test,6.0,20.20636,16.0
Batticaloa,2025-07-04,2025-07-26,4,test,6.0,18.167141,20.0
Batticaloa,2025-07-11,2025-08-02,4,test,12.0,11.80015,13.0
Batticaloa,2025-07-18,2025-08-09,4,test,5.0,12.139852,19.0
Batticaloa,2025-07-25,2025-08-16,4,test,6.0,7.6721396,6.0
Batticaloa,2025-08-01,2025-08-23,4,test,9.0,8.062467,6.0
Batticaloa,2025-08-08,2025-08-30,4,test,8.0,8.556874,12.0
Batticaloa,2025-08-15,2025-09-06,4,test,8.0,6.5688267,5.0
Batticaloa,2025-08-22,2025-09-13,4,test,9.0,4.5933867,6.0
Batticaloa,2025-08-29,2025-09-20,4,test,9.0,5.9748893,9.0
Batticaloa,2025-09-05,2025-09-27,4,test,14.0,6.86954,8.0
Batticaloa,2025-09-12,2025-10-04,4,test,16.0,7.1560206,8.0
Batticaloa,2025-09-19,2025-10-11,4,test,17.0,10.842092,9.0
Batticaloa,2025-09-26,2025-10-18,4,test,13.0,10.313555,9.0
Batticaloa,2025-10-03,2025-10-25,4,test,19.0,12.904275,14.0
Batticaloa,2025-10-10,2025-11-01,4,test,29.0,18.617517,16.0
Batticaloa,2025-10-17,2025-11-08,4,test,21.0,20.950544,17.0
Batticaloa,2025-10-24,2025-11-15,4,test,21.0,21.051943,13.0
Batticaloa,2025-10-31,2025-11-22,4,test,10.0,24.192696,19.0
Batticaloa,2025-11-07,2025-11-29,4,test,16.0,30.674267,29.0
Batticaloa,2025-11-14,2025-12-06,4,test,14.0,32.36418,21.0
Batticaloa,2025-11-21,2025-12-13,4,test,20.0,38.264004,21.0
Colombo,2024-12-13,2025-01-04,4,test,245.0,262.0156,247.0
Colombo,2024-12-20,2025-01-11,4,test,247.0,229.31104,220.0
Colombo,2024-12-27,2025-01-18,4,test,284.0,229.24876,231.0
Colombo,2025-01-03,2025-01-25,4,test,225.0,165.60748,200.0
Colombo,2025-01-10,2025-02-01,4,test,252.0,185.37823,245.0
Colombo,2025-01-17,2025-02-08,4,test,252.0,190.89812,247.0
Colombo,2025-01-24,2025-02-15,4,test,217.0,326.85,284.0
Colombo,2025-01-31,2025-02-22,4,test,219.0,321.44843,225.0
Colombo,2025-02-07,2025-03-01,4,test,262.0,269.24875,252.0
Colombo,2025-02-14,2025-03-08,4,test,214.0,241.6958,252.0
Colombo,2025-02-21,2025-03-15,4,test,242.0,156.244,217.0
Colombo,2025-02-28,2025-03-22,4,test,239.0,158.96672,219.0
Colombo,2025-03-07,2025-03-29,4,test,204.0,222.85403,262.0
Colombo,2025-03-14,2025-04-05,4,test,277.0,181.18819,214.0
Colombo,2025-03-21,2025-04-12,4,test,230.0,249.79675,242.0
Colombo,2025-03-28,2025-04-19,4,test,306.0,292.0752,239.0
Colombo,2025-04-04,2025-04-26,4,test,276.0,219.26602,204.0
Colombo,2025-04-11,2025-05-03,4,test,310.0,377.66898,277.0
Colombo,2025-04-18,2025-05-10,4,test,359.0,324.61835,230.0
Colombo,2025-04-25,2025-05-17,4,test,336.0,371.4289,306.0
Colombo,2025-05-02,2025-05-24,4,test,302.0,383.14862,276.0
Colombo,2025-05-09,2025-05-31,4,test,245.0,319.80188,310.0
Colombo,2025-05-16,2025-06-07,4,test,279.0,360.674,359.0
Colombo,2025-05-23,2025-06-14,4,test,316.0,407.5759,336.0
Colombo,2025-05-30,2025-06-21,4,test,276.0,308.4569,302.0
Colombo,2025-06-06,2025-06-28,4,test,285.0,243.93369,245.0
Colombo,2025-06-13,2025-07-05,4,test,222.0,300.50385,279.0
Colombo,2025-06-20,2025-07-12,4,test,226.0,345.89502,316.0
Colombo,2025-06-27,2025-07-19,4,test,237.0,324.0373,276.0
Colombo,2025-07-04,2025-07-26,4,test,246.0,285.78806,285.0
Colombo,2025-07-11,2025-08-02,4,test,156.0,166.88162,222.0
Colombo,2025-07-18,2025-08-09,4,test,87.0,134.4836,226.0
Colombo,2025-07-25,2025-08-16,4,test,137.0,154.80751,237.0
Colombo,2025-08-01,2025-08-23,4,test,104.0,162.52444,246.0
Colombo,2025-08-08,2025-08-30,4,test,103.0,103.66506,156.0
Colombo,2025-08-15,2025-09-06,4,test,117.0,67.39325,87.0
Colombo,2025-08-22,2025-09-13,4,test,120.0,86.95212,137.0
Colombo,2025-08-29,2025-09-20,4,test,155.0,67.56939,104.0
Colombo,2025-09-05,2025-09-27,4,test,129.0,79.7704,103.0
Colombo,2025-09-12,2025-10-04,4,test,130.0,122.81516,117.0
Colombo,2025-09-19,2025-10-11,4,test,157.0,129.90475,120.0
Colombo,2025-09-26,2025-10-18,4,test,214.0,199.07759,155.0
Colombo,2025-10-03,2025-10-25,4,test,153.0,184.00203,129.0
Colombo,2025-10-10,2025-11-01,4,test,184.0,163.12288,130.0
Colombo,2025-10-17,2025-11-08,4,test,266.0,160.47882,157.0
Colombo,2025-10-24,2025-11-15,4,test,226.0,222.08685,214.0
Colombo,2025-10-31,2025-11-22,4,test,286.0,263.31482,153.0
Colombo,2025-11-07,2025-11-29,4,test,272.0,248.25911,184.0
Colombo,2025-11-14,2025-12-06,4,test,318.0,284.8907,266.0
Colombo,2025-11-21,2025-12-13,4,test,340.0,246.81717,226.0
Galle,2024-12-13,2025-01-04,4,test,82.0,42.32186,34.0
Galle,2024-12-20,2025-01-11,4,test,51.0,34.581596,27.0
Galle,2024-12-27,2025-01-18,4,test,48.0,34.244003,25.0
Galle,2025-01-03,2025-01-25,4,test,53.0,29.224915,30.0
Galle,2025-01-10,2025-02-01,4,test,44.0,52.631153,82.0
Galle,2025-01-17,2025-02-08,4,test,44.0,53.51753,51.0
Galle,2025-01-24,2025-02-15,4,test,43.0,55.510292,48.0
Galle,2025-01-31,2025-02-22,4,test,21.0,56.87301,53.0
Galle,2025-02-07,2025-03-01,4,test,40.0,45.359333,44.0
Galle,2025-02-14,2025-03-08,4,test,24.0,43.7429,44.0
Galle,2025-02-21,2025-03-15,4,test,35.0,39.20557,43.0
Galle,2025-02-28,2025-03-22,4,test,31.0,30.150944,21.0
Galle,2025-03-07,2025-03-29,4,test,34.0,37.409397,40.0
Galle,2025-03-14,2025-04-05,4,test,29.0,32.122322,24.0
Galle,2025-03-21,2025-04-12,4,test,23.0,38.326138,35.0
Galle,2025-03-28,2025-04-19,4,test,55.0,41.271038,31.0
Galle,2025-04-04,2025-04-26,4,test,29.0,43.15482,34.0
Galle,2025-04-11,2025-05-03,4,test,32.0,36.53758,29.0
Galle,2025-04-18,2025-05-10,4,test,44.0,31.770138,23.0
Galle,2025-04-25,2025-05-17,4,test,56.0,48.326527,55.0
Galle,2025-05-02,2025-05-24,4,test,44.0,36.20592,29.0
Galle,2025-05-09,2025-05-31,4,test,49.0,36.7891,32.0
Galle,2025-05-16,2025-06-07,4,test,44.0,44.92807,44.0
Galle,2025-05-23,2025-06-14,4,test,73.0,55.738174,56.0
Galle,2025-05-30,2025-06-21,4,test,79.0,55.05321,44.0
Galle,2025-06-06,2025-06-28,4,test,47.0,53.84223,49.0
Galle,2025-06-13,2025-07-05,4,test,56.0,55.081577,44.0
Galle,2025-06-20,2025-07-12,4,test,43.0,71.46609,73.0
Galle,2025-06-27,2025-07-19,4,test,66.0,74.26002,79.0
Galle,2025-07-04,2025-07-26,4,test,44.0,62.637318,47.0
Galle,2025-07-11,2025-08-02,4,test,37.0,49.98746,56.0
Galle,2025-07-18,2025-08-09,4,test,48.0,38.093258,43.0
Galle,2025-07-25,2025-08-16,4,test,27.0,53.305893,66.0
Galle,2025-08-01,2025-08-23,4,test,37.0,42.895374,44.0
Galle,2025-08-08,2025-08-30,4,test,33.0,36.40777,37.0
Galle,2025-08-15,2025-09-06,4,test,44.0,38.24894,48.0
Galle,2025-08-22,2025-09-13,4,test,29.0,27.915024,27.0
Galle,2025-08-29,2025-09-20,4,test,35.0,34.206055,37.0
Galle,2025-09-05,2025-09-27,4,test,30.0,35.19102,33.0
Galle,2025-09-12,2025-10-04,4,test,34.0,39.261497,44.0
Galle,2025-09-19,2025-10-11,4,test,40.0,32.44878,29.0
Galle,2025-09-26,2025-10-18,4,test,29.0,40.356113,35.0
Galle,2025-10-03,2025-10-25,4,test,30.0,33.588642,30.0
Galle,2025-10-10,2025-11-01,4,test,27.0,39.62528,34.0
Galle,2025-10-17,2025-11-08,4,test,36.0,42.88407,40.0
Galle,2025-10-24,2025-11-15,4,test,48.0,37.023434,29.0
Galle,2025-10-31,2025-11-22,4,test,68.0,31.643635,30.0
Galle,2025-11-07,2025-11-29,4,test,68.0,32.339973,27.0
Galle,2025-11-14,2025-12-06,4,test,81.0,39.452564,36.0
Galle,2025-11-21,2025-12-13,4,test,82.0,48.895035,48.0
Gampaha,2024-12-13,2025-01-04,4,test,191.0,130.61037,161.0
Gampaha,2024-12-20,2025-01-11,4,test,157.0,100.23257,103.0
Gampaha,2024-12-27,2025-01-18,4,test,184.0,98.300514,131.0
Gampaha,2025-01-03,2025-01-25,4,test,162.0,111.46689,186.0
Gampaha,2025-01-10,2025-02-01,4,test,131.0,138.9587,191.0
Gampaha,2025-01-17,2025-02-08,4,test,131.0,145.63896,157.0
Gampaha,2025-01-24,2025-02-15,4,test,132.0,177.2793,184.0
Gampaha,2025-01-31,2025-02-22,4,test,119.0,185.29288,162.0
Gampaha,2025-02-07,2025-03-01,4,test,142.0,137.04767,131.0
Gampaha,2025-02-14,2025-03-08,4,test,132.0,129.3091,131.0
Gampaha,2025-02-21,2025-03-15,4,test,125.0,118.21465,132.0
Gampaha,2025-02-28,2025-03-22,4,test,135.0,96.35487,119.0
Gampaha,2025-03-07,2025-03-29,4,test,135.0,125.21615,142.0
Gampaha,2025-03-14,2025-04-05,4,test,137.0,142.4042,132.0
Gampaha,2025-03-21,2025-04-12,4,test,171.0,138.22937,125.0
Gampaha,2025-03-28,2025-04-19,4,test,166.0,188.86115,135.0
Gampaha,2025-04-04,2025-04-26,4,test,158.0,181.60852,135.0
Gampaha,2025-04-11,2025-05-03,4,test,194.0,199.18987,137.0
Gampaha,2025-04-18,2025-05-10,4,test,224.0,230.07901,171.0
Gampaha,2025-04-25,2025-05-17,4,test,208.0,231.12029,166.0
Gampaha,2025-05-02,2025-05-24,4,test,197.0,233.64333,158.0
Gampaha,2025-05-09,2025-05-31,4,test,228.0,236.60542,194.0
Gampaha,2025-05-16,2025-06-07,4,test,207.0,270.5933,224.0
Gampaha,2025-05-23,2025-06-14,4,test,217.0,237.85312,208.0
Gampaha,2025-05-30,2025-06-21,4,test,167.0,242.83607,197.0
Gampaha,2025-06-06,2025-06-28,4,test,181.0,268.01828,228.0
Gampaha,2025-06-13,2025-07-05,4,test,154.0,245.07295,207.0
Gampaha,2025-06-20,2025-07-12,4,test,193.0,264.5499,217.0
Gampaha,2025-06-27,2025-07-19,4,test,175.0,219.96748,167.0
Gampaha,2025-07-04,2025-07-26,4,test,148.0,188.59225,181.0
Gampaha,2025-07-11,2025-08-02,4,test,96.0,164.16304,154.0
Gampaha,2025-07-18,2025-08-09,4,test,91.0,131.7443,193.0
Gampaha,2025-07-25,2025-08-16,4,test,108.0,144.90009,175.0
Gampaha,2025-08-01,2025-08-23,4,test,63.0,145.3409,148.0
Gampaha,2025-08-08,2025-08-30,4,test,58.0,79.065735,96.0
Gampaha,2025-08-15,2025-09-06,4,test,92.0,64.418846,91.0
Gampaha,2025-08-22,2025-09-13,4,test,93.0,59.328056,108.0
Gampaha,2025-08-29,2025-09-20,4,test,78.0,65.77853,63.0
Gampaha,2025-09-05,2025-09-27,4,test,56.0,49.82568,58.0
Gampaha,2025-09-12,2025-10-04,4,test,82.0,74.64645,92.0
Gampaha,2025-09-19,2025-10-11,4,test,83.0,93.91674,93.0
Gampaha,2025-09-26,2025-10-18,4,test,95.0,97.94323,78.0
Gampaha,2025-10-03,2025-10-25,4,test,112.0,100.30803,56.0
Gampaha,2025-10-10,2025-11-01,4,test,128.0,104.654884,82.0
Gampaha,2025-10-17,2025-11-08,4,test,131.0,80.76934,83.0
Gampaha,2025-10-24,2025-11-15,4,test,159.0,101.94703,95.0
Gampaha,2025-10-31,2025-11-22,4,test,138.0,119.217094,112.0
Gampaha,2025-11-07,2025-11-29,4,test,186.0,123.009026,128.0
Gampaha,2025-11-14,2025-12-06,4,test,202.0,154.68338,131.0
Gampaha,2025-11-21,2025-12-13,4,test,214.0,159.76338,159.0
Hambantota,2024-12-13,2025-01-04,4,test,35.0,19.654028,12.0
Hambantota,2024-12-20,2025-01-11,4,test,32.0,27.238577,22.0
Hambantota,2024-12-27,2025-01-18,4,test,24.0,26.391117,21.0
Hambantota,2025-01-03,2025-01-25,4,test,22.0,34.232224,36.0
Hambantota,2025-01-10,2025-02-01,4,test,15.0,37.413326,35.0
Hambantota,2025-01-17,2025-02-08,4,test,15.0,36.888916,32.0
Hambantota,2025-01-24,2025-02-15,4,test,10.0,34.18368,24.0
Hambantota,2025-01-31,2025-02-22,4,test,12.0,32.697983,22.0
Hambantota,2025-02-07,2025-03-01,4,test,17.0,23.099995,15.0
Hambantota,2025-02-14,2025-03-08,4,test,14.0,22.910465,15.0
Hambantota,2025-02-21,2025-03-15,4,test,18.0,16.408258,10.0
Hambantota,2025-02-28,2025-03-22,4,test,12.0,12.531384,12.0
Hambantota,2025-03-07,2025-03-29,4,test,13.0,15.094451,17.0
Hambantota,2025-03-14,2025-04-05,4,test,10.0,14.156821,14.0
Hambantota,2025-03-21,2025-04-12,4,test,12.0,18.148539,18.0
Hambantota,2025-03-28,2025-04-19,4,test,23.0,19.141869,12.0
Hambantota,2025-04-04,2025-04-26,4,test,24.0,17.977175,13.0
Hambantota,2025-04-11,2025-05-03,4,test,16.0,18.071005,10.0
Hambantota,2025-04-18,2025-05-10,4,test,20.0,15.58629,12.0
Hambantota,2025-04-25,2025-05-17,4,test,20.0,23.369062,23.0
Hambantota,2025-05-02,2025-05-24,4,test,8.0,26.237387,24.0
Hambantota,2025-05-09,2025-05-31,4,test,24.0,24.899698,16.0
Hambantota,2025-05-16,2025-06-07,4,test,15.0,24.619967,20.0
Hambantota,2025-05-23,2025-06-14,4,test,22.0,25.26433,20.0
Hambantota,2025-05-30,2025-06-21,4,test,21.0,20.308926,8.0
Hambantota,2025-06-06,2025-06-28,4,test,24.0,23.319233,24.0
Hambantota,2025-06-13,2025-07-05,4,test,31.0,17.132904,15.0
Hambantota,2025-06-20,2025-07-12,4,test,46.0,22.113283,22.0
Hambantota,2025-06-27,2025-07-19,4,test,31.0,20.833023,21.0
Hambantota,2025-07-04,2025-07-26,4,test,24.0,19.211916,24.0
Hambantota,2025-07-11,2025-08-02,4,test,17.0,18.73303,31.0
Hambantota,2025-07-18,2025-08-09,4,test,15.0,24.85255,46.0
Hambantota,2025-07-25,2025-08-16,4,test,7.0,18.621872,31.0
Hambantota,2025-08-01,2025-08-23,4,test,18.0,18.090216,24.0
Hambantota,2025-08-08,2025-08-30,4,test,9.0,12.994394,17.0
Hambantota,2025-08-15,2025-09-06,4,test,9.0,11.444985,15.0
Hambantota,2025-08-22,2025-09-13,4,test,7.0,9.078298,7.0
Hambantota,2025-08-29,2025-09-20,4,test,19.0,11.144824,18.0
Hambantota,2025-09-05,2025-09-27,4,test,15.0,8.695869,9.0
Hambantota,2025-09-12,2025-10-04,4,test,10.0,8.774748,9.0
Hambantota,2025-09-19,2025-10-11,4,test,10.0,8.516391,7.0
Hambantota,2025-09-26,2025-10-18,4,test,6.0,14.694704,19.0
Hambantota,2025-10-03,2025-10-25,4,test,14.0,14.603076,15.0
Hambantota,2025-10-10,2025-11-01,4,test,18.0,13.260195,10.0
Hambantota,2025-10-17,2025-11-08,4,test,14.0,12.68535,10.0
Hambantota,2025-10-24,2025-11-15,4,test,15.0,12.75647,6.0
Hambantota,2025-10-31,2025-11-22,4,test,13.0,16.35389,14.0
Hambantota,2025-11-07,2025-11-29,4,test,24.0,17.086262,18.0
Hambantota,2025-11-14,2025-12-06,4,test,28.0,18.468727,14.0
Hambantota,2025-11-21,2025-12-13,4,test,42.0,20.224802,15.0
Jaffna,2024-12-13,2025-01-04,4,test,52.0,104.48037,60.0
Jaffna,2024-12-20,2025-01-11,4,test,37.0,86.768684,76.0
Jaffna,2024-12-27,2025-01-18,4,test,57.0,97.9122,76.0
Jaffna,2025-01-03,2025-01-25,4,test,39.0,71.406006,58.0
Jaffna,2025-01-10,2025-02-01,4,test,35.0,52.59319,52.0
Jaffna,2025-01-17,2025-02-08,4,test,35.0,45.078434,37.0
Jaffna,2025-01-24,2025-02-15,4,test,30.0,66.173805,57.0
Jaffna,2025-01-31,2025-02-22,4,test,28.0,61.914593,39.0
Jaffna,2025-02-07,2025-03-01,4,test,15.0,45.54647,35.0
Jaffna,2025-02-14,2025-03-08,4,test,23.0,42.72546,35.0
Jaffna,2025-02-21,2025-03-15,4,test,25.0,37.179535,30.0
Jaffna,2025-02-28,2025-03-22,4,test,24.0,25.987284,28.0
Jaffna,2025-03-07,2025-03-29,4,test,15.0,24.463652,15.0
Jaffna,2025-03-14,2025-04-05,4,test,11.0,28.873257,23.0
Jaffna,2025-03-21,2025-04-12,4,test,18.0,32.095108,25.0
Jaffna,2025-03-28,2025-04-19,4,test,44.0,30.908253,24.0
Jaffna,2025-04-04,2025-04-26,4,test,20.0,23.956593,15.0
Jaffna,2025-04-11,2025-05-03,4,test,18.0,23.851917,11.0
Jaffna,2025-04-18,2025-05-10,4,test,27.0,16.411167,18.0
Jaffna,2025-04-25,2025-05-17,4,test,35.0,25.851942,44.0
Jaffna,2025-05-02,2025-05-24,4,test,20.0,23.538647,20.0
Jaffna,2025-05-09,2025-05-31,4,test,26.0,21.112143,18.0
Jaffna,2025-05-16,2025-06-07,4,test,25.0,20.632368,27.0
Jaffna,2025-05-23,2025-06-14,4,test,24.0,32.52282,35.0
Jaffna,2025-05-30,2025-06-21,4,test,12.0,35.698067,20.0
Jaffna,2025-06-06,2025-06-28,4,test,17.0,28.851633,26.0
Jaffna,2025-06-13,2025-07-05,4,test,26.0,29.568016,25.0
Jaffna,2025-06-20,2025-07-12,4,test,31.0,29.238586,24.0
Jaffna,2025-06-27,2025-07-19,4,test,19.0,17.105383,12.0
Jaffna,2025-07-04,2025-07-26,4,test,15.0,17.526924,17.0
Jaffna,2025-07-11,2025-08-02,4,test,9.0,17.692345,26.0
Jaffna,2025-07-18,2025-08-09,4,test,20.0,18.763435,31.0
Jaffna,2025-07-25,2025-08-16,4,test,6.0,18.579924,19.0
Jaffna,2025-08-01,2025-08-23,4,test,12.0,19.102036,15.0
Jaffna,2025-08-08,2025-08-30,4,test,22.0,13.21835,9.0
Jaffna,2025-08-15,2025-09-06,4,test,14.0,23.791195,20.0
Jaffna,2025-08-22,2025-09-13,4,test,5.0,15.019752,6.0
Jaffna,2025-08-29,2025-09-20,4,test,14.0,17.860296,12.0
Jaffna,2025-09-05,2025-09-27,4,test,18.0,24.536707,22.0
Jaffna,2025-09-12,2025-10-04,4,test,19.0,22.354483,14.0
Jaffna,2025-09-19,2025-10-11,4,test,26.0,19.186928,5.0
Jaffna,2025-09-26,2025-10-18,4,test,26.0,22.58851,14.0
Jaffna,2025-10-03,2025-10-25,4,test,55.0,24.100454,18.0
Jaffna,2025-10-10,2025-11-01,4,test,54.0,29.3017,19.0
Jaffna,2025-10-17,2025-11-08,4,test,54.0,45.17923,26.0
Jaffna,2025-10-24,2025-11-15,4,test,57.0,83.79144,26.0
Jaffna,2025-10-31,2025-11-22,4,test,49.0,80.89729,55.0
Jaffna,2025-11-07,2025-11-29,4,test,58.0,76.13379,54.0
Jaffna,2025-11-14,2025-12-06,4,test,78.0,84.30466,54.0
Jaffna,2025-11-21,2025-12-13,4,test,76.0,86.731514,57.0
Kalutara,2024-12-13,2025-01-04,4,test,24.0,39.154037,32.0
Kalutara,2024-12-20,2025-01-11,4,test,51.0,50.216324,49.0
Kalutara,2024-12-27,2025-01-18,4,test,38.0,45.012035,34.0
Kalutara,2025-01-03,2025-01-25,4,test,29.0,56.502823,65.0
Kalutara,2025-01-10,2025-02-01,4,test,29.0,35.41915,24.0
Kalutara,2025-01-17,2025-02-08,4,test,29.0,46.783752,51.0
Kalutara,2025-01-24,2025-02-15,4,test,44.0,45.427284,38.0
Kalutara,2025-01-31,2025-02-22,4,test,31.0,37.933334,29.0
Kalutara,2025-02-07,2025-03-01,4,test,43.0,30.641987,29.0
Kalutara,2025-02-14,2025-03-08,4,test,37.0,28.793793,29.0
Kalutara,2025-02-21,2025-03-15,4,test,35.0,35.94422,44.0
Kalutara,2025-02-28,2025-03-22,4,test,30.0,23.938747,31.0
Kalutara,2025-03-07,2025-03-29,4,test,39.0,31.040293,43.0
Kalutara,2025-03-14,2025-04-05,4,test,36.0,40.585064,37.0
Kalutara,2025-03-21,2025-04-12,4,test,42.0,39.44426,35.0
Kalutara,2025-03-28,2025-04-19,4,test,64.0,39.216095,30.0
Kalutara,2025-04-04,2025-04-26,4,test,59.0,43.165478,39.0
Kalutara,2025-04-11,2025-05-03,4,test,63.0,48.531605,36.0
Kalutara,2025-04-18,2025-05-10,4,test,35.0,45.760742,42.0
Kalutara,2025-04-25,2025-05-17,4,test,92.0,60.34406,64.0
Kalutara,2025-05-02,2025-05-24,4,test,71.0,66.36173,59.0
Kalutara,2025-05-09,2025-05-31,4,test,68.0,64.02211,63.0
Kalutara,2025-05-16,2025-06-07,4,test,74.0,48.620632,35.0
Kalutara,2025-05-23,2025-06-14,4,test,62.0,89.39681,92.0
Kalutara,2025-05-30,2025-06-21,4,test,92.0,83.62783,71.0
Kalutara,2025-06-06,2025-06-28,4,test,57.0,71.28001,68.0
Kalutara,2025-06-13,2025-07-05,4,test,66.0,86.06623,74.0
Kalutara,2025-06-20,2025-07-12,4,test,80.0,88.78892,62.0
Kalutara,2025-06-27,2025-07-19,4,test,53.0,108.80176,92.0
Kalutara,2025-07-04,2025-07-26,4,test,30.0,74.58564,57.0
Kalutara,2025-07-11,2025-08-02,4,test,47.0,59.82705,66.0
Kalutara,2025-07-18,2025-08-09,4,test,56.0,65.2631,80.0
Kalutara,2025-07-25,2025-08-16,4,test,39.0,52.026318,53.0
Kalutara,2025-08-01,2025-08-23,4,test,40.0,33.618156,30.0
Kalutara,2025-08-08,2025-08-30,4,test,34.0,36.92765,47.0
Kalutara,2025-08-15,2025-09-06,4,test,32.0,43.265102,56.0
Kalutara,2025-08-22,2025-09-13,4,test,27.0,36.99565,39.0
Kalutara,2025-08-29,2025-09-20,4,test,43.0,38.01311,40.0
Kalutara,2025-09-05,2025-09-27,4,test,32.0,35.573982,34.0
Kalutara,2025-09-12,2025-10-04,4,test,35.0,31.671946,32.0
Kalutara,2025-09-19,2025-10-11,4,test,24.0,32.6159,27.0
Kalutara,2025-09-26,2025-10-18,4,test,35.0,43.960873,43.0
Kalutara,2025-10-03,2025-10-25,4,test,32.0,41.805325,32.0
Kalutara,2025-10-10,2025-11-01,4,test,27.0,50.128445,35.0
Kalutara,2025-10-17,2025-11-08,4,test,35.0,34.840454,24.0
Kalutara,2025-10-24,2025-11-15,4,test,34.0,42.411465,35.0
Kalutara,2025-10-31,2025-11-22,4,test,57.0,39.756332,32.0
Kalutara,2025-11-07,2025-11-29,4,test,63.0,33.790367,27.0
Kalutara,2025-11-14,2025-12-06,4,test,53.0,41.09794,35.0
Kalutara,2025-11-21,2025-12-13,4,test,85.0,43.287693,34.0
Kandy,2024-12-13,2025-01-04,4,test,65.0,71.6583,73.0
Kandy,2024-12-20,2025-01-11,4,test,77.0,65.28772,57.0
Kandy,2024-12-27,2025-01-18,4,test,62.0,64.38101,76.0
Kandy,2025-01-03,2025-01-25,4,test,80.0,59.746574,66.0
Kandy,2025-01-10,2025-02-01,4,test,50.0,45.59883,65.0
Kandy,2025-01-17,2025-02-08,4,test,50.0,56.27593,77.0
Kandy,2025-01-24,2025-02-15,4,test,63.0,55.6419,62.0
Kandy,2025-01-31,2025-02-22,4,test,58.0,132.75357,80.0
Kandy,2025-02-07,2025-03-01,4,test,49.0,100.63096,50.0
Kandy,2025-02-14,2025-03-08,4,test,59.0,37.327015,50.0
Kandy,2025-02-21,2025-03-15,4,test,59.0,61.292286,63.0
Kandy,2025-02-28,2025-03-22,4,test,56.0,45.982273,58.0
Kandy,2025-03-07,2025-03-29,4,test,65.0,45.813934,49.0
Kandy,2025-03-14,2025-04-05,4,test,50.0,59.701355,59.0
Kandy,2025-03-21,2025-04-12,4,test,53.0,64.22482,59.0
Kandy,2025-03-28,2025-04-19,4,test,73.0,75.156586,56.0
Kandy,2025-04-04,2025-04-26,4,test,60.0,85.89753,65.0
Kandy,2025-04-11,2025-05-03,4,test,77.0,75.29266,50.0
Kandy,2025-04-18,2025-05-10,4,test,98.0,69.13222,53.0
Kandy,2025-04-25,2025-05-17,4,test,126.0,80.557144,73.0
Kandy,2025-05-02,2025-05-24,4,test,105.0,83.49666,60.0
Kandy,2025-05-09,2025-05-31,4,test,126.0,84.81744,77.0
Kandy,2025-05-16,2025-06-07,4,test,118.0,122.798935,98.0
Kandy,2025-05-23,2025-06-14,4,test,192.0,162.15208,126.0
Kandy,2025-05-30,2025-06-21,4,test,161.0,140.39069,105.0
Kandy,2025-06-06,2025-06-28,4,test,174.0,155.77322,126.0
Kandy,2025-06-13,2025-07-05,4,test,141.0,172.15591,118.0
Kandy,2025-06-20,2025-07-12,4,test,184.0,210.65898,192.0
Kandy,2025-06-27,2025-07-19,4,test,168.0,231.74026,161.0
Kandy,2025-07-04,2025-07-26,4,test,107.0,192.52568,174.0
Kandy,2025-07-11,2025-08-02,4,test,145.0,126.37185,141.0
Kandy,2025-07-18,2025-08-09,4,test,80.0,133.70827,184.0
Kandy,2025-07-25,2025-08-16,4,test,92.0,121.59586,168.0
Kandy,2025-08-01,2025-08-23,4,test,94.0,104.88507,107.0
Kandy,2025-08-08,2025-08-30,4,test,87.0,132.59245,145.0
Kandy,2025-08-15,2025-09-06,4,test,60.0,94.12617,80.0
Kandy,2025-08-22,2025-09-13,4,test,79.0,84.952995,92.0
Kandy,2025-08-29,2025-09-20,4,test,37.0,67.10471,94.0
Kandy,2025-09-05,2025-09-27,4,test,39.0,73.34359,87.0
Kandy,2025-09-12,2025-10-04,4,test,44.0,67.25446,60.0
Kandy,2025-09-19,2025-10-11,4,test,44.0,77.68026,79.0
Kandy,2025-09-26,2025-10-18,4,test,52.0,61.266308,37.0
Kandy,2025-10-03,2025-10-25,4,test,58.0,57.492886,39.0
Kandy,2025-10-10,2025-11-01,4,test,56.0,57.507126,44.0
Kandy,2025-10-17,2025-11-08,4,test,71.0,52.103886,44.0
Kandy,2025-10-24,2025-11-15,4,test,88.0,62.133232,52.0
Kandy,2025-10-31,2025-11-22,4,test,60.0,64.73356,58.0
Kandy,2025-11-07,2025-11-29,4,test,50.0,64.12193,56.0
Kandy,2025-11-14,2025-12-06,4,test,82.0,68.42334,71.0
Kandy,2025-11-21,2025-12-13,4,test,85.0,80.791046,88.0
Kegalle,2024-12-13,2025-01-04,4,test,40.0,30.700453,14.0
Kegalle,2024-12-20,2025-01-11,4,test,34.0,25.134161,17.0
Kegalle,2024-12-27,2025-01-18,4,test,26.0,38.63817,44.0
Kegalle,2025-01-03,2025-01-25,4,test,24.0,48.96424,64.0
Kegalle,2025-01-10,2025-02-01,4,test,29.0,42.530968,40.0
Kegalle,2025-01-17,2025-02-08,4,test,29.0,41.462532,34.0
Kegalle,2025-01-24,2025-02-15,4,test,35.0,35.10211,26.0
Kegalle,2025-01-31,2025-02-22,4,test,22.0,30.733486,24.0
Kegalle,2025-02-07,2025-03-01,4,test,43.0,28.86339,29.0
Kegalle,2025-02-14,2025-03-08,4,test,20.0,28.080235,29.0
Kegalle,2025-02-21,2025-03-15,4,test,32.0,30.270983,35.0
Kegalle,2025-02-28,2025-03-22,4,test,24.0,19.508644,22.0
Kegalle,2025-03-07,2025-03-29,4,test,20.0,26.45781,43.0
Kegalle,2025-03-14,2025-04-05,4,test,29.0,21.469612,20.0
Kegalle,2025-03-21,2025-04-12,4,test,13.0,32.05838,32.0
Kegalle,2025-03-28,2025-04-19,4,test,35.0,31.473127,24.0
Kegalle,2025-04-04,2025-04-26,4,test,38.0,29.240269,20.0
Kegalle,2025-04-11,2025-05-03,4,test,43.0,31.548256,29.0
Kegalle,2025-04-18,2025-05-10,4,test,45.0,23.49208,13.0
Kegalle,2025-04-25,2025-05-17,4,test,43.0,36.692104,35.0
Kegalle,2025-05-02,2025-05-24,4,test,61.0,42.31612,38.0
Kegalle,2025-05-09,2025-05-31,4,test,54.0,44.67619,43.0
Kegalle,2025-05-16,2025-06-07,4,test,46.0,48.115696,45.0
Kegalle,2025-05-23,2025-06-14,4,test,48.0,49.52484,43.0
Kegalle,2025-05-30,2025-06-21,4,test,35.0,63.58218,61.0
Kegalle,2025-06-06,2025-06-28,4,test,39.0,59.32481,54.0
Kegalle,2025-06-13,2025-07-05,4,test,30.0,64.12602,46.0
Kegalle,2025-06-20,2025-07-12,4,test,41.0,57.28785,48.0
Kegalle,2025-06-27,2025-07-19,4,test,33.0,45.76413,35.0
Kegalle,2025-07-04,2025-07-26,4,test,29.0,42.734962,39.0
Kegalle,2025-07-11,2025-08-02,4,test,31.0,30.194107,30.0
Kegalle,2025-07-18,2025-08-09,4,test,19.0,35.04326,41.0
Kegalle,2025-07-25,2025-08-16,4,test,24.0,34.70557,33.0
Kegalle,2025-08-01,2025-08-23,4,test,27.0,29.858624,29.0
Kegalle,2025-08-08,2025-08-30,4,test,19.0,28.110218,31.0
Kegalle,2025-08-15,2025-09-06,4,test,67.0,22.737528,19.0
Kegalle,2025-08-22,2025-09-13,4,test,20.0,27.771313,24.0
Kegalle,2025-08-29,2025-09-20,4,test,18.0,26.922873,27.0
Kegalle,2025-09-05,2025-09-27,4,test,19.0,21.154356,19.0
Kegalle,2025-09-12,2025-10-04,4,test,18.0,50.2468,67.0
Kegalle,2025-09-19,2025-10-11,4,test,11.0,37.946014,20.0
Kegalle,2025-09-26,2025-10-18,4,test,17.0,32.02164,18.0
Kegalle,2025-10-03,2025-10-25,4,test,19.0,29.415333,19.0
Kegalle,2025-10-10,2025-11-01,4,test,17.0,26.543505,18.0
Kegalle,2025-10-17,2025-11-08,4,test,18.0,21.039883,11.0
Kegalle,2025-10-24,2025-11-15,4,test,34.0,20.807478,17.0
Kegalle,2025-10-31,2025-11-22,4,test,30.0,35.449104,19.0
Kegalle,2025-11-07,2025-11-29,4,test,18.0,28.233591,17.0
Kegalle,2025-11-14,2025-12-06,4,test,36.0,31.924828,18.0
Kegalle,2025-11-21,2025-12-13,4,test,37.0,43.87228,34.0
Kilinochchi,2024-12-13,2025-01-04,4,test,8.0,22.234423,8.0
Kilinochchi,2024-12-20,2025-01-11,4,test,3.0,16.41855,6.0
Kilinochchi,2024-12-27,2025-01-18,4,test,6.0,16.927568,5.0
Kilinochchi,2025-01-03,2025-01-25,4,test,3.0,6.7841763,5.0
Kilinochchi,2025-01-10,2025-02-01,4,test,2.0,7.6879215,8.0
Kilinochchi,2025-01-17,2025-02-08,4,test,2.0,4.011337,3.0
Kilinochchi,2025-01-24,2025-02-15,4,test,2.0,5.835454,6.0
Kilinochchi,2025-01-31,2025-02-22,4,test,1.0,5.1436896,3.0
Kilinochchi,2025-02-07,2025-03-01,4,test,3.0,4.0991316,2.0
Kilinochchi,2025-02-14,2025-03-08,4,test,6.0,3.7392912,2.0
Kilinochchi,2025-02-21,2025-03-15,4,test,0.0,1.8350056,2.0
Kilinochchi,2025-02-28,2025-03-22,4,test,2.0,1.8300916,1.0
Kilinochchi,2025-03-07,2025-03-29,4,test,0.0,2.2694066,3.0
Kilinochchi,2025-03-14,2025-04-05,4,test,1.0,3.1551704,6.0
Kilinochchi,2025-03-21,2025-04-12,4,test,1.0,2.5192027,0.0
Kilinochchi,2025-03-28,2025-04-19,4,test,7.0,3.3765583,2.0
Kilinochchi,2025-04-04,2025-04-26,4,test,1.0,3.5773726,0.0
Kilinochchi,2025-04-11,2025-05-03,4,test,1.0,2.6021903,1.0
Kilinochchi,2025-04-18,2025-05-10,4,test,4.0,0.6892121,1.0
Kilinochchi,2025-04-25,2025-05-17,4,test,2.0,3.074297,7.0
Kilinochchi,2025-05-02,2025-05-24,4,test,2.0,2.5752692,1.0
Kilinochchi,2025-05-09,2025-05-31,4,test,1.0,2.1439216,1.0
Kilinochchi,2025-05-16,2025-06-07,4,test,2.0,1.9065881,4.0
Kilinochchi,2025-05-23,2025-06-14,4,test,0.0,3.2068663,2.0
Kilinochchi,2025-05-30,2025-06-21,4,test,1.0,1.9350089,2.0
Kilinochchi,2025-06-06,2025-06-28,4,test,2.0,1.4980642,1.0
Kilinochchi,2025-06-13,2025-07-05,4,test,0.0,2.6371634,2.0
Kilinochchi,2025-06-20,2025-07-12,4,test,3.0,2.8933067,0.0
Kilinochchi,2025-06-27,2025-07-19,4,test,1.0,2.636567,1.0
Kilinochchi,2025-07-04,2025-07-26,4,test,0.0,2.211993,2.0
Kilinochchi,2025-07-11,2025-08-02,4,test,0.0,0.43028694,0.0
Kilinochchi,2025-07-18,2025-08-09,4,test,2.0,0.0,3.0
Kilinochchi,2025-07-25,2025-08-16,4,test,0.0,0.0,1.0
Kilinochchi,2025-08-01,2025-08-23,4,test,0.0,0.0,0.0
Kilinochchi,2025-08-08,2025-08-30,4,test,2.0,0.0,0.0
Kilinochchi,2025-08-15,2025-09-06,4,test,1.0,0.0,2.0
Kilinochchi,2025-08-22,2025-09-13,4,test,1.0,0.0,0.0
Kilinochchi,2025-08-29,2025-09-20,4,test,0.0,0.0,0.0
Kilinochchi,2025-09-05,2025-09-27,4,test,3.0,0.0,2.0
Kilinochchi,2025-09-12,2025-10-04,4,test,4.0,0.91592747,1.0
Kilinochchi,2025-09-19,2025-10-11,4,test,2.0,2.3941374,1.0
Kilinochchi,2025-09-26,2025-10-18,4,test,2.0,1.8544401,0.0
Kilinochchi,2025-10-03,2025-10-25,4,test,2.0,2.0059862,3.0
Kilinochchi,2025-10-10,2025-11-01,4,test,6.0,2.6687517,4.0
Kilinochchi,2025-10-17,2025-11-08,4,test,5.0,3.418412,2.0
Kilinochchi,2025-10-24,2025-11-15,4,test,3.0,6.8511205,2.0
Kilinochchi,2025-10-31,2025-11-22,4,test,1.0,6.64046,2.0
Kilinochchi,2025-11-07,2025-11-29,4,test,4.0,7.308983,6.0
Kilinochchi,2025-11-14,2025-12-06,4,test,10.0,8.58955,5.0
Kilinochchi,2025-11-21,2025-12-13,4,test,5.0,7.849364,3.0
Kurunegala,2024-12-13,2025-01-04,4,test,39.0,30.573296,14.0
Kurunegala,2024-12-20,2025-01-11,4,test,30.0,32.126133,25.0
Kurunegala,2024-12-27,2025-01-18,4,test,34.0,32.839718,26.0
Kurunegala,2025-01-03,2025-01-25,4,test,18.0,28.331343,26.0
Kurunegala,2025-01-10,2025-02-01,4,test,27.0,34.454205,39.0
Kurunegala,2025-01-17,2025-02-08,4,test,27.0,29.988144,30.0
Kurunegala,2025-01-24,2025-02-15,4,test,20.0,39.96899,34.0
Kurunegala,2025-01-31,2025-02-22,4,test,25.0,30.03483,18.0
Kurunegala,2025-02-07,2025-03-01,4,test,17.0,29.827684,27.0
Kurunegala,2025-02-14,2025-03-08,4,test,23.0,28.726362,27.0
Kurunegala,2025-02-21,2025-03-15,4,test,21.0,20.298223,20.0
Kurunegala,2025-02-28,2025-03-22,4,test,19.0,19.396141,25.0
Kurunegala,2025-03-07,2025-03-29,4,test,19.0,15.201517,17.0
Kurunegala,2025-03-14,2025-04-05,4,test,17.0,18.211643,23.0
Kurunegala,2025-03-21,2025-04-12,4,test,13.0,23.417025,21.0
Kurunegala,2025-03-28,2025-04-19,4,test,53.0,24.092413,19.0
Kurunegala,2025-04-04,2025-04-26,4,test,34.0,24.569107,19.0
Kurunegala,2025-04-11,2025-05-03,4,test,30.0,25.973034,17.0
Kurunegala,2025-04-18,2025-05-10,4,test,44.0,20.877745,13.0
Kurunegala,2025-04-25,2025-05-17,4,test,47.0,43.92575,53.0
Kurunegala,2025-05-02,2025-05-24,4,test,60.0,43.38832,34.0
Kurunegala,2025-05-09,2025-05-31,4,test,43.0,39.209694,30.0
Kurunegala,2025-05-16,2025-06-07,4,test,68.0,44.34116,44.0
Kurunegala,2025-05-23,2025-06-14,4,test,77.0,49.716797,47.0
Kurunegala,2025-05-30,2025-06-21,4,test,70.0,68.840706,60.0
Kurunegala,2025-06-06,2025-06-28,4,test,51.0,53.79961,43.0
Kurunegala,2025-06-13,2025-07-05,4,test,50.0,76.21496,68.0
Kurunegala,2025-06-20,2025-07-12,4,test,49.0,84.5116,77.0
Kurunegala,2025-06-27,2025-07-19,4,test,84.0,78.97828,70.0
Kurunegala,2025-07-04,2025-07-26,4,test,39.0,65.883,51.0
Kurunegala,2025-07-11,2025-08-02,4,test,37.0,42.66783,50.0
Kurunegala,2025-07-18,2025-08-09,4,test,23.0,42.609398,49.0
Kurunegala,2025-07-25,2025-08-16,4,test,24.0,58.467014,84.0
Kurunegala,2025-08-01,2025-08-23,4,test,24.0,47.595272,39.0
Kurunegala,2025-08-08,2025-08-30,4,test,8.0,38.1285,37.0
Kurunegala,2025-08-15,2025-09-06,4,test,19.0,29.598448,23.0
Kurunegala,2025-08-22,2025-09-13,4,test,15.0,24.546682,24.0
Kurunegala,2025-08-29,2025-09-20,4,test,19.0,24.262714,24.0
Kurunegala,2025-09-05,2025-09-27,4,test,8.0,16.04461,8.0
Kurunegala,2025-09-12,2025-10-04,4,test,15.0,17.684177,19.0
Kurunegala,2025-09-19,2025-10-11,4,test,24.0,20.108541,15.0
Kurunegala,2025-09-26,2025-10-18,4,test,17.0,21.199886,19.0
Kurunegala,2025-10-03,2025-10-25,4,test,15.0,16.256294,8.0
Kurunegala,2025-10-10,2025-11-01,4,test,13.0,19.275764,15.0
Kurunegala,2025-10-17,2025-11-08,4,test,20.0,26.463045,24.0
Kurunegala,2025-10-24,2025-11-15,4,test,23.0,24.1462,17.0
Kurunegala,2025-10-31,2025-11-22,4,test,21.0,28.067095,15.0
Kurunegala,2025-11-07,2025-11-29,4,test,19.0,26.62818,13.0
Kurunegala,2025-11-14,2025-12-06,4,test,24.0,32.34492,20.0
Kurunegala,2025-11-21,2025-12-13,4,test,32.0,30.800478,23.0
Mannar,2024-12-13,2025-01-04,4,test,15.0,11.745687,2.0
Mannar,2024-12-20,2025-01-11,4,test,12.0,12.301751,8.0
Mannar,2024-12-27,2025-01-18,4,test,7.0,14.489285,12.0
Mannar,2025-01-03,2025-01-25,4,test,12.0,11.274405,11.0
Mannar,2025-01-10,2025-02-01,4,test,3.0,12.019224,15.0
Mannar,2025-01-17,2025-02-08,4,test,3.0,11.653534,12.0
Mannar,2025-01-24,2025-02-15,4,test,4.0,9.974865,7.0
Mannar,2025-01-31,2025-02-22,4,test,3.0,12.16576,12.0
Mannar,2025-02-07,2025-03-01,4,test,0.0,8.712892,3.0
Mannar,2025-02-14,2025-03-08,4,test,2.0,7.274624,3.0
Mannar,2025-02-21,2025-03-15,4,test,2.0,3.30162,4.0
Mannar,2025-02-28,2025-03-22,4,test,4.0,3.1919065,3.0
Mannar,2025-03-07,2025-03-29,4,test,2.0,2.6913476,0.0
Mannar,2025-03-14,2025-04-05,4,test,1.0,1.4217794,2.0
Mannar,2025-03-21,2025-04-12,4,test,2.0,1.7379749,2.0
Mannar,2025-03-28,2025-04-19,4,test,1.0,3.4270124,4.0
Mannar,2025-04-04,2025-04-26,4,test,6.0,3.2168357,2.0
Mannar,2025-04-11,2025-05-03,4,test,1.0,3.7386649,1.0
Mannar,2025-04-18,2025-05-10,4,test,3.0,2.4833815,2.0
Mannar,2025-04-25,2025-05-17,4,test,4.0,2.3548393,1.0
Mannar,2025-05-02,2025-05-24,4,test,2.0,4.4095125,6.0
Mannar,2025-05-09,2025-05-31,4,test,3.0,2.4793196,1.0
Mannar,2025-05-16,2025-06-07,4,test,2.0,2.1285672,3.0
Mannar,2025-05-23,2025-06-14,4,test,4.0,3.0824976,4.0
Mannar,2025-05-30,2025-06-21,4,test,0.0,4.6794224,2.0
Mannar,2025-06-06,2025-06-28,4,test,2.0,2.41468,3.0
Mannar,2025-06-13,2025-07-05,4,test,1.0,3.9246578,2.0
Mannar,2025-06-20,2025-07-12,4,test,2.0,4.4368534,4.0
Mannar,2025-06-27,2025-07-19,4,test,4.0,3.5359979,0.0
Mannar,2025-07-04,2025-07-26,4,test,2.0,2.4609346,2.0
Mannar,2025-07-11,2025-08-02,4,test,3.0,0.5364082,1.0
Mannar,2025-07-18,2025-08-09,4,test,1.0,0.0,2.0
Mannar,2025-07-25,2025-08-16,4,test,1.0,0.0,4.0
Mannar,2025-08-01,2025-08-23,4,test,2.0,0.0,2.0
Mannar,2025-08-08,2025-08-30,4,test,2.0,0.0,3.0
Mannar,2025-08-15,2025-09-06,4,test,2.0,0.01396399,1.0
Mannar,2025-08-22,2025-09-13,4,test,3.0,0.0,1.0
Mannar,2025-08-29,2025-09-20,4,test,2.0,0.040539578,2.0
Mannar,2025-09-05,2025-09-27,4,test,0.0,0.36642763,2.0
Mannar,2025-09-12,2025-10-04,4,test,1.0,1.1955924,2.0
Mannar,2025-09-19,2025-10-11,4,test,3.0,2.907461,3.0
Mannar,2025-09-26,2025-10-18,4,test,5.0,2.609067,2.0
Mannar,2025-10-03,2025-10-25,4,test,7.0,2.4037285,0.0
Mannar,2025-10-10,2025-11-01,4,test,6.0,3.3317661,1.0
Mannar,2025-10-17,2025-11-08,4,test,12.0,3.3027794,3.0
Mannar,2025-10-24,2025-11-15,4,test,5.0,13.26038,5.0
Mannar,2025-10-31,2025-11-22,4,test,5.0,9.055548,7.0
Mannar,2025-11-07,2025-11-29,4,test,0.0,11.636941,6.0
Mannar,2025-11-14,2025-12-06,4,test,5.0,15.656411,12.0
Mannar,2025-11-21,2025-12-13,4,test,0.0,12.072849,5.0
Matale,2024-12-13,2025-01-04,4,test,39.0,44.326195,38.0
Matale,2024-12-20,2025-01-11,4,test,44.0,46.255566,52.0
Matale,2024-12-27,2025-01-18,4,test,39.0,44.839916,34.0
Matale,2025-01-03,2025-01-25,4,test,45.0,50.252575,52.0
Matale,2025-01-10,2025-02-01,4,test,38.0,38.30221,39.0
Matale,2025-01-17,2025-02-08,4,test,38.0,45.92644,44.0
Matale,2025-01-24,2025-02-15,4,test,40.0,45.098854,39.0
Matale,2025-01-31,2025-02-22,4,test,28.0,42.744987,45.0
Matale,2025-02-07,2025-03-01,4,test,39.0,38.29091,38.0
Matale,2025-02-14,2025-03-08,4,test,22.0,36.065388,38.0
Matale,2025-02-21,2025-03-15,4,test,20.0,36.359123,40.0
Matale,2025-02-28,2025-03-22,4,test,32.0,21.284239,28.0
Matale,2025-03-07,2025-03-29,4,test,21.0,26.768476,39.0
Matale,2025-03-14,2025-04-05,4,test,30.0,25.864862,22.0
Matale,2025-03-21,2025-04-12,4,test,28.0,29.142204,20.0
Matale,2025-03-28,2025-04-19,4,test,42.0,33.469864,32.0
Matale,2025-04-04,2025-04-26,4,test,28.0,29.6658,21.0
Matale,2025-04-11,2025-05-03,4,test,23.0,33.8252,30.0
Matale,2025-04-18,2025-05-10,4,test,16.0,30.200884,28.0
Matale,2025-04-25,2025-05-17,4,test,20.0,37.947536,42.0
Matale,2025-05-02,2025-05-24,4,test,20.0,36.56433,28.0
Matale,2025-05-09,2025-05-31,4,test,24.0,33.08244,23.0
Matale,2025-05-16,2025-06-07,4,test,17.0,24.695578,16.0
Matale,2025-05-23,2025-06-14,4,test,24.0,26.069244,20.0
Matale,2025-05-30,2025-06-21,4,test,23.0,27.036947,20.0
Matale,2025-06-06,2025-06-28,4,test,14.0,28.678448,24.0
Matale,2025-06-13,2025-07-05,4,test,12.0,25.94675,17.0
Matale,2025-06-20,2025-07-12,4,test,19.0,29.757952,24.0
Matale,2025-06-27,2025-07-19,4,test,27.0,31.574415,23.0
Matale,2025-07-04,2025-07-26,4,test,19.0,22.85044,14.0
Matale,2025-07-11,2025-08-02,4,test,17.0,16.208939,12.0
Matale,2025-07-18,2025-08-09,4,test,13.0,15.929926,19.0
Matale,2025-07-25,2025-08-16,4,test,17.0,21.950607,27.0
Matale,2025-08-01,2025-08-23,4,test,11.0,21.096775,19.0
Matale,2025-08-08,2025-08-30,4,test,31.0,18.21788,17.0
Matale,2025-08-15,2025-09-06,4,test,22.0,17.30279,13.0
Matale,2025-08-22,2025-09-13,4,test,34.0,17.559326,17.0
Matale,2025-08-29,2025-09-20,4,test,24.0,11.792605,11.0
Matale,2025-09-05,2025-09-27,4,test,19.0,19.720709,31.0
Matale,2025-09-12,2025-10-04,4,test,9.0,22.533632,22.0
Matale,2025-09-19,2025-10-11,4,test,15.0,35.1947,34.0
Matale,2025-09-26,2025-10-18,4,test,24.0,30.578323,24.0
Matale,2025-10-03,2025-10-25,4,test,22.0,28.379427,19.0
Matale,2025-10-10,2025-11-01,4,test,12.0,21.679823,9.0
Matale,2025-10-17,2025-11-08,4,test,22.0,21.356554,15.0
Matale,2025-10-24,2025-11-15,4,test,20.0,28.501936,24.0
Matale,2025-10-31,2025-11-22,4,test,15.0,37.014896,22.0
Matale,2025-11-07,2025-11-29,4,test,21.0,26.595188,12.0
Matale,2025-11-14,2025-12-06,4,test,25.0,33.85567,22.0
Matale,2025-11-21,2025-12-13,4,test,16.0,29.195383,20.0
Matara,2024-12-13,2025-01-04,4,test,23.0,22.911013,11.0
Matara,2024-12-20,2025-01-11,4,test,45.0,21.60377,12.0
Matara,2024-12-27,2025-01-18,4,test,32.0,28.45535,26.0
Matara,2025-01-03,2025-01-25,4,test,59.0,24.803688,28.0
Matara,2025-01-10,2025-02-01,4,test,34.0,27.648651,23.0
Matara,2025-01-17,2025-02-08,4,test,34.0,41.31113,45.0
Matara,2025-01-24,2025-02-15,4,test,35.0,37.41785,32.0
Matara,2025-01-31,2025-02-22,4,test,24.0,50.495163,59.0
Matara,2025-02-07,2025-03-01,4,test,50.0,43.607475,34.0
Matara,2025-02-14,2025-03-08,4,test,32.0,39.844093,34.0
Matara,2025-02-21,2025-03-15,4,test,30.0,38.858685,35.0
Matara,2025-02-28,2025-03-22,4,test,44.0,32.56208,24.0
Matara,2025-03-07,2025-03-29,4,test,38.0,50.07071,50.0
Matara,2025-03-14,2025-04-05,4,test,32.0,38.412594,32.0
Matara,2025-03-21,2025-04-12,4,test,35.0,35.00226,30.0
Matara,2025-03-28,2025-04-19,4,test,38.0,49.42625,44.0
Matara,2025-04-04,2025-04-26,4,test,38.0,47.317333,38.0
Matara,2025-04-11,2025-05-03,4,test,17.0,44.038803,32.0
Matara,2025-04-18,2025-05-10,4,test,27.0,42.073215,35.0
Matara,2025-04-25,2025-05-17,4,test,21.0,43.2659,38.0
Matara,2025-05-02,2025-05-24,4,test,26.0,43.226276,38.0
Matara,2025-05-09,2025-05-31,4,test,34.0,29.614439,17.0
Matara,2025-05-16,2025-06-07,4,test,70.0,31.535072,27.0
Matara,2025-05-23,2025-06-14,4,test,39.0,29.63188,21.0
Matara,2025-05-30,2025-06-21,4,test,58.0,29.392086,26.0
Matara,2025-06-06,2025-06-28,4,test,39.0,37.94571,34.0
Matara,2025-06-13,2025-07-05,4,test,28.0,65.397156,70.0
Matara,2025-06-20,2025-07-12,4,test,41.0,55.209255,39.0
Matara,2025-06-27,2025-07-19,4,test,42.0,56.80646,58.0
Matara,2025-07-04,2025-07-26,4,test,30.0,50.843697,39.0
Matara,2025-07-11,2025-08-02,4,test,20.0,34.24299,28.0
Matara,2025-07-18,2025-08-09,4,test,35.0,32.781807,41.0
Matara,2025-07-25,2025-08-16,4,test,26.0,31.104074,42.0
Matara,2025-08-01,2025-08-23,4,test,26.0,27.093098,30.0
Matara,2025-08-08,2025-08-30,4,test,16.0,21.018402,20.0
Matara,2025-08-15,2025-09-06,4,test,18.0,31.989077,35.0
Matara,2025-08-22,2025-09-13,4,test,12.0,26.944841,26.0
Matara,2025-08-29,2025-09-20,4,test,12.0,24.541555,26.0
Matara,2025-09-05,2025-09-27,4,test,12.0,17.756899,16.0
Matara,2025-09-12,2025-10-04,4,test,20.0,19.312845,18.0
Matara,2025-09-19,2025-10-11,4,test,22.0,18.38884,12.0
Matara,2025-09-26,2025-10-18,4,test,10.0,19.87765,12.0
Matara,2025-10-03,2025-10-25,4,test,23.0,18.116558,12.0
Matara,2025-10-10,2025-11-01,4,test,17.0,21.456018,20.0
Matara,2025-10-17,2025-11-08,4,test,36.0,26.857088,22.0
Matara,2025-10-24,2025-11-15,4,test,22.0,23.440502,10.0
Matara,2025-10-31,2025-11-22,4,test,37.0,28.767305,23.0
Matara,2025-11-07,2025-11-29,4,test,45.0,25.560677,17.0
Matara,2025-11-14,2025-12-06,4,test,67.0,41.5143,36.0
Matara,2025-11-21,2025-12-13,4,test,44.0,36.371426,22.0
Monaragala,2024-12-13,2025-01-04,4,test,26.0,30.790644,22.0
Monaragala,2024-12-20,2025-01-11,4,test,23.0,26.312794,13.0
Monaragala,2024-12-27,2025-01-18,4,test,24.0,21.163258,13.0
Monaragala,2025-01-03,2025-01-25,4,test,20.0,21.501095,25.0
Monaragala,2025-01-10,2025-02-01,4,test,6.0,26.949604,26.0
Monaragala,2025-01-17,2025-02-08,4,test,6.0,27.150278,23.0
Monaragala,2025-01-24,2025-02-15,4,test,15.0,30.247147,24.0
Monaragala,2025-01-31,2025-02-22,4,test,10.0,27.154984,20.0
Monaragala,2025-02-07,2025-03-01,4,test,17.0,22.327883,6.0
Monaragala,2025-02-14,2025-03-08,4,test,23.0,20.663004,6.0
Monaragala,2025-02-21,2025-03-15,4,test,24.0,17.971409,15.0
Monaragala,2025-02-28,2025-03-22,4,test,21.0,10.790817,10.0
Monaragala,2025-03-07,2025-03-29,4,test,15.0,14.305143,17.0
Monaragala,2025-03-14,2025-04-05,4,test,29.0,20.34015,23.0
Monaragala,2025-03-21,2025-04-12,4,test,27.0,28.026094,24.0
Monaragala,2025-03-28,2025-04-19,4,test,12.0,29.194323,21.0
Monaragala,2025-04-04,2025-04-26,4,test,22.0,26.813314,15.0
Monaragala,2025-04-11,2025-05-03,4,test,10.0,31.139973,29.0
Monaragala,2025-04-18,2025-05-10,4,test,17.0,30.464062,27.0
Monaragala,2025-04-25,2025-05-17,4,test,15.0,26.839811,12.0
Monaragala,2025-05-02,2025-05-24,4,test,26.0,32.300743,22.0
Monaragala,2025-05-09,2025-05-31,4,test,29.0,20.976578,10.0
Monaragala,2025-05-16,2025-06-07,4,test,26.0,23.655565,17.0
Monaragala,2025-05-23,2025-06-14,4,test,24.0,19.851578,15.0
Monaragala,2025-05-30,2025-06-21,4,test,27.0,26.166718,26.0
Monaragala,2025-06-06,2025-06-28,4,test,12.0,25.87068,29.0
Monaragala,2025-06-13,2025-07-05,4,test,13.0,29.03778,26.0
Monaragala,2025-06-20,2025-07-12,4,test,19.0,29.09668,24.0
Monaragala,2025-06-27,2025-07-19,4,test,17.0,27.556164,27.0
Monaragala,2025-07-04,2025-07-26,4,test,17.0,20.055716,12.0
Monaragala,2025-07-11,2025-08-02,4,test,11.0,15.453528,13.0
Monaragala,2025-07-18,2025-08-09,4,test,17.0,16.035963,19.0
Monaragala,2025-07-25,2025-08-16,4,test,8.0,17.745598,17.0
Monaragala,2025-08-01,2025-08-23,4,test,16.0,16.085852,17.0
Monaragala,2025-08-08,2025-08-30,4,test,3.0,16.793396,11.0
Monaragala,2025-08-15,2025-09-06,4,test,16.0,27.522902,17.0
Monaragala,2025-08-22,2025-09-13,4,test,10.0,9.817685,8.0
Monaragala,2025-08-29,2025-09-20,4,test,8.0,16.555994,16.0
Monaragala,2025-09-05,2025-09-27,4,test,9.0,10.918976,3.0
Monaragala,2025-09-12,2025-10-04,4,test,4.0,14.765573,16.0
Monaragala,2025-09-19,2025-10-11,4,test,11.0,12.997487,10.0
Monaragala,2025-09-26,2025-10-18,4,test,17.0,14.123077,8.0
Monaragala,2025-10-03,2025-10-25,4,test,16.0,12.034954,9.0
Monaragala,2025-10-10,2025-11-01,4,test,7.0,16.213205,4.0
Monaragala,2025-10-17,2025-11-08,4,test,10.0,17.736584,11.0
Monaragala,2025-10-24,2025-11-15,4,test,15.0,16.983934,17.0
Monaragala,2025-10-31,2025-11-22,4,test,15.0,19.033077,16.0
Monaragala,2025-11-07,2025-11-29,4,test,10.0,18.18011,7.0
Monaragala,2025-11-14,2025-12-06,4,test,14.0,18.242828,10.0
Monaragala,2025-11-21,2025-12-13,4,test,24.0,22.497393,15.0
Mullaitivu,2024-12-13,2025-01-04,4,test,1.0,16.60853,5.0
Mullaitivu,2024-12-20,2025-01-11,4,test,1.0,18.455893,2.0
Mullaitivu,2024-12-27,2025-01-18,4,test,4.0,18.71474,4.0
Mullaitivu,2025-01-03,2025-01-25,4,test,1.0,5.1931415,3.0
Mullaitivu,2025-01-10,2025-02-01,4,test,2.0,5.2716393,1.0
Mullaitivu,2025-01-17,2025-02-08,4,test,2.0,2.6574001,1.0
Mullaitivu,2025-01-24,2025-02-15,4,test,0.0,4.923394,4.0
Mullaitivu,2025-01-31,2025-02-22,4,test,1.0,4.8286653,1.0
Mullaitivu,2025-02-07,2025-03-01,4,test,1.0,3.4183996,2.0
Mullaitivu,2025-02-14,2025-03-08,4,test,3.0,4.242167,2.0
Mullaitivu,2025-02-21,2025-03-15,4,test,0.0,1.5155425,0.0
Mullaitivu,2025-02-28,2025-03-22,4,test,0.0,1.6384133,1.0
Mullaitivu,2025-03-07,2025-03-29,4,test,2.0,2.5653274,1.0
Mullaitivu,2025-03-14,2025-04-05,4,test,2.0,1.7259421,3.0
Mullaitivu,2025-03-21,2025-04-12,4,test,1.0,2.2035763,0.0
Mullaitivu,2025-03-28,2025-04-19,4,test,0.0,3.4766018,0.0
Mullaitivu,2025-04-04,2025-04-26,4,test,2.0,3.3030486,2.0
Mullaitivu,2025-04-11,2025-05-03,4,test,1.0,2.5718875,2.0
Mullaitivu,2025-04-18,2025-05-10,4,test,2.0,0.72346944,1.0
Mullaitivu,2025-04-25,2025-05-17,4,test,1.0,1.4028713,0.0
Mullaitivu,2025-05-02,2025-05-24,4,test,1.0,2.3278077,2.0
Mullaitivu,2025-05-09,2025-05-31,4,test,4.0,2.0651824,1.0
Mullaitivu,2025-05-16,2025-06-07,4,test,2.0,1.7354474,2.0
Mullaitivu,2025-05-23,2025-06-14,4,test,1.0,2.080167,1.0
Mullaitivu,2025-05-30,2025-06-21,4,test,3.0,2.0368295,1.0
Mullaitivu,2025-06-06,2025-06-28,4,test,2.0,1.4436772,4.0
Mullaitivu,2025-06-13,2025-07-05,4,test,0.0,2.7971382,2.0
Mullaitivu,2025-06-20,2025-07-12,4,test,0.0,2.827251,1.0
Mullaitivu,2025-06-27,2025-07-19,4,test,0.0,3.0016415,3.0
Mullaitivu,2025-07-04,2025-07-26,4,test,0.0,2.5129714,2.0
Mullaitivu,2025-07-11,2025-08-02,4,test,0.0,0.64570034,0.0
Mullaitivu,2025-07-18,2025-08-09,4,test,0.0,0.0,0.0
Mullaitivu,2025-07-25,2025-08-16,4,test,0.0,0.0,0.0
Mullaitivu,2025-08-01,2025-08-23,4,test,1.0,0.0,0.0
Mullaitivu,2025-08-08,2025-08-30,4,test,0.0,0.0,0.0
Mullaitivu,2025-08-15,2025-09-06,4,test,2.0,0.0,0.0
Mullaitivu,2025-08-22,2025-09-13,4,test,2.0,0.0,0.0
Mullaitivu,2025-08-29,2025-09-20,4,test,0.0,0.0,1.0
Mullaitivu,2025-09-05,2025-09-27,4,test,1.0,0.0,0.0
Mullaitivu,2025-09-12,2025-10-04,4,test,0.0,0.94181305,2.0
Mullaitivu,2025-09-19,2025-10-11,4,test,0.0,2.2520478,2.0
Mullaitivu,2025-09-26,2025-10-18,4,test,0.0,1.9190196,0.0
Mullaitivu,2025-10-03,2025-10-25,4,test,1.0,1.8467048,1.0
Mullaitivu,2025-10-10,2025-11-01,4,test,0.0,2.9309115,0.0
Mullaitivu,2025-10-17,2025-11-08,4,test,2.0,3.338085,0.0
Mullaitivu,2025-10-24,2025-11-15,4,test,4.0,5.8149905,0.0
Mullaitivu,2025-10-31,2025-11-22,4,test,2.0,4.486883,1.0
Mullaitivu,2025-11-07,2025-11-29,4,test,0.0,6.720333,0.0
Mullaitivu,2025-11-14,2025-12-06,4,test,2.0,6.6870456,2.0
Mullaitivu,2025-11-21,2025-12-13,4,test,3.0,7.0707097,4.0
Nuwara Eliya,2024-12-13,2025-01-04,4,test,8.0,3.290099,1.0
Nuwara Eliya,2024-12-20,2025-01-11,4,test,1.0,4.0114427,3.0
Nuwara Eliya,2024-12-27,2025-01-18,4,test,10.0,5.080921,10.0
Nuwara Eliya,2025-01-03,2025-01-25,4,test,6.0,1.9461149,5.0
Nuwara Eliya,2025-01-10,2025-02-01,4,test,4.0,5.809378,8.0
Nuwara Eliya,2025-01-17,2025-02-08,4,test,4.0,1.3410894,1.0
Nuwara Eliya,2025-01-24,2025-02-15,4,test,6.0,6.9414616,10.0
Nuwara Eliya,2025-01-31,2025-02-22,4,test,2.0,21.017365,6.0
Nuwara Eliya,2025-02-07,2025-03-01,4,test,2.0,9.082083,4.0
Nuwara Eliya,2025-02-14,2025-03-08,4,test,1.0,5.6214356,4.0
Nuwara Eliya,2025-02-21,2025-03-15,4,test,6.0,8.3830805,6.0
Nuwara Eliya,2025-02-28,2025-03-22,4,test,4.0,1.504507,2.0
Nuwara Eliya,2025-03-07,2025-03-29,4,test,3.0,1.8419805,2.0
Nuwara Eliya,2025-03-14,2025-04-05,4,test,1.0,2.2026992,1.0
Nuwara Eliya,2025-03-21,2025-04-12,4,test,3.0,2.6041093,6.0
Nuwara Eliya,2025-03-28,2025-04-19,4,test,6.0,5.316784,4.0
Nuwara Eliya,2025-04-04,2025-04-26,4,test,6.0,5.2265015,3.0
Nuwara Eliya,2025-04-11,2025-05-03,4,test,7.0,4.938233,1.0
Nuwara Eliya,2025-04-18,2025-05-10,4,test,9.0,4.3683443,3.0
Nuwara Eliya,2025-04-25,2025-05-17,4,test,4.0,5.814001,6.0
Nuwara Eliya,2025-05-02,2025-05-24,4,test,7.0,8.714633,6.0
Nuwara Eliya,2025-05-09,2025-05-31,4,test,9.0,7.292438,7.0
Nuwara Eliya,2025-05-16,2025-06-07,4,test,17.0,8.390149,9.0
Nuwara Eliya,2025-05-23,2025-06-14,4,test,20.0,8.40336,4.0
Nuwara Eliya,2025-05-30,2025-06-21,4,test,6.0,7.890736,7.0
Nuwara Eliya,2025-06-06,2025-06-28,4,test,8.0,6.3941755,9.0
Nuwara Eliya,2025-06-13,2025-07-05,4,test,10.0,15.15173,17.0
Nuwara Eliya,2025-06-20,2025-07-12,4,test,24.0,21.171974,20.0
Nuwara Eliya,2025-06-27,2025-07-19,4,test,18.0,16.54228,6.0
Nuwara Eliya,2025-07-04,2025-07-26,4,test,9.0,10.879852,8.0
Nuwara Eliya,2025-07-11,2025-08-02,4,test,10.0,8.165114,10.0
Nuwara Eliya,2025-07-18,2025-08-09,4,test,3.0,18.595823,24.0
Nuwara Eliya,2025-07-25,2025-08-16,4,test,8.0,14.25339,18.0
Nuwara Eliya,2025-08-01,2025-08-23,4,test,5.0,12.992919,9.0
Nuwara Eliya,2025-08-08,2025-08-30,4,test,7.0,10.727824,10.0
Nuwara Eliya,2025-08-15,2025-09-06,4,test,5.0,9.335855,3.0
Nuwara Eliya,2025-08-22,2025-09-13,4,test,6.0,7.815849,8.0
Nuwara Eliya,2025-08-29,2025-09-20,4,test,6.0,2.7921674,5.0
Nuwara Eliya,2025-09-05,2025-09-27,4,test,10.0,3.9808404,7.0
Nuwara Eliya,2025-09-12,2025-10-04,4,test,10.0,3.6298883,5.0
Nuwara Eliya,2025-09-19,2025-10-11,4,test,5.0,6.9605503,6.0
Nuwara Eliya,2025-09-26,2025-10-18,4,test,2.0,7.32214,6.0
Nuwara Eliya,2025-10-03,2025-10-25,4,test,5.0,9.260189,10.0
Nuwara Eliya,2025-10-10,2025-11-01,4,test,5.0,13.53233,10.0
Nuwara Eliya,2025-10-17,2025-11-08,4,test,5.0,9.524571,5.0
Nuwara Eliya,2025-10-24,2025-11-15,4,test,8.0,7.8887815,2.0
Nuwara Eliya,2025-10-31,2025-11-22,4,test,8.0,8.407851,5.0
Nuwara Eliya,2025-11-07,2025-11-29,4,test,1.0,8.317032,5.0
Nuwara Eliya,2025-11-14,2025-12-06,4,test,3.0,5.717366,5.0
Nuwara Eliya,2025-11-21,2025-12-13,4,test,7.0,6.0934024,8.0
Polonnaruwa,2024-12-13,2025-01-04,4,test,6.0,19.08033,5.0
Polonnaruwa,2024-12-20,2025-01-11,4,test,7.0,26.411497,3.0
Polonnaruwa,2024-12-27,2025-01-18,4,test,3.0,19.19992,6.0
Polonnaruwa,2025-01-03,2025-01-25,4,test,8.0,11.249978,14.0
Polonnaruwa,2025-01-10,2025-02-01,4,test,10.0,8.66153,6.0
Polonnaruwa,2025-01-17,2025-02-08,4,test,10.0,9.678694,7.0
Polonnaruwa,2025-01-24,2025-02-15,4,test,9.0,6.828696,3.0
Polonnaruwa,2025-01-31,2025-02-22,4,test,6.0,7.578255,8.0
Polonnaruwa,2025-02-07,2025-03-01,4,test,18.0,8.063949,10.0
Polonnaruwa,2025-02-14,2025-03-08,4,test,3.0,11.311462,10.0
Polonnaruwa,2025-02-21,2025-03-15,4,test,6.0,8.685419,9.0
Polonnaruwa,2025-02-28,2025-03-22,4,test,4.0,5.8574905,6.0
Polonnaruwa,2025-03-07,2025-03-29,4,test,5.0,11.1781225,18.0
Polonnaruwa,2025-03-14,2025-04-05,4,test,6.0,7.892048,3.0
Polonnaruwa,2025-03-21,2025-04-12,4,test,5.0,7.174358,6.0
Polonnaruwa,2025-03-28,2025-04-19,4,test,8.0,5.546747,4.0
Polonnaruwa,2025-04-04,2025-04-26,4,test,10.0,6.6134915,5.0
Polonnaruwa,2025-04-11,2025-05-03,4,test,10.0,6.9648824,6.0
Polonnaruwa,2025-04-18,2025-05-10,4,test,7.0,5.547169,5.0
Polonnaruwa,2025-04-25,2025-05-17,4,test,6.0,7.915139,8.0
Polonnaruwa,2025-05-02,2025-05-24,4,test,12.0,12.001761,10.0
Polonnaruwa,2025-05-09,2025-05-31,4,test,15.0,12.554363,10.0
Polonnaruwa,2025-05-16,2025-06-07,4,test,12.0,12.481927,7.0
Polonnaruwa,2025-05-23,2025-06-14,4,test,21.0,10.806289,6.0
Polonnaruwa,2025-05-30,2025-06-21,4,test,10.0,11.454837,12.0
Polonnaruwa,2025-06-06,2025-06-28,4,test,14.0,10.5655155,15.0
Polonnaruwa,2025-06-13,2025-07-05,4,test,11.0,13.269506,12.0
Polonnaruwa,2025-06-20,2025-07-12,4,test,14.0,17.933304,21.0
Polonnaruwa,2025-06-27,2025-07-19,4,test,15.0,12.168208,10.0
Polonnaruwa,2025-07-04,2025-07-26,4,test,8.0,12.284116,14.0
Polonnaruwa,2025-07-11,2025-08-02,4,test,2.0,9.484355,11.0
Polonnaruwa,2025-07-18,2025-08-09,4,test,3.0,10.16112,14.0
Polonnaruwa,2025-07-25,2025-08-16,4,test,5.0,10.283519,15.0
Polonnaruwa,2025-08-01,2025-08-23,4,test,2.0,7.6143417,8.0
Polonnaruwa,2025-08-08,2025-08-30,4,test,4.0,5.654142,2.0
Polonnaruwa,2025-08-15,2025-09-06,4,test,2.0,2.640718,3.0
Polonnaruwa,2025-08-22,2025-09-13,4,test,2.0,1.4517663,5.0
Polonnaruwa,2025-08-29,2025-09-20,4,test,3.0,1.4660038,2.0
Polonnaruwa,2025-09-05,2025-09-27,4,test,7.0,0.9213425,4.0
Polonnaruwa,2025-09-12,2025-10-04,4,test,6.0,2.2878525,2.0
Polonnaruwa,2025-09-19,2025-10-11,4,test,4.0,3.3299098,2.0
Polonnaruwa,2025-09-26,2025-10-18,4,test,3.0,2.2783058,3.0
Polonnaruwa,2025-10-03,2025-10-25,4,test,3.0,5.0792913,7.0
Polonnaruwa,2025-10-10,2025-11-01,4,test,3.0,7.5296535,6.0
Polonnaruwa,2025-10-17,2025-11-08,4,test,15.0,5.94986,4.0
Polonnaruwa,2025-10-24,2025-11-15,4,test,15.0,7.4282722,3.0
Polonnaruwa,2025-10-31,2025-11-22,4,test,8.0,7.3574,3.0
Polonnaruwa,2025-11-07,2025-11-29,4,test,5.0,8.123292,3.0
Polonnaruwa,2025-11-14,2025-12-06,4,test,6.0,13.652692,15.0
Polonnaruwa,2025-11-21,2025-12-13,4,test,14.0,16.177372,15.0
Puttalam,2024-12-13,2025-01-04,4,test,45.0,35.23077,31.0
Puttalam,2024-12-20,2025-01-11,4,test,17.0,42.108315,39.0
Puttalam,2024-12-27,2025-01-18,4,test,16.0,33.412334,23.0
Puttalam,2025-01-03,2025-01-25,4,test,22.0,33.873592,30.0
Puttalam,2025-01-10,2025-02-01,4,test,16.0,35.89083,45.0
Puttalam,2025-01-17,2025-02-08,4,test,16.0,25.932547,17.0
Puttalam,2025-01-24,2025-02-15,4,test,24.0,23.044807,16.0
Puttalam,2025-01-31,2025-02-22,4,test,23.0,27.395868,22.0
Puttalam,2025-02-07,2025-03-01,4,test,24.0,22.295881,16.0
Puttalam,2025-02-14,2025-03-08,4,test,15.0,18.75262,16.0
Puttalam,2025-02-21,2025-03-15,4,test,10.0,20.256931,24.0
Puttalam,2025-02-28,2025-03-22,4,test,14.0,19.152418,23.0
Puttalam,2025-03-07,2025-03-29,4,test,11.0,19.041891,24.0
Puttalam,2025-03-14,2025-04-05,4,test,8.0,17.965729,15.0
Puttalam,2025-03-21,2025-04-12,4,test,7.0,19.513865,10.0
Puttalam,2025-03-28,2025-04-19,4,test,10.0,19.556074,14.0
Puttalam,2025-04-04,2025-04-26,4,test,9.0,15.65902,11.0
Puttalam,2025-04-11,2025-05-03,4,test,12.0,15.201915,8.0
Puttalam,2025-04-18,2025-05-10,4,test,8.0,10.221019,7.0
Puttalam,2025-04-25,2025-05-17,4,test,13.0,12.047468,10.0
Puttalam,2025-05-02,2025-05-24,4,test,11.0,11.567339,9.0
Puttalam,2025-05-09,2025-05-31,4,test,17.0,12.065844,12.0
Puttalam,2025-05-16,2025-06-07,4,test,10.0,8.771818,8.0
Puttalam,2025-05-23,2025-06-14,4,test,10.0,11.668067,13.0
Puttalam,2025-05-30,2025-06-21,4,test,7.0,14.576536,11.0
Puttalam,2025-06-06,2025-06-28,4,test,12.0,14.817072,17.0
Puttalam,2025-06-13,2025-07-05,4,test,7.0,15.573626,10.0
Puttalam,2025-06-20,2025-07-12,4,test,12.0,16.825068,10.0
Puttalam,2025-06-27,2025-07-19,4,test,12.0,14.206448,7.0
Puttalam,2025-07-04,2025-07-26,4,test,15.0,13.289366,12.0
Puttalam,2025-07-11,2025-08-02,4,test,17.0,8.2306595,7.0
Puttalam,2025-07-18,2025-08-09,4,test,11.0,9.151631,12.0
Puttalam,2025-07-25,2025-08-16,4,test,4.0,8.948443,12.0
Puttalam,2025-08-01,2025-08-23,4,test,9.0,11.064393,15.0
Puttalam,2025-08-08,2025-08-30,4,test,5.0,12.196958,17.0
Puttalam,2025-08-15,2025-09-06,4,test,10.0,11.279048,11.0
Puttalam,2025-08-22,2025-09-13,4,test,6.0,7.701858,4.0
Puttalam,2025-08-29,2025-09-20,4,test,4.0,8.253083,9.0
Puttalam,2025-09-05,2025-09-27,4,test,5.0,7.02746,5.0
Puttalam,2025-09-12,2025-10-04,4,test,5.0,6.2032485,10.0
Puttalam,2025-09-19,2025-10-11,4,test,12.0,7.1256075,6.0
Puttalam,2025-09-26,2025-10-18,4,test,5.0,7.14941,4.0
Puttalam,2025-10-03,2025-10-25,4,test,11.0,6.2287645,5.0
Puttalam,2025-10-10,2025-11-01,4,test,23.0,7.2814493,5.0
Puttalam,2025-10-17,2025-11-08,4,test,20.0,11.067741,12.0
Puttalam,2025-10-24,2025-11-15,4,test,18.0,12.493734,5.0
Puttalam,2025-10-31,2025-11-22,4,test,10.0,15.014397,11.0
Puttalam,2025-11-07,2025-11-29,4,test,13.0,27.261526,23.0
Puttalam,2025-11-14,2025-12-06,4,test,30.0,27.838076,20.0
Puttalam,2025-11-21,2025-12-13,4,test,22.0,24.056189,18.0
Ratnapura,2024-12-13,2025-01-04,4,test,56.0,46.573677,44.0
Ratnapura,2024-12-20,2025-01-11,4,test,46.0,31.00802,20.0
Ratnapura,2024-12-27,2025-01-18,4,test,70.0,38.68694,47.0
Ratnapura,2025-01-03,2025-01-25,4,test,58.0,26.496458,30.0
Ratnapura,2025-01-10,2025-02-01,4,test,47.0,45.94608,56.0
Ratnapura,2025-01-17,2025-02-08,4,test,47.0,49.206375,46.0
Ratnapura,2025-01-24,2025-02-15,4,test,50.0,64.22103,70.0
Ratnapura,2025-01-31,2025-02-22,4,test,47.0,60.801258,58.0
Ratnapura,2025-02-07,2025-03-01,4,test,13.0,41.71092,47.0
Ratnapura,2025-02-14,2025-03-08,4,test,46.0,47.40604,47.0
Ratnapura,2025-02-21,2025-03-15,4,test,56.0,47.52515,50.0
Ratnapura,2025-02-28,2025-03-22,4,test,45.0,47.197914,47.0
Ratnapura,2025-03-07,2025-03-29,4,test,54.0,36.690887,13.0
Ratnapura,2025-03-14,2025-04-05,4,test,146.0,42.24429,46.0
Ratnapura,2025-03-21,2025-04-12,4,test,146.0,51.08185,56.0
Ratnapura,2025-03-28,2025-04-19,4,test,319.0,58.602806,45.0
Ratnapura,2025-04-04,2025-04-26,4,test,273.0,59.19885,54.0
Ratnapura,2025-04-11,2025-05-03,4,test,242.0,183.43877,146.0
Ratnapura,2025-04-18,2025-05-10,4,test,251.0,193.88734,146.0
Ratnapura,2025-04-25,2025-05-17,4,test,203.0,393.72653,319.0
Ratnapura,2025-05-02,2025-05-24,4,test,197.0,341.2762,273.0
Ratnapura,2025-05-09,2025-05-31,4,test,172.0,258.27197,242.0
Ratnapura,2025-05-16,2025-06-07,4,test,145.0,299.45508,251.0
Ratnapura,2025-05-23,2025-06-14,4,test,118.0,190.6816,203.0
Ratnapura,2025-05-30,2025-06-21,4,test,120.0,190.62288,197.0
Ratnapura,2025-06-06,2025-06-28,4,test,104.0,202.76613,172.0
Ratnapura,2025-06-13,2025-07-05,4,test,97.0,236.99449,145.0
Ratnapura,2025-06-20,2025-07-12,4,test,93.0,207.68803,118.0
Ratnapura,2025-06-27,2025-07-19,4,test,99.0,150.6186,120.0
Ratnapura,2025-07-04,2025-07-26,4,test,91.0,113.22322,104.0
Ratnapura,2025-07-11,2025-08-02,4,test,64.0,66.828964,97.0
Ratnapura,2025-07-18,2025-08-09,4,test,79.0,69.70571,93.0
Ratnapura,2025-07-25,2025-08-16,4,test,62.0,83.84369,99.0
Ratnapura,2025-08-01,2025-08-23,4,test,60.0,81.49201,91.0
Ratnapura,2025-08-08,2025-08-30,4,test,59.0,67.7264,64.0
Ratnapura,2025-08-15,2025-09-06,4,test,15.0,57.33928,79.0
Ratnapura,2025-08-22,2025-09-13,4,test,65.0,44.912697,62.0
Ratnapura,2025-08-29,2025-09-20,4,test,63.0,44.860065,60.0
Ratnapura,2025-09-05,2025-09-27,4,test,70.0,44.63806,59.0
Ratnapura,2025-09-12,2025-10-04,4,test,41.0,29.372355,15.0
Ratnapura,2025-09-19,2025-10-11,4,test,42.0,48.7619,65.0
Ratnapura,2025-09-26,2025-10-18,4,test,36.0,60.878468,63.0
Ratnapura,2025-10-03,2025-10-25,4,test,57.0,86.37036,70.0
Ratnapura,2025-10-10,2025-11-01,4,test,47.0,71.75153,41.0
Ratnapura,2025-10-17,2025-11-08,4,test,43.0,39.98025,42.0
Ratnapura,2025-10-24,2025-11-15,4,test,54.0,50.123577,36.0
Ratnapura,2025-10-31,2025-11-22,4,test,54.0,60.00965,57.0
Ratnapura,2025-11-07,2025-11-29,4,test,64.0,59.97648,47.0
Ratnapura,2025-11-14,2025-12-06,4,test,43.0,58.448704,43.0
Ratnapura,2025-11-21,2025-12-13,4,test,60.0,45.748226,54.0
Trincomalee,2024-12-13,2025-01-04,4,test,34.0,32.712673,20.0
Trincomalee,2024-12-20,2025-01-11,4,test,34.0,41.719032,19.0
Trincomalee,2024-12-27,2025-01-18,4,test,23.0,41.763016,30.0
Trincomalee,2025-01-03,2025-01-25,4,test,22.0,31.462742,28.0
Trincomalee,2025-01-10,2025-02-01,4,test,28.0,42.823475,34.0
Trincomalee,2025-01-17,2025-02-08,4,test,28.0,42.774364,34.0
Trincomalee,2025-01-24,2025-02-15,4,test,29.0,34.79727,23.0
Trincomalee,2025-01-31,2025-02-22,4,test,25.0,35.63952,22.0
Trincomalee,2025-02-07,2025-03-01,4,test,17.0,30.738638,28.0
Trincomalee,2025-02-14,2025-03-08,4,test,25.0,29.402006,28.0
Trincomalee,2025-02-21,2025-03-15,4,test,23.0,27.494228,29.0
Trincomalee,2025-02-28,2025-03-22,4,test,28.0,21.163322,25.0
Trincomalee,2025-03-07,2025-03-29,4,test,36.0,22.799887,17.0
Trincomalee,2025-03-14,2025-04-05,4,test,33.0,28.409609,25.0
Trincomalee,2025-03-21,2025-04-12,4,test,44.0,29.066349,23.0
Trincomalee,2025-03-28,2025-04-19,4,test,46.0,32.842773,28.0
Trincomalee,2025-04-04,2025-04-26,4,test,64.0,39.1955,36.0
Trincomalee,2025-04-11,2025-05-03,4,test,55.0,46.14376,33.0
Trincomalee,2025-04-18,2025-05-10,4,test,45.0,43.29058,44.0
Trincomalee,2025-04-25,2025-05-17,4,test,43.0,47.694557,46.0
Trincomalee,2025-05-02,2025-05-24,4,test,39.0,70.16019,64.0
Trincomalee,2025-05-09,2025-05-31,4,test,40.0,63.71789,55.0
Trincomalee,2025-05-16,2025-06-07,4,test,16.0,42.528625,45.0
Trincomalee,2025-05-23,2025-06-14,4,test,16.0,44.07346,43.0
Trincomalee,2025-05-30,2025-06-21,4,test,12.0,40.164337,39.0
Trincomalee,2025-06-06,2025-06-28,4,test,8.0,25.39349,40.0
Trincomalee,2025-06-13,2025-07-05,4,test,11.0,21.699032,16.0
Trincomalee,2025-06-20,2025-07-12,4,test,11.0,16.99817,16.0
Trincomalee,2025-06-27,2025-07-19,4,test,7.0,14.3357,12.0
Trincomalee,2025-07-04,2025-07-26,4,test,9.0,11.03402,8.0
Trincomalee,2025-07-11,2025-08-02,4,test,4.0,9.133049,11.0
Trincomalee,2025-07-18,2025-08-09,4,test,2.0,8.149966,11.0
Trincomalee,2025-07-25,2025-08-16,4,test,4.0,5.9851127,7.0
Trincomalee,2025-08-01,2025-08-23,4,test,4.0,5.464738,9.0
Trincomalee,2025-08-08,2025-08-30,4,test,3.0,3.0558937,4.0
Trincomalee,2025-08-15,2025-09-06,4,test,5.0,1.1850607,2.0
Trincomalee,2025-08-22,2025-09-13,4,test,2.0,1.2305532,4.0
Trincomalee,2025-08-29,2025-09-20,4,test,6.0,1.807692,4.0
Trincomalee,2025-09-05,2025-09-27,4,test,8.0,1.4374689,3.0
Trincomalee,2025-09-12,2025-10-04,4,test,1.0,2.8587325,5.0
Trincomalee,2025-09-19,2025-10-11,4,test,5.0,3.0038257,2.0
Trincomalee,2025-09-26,2025-10-18,4,test,7.0,4.1820602,6.0
Trincomalee,2025-10-03,2025-10-25,4,test,15.0,4.7076797,8.0
Trincomalee,2025-10-10,2025-11-01,4,test,12.0,7.073847,1.0
Trincomalee,2025-10-17,2025-11-08,4,test,11.0,6.500643,5.0
Trincomalee,2025-10-24,2025-11-15,4,test,19.0,10.013576,7.0
Trincomalee,2025-10-31,2025-11-22,4,test,16.0,15.598012,15.0
Trincomalee,2025-11-07,2025-11-29,4,test,8.0,18.964647,12.0
Trincomalee,2025-11-14,2025-12-06,4,test,26.0,18.158852,11.0
Trincomalee,2025-11-21,2025-12-13,4,test,9.0,23.047855,19.0
Vavuniya,2024-12-13,2025-01-04,4,test,2.0,8.964645,4.0
Vavuniya,2024-12-20,2025-01-11,4,test,2.0,8.097821,4.0
Vavuniya,2024-12-27,2025-01-18,4,test,2.0,7.70187,2.0
Vavuniya,2025-01-03,2025-01-25,4,test,3.0,4.069977,4.0
Vavuniya,2025-01-10,2025-02-01,4,test,2.0,4.4647217,2.0
Vavuniya,2025-01-17,2025-02-08,4,test,2.0,2.749791,2.0
Vavuniya,2025-01-24,2025-02-15,4,test,0.0,2.1478655,2.0
Vavuniya,2025-01-31,2025-02-22,4,test,5.0,3.4208958,3.0
Vavuniya,2025-02-07,2025-03-01,4,test,0.0,3.0086985,2.0
Vavuniya,2025-02-14,2025-03-08,4,test,1.0,3.7902381,2.0
Vavuniya,2025-02-21,2025-03-15,4,test,1.0,1.4206334,0.0
Vavuniya,2025-02-28,2025-03-22,4,test,1.0,1.3316875,5.0
Vavuniya,2025-03-07,2025-03-29,4,test,3.0,1.2461685,0.0
Vavuniya,2025-03-14,2025-04-05,4,test,0.0,0.9546461,1.0
Vavuniya,2025-03-21,2025-04-12,4,test,5.0,1.152633,1.0
Vavuniya,2025-03-28,2025-04-19,4,test,1.0,2.894545,1.0
Vavuniya,2025-04-04,2025-04-26,4,test,3.0,3.6193361,3.0
Vavuniya,2025-04-11,2025-05-03,4,test,0.0,3.7584891,0.0
Vavuniya,2025-04-18,2025-05-10,4,test,2.0,3.0300934,5.0
Vavuniya,2025-04-25,2025-05-17,4,test,2.0,3.545703,1.0
Vavuniya,2025-05-02,2025-05-24,4,test,1.0,4.7113557,3.0
Vavuniya,2025-05-09,2025-05-31,4,test,5.0,4.867503,0.0
Vavuniya,2025-05-16,2025-06-07,4,test,2.0,3.4652035,2.0
Vavuniya,2025-05-23,2025-06-14,4,test,4.0,4.0126567,2.0
Vavuniya,2025-05-30,2025-06-21,4,test,3.0,3.6854067,1.0
Vavuniya,2025-06-06,2025-06-28,4,test,3.0,2.3679345,5.0
Vavuniya,2025-06-13,2025-07-05,4,test,2.0,2.744256,2.0
Vavuniya,2025-06-20,2025-07-12,4,test,3.0,3.6456711,4.0
Vavuniya,2025-06-27,2025-07-19,4,test,0.0,3.408238,3.0
Vavuniya,2025-07-04,2025-07-26,4,test,1.0,3.5331447,3.0
Vavuniya,2025-07-11,2025-08-02,4,test,0.0,1.078797,2.0
Vavuniya,2025-07-18,2025-08-09,4,test,2.0,0.312905,3.0
Vavuniya,2025-07-25,2025-08-16,4,test,3.0,0.008248966,0.0
Vavuniya,2025-08-01,2025-08-23,4,test,0.0,0.0,1.0
Vavuniya,2025-08-08,2025-08-30,4,test,0.0,0.0,0.0
Vavuniya,2025-08-15,2025-09-06,4,test,2.0,0.0,2.0
Vavuniya,2025-08-22,2025-09-13,4,test,1.0,0.0,3.0
Vavuniya,2025-08-29,2025-09-20,4,test,0.0,0.0,0.0
Vavuniya,2025-09-05,2025-09-27,4,test,0.0,0.034441717,0.0
Vavuniya,2025-09-12,2025-10-04,4,test,4.0,1.6035348,2.0
Vavuniya,2025-09-19,2025-10-11,4,test,2.0,2.753112,1.0
Vavuniya,2025-09-26,2025-10-18,4,test,0.0,2.3662791,0.0
Vavuniya,2025-10-03,2025-10-25,4,test,1.0,2.8494163,0.0
Vavuniya,2025-10-10,2025-11-01,4,test,1.0,4.7823844,4.0
Vavuniya,2025-10-17,2025-11-08,4,test,2.0,4.696111,2.0
Vavuniya,2025-10-24,2025-11-15,4,test,0.0,5.9496417,0.0
Vavuniya,2025-10-31,2025-11-22,4,test,0.0,8.625806,1.0
Vavuniya,2025-11-07,2025-11-29,4,test,1.0,11.890542,1.0
Vavuniya,2025-11-14,2025-12-06,4,test,2.0,7.4427066,2.0
Vavuniya,2025-11-21,2025-12-13,4,test,3.0,6.174317,0.0
