district,forecast_origin_date,target_date,horizon_weeks,split,actual,prediction_persistence,prediction_rolling4
Ampara,2024-01-05,2024-01-06,1,validation,45.0,78.0,56.5
Ampara,2024-01-12,2024-01-13,1,validation,101.0,45.0,68.0
Ampara,2024-01-19,2024-01-20,1,validation,71.0,101.0,69.25
Ampara,2024-01-26,2024-01-27,1,validation,56.0,71.0,65.75
Ampara,2024-02-02,2024-02-03,1,validation,80.0,56.0,73.75
Ampara,2024-02-09,2024-02-10,1,validation,75.0,80.0,68.25
Ampara,2024-02-16,2024-02-17,1,validation,25.0,75.0,77.0
Ampara,2024-02-23,2024-02-24,1,validation,28.0,25.0,70.5
Ampara,2024-03-01,2024-03-02,1,validation,36.0,28.0,59.0
Ampara,2024-03-08,2024-03-09,1,validation,35.0,36.0,52.0
Ampara,2024-03-15,2024-03-16,1,validation,25.0,35.0,41.0
Ampara,2024-03-22,2024-03-23,1,validation,12.0,25.0,31.0
Ampara,2024-03-29,2024-03-30,1,validation,15.0,12.0,31.0
Ampara,2024-04-05,2024-04-06,1,validation,8.0,15.0,27.0
Ampara,2024-04-12,2024-04-13,1,validation,8.0,8.0,21.75
Ampara,2024-04-19,2024-04-20,1,validation,12.0,8.0,15.0
Ampara,2024-04-26,2024-04-27,1,validation,12.0,12.0,10.75
Ampara,2024-05-03,2024-05-04,1,validation,7.0,12.0,10.75
Ampara,2024-05-10,2024-05-11,1,validation,4.0,7.0,10.0
Ampara,2024-05-17,2024-05-18,1,validation,3.0,4.0,9.75
Ampara,2024-05-24,2024-05-25,1,validation,14.0,3.0,8.75
Ampara,2024-05-31,2024-06-01,1,validation,11.0,14.0,6.5
Ampara,2024-06-07,2024-06-08,1,validation,13.0,11.0,7.0
Ampara,2024-06-14,2024-06-15,1,validation,8.0,13.0,8.0
Ampara,2024-06-21,2024-06-22,1,validation,23.0,8.0,10.25
Ampara,2024-06-28,2024-06-29,1,validation,11.0,23.0,11.5
Ampara,2024-07-05,2024-07-06,1,validation,18.0,11.0,13.75
Ampara,2024-07-12,2024-07-13,1,validation,12.0,18.0,13.75
Ampara,2024-07-19,2024-07-20,1,validation,8.0,12.0,15.0
Ampara,2024-07-26,2024-07-27,1,validation,20.0,8.0,16.0
Ampara,2024-08-02,2024-08-03,1,validation,12.0,20.0,12.25
Ampara,2024-08-09,2024-08-10,1,validation,16.0,12.0,14.5
Ampara,2024-08-16,2024-08-17,1,validation,38.0,16.0,13.0
Ampara,2024-08-23,2024-08-24,1,validation,17.0,38.0,14.0
Ampara,2024-08-30,2024-08-31,1,validation,9.0,17.0,21.5
Ampara,2024-09-06,2024-09-07,1,validation,24.0,9.0,20.75
Ampara,2024-09-13,2024-09-14,1,validation,5.0,24.0,20.0
Ampara,2024-09-20,2024-09-21,1,validation,7.0,5.0,22.0
Ampara,2024-09-27,2024-09-28,1,validation,4.0,7.0,13.75
Ampara,2024-10-04,2024-10-05,1,validation,7.0,4.0,11.25
Ampara,2024-10-11,2024-10-12,1,validation,6.0,7.0,10.0
Ampara,2024-10-18,2024-10-19,1,validation,6.0,6.0,5.75
Ampara,2024-10-25,2024-10-26,1,validation,1.0,6.0,6.0
Ampara,2024-11-01,2024-11-02,1,validation,14.0,1.0,5.75
Ampara,2024-11-08,2024-11-09,1,validation,6.0,14.0,5.0
Ampara,2024-11-15,2024-11-16,1,validation,9.0,6.0,6.75
Ampara,2024-11-22,2024-11-23,1,validation,5.0,9.0,6.75
Ampara,2024-11-29,2024-11-30,1,validation,5.0,5.0,7.5
Ampara,2024-12-06,2024-12-07,1,validation,10.0,5.0,8.5
Ampara,2024-12-13,2024-12-14,1,validation,6.0,10.0,6.25
Ampara,2024-12-20,2024-12-21,1,validation,15.0,6.0,7.25
Ampara,2024-12-27,2024-12-28,1,validation,58.0,15.0,6.5
Anuradhapura,2024-01-05,2024-01-06,1,validation,28.0,28.0,33.25
Anuradhapura,2024-01-12,2024-01-13,1,validation,95.0,28.0,30.5
Anuradhapura,2024-01-19,2024-01-20,1,validation,34.0,95.0,30.0
Anuradhapura,2024-01-26,2024-01-27,1,validation,11.0,34.0,48.25
Anuradhapura,2024-02-02,2024-02-03,1,validation,69.0,11.0,46.25
Anuradhapura,2024-02-09,2024-02-10,1,validation,29.0,69.0,42.0
Anuradhapura,2024-02-16,2024-02-17,1,validation,53.0,29.0,52.25
Anuradhapura,2024-02-23,2024-02-24,1,validation,50.0,53.0,35.75
Anuradhapura,2024-03-01,2024-03-02,1,validation,42.0,50.0,40.5
Anuradhapura,2024-03-08,2024-03-09,1,validation,33.0,42.0,50.25
Anuradhapura,2024-03-15,2024-03-16,1,validation,18.0,33.0,43.5
Anuradhapura,2024-03-22,2024-03-23,1,validation,11.0,18.0,44.5
Anuradhapura,2024-03-29,2024-03-30,1,validation,5.0,11.0,35.75
Anuradhapura,2024-04-05,2024-04-06,1,validation,5.0,5.0,26.0
Anuradhapura,2024-04-12,2024-04-13,1,validation,4.0,5.0,16.75
Anuradhapura,2024-04-19,2024-04-20,1,validation,3.0,4.0,9.75
Anuradhapura,2024-04-26,2024-04-27,1,validation,4.0,3.0,6.25
Anuradhapura,2024-05-03,2024-05-04,1,validation,5.0,4.0,4.25
Anuradhapura,2024-05-10,2024-05-11,1,validation,7.0,5.0,4.0
Anuradhapura,2024-05-17,2024-05-18,1,validation,4.0,7.0,4.0
Anuradhapura,2024-05-24,2024-05-25,1,validation,5.0,4.0,4.75
Anuradhapura,2024-05-31,2024-06-01,1,validation,14.0,5.0,5.0
Anuradhapura,2024-06-07,2024-06-08,1,validation,8.0,14.0,5.25
Anuradhapura,2024-06-14,2024-06-15,1,validation,5.0,8.0,7.5
Anuradhapura,2024-06-21,2024-06-22,1,validation,3.0,5.0,7.75
Anuradhapura,2024-06-28,2024-06-29,1,validation,5.0,3.0,8.0
Anuradhapura,2024-07-05,2024-07-06,1,validation,6.0,5.0,7.5
Anuradhapura,2024-07-12,2024-07-13,1,validation,11.0,6.0,5.25
Anuradhapura,2024-07-19,2024-07-20,1,validation,23.0,11.0,4.75
Anuradhapura,2024-07-26,2024-07-27,1,validation,5.0,23.0,6.25
Anuradhapura,2024-08-02,2024-08-03,1,validation,10.0,5.0,11.25
Anuradhapura,2024-08-09,2024-08-10,1,validation,16.0,10.0,11.25
Anuradhapura,2024-08-16,2024-08-17,1,validation,7.0,16.0,12.25
Anuradhapura,2024-08-23,2024-08-24,1,validation,8.0,7.0,13.5
Anuradhapura,2024-08-30,2024-08-31,1,validation,7.0,8.0,9.5
Anuradhapura,2024-09-06,2024-09-07,1,validation,8.0,7.0,10.25
Anuradhapura,2024-09-13,2024-09-14,1,validation,3.0,8.0,9.5
Anuradhapura,2024-09-20,2024-09-21,1,validation,9.0,3.0,7.5
Anuradhapura,2024-09-27,2024-09-28,1,validation,4.0,9.0,6.5
Anuradhapura,2024-10-04,2024-10-05,1,validation,10.0,4.0,6.75
Anuradhapura,2024-10-11,2024-10-12,1,validation,5.0,10.0,6.0
Anuradhapura,2024-10-18,2024-10-19,1,validation,6.0,5.0,6.5
Anuradhapura,2024-10-25,2024-10-26,1,validation,9.0,6.0,7.0
Anuradhapura,2024-11-01,2024-11-02,1,validation,13.0,9.0,6.25
Anuradhapura,2024-11-08,2024-11-09,1,validation,13.0,13.0,7.5
Anuradhapura,2024-11-15,2024-11-16,1,validation,18.0,13.0,8.25
Anuradhapura,2024-11-22,2024-11-23,1,validation,12.0,18.0,10.25
Anuradhapura,2024-11-29,2024-11-30,1,validation,7.0,12.0,13.25
Anuradhapura,2024-12-06,2024-12-07,1,validation,18.0,7.0,14.0
Anuradhapura,2024-12-13,2024-12-14,1,validation,22.0,18.0,12.5
Anuradhapura,2024-12-20,2024-12-21,1,validation,12.0,22.0,13.75
Anuradhapura,2024-12-27,2024-12-28,1,validation,27.0,12.0,14.75
Badulla,2024-01-05,2024-01-06,1,validation,78.0,111.0,122.0
Badulla,2024-01-12,2024-01-13,1,validation,13.0,78.0,106.25
Badulla,2024-01-19,2024-01-20,1,validation,53.0,13.0,81.25
Badulla,2024-01-26,2024-01-27,1,validation,24.0,53.0,80.5
Badulla,2024-02-02,2024-02-03,1,validation,44.0,24.0,63.75
Badulla,2024-02-09,2024-02-10,1,validation,12.0,44.0,42.0
Badulla,2024-02-16,2024-02-17,1,validation,15.0,12.0,33.5
Badulla,2024-02-23,2024-02-24,1,validation,8.0,15.0,33.25
Badulla,2024-03-01,2024-03-02,1,validation,11.0,8.0,23.75
Badulla,2024-03-08,2024-03-09,1,validation,13.0,11.0,19.75
Badulla,2024-03-15,2024-03-16,1,validation,7.0,13.0,11.5
Badulla,2024-03-22,2024-03-23,1,validation,8.0,7.0,11.75
Badulla,2024-03-29,2024-03-30,1,validation,7.0,8.0,9.75
Badulla,2024-04-05,2024-04-06,1,validation,3.0,7.0,9.75
Badulla,2024-04-12,2024-04-13,1,validation,9.0,3.0,8.75
Badulla,2024-04-19,2024-04-20,1,validation,5.0,9.0,6.25
Badulla,2024-04-26,2024-04-27,1,validation,7.0,5.0,6.75
Badulla,2024-05-03,2024-05-04,1,validation,7.0,7.0,6.0
Badulla,2024-05-10,2024-05-11,1,validation,2.0,7.0,6.0
Badulla,2024-05-17,2024-05-18,1,validation,7.0,2.0,7.0
Badulla,2024-05-24,2024-05-25,1,validation,7.0,7.0,5.25
Badulla,2024-05-31,2024-06-01,1,validation,6.0,7.0,5.75
Badulla,2024-06-07,2024-06-08,1,validation,5.0,6.0,5.75
Badulla,2024-06-14,2024-06-15,1,validation,12.0,5.0,5.5
Badulla,2024-06-21,2024-06-22,1,validation,21.0,12.0,6.25
Badulla,2024-06-28,2024-06-29,1,validation,15.0,21.0,7.5
Badulla,2024-07-05,2024-07-06,1,validation,15.0,15.0,11.0
Badulla,2024-07-12,2024-07-13,1,validation,12.0,15.0,13.25
Badulla,2024-07-19,2024-07-20,1,validation,10.0,12.0,15.75
Badulla,2024-07-26,2024-07-27,1,validation,15.0,10.0,15.75
Badulla,2024-08-02,2024-08-03,1,validation,18.0,15.0,13.0
Badulla,2024-08-09,2024-08-10,1,validation,9.0,18.0,13.0
Badulla,2024-08-16,2024-08-17,1,validation,10.0,9.0,13.75
Badulla,2024-08-23,2024-08-24,1,validation,20.0,10.0,13.0
Badulla,2024-08-30,2024-08-31,1,validation,15.0,20.0,13.0
Badulla,2024-09-06,2024-09-07,1,validation,6.0,15.0,14.25
Badulla,2024-09-13,2024-09-14,1,validation,8.0,6.0,13.5
Badulla,2024-09-20,2024-09-21,1,validation,9.0,8.0,12.75
Badulla,2024-09-27,2024-09-28,1,validation,6.0,9.0,12.25
Badulla,2024-10-04,2024-10-05,1,validation,9.0,6.0,9.5
Badulla,2024-10-11,2024-10-12,1,validation,6.0,9.0,7.25
Badulla,2024-10-18,2024-10-19,1,validation,14.0,6.0,8.0
Badulla,2024-10-25,2024-10-26,1,validation,10.0,14.0,7.5
Badulla,2024-11-01,2024-11-02,1,validation,7.0,10.0,8.75
Badulla,2024-11-08,2024-11-09,1,validation,8.0,7.0,9.75
Badulla,2024-11-15,2024-11-16,1,validation,19.0,8.0,9.25
Badulla,2024-11-22,2024-11-23,1,validation,15.0,19.0,9.75
Badulla,2024-11-29,2024-11-30,1,validation,15.0,15.0,11.0
Badulla,2024-12-06,2024-12-07,1,validation,19.0,15.0,12.25
Badulla,2024-12-13,2024-12-14,1,validation,20.0,19.0,14.25
Badulla,2024-12-20,2024-12-21,1,validation,19.0,20.0,17.0
Badulla,2024-12-27,2024-12-28,1,validation,5.0,19.0,17.25
Batticaloa,2024-01-05,2024-01-06,1,validation,123.0,142.0,96.25
Batticaloa,2024-01-12,2024-01-13,1,validation,122.0,123.0,109.5
Batticaloa,2024-01-19,2024-01-20,1,validation,88.0,122.0,116.5
Batticaloa,2024-01-26,2024-01-27,1,validation,67.0,88.0,125.0
Batticaloa,2024-02-02,2024-02-03,1,validation,82.0,67.0,118.75
Batticaloa,2024-02-09,2024-02-10,1,validation,61.0,82.0,100.0
Batticaloa,2024-02-16,2024-02-17,1,validation,70.0,61.0,89.75
Batticaloa,2024-02-23,2024-02-24,1,validation,51.0,70.0,74.5
Batticaloa,2024-03-01,2024-03-02,1,validation,67.0,51.0,70.0
Batticaloa,2024-03-08,2024-03-09,1,validation,55.0,67.0,66.0
Batticaloa,2024-03-15,2024-03-16,1,validation,28.0,55.0,62.25
Batticaloa,2024-03-22,2024-03-23,1,validation,26.0,28.0,60.75
Batticaloa,2024-03-29,2024-03-30,1,validation,16.0,26.0,50.25
Batticaloa,2024-04-05,2024-04-06,1,validation,20.0,16.0,44.0
Batticaloa,2024-04-12,2024-04-13,1,validation,11.0,20.0,31.25
Batticaloa,2024-04-19,2024-04-20,1,validation,10.0,11.0,22.5
Batticaloa,2024-04-26,2024-04-27,1,validation,17.0,10.0,18.25
Batticaloa,2024-05-03,2024-05-04,1,validation,19.0,17.0,14.25
Batticaloa,2024-05-10,2024-05-11,1,validation,17.0,19.0,14.5
Batticaloa,2024-05-17,2024-05-18,1,validation,18.0,17.0,14.25
Batticaloa,2024-05-24,2024-05-25,1,validation,13.0,18.0,15.75
Batticaloa,2024-05-31,2024-06-01,1,validation,15.0,13.0,17.75
Batticaloa,2024-06-07,2024-06-08,1,validation,19.0,15.0,16.75
Batticaloa,2024-06-14,2024-06-15,1,validation,14.0,19.0,15.75
Batticaloa,2024-06-21,2024-06-22,1,validation,15.0,14.0,16.25
Batticaloa,2024-06-28,2024-06-29,1,validation,16.0,15.0,15.25
Batticaloa,2024-07-05,2024-07-06,1,validation,21.0,16.0,15.75
Batticaloa,2024-07-12,2024-07-13,1,validation,11.0,21.0,16.0
Batticaloa,2024-07-19,2024-07-20,1,validation,15.0,11.0,16.5
Batticaloa,2024-07-26,2024-07-27,1,validation,25.0,15.0,15.75
Batticaloa,2024-08-02,2024-08-03,1,validation,20.0,25.0,15.75
Batticaloa,2024-08-09,2024-08-10,1,validation,22.0,20.0,18.0
Batticaloa,2024-08-16,2024-08-17,1,validation,21.0,22.0,17.75
Batticaloa,2024-08-23,2024-08-24,1,validation,29.0,21.0,20.5
Batticaloa,2024-08-30,2024-08-31,1,validation,16.0,29.0,22.0
Batticaloa,2024-09-06,2024-09-07,1,validation,17.0,16.0,23.0
Batticaloa,2024-09-13,2024-09-14,1,validation,16.0,17.0,22.0
Batticaloa,2024-09-20,2024-09-21,1,validation,15.0,16.0,20.75
Batticaloa,2024-09-27,2024-09-28,1,validation,5.0,15.0,19.5
Batticaloa,2024-10-04,2024-10-05,1,validation,10.0,5.0,16.0
Batticaloa,2024-10-11,2024-10-12,1,validation,13.0,10.0,13.25
Batticaloa,2024-10-18,2024-10-19,1,validation,7.0,13.0,11.5
Batticaloa,2024-10-25,2024-10-26,1,validation,6.0,7.0,10.75
Batticaloa,2024-11-01,2024-11-02,1,validation,14.0,6.0,8.75
Batticaloa,2024-11-08,2024-11-09,1,validation,11.0,14.0,9.0
Batticaloa,2024-11-15,2024-11-16,1,validation,12.0,11.0,10.0
Batticaloa,2024-11-22,2024-11-23,1,validation,21.0,12.0,9.5
Batticaloa,2024-11-29,2024-11-30,1,validation,31.0,21.0,10.75
Batticaloa,2024-12-06,2024-12-07,1,validation,30.0,31.0,14.5
Batticaloa,2024-12-13,2024-12-14,1,validation,35.0,30.0,18.75
Batticaloa,2024-12-20,2024-12-21,1,validation,47.0,35.0,23.5
Batticaloa,2024-12-27,2024-12-28,1,validation,62.0,47.0,29.25
Colombo,2024-01-05,2024-01-06,1,validation,549.0,299.0,427.5
Colombo,2024-01-12,2024-01-13,1,validation,477.0,549.0,389.75
Colombo,2024-01-19,2024-01-20,1,validation,499.0,477.0,424.75
Colombo,2024-01-26,2024-01-27,1,validation,349.0,499.0,425.0
Colombo,2024-02-02,2024-02-03,1,validation,382.0,349.0,456.0
Colombo,2024-02-09,2024-02-10,1,validation,286.0,382.0,468.5
Colombo,2024-02-16,2024-02-17,1,validation,269.0,286.0,426.75
Colombo,2024-02-23,2024-02-24,1,validation,252.0,269.0,379.0
Colombo,2024-03-01,2024-03-02,1,validation,170.0,252.0,321.5
Colombo,2024-03-08,2024-03-09,1,validation,207.0,170.0,297.25
Colombo,2024-03-15,2024-03-16,1,validation,146.0,207.0,244.25
Colombo,2024-03-22,2024-03-23,1,validation,130.0,146.0,224.5
Colombo,2024-03-29,2024-03-30,1,validation,132.0,130.0,193.75
Colombo,2024-04-05,2024-04-06,1,validation,68.0,132.0,163.25
Colombo,2024-04-12,2024-04-13,1,validation,111.0,68.0,153.75
Colombo,2024-04-19,2024-04-20,1,validation,111.0,111.0,119.0
Colombo,2024-04-26,2024-04-27,1,validation,114.0,111.0,110.25
Colombo,2024-05-03,2024-05-04,1,validation,75.0,114.0,105.5
Colombo,2024-05-10,2024-05-11,1,validation,133.0,75.0,101.0
Colombo,2024-05-17,2024-05-18,1,validation,119.0,133.0,102.75
Colombo,2024-05-24,2024-05-25,1,validation,156.0,119.0,108.25
Colombo,2024-05-31,2024-06-01,1,validation,158.0,156.0,110.25
Colombo,2024-06-07,2024-06-08,1,validation,182.0,158.0,120.75
Colombo,2024-06-14,2024-06-15,1,validation,218.0,182.0,141.5
Colombo,2024-06-21,2024-06-22,1,validation,245.0,218.0,153.75
Colombo,2024-06-28,2024-06-29,1,validation,292.0,245.0,178.5
Colombo,2024-07-05,2024-07-06,1,validation,320.0,292.0,200.75
Colombo,2024-07-12,2024-07-13,1,validation,312.0,320.0,234.25
Colombo,2024-07-19,2024-07-20,1,validation,321.0,312.0,268.75
Colombo,2024-07-26,2024-07-27,1,validation,308.0,321.0,292.25
Colombo,2024-08-02,2024-08-03,1,validation,279.0,308.0,311.25
Colombo,2024-08-09,2024-08-10,1,validation,266.0,279.0,315.25
Colombo,2024-08-16,2024-08-17,1,validation,263.0,266.0,305.0
Colombo,2024-08-23,2024-08-24,1,validation,250.0,263.0,293.5
Colombo,2024-08-30,2024-08-31,1,validation,192.0,250.0,279.0
Colombo,2024-09-06,2024-09-07,1,validation,226.0,192.0,264.5
Colombo,2024-09-13,2024-09-14,1,validation,202.0,226.0,242.75
Colombo,2024-09-20,2024-09-21,1,validation,143.0,202.0,232.75
Colombo,2024-09-27,2024-09-28,1,validation,169.0,143.0,217.5
Colombo,2024-10-04,2024-10-05,1,validation,172.0,169.0,190.75
Colombo,2024-10-11,2024-10-12,1,validation,180.0,172.0,185.0
Colombo,2024-10-18,2024-10-19,1,validation,161.0,180.0,171.5
Colombo,2024-10-25,2024-10-26,1,validation,141.0,161.0,166.0
Colombo,2024-11-01,2024-11-02,1,validation,152.0,141.0,170.5
Colombo,2024-11-08,2024-11-09,1,validation,156.0,152.0,163.5
Colombo,2024-11-15,2024-11-16,1,validation,191.0,156.0,158.5
Colombo,2024-11-22,2024-11-23,1,validation,185.0,191.0,152.5
Colombo,2024-11-29,2024-11-30,1,validation,163.0,185.0,160.0
Colombo,2024-12-06,2024-12-07,1,validation,247.0,163.0,171.0
Colombo,2024-12-13,2024-12-14,1,validation,220.0,247.0,173.75
Colombo,2024-12-20,2024-12-21,1,validation,231.0,220.0,196.5
Colombo,2024-12-27,2024-12-28,1,validation,200.0,231.0,203.75
Galle,2024-01-05,2024-01-06,1,validation,84.0,107.0,121.5
Galle,2024-01-12,2024-01-13,1,validation,132.0,84.0,109.75
Galle,2024-01-19,2024-01-20,1,validation,119.0,132.0,102.5
Galle,2024-01-26,2024-01-27,1,validation,111.0,119.0,104.0
Galle,2024-02-02,2024-02-03,1,validation,103.0,111.0,110.5
Galle,2024-02-09,2024-02-10,1,validation,66.0,103.0,111.5
Galle,2024-02-16,2024-02-17,1,validation,42.0,66.0,116.25
Galle,2024-02-23,2024-02-24,1,validation,75.0,42.0,99.75
Galle,2024-03-01,2024-03-02,1,validation,40.0,75.0,80.5
Galle,2024-03-08,2024-03-09,1,validation,28.0,40.0,71.5
Galle,2024-03-15,2024-03-16,1,validation,30.0,28.0,55.75
Galle,2024-03-22,2024-03-23,1,validation,20.0,30.0,46.25
Galle,2024-03-29,2024-03-30,1,validation,32.0,20.0,43.25
Galle,2024-04-05,2024-04-06,1,validation,18.0,32.0,29.5
Galle,2024-04-12,2024-04-13,1,validation,19.0,18.0,27.5
Galle,2024-04-19,2024-04-20,1,validation,23.0,19.0,25.0
Galle,2024-04-26,2024-04-27,1,validation,24.0,23.0,22.25
Galle,2024-05-03,2024-05-04,1,validation,21.0,24.0,23.0
Galle,2024-05-10,2024-05-11,1,validation,24.0,21.0,21.0
Galle,2024-05-17,2024-05-18,1,validation,13.0,24.0,21.75
Galle,2024-05-24,2024-05-25,1,validation,26.0,13.0,23.0
Galle,2024-05-31,2024-06-01,1,validation,9.0,26.0,20.5
Galle,2024-06-07,2024-06-08,1,validation,21.0,9.0,21.0
Galle,2024-06-14,2024-06-15,1,validation,26.0,21.0,18.0
Galle,2024-06-21,2024-06-22,1,validation,32.0,26.0,17.25
Galle,2024-06-28,2024-06-29,1,validation,29.0,32.0,20.5
Galle,2024-07-05,2024-07-06,1,validation,34.0,29.0,22.0
Galle,2024-07-12,2024-07-13,1,validation,31.0,34.0,27.0
Galle,2024-07-19,2024-07-20,1,validation,33.0,31.0,30.25
Galle,2024-07-26,2024-07-27,1,validation,32.0,33.0,31.5
Galle,2024-08-02,2024-08-03,1,validation,46.0,32.0,31.75
Galle,2024-08-09,2024-08-10,1,validation,40.0,46.0,32.5
Galle,2024-08-16,2024-08-17,1,validation,27.0,40.0,35.5
Galle,2024-08-23,2024-08-24,1,validation,50.0,27.0,37.75
Galle,2024-08-30,2024-08-31,1,validation,38.0,50.0,36.25
Galle,2024-09-06,2024-09-07,1,validation,35.0,38.0,40.75
Galle,2024-09-13,2024-09-14,1,validation,32.0,35.0,38.75
Galle,2024-09-20,2024-09-21,1,validation,46.0,32.0,37.5
Galle,2024-09-27,2024-09-28,1,validation,35.0,46.0,38.75
Galle,2024-10-04,2024-10-05,1,validation,35.0,35.0,37.75
Galle,2024-10-11,2024-10-12,1,validation,27.0,35.0,37.0
Galle,2024-10-18,2024-10-19,1,validation,21.0,27.0,37.0
Galle,2024-10-25,2024-10-26,1,validation,26.0,21.0,35.75
Galle,2024-11-01,2024-11-02,1,validation,27.0,26.0,29.5
Galle,2024-11-08,2024-11-09,1,validation,25.0,27.0,27.25
Galle,2024-11-15,2024-11-16,1,validation,59.0,25.0,25.25
Galle,2024-11-22,2024-11-23,1,validation,26.0,59.0,24.75
Galle,2024-11-29,2024-11-30,1,validation,37.0,26.0,34.25
Galle,2024-12-06,2024-12-07,1,validation,34.0,37.0,34.25
Galle,2024-12-13,2024-12-14,1,validation,27.0,34.0,36.75
Galle,2024-12-20,2024-12-21,1,validation,25.0,27.0,39.0
Galle,2024-12-27,2024-12-28,1,validation,30.0,25.0,31.0
Gampaha,2024-01-05,2024-01-06,1,validation,111.0,146.0,171.25
Gampaha,2024-01-12,2024-01-13,1,validation,147.0,111.0,159.75
Gampaha,2024-01-19,2024-01-20,1,validation,150.0,147.0,155.0
Gampaha,2024-01-26,2024-01-27,1,validation,144.0,150.0,137.5
Gampaha,2024-02-02,2024-02-03,1,validation,165.0,144.0,138.5
Gampaha,2024-02-09,2024-02-10,1,validation,155.0,165.0,138.0
Gampaha,2024-02-16,2024-02-17,1,validation,111.0,155.0,151.5
Gampaha,2024-02-23,2024-02-24,1,validation,102.0,111.0,153.5
Gampaha,2024-03-01,2024-03-02,1,validation,68.0,102.0,143.75
Gampaha,2024-03-08,2024-03-09,1,validation,90.0,68.0,133.25
Gampaha,2024-03-15,2024-03-16,1,validation,80.0,90.0,109.0
Gampaha,2024-03-22,2024-03-23,1,validation,60.0,80.0,92.75
Gampaha,2024-03-29,2024-03-30,1,validation,66.0,60.0,85.0
Gampaha,2024-04-05,2024-04-06,1,validation,46.0,66.0,74.5
Gampaha,2024-04-12,2024-04-13,1,validation,68.0,46.0,74.0
Gampaha,2024-04-19,2024-04-20,1,validation,43.0,68.0,63.0
Gampaha,2024-04-26,2024-04-27,1,validation,48.0,43.0,60.0
Gampaha,2024-05-03,2024-05-04,1,validation,55.0,48.0,55.75
Gampaha,2024-05-10,2024-05-11,1,validation,70.0,55.0,51.25
Gampaha,2024-05-17,2024-05-18,1,validation,40.0,70.0,53.5
Gampaha,2024-05-24,2024-05-25,1,validation,48.0,40.0,54.0
Gampaha,2024-05-31,2024-06-01,1,validation,77.0,48.0,53.25
Gampaha,2024-06-07,2024-06-08,1,validation,105.0,77.0,53.25
Gampaha,2024-06-14,2024-06-15,1,validation,81.0,105.0,58.75
Gampaha,2024-06-21,2024-06-22,1,validation,103.0,81.0,67.5
Gampaha,2024-06-28,2024-06-29,1,validation,139.0,103.0,77.75
Gampaha,2024-07-05,2024-07-06,1,validation,125.0,139.0,91.5
Gampaha,2024-07-12,2024-07-13,1,validation,129.0,125.0,107.0
Gampaha,2024-07-19,2024-07-20,1,validation,157.0,129.0,112.0
Gampaha,2024-07-26,2024-07-27,1,validation,148.0,157.0,124.0
Gampaha,2024-08-02,2024-08-03,1,validation,174.0,148.0,137.5
Gampaha,2024-08-09,2024-08-10,1,validation,123.0,174.0,139.75
Gampaha,2024-08-16,2024-08-17,1,validation,124.0,123.0,152.0
Gampaha,2024-08-23,2024-08-24,1,validation,122.0,124.0,150.5
Gampaha,2024-08-30,2024-08-31,1,validation,128.0,122.0,142.25
Gampaha,2024-09-06,2024-09-07,1,validation,84.0,128.0,135.75
Gampaha,2024-09-13,2024-09-14,1,validation,96.0,84.0,124.25
Gampaha,2024-09-20,2024-09-21,1,validation,91.0,96.0,114.5
Gampaha,2024-09-27,2024-09-28,1,validation,101.0,91.0,107.5
Gampaha,2024-10-04,2024-10-05,1,validation,120.0,101.0,99.75
Gampaha,2024-10-11,2024-10-12,1,validation,95.0,120.0,93.0
Gampaha,2024-10-18,2024-10-19,1,validation,98.0,95.0,102.0
Gampaha,2024-10-25,2024-10-26,1,validation,103.0,98.0,101.75
Gampaha,2024-11-01,2024-11-02,1,validation,111.0,103.0,103.5
Gampaha,2024-11-08,2024-11-09,1,validation,95.0,111.0,104.0
Gampaha,2024-11-15,2024-11-16,1,validation,153.0,95.0,101.75
Gampaha,2024-11-22,2024-11-23,1,validation,186.0,153.0,101.75
Gampaha,2024-11-29,2024-11-30,1,validation,133.0,186.0,115.5
Gampaha,2024-12-06,2024-12-07,1,validation,161.0,133.0,136.25
Gampaha,2024-12-13,2024-12-14,1,validation,103.0,161.0,141.75
Gampaha,2024-12-20,2024-12-21,1,validation,131.0,103.0,158.25
Gampaha,2024-12-27,2024-12-28,1,validation,186.0,131.0,145.75
Hambantota,2024-01-05,2024-01-06,1,validation,55.0,38.0,47.0
Hambantota,2024-01-12,2024-01-13,1,validation,33.0,55.0,42.75
Hambantota,2024-01-19,2024-01-20,1,validation,50.0,33.0,45.75
Hambantota,2024-01-26,2024-01-27,1,validation,37.0,50.0,36.0
Hambantota,2024-02-02,2024-02-03,1,validation,29.0,37.0,44.0
Hambantota,2024-02-09,2024-02-10,1,validation,14.0,29.0,43.75
Hambantota,2024-02-16,2024-02-17,1,validation,35.0,14.0,37.25
Hambantota,2024-02-23,2024-02-24,1,validation,18.0,35.0,32.5
Hambantota,2024-03-01,2024-03-02,1,validation,22.0,18.0,28.75
Hambantota,2024-03-08,2024-03-09,1,validation,27.0,22.0,24.0
Hambantota,2024-03-15,2024-03-16,1,validation,17.0,27.0,22.25
Hambantota,2024-03-22,2024-03-23,1,validation,29.0,17.0,25.5
Hambantota,2024-03-29,2024-03-30,1,validation,13.0,29.0,21.0
Hambantota,2024-04-05,2024-04-06,1,validation,10.0,13.0,23.75
Hambantota,2024-04-12,2024-04-13,1,validation,32.0,10.0,21.5
Hambantota,2024-04-19,2024-04-20,1,validation,12.0,32.0,17.25
Hambantota,2024-04-26,2024-04-27,1,validation,15.0,12.0,21.0
Hambantota,2024-05-03,2024-05-04,1,validation,18.0,15.0,16.75
Hambantota,2024-05-10,2024-05-11,1,validation,9.0,18.0,17.25
Hambantota,2024-05-17,2024-05-18,1,validation,6.0,9.0,19.25
Hambantota,2024-05-24,2024-05-25,1,validation,12.0,6.0,13.5
Hambantota,2024-05-31,2024-06-01,1,validation,16.0,12.0,12.0
Hambantota,2024-06-07,2024-06-08,1,validation,9.0,16.0,11.25
Hambantota,2024-06-14,2024-06-15,1,validation,8.0,9.0,10.75
Hambantota,2024-06-21,2024-06-22,1,validation,10.0,8.0,10.75
Hambantota,2024-06-28,2024-06-29,1,validation,12.0,10.0,11.25
Hambantota,2024-07-05,2024-07-06,1,validation,5.0,12.0,10.75
Hambantota,2024-07-12,2024-07-13,1,validation,15.0,5.0,9.75
Hambantota,2024-07-19,2024-07-20,1,validation,14.0,15.0,8.75
Hambantota,2024-07-26,2024-07-27,1,validation,11.0,14.0,10.5
Hambantota,2024-08-02,2024-08-03,1,validation,5.0,11.0,11.5
Hambantota,2024-08-09,2024-08-10,1,validation,8.0,5.0,11.25
Hambantota,2024-08-16,2024-08-17,1,validation,11.0,8.0,11.25
Hambantota,2024-08-23,2024-08-24,1,validation,15.0,11.0,9.5
Hambantota,2024-08-30,2024-08-31,1,validation,10.0,15.0,8.75
Hambantota,2024-09-06,2024-09-07,1,validation,14.0,10.0,9.75
Hambantota,2024-09-13,2024-09-14,1,validation,10.0,14.0,11.0
Hambantota,2024-09-20,2024-09-21,1,validation,10.0,10.0,12.5
Hambantota,2024-09-27,2024-09-28,1,validation,10.0,10.0,12.25
Hambantota,2024-10-04,2024-10-05,1,validation,11.0,10.0,11.0
Hambantota,2024-10-11,2024-10-12,1,validation,14.0,11.0,11.0
Hambantota,2024-10-18,2024-10-19,1,validation,9.0,14.0,10.25
Hambantota,2024-10-25,2024-10-26,1,validation,10.0,9.0,11.25
Hambantota,2024-11-01,2024-11-02,1,validation,12.0,10.0,11.0
Hambantota,2024-11-08,2024-11-09,1,validation,4.0,12.0,11.0
Hambantota,2024-11-15,2024-11-16,1,validation,23.0,4.0,11.25
Hambantota,2024-11-22,2024-11-23,1,validation,6.0,23.0,8.75
Hambantota,2024-11-29,2024-11-30,1,validation,15.0,6.0,12.25
Hambantota,2024-12-06,2024-12-07,1,validation,12.0,15.0,11.25
Hambantota,2024-12-13,2024-12-14,1,validation,22.0,12.0,12.0
Hambantota,2024-12-20,2024-12-21,1,validation,21.0,22.0,14.0
Hambantota,2024-12-27,2024-12-28,1,validation,36.0,21.0,13.75
Jaffna,2024-01-05,2024-01-06,1,validation,805.0,623.0,546.5
Jaffna,2024-01-12,2024-01-13,1,validation,595.0,805.0,624.5
Jaffna,2024-01-19,2024-01-20,1,validation,746.0,595.0,720.0
Jaffna,2024-01-26,2024-01-27,1,validation,483.0,746.0,692.25
Jaffna,2024-02-02,2024-02-03,1,validation,410.0,483.0,692.25
Jaffna,2024-02-09,2024-02-10,1,validation,292.0,410.0,657.25
Jaffna,2024-02-16,2024-02-17,1,validation,224.0,292.0,558.5
Jaffna,2024-02-23,2024-02-24,1,validation,148.0,224.0,482.75
Jaffna,2024-03-01,2024-03-02,1,validation,143.0,148.0,352.25
Jaffna,2024-03-08,2024-03-09,1,validation,99.0,143.0,268.5
Jaffna,2024-03-15,2024-03-16,1,validation,67.0,99.0,201.75
Jaffna,2024-03-22,2024-03-23,1,validation,68.0,67.0,153.5
Jaffna,2024-03-29,2024-03-30,1,validation,60.0,68.0,114.25
Jaffna,2024-04-05,2024-04-06,1,validation,42.0,60.0,94.25
Jaffna,2024-04-12,2024-04-13,1,validation,34.0,42.0,73.5
Jaffna,2024-04-19,2024-04-20,1,validation,35.0,34.0,59.25
Jaffna,2024-04-26,2024-04-27,1,validation,28.0,35.0,51.0
Jaffna,2024-05-03,2024-05-04,1,validation,19.0,28.0,42.75
Jaffna,2024-05-10,2024-05-11,1,validation,16.0,19.0,34.75
Jaffna,2024-05-17,2024-05-18,1,validation,5.0,16.0,29.0
Jaffna,2024-05-24,2024-05-25,1,validation,23.0,5.0,24.5
Jaffna,2024-05-31,2024-06-01,1,validation,22.0,23.0,17.0
Jaffna,2024-06-07,2024-06-08,1,validation,18.0,22.0,15.75
Jaffna,2024-06-14,2024-06-15,1,validation,11.0,18.0,16.5
Jaffna,2024-06-21,2024-06-22,1,validation,20.0,11.0,17.0
Jaffna,2024-06-28,2024-06-29,1,validation,21.0,20.0,18.5
Jaffna,2024-07-05,2024-07-06,1,validation,15.0,21.0,17.75
Jaffna,2024-07-12,2024-07-13,1,validation,18.0,15.0,17.5
Jaffna,2024-07-19,2024-07-20,1,validation,10.0,18.0,16.75
Jaffna,2024-07-26,2024-07-27,1,validation,13.0,10.0,18.5
Jaffna,2024-08-02,2024-08-03,1,validation,6.0,13.0,16.0
Jaffna,2024-08-09,2024-08-10,1,validation,11.0,6.0,14.0
Jaffna,2024-08-16,2024-08-17,1,validation,16.0,11.0,11.75
Jaffna,2024-08-23,2024-08-24,1,validation,15.0,16.0,10.0
Jaffna,2024-08-30,2024-08-31,1,validation,8.0,15.0,11.5
Jaffna,2024-09-06,2024-09-07,1,validation,11.0,8.0,12.0
Jaffna,2024-09-13,2024-09-14,1,validation,8.0,11.0,12.5
Jaffna,2024-09-20,2024-09-21,1,validation,15.0,8.0,12.5
Jaffna,2024-09-27,2024-09-28,1,validation,11.0,15.0,10.5
Jaffna,2024-10-04,2024-10-05,1,validation,10.0,11.0,10.5
Jaffna,2024-10-11,2024-10-12,1,validation,11.0,10.0,11.25
Jaffna,2024-10-18,2024-10-19,1,validation,7.0,11.0,11.0
Jaffna,2024-10-25,2024-10-26,1,validation,30.0,7.0,11.75
Jaffna,2024-11-01,2024-11-02,1,validation,26.0,30.0,9.75
Jaffna,2024-11-08,2024-11-09,1,validation,25.0,26.0,14.5
Jaffna,2024-11-15,2024-11-16,1,validation,37.0,25.0,18.5
Jaffna,2024-11-22,2024-11-23,1,validation,47.0,37.0,22.0
Jaffna,2024-11-29,2024-11-30,1,validation,35.0,47.0,29.5
Jaffna,2024-12-06,2024-12-07,1,validation,60.0,35.0,33.75
Jaffna,2024-12-13,2024-12-14,1,validation,76.0,60.0,36.0
Jaffna,2024-12-20,2024-12-21,1,validation,76.0,76.0,44.75
Jaffna,2024-12-27,2024-12-28,1,validation,58.0,76.0,54.5
Kalutara,2024-01-05,2024-01-06,1,validation,103.0,77.0,242.75
Kalutara,2024-01-12,2024-01-13,1,validation,105.0,103.0,240.75
Kalutara,2024-01-19,2024-01-20,1,validation,96.0,105.0,240.5
Kalutara,2024-01-26,2024-01-27,1,validation,118.0,96.0,93.5
Kalutara,2024-02-02,2024-02-03,1,validation,113.0,118.0,95.25
Kalutara,2024-02-09,2024-02-10,1,validation,81.0,113.0,105.5
Kalutara,2024-02-16,2024-02-17,1,validation,77.0,81.0,108.0
Kalutara,2024-02-23,2024-02-24,1,validation,54.0,77.0,102.0
Kalutara,2024-03-01,2024-03-02,1,validation,43.0,54.0,97.25
Kalutara,2024-03-08,2024-03-09,1,validation,91.0,43.0,81.25
Kalutara,2024-03-15,2024-03-16,1,validation,78.0,91.0,63.75
Kalutara,2024-03-22,2024-03-23,1,validation,69.0,78.0,66.25
Kalutara,2024-03-29,2024-03-30,1,validation,50.0,69.0,66.5
Kalutara,2024-04-05,2024-04-06,1,validation,35.0,50.0,70.25
Kalutara,2024-04-12,2024-04-13,1,validation,37.0,35.0,72.0
Kalutara,2024-04-19,2024-04-20,1,validation,24.0,37.0,58.0
Kalutara,2024-04-26,2024-04-27,1,validation,41.0,24.0,47.75
Kalutara,2024-05-03,2024-05-04,1,validation,31.0,41.0,36.5
Kalutara,2024-05-10,2024-05-11,1,validation,50.0,31.0,34.25
Kalutara,2024-05-17,2024-05-18,1,validation,32.0,50.0,33.25
Kalutara,2024-05-24,2024-05-25,1,validation,41.0,32.0,36.5
Kalutara,2024-05-31,2024-06-01,1,validation,41.0,41.0,38.5
Kalutara,2024-06-07,2024-06-08,1,validation,50.0,41.0,38.5
Kalutara,2024-06-14,2024-06-15,1,validation,46.0,50.0,41.0
Kalutara,2024-06-21,2024-06-22,1,validation,63.0,46.0,41.0
Kalutara,2024-06-28,2024-06-29,1,validation,60.0,63.0,44.5
Kalutara,2024-07-05,2024-07-06,1,validation,68.0,60.0,50.0
Kalutara,2024-07-12,2024-07-13,1,validation,55.0,68.0,54.75
Kalutara,2024-07-19,2024-07-20,1,validation,65.0,55.0,59.25
Kalutara,2024-07-26,2024-07-27,1,validation,27.0,65.0,61.5
Kalutara,2024-08-02,2024-08-03,1,validation,50.0,27.0,62.0
Kalutara,2024-08-09,2024-08-10,1,validation,48.0,50.0,53.75
Kalutara,2024-08-16,2024-08-17,1,validation,43.0,48.0,49.25
Kalutara,2024-08-23,2024-08-24,1,validation,57.0,43.0,47.5
Kalutara,2024-08-30,2024-08-31,1,validation,39.0,57.0,42.0
Kalutara,2024-09-06,2024-09-07,1,validation,23.0,39.0,49.5
Kalutara,2024-09-13,2024-09-14,1,validation,34.0,23.0,46.75
Kalutara,2024-09-20,2024-09-21,1,validation,48.0,34.0,40.5
Kalutara,2024-09-27,2024-09-28,1,validation,44.0,48.0,38.25
Kalutara,2024-10-04,2024-10-05,1,validation,44.0,44.0,36.0
Kalutara,2024-10-11,2024-10-12,1,validation,36.0,44.0,37.25
Kalutara,2024-10-18,2024-10-19,1,validation,31.0,36.0,42.5
Kalutara,2024-10-25,2024-10-26,1,validation,40.0,31.0,43.0
Kalutara,2024-11-01,2024-11-02,1,validation,36.0,40.0,38.75
Kalutara,2024-11-08,2024-11-09,1,validation,23.0,36.0,37.75
Kalutara,2024-11-15,2024-11-16,1,validation,30.0,23.0,35.75
Kalutara,2024-11-22,2024-11-23,1,validation,34.0,30.0,32.5
Kalutara,2024-11-29,2024-11-30,1,validation,28.0,34.0,32.25
Kalutara,2024-12-06,2024-12-07,1,validation,32.0,28.0,30.75
Kalutara,2024-12-13,2024-12-14,1,validation,49.0,32.0,28.75
Kalutara,2024-12-20,2024-12-21,1,validation,34.0,49.0,31.0
Kalutara,2024-12-27,2024-12-28,1,validation,65.0,34.0,35.75
Kandy,2024-01-05,2024-01-06,1,validation,199.0,237.0,392.5
Kandy,2024-01-12,2024-01-13,1,validation,165.0,199.0,334.5
Kandy,2024-01-19,2024-01-20,1,validation,186.0,165.0,296.0
Kandy,2024-01-26,2024-01-27,1,validation,126.0,186.0,232.75
Kandy,2024-02-02,2024-02-03,1,validation,126.0,126.0,196.75
Kandy,2024-02-09,2024-02-10,1,validation,86.0,126.0,169.0
Kandy,2024-02-16,2024-02-17,1,validation,83.0,86.0,150.75
Kandy,2024-02-23,2024-02-24,1,validation,58.0,83.0,131.0
Kandy,2024-03-01,2024-03-02,1,validation,68.0,58.0,105.25
Kandy,2024-03-08,2024-03-09,1,validation,59.0,68.0,88.25
Kandy,2024-03-15,2024-03-16,1,validation,42.0,59.0,73.75
Kandy,2024-03-22,2024-03-23,1,validation,51.0,42.0,67.0
Kandy,2024-03-29,2024-03-30,1,validation,47.0,51.0,56.75
Kandy,2024-04-05,2024-04-06,1,validation,44.0,47.0,55.0
Kandy,2024-04-12,2024-04-13,1,validation,73.0,44.0,49.75
Kandy,2024-04-19,2024-04-20,1,validation,64.0,73.0,46.0
Kandy,2024-04-26,2024-04-27,1,validation,66.0,64.0,53.75
Kandy,2024-05-03,2024-05-04,1,validation,71.0,66.0,57.0
Kandy,2024-05-10,2024-05-11,1,validation,98.0,71.0,61.75
Kandy,2024-05-17,2024-05-18,1,validation,62.0,98.0,68.5
Kandy,2024-05-24,2024-05-25,1,validation,66.0,62.0,74.75
Kandy,2024-05-31,2024-06-01,1,validation,69.0,66.0,74.25
Kandy,2024-06-07,2024-06-08,1,validation,70.0,69.0,74.25
Kandy,2024-06-14,2024-06-15,1,validation,85.0,70.0,73.75
Kandy,2024-06-21,2024-06-22,1,validation,91.0,85.0,66.75
Kandy,2024-06-28,2024-06-29,1,validation,110.0,91.0,72.5
Kandy,2024-07-05,2024-07-06,1,validation,141.0,110.0,78.75
Kandy,2024-07-12,2024-07-13,1,validation,105.0,141.0,89.0
Kandy,2024-07-19,2024-07-20,1,validation,120.0,105.0,106.75
Kandy,2024-07-26,2024-07-27,1,validation,107.0,120.0,111.75
Kandy,2024-08-02,2024-08-03,1,validation,120.0,107.0,119.0
Kandy,2024-08-09,2024-08-10,1,validation,114.0,120.0,118.25
Kandy,2024-08-16,2024-08-17,1,validation,72.0,114.0,113.0
Kandy,2024-08-23,2024-08-24,1,validation,94.0,72.0,115.25
Kandy,2024-08-30,2024-08-31,1,validation,73.0,94.0,103.25
Kandy,2024-09-06,2024-09-07,1,validation,76.0,73.0,100.0
Kandy,2024-09-13,2024-09-14,1,validation,64.0,76.0,88.25
Kandy,2024-09-20,2024-09-21,1,validation,75.0,64.0,78.75
Kandy,2024-09-27,2024-09-28,1,validation,58.0,75.0,76.75
Kandy,2024-10-04,2024-10-05,1,validation,59.0,58.0,72.0
Kandy,2024-10-11,2024-10-12,1,validation,68.0,59.0,68.25
Kandy,2024-10-18,2024-10-19,1,validation,74.0,68.0,64.0
Kandy,2024-10-25,2024-10-26,1,validation,66.0,74.0,65.0
Kandy,2024-11-01,2024-11-02,1,validation,70.0,66.0,64.75
Kandy,2024-11-08,2024-11-09,1,validation,68.0,70.0,66.75
Kandy,2024-11-15,2024-11-16,1,validation,84.0,68.0,69.5
Kandy,2024-11-22,2024-11-23,1,validation,63.0,84.0,69.5
Kandy,2024-11-29,2024-11-30,1,validation,71.0,63.0,72.0
Kandy,2024-12-06,2024-12-07,1,validation,73.0,71.0,71.25
Kandy,2024-12-13,2024-12-14,1,validation,57.0,73.0,71.5
Kandy,2024-12-20,2024-12-21,1,validation,76.0,57.0,72.75
Kandy,2024-12-27,2024-12-28,1,validation,66.0,76.0,66.0
Kegalle,2024-01-05,2024-01-06,1,validation,104.0,112.0,95.75
Kegalle,2024-01-12,2024-01-13,1,validation,77.0,104.0,96.0
Kegalle,2024-01-19,2024-01-20,1,validation,91.0,77.0,106.25
Kegalle,2024-01-26,2024-01-27,1,validation,73.0,91.0,103.0
Kegalle,2024-02-02,2024-02-03,1,validation,89.0,73.0,96.0
Kegalle,2024-02-09,2024-02-10,1,validation,48.0,89.0,86.25
Kegalle,2024-02-16,2024-02-17,1,validation,71.0,48.0,82.5
Kegalle,2024-02-23,2024-02-24,1,validation,43.0,71.0,75.25
Kegalle,2024-03-01,2024-03-02,1,validation,34.0,43.0,70.25
Kegalle,2024-03-08,2024-03-09,1,validation,44.0,34.0,62.75
Kegalle,2024-03-15,2024-03-16,1,validation,35.0,44.0,49.0
Kegalle,2024-03-22,2024-03-23,1,validation,30.0,35.0,48.0
Kegalle,2024-03-29,2024-03-30,1,validation,25.0,30.0,39.0
Kegalle,2024-04-05,2024-04-06,1,validation,25.0,25.0,35.75
Kegalle,2024-04-12,2024-04-13,1,validation,23.0,25.0,33.5
Kegalle,2024-04-19,2024-04-20,1,validation,42.0,23.0,28.75
Kegalle,2024-04-26,2024-04-27,1,validation,36.0,42.0,25.75
Kegalle,2024-05-03,2024-05-04,1,validation,56.0,36.0,28.75
Kegalle,2024-05-10,2024-05-11,1,validation,48.0,56.0,31.5
Kegalle,2024-05-17,2024-05-18,1,validation,28.0,48.0,39.25
Kegalle,2024-05-24,2024-05-25,1,validation,49.0,28.0,45.5
Kegalle,2024-05-31,2024-06-01,1,validation,31.0,49.0,42.0
Kegalle,2024-06-07,2024-06-08,1,validation,36.0,31.0,45.25
Kegalle,2024-06-14,2024-06-15,1,validation,24.0,36.0,39.0
Kegalle,2024-06-21,2024-06-22,1,validation,40.0,24.0,36.0
Kegalle,2024-06-28,2024-06-29,1,validation,38.0,40.0,35.0
Kegalle,2024-07-05,2024-07-06,1,validation,35.0,38.0,32.75
Kegalle,2024-07-12,2024-07-13,1,validation,35.0,35.0,34.5
Kegalle,2024-07-19,2024-07-20,1,validation,19.0,35.0,34.25
Kegalle,2024-07-26,2024-07-27,1,validation,39.0,19.0,37.0
Kegalle,2024-08-02,2024-08-03,1,validation,20.0,39.0,31.75
Kegalle,2024-08-09,2024-08-10,1,validation,37.0,20.0,32.0
Kegalle,2024-08-16,2024-08-17,1,validation,77.0,37.0,28.25
Kegalle,2024-08-23,2024-08-24,1,validation,23.0,77.0,28.75
Kegalle,2024-08-30,2024-08-31,1,validation,38.0,23.0,43.25
Kegalle,2024-09-06,2024-09-07,1,validation,37.0,38.0,39.25
Kegalle,2024-09-13,2024-09-14,1,validation,26.0,37.0,43.75
Kegalle,2024-09-20,2024-09-21,1,validation,25.0,26.0,43.75
Kegalle,2024-09-27,2024-09-28,1,validation,15.0,25.0,31.0
Kegalle,2024-10-04,2024-10-05,1,validation,13.0,15.0,31.5
Kegalle,2024-10-11,2024-10-12,1,validation,20.0,13.0,25.75
Kegalle,2024-10-18,2024-10-19,1,validation,24.0,20.0,19.75
Kegalle,2024-10-25,2024-10-26,1,validation,8.0,24.0,18.25
Kegalle,2024-11-01,2024-11-02,1,validation,21.0,8.0,18.0
Kegalle,2024-11-08,2024-11-09,1,validation,16.0,21.0,16.25
Kegalle,2024-11-15,2024-11-16,1,validation,26.0,16.0,18.25
Kegalle,2024-11-22,2024-11-23,1,validation,23.0,26.0,17.25
Kegalle,2024-11-29,2024-11-30,1,validation,21.0,23.0,17.75
Kegalle,2024-12-06,2024-12-07,1,validation,14.0,21.0,21.5
Kegalle,2024-12-13,2024-12-14,1,validation,17.0,14.0,21.5
Kegalle,2024-12-20,2024-12-21,1,validation,44.0,17.0,21.0
Kegalle,2024-12-27,2024-12-28,1,validation,64.0,44.0,18.75
Kilinochchi,2024-01-05,2024-01-06,1,validation,52.0,29.0,14.25
Kilinochchi,2024-01-12,2024-01-13,1,validation,20.0,52.0,19.25
Kilinochchi,2024-01-19,2024-01-20,1,validation,41.0,20.0,29.5
Kilinochchi,2024-01-26,2024-01-27,1,validation,22.0,41.0,29.5
Kilinochchi,2024-02-02,2024-02-03,1,validation,26.0,22.0,35.5
Kilinochchi,2024-02-09,2024-02-10,1,validation,22.0,26.0,33.75
Kilinochchi,2024-02-16,2024-02-17,1,validation,12.0,22.0,27.25
Kilinochchi,2024-02-23,2024-02-24,1,validation,9.0,12.0,27.75
Kilinochchi,2024-03-01,2024-03-02,1,validation,8.0,9.0,20.5
Kilinochchi,2024-03-08,2024-03-09,1,validation,8.0,8.0,17.25
Kilinochchi,2024-03-15,2024-03-16,1,validation,7.0,8.0,12.75
Kilinochchi,2024-03-22,2024-03-23,1,validation,2.0,7.0,9.25
Kilinochchi,2024-03-29,2024-03-30,1,validation,3.0,2.0,8.0
Kilinochchi,2024-04-05,2024-04-06,1,validation,3.0,3.0,6.25
Kilinochchi,2024-04-12,2024-04-13,1,validation,4.0,3.0,5.0
Kilinochchi,2024-04-19,2024-04-20,1,validation,0.0,4.0,3.75
Kilinochchi,2024-04-26,2024-04-27,1,validation,0.0,0.0,3.0
Kilinochchi,2024-05-03,2024-05-04,1,validation,0.0,0.0,2.5
Kilinochchi,2024-05-10,2024-05-11,1,validation,1.0,0.0,1.75
Kilinochchi,2024-05-17,2024-05-18,1,validation,0.0,1.0,1.0
Kilinochchi,2024-05-24,2024-05-25,1,validation,0.0,0.0,0.25
Kilinochchi,2024-05-31,2024-06-01,1,validation,0.0,0.0,0.25
Kilinochchi,2024-06-07,2024-06-08,1,validation,0.0,0.0,0.25
Kilinochchi,2024-06-14,2024-06-15,1,validation,0.0,0.0,0.25
Kilinochchi,2024-06-21,2024-06-22,1,validation,0.0,0.0,0.0
Kilinochchi,2024-06-28,2024-06-29,1,validation,0.0,0.0,0.0
Kilinochchi,2024-07-05,2024-07-06,1,validation,0.0,0.0,0.0
Kilinochchi,2024-07-12,2024-07-13,1,validation,2.0,0.0,0.0
Kilinochchi,2024-07-19,2024-07-20,1,validation,1.0,2.0,0.0
Kilinochchi,2024-07-26,2024-07-27,1,validation,1.0,1.0,0.5
Kilinochchi,2024-08-02,2024-08-03,1,validation,6.0,1.0,0.75
Kilinochchi,2024-08-09,2024-08-10,1,validation,3.0,6.0,1.0
Kilinochchi,2024-08-16,2024-08-17,1,validation,3.0,3.0,2.5
Kilinochchi,2024-08-23,2024-08-24,1,validation,1.0,3.0,2.75
Kilinochchi,2024-08-30,2024-08-31,1,validation,0.0,1.0,3.25
Kilinochchi,2024-09-06,2024-09-07,1,validation,0.0,0.0,3.25
Kilinochchi,2024-09-13,2024-09-14,1,validation,0.0,0.0,1.75
Kilinochchi,2024-09-20,2024-09-21,1,validation,2.0,0.0,1.0
Kilinochchi,2024-09-27,2024-09-28,1,validation,2.0,2.0,0.25
Kilinochchi,2024-10-04,2024-10-05,1,validation,0.0,2.0,0.5
Kilinochchi,2024-10-11,2024-10-12,1,validation,1.0,0.0,1.0
Kilinochchi,2024-10-18,2024-10-19,1,validation,1.0,1.0,1.0
Kilinochchi,2024-10-25,2024-10-26,1,validation,3.0,1.0,1.25
Kilinochchi,2024-11-01,2024-11-02,1,validation,5.0,3.0,1.0
Kilinochchi,2024-11-08,2024-11-09,1,validation,3.0,5.0,1.25
Kilinochchi,2024-11-15,2024-11-16,1,validation,0.0,3.0,2.5
Kilinochchi,2024-11-22,2024-11-23,1,validation,1.0,0.0,3.0
Kilinochchi,2024-11-29,2024-11-30,1,validation,1.0,1.0,2.75
Kilinochchi,2024-12-06,2024-12-07,1,validation,8.0,1.0,2.25
Kilinochchi,2024-12-13,2024-12-14,1,validation,6.0,8.0,1.25
Kilinochchi,2024-12-20,2024-12-21,1,validation,5.0,6.0,2.5
Kilinochchi,2024-12-27,2024-12-28,1,validation,5.0,5.0,4.0
Kurunegala,2024-01-05,2024-01-06,1,validation,127.0,155.0,162.5
Kurunegala,2024-01-12,2024-01-13,1,validation,62.0,127.0,161.5
Kurunegala,2024-01-19,2024-01-20,1,validation,135.0,62.0,154.5
Kurunegala,2024-01-26,2024-01-27,1,validation,103.0,135.0,127.0
Kurunegala,2024-02-02,2024-02-03,1,validation,108.0,103.0,119.75
Kurunegala,2024-02-09,2024-02-10,1,validation,26.0,108.0,106.75
Kurunegala,2024-02-16,2024-02-17,1,validation,61.0,26.0,102.0
Kurunegala,2024-02-23,2024-02-24,1,validation,58.0,61.0,93.0
Kurunegala,2024-03-01,2024-03-02,1,validation,67.0,58.0,74.5
Kurunegala,2024-03-08,2024-03-09,1,validation,50.0,67.0,63.25
Kurunegala,2024-03-15,2024-03-16,1,validation,29.0,50.0,53.0
Kurunegala,2024-03-22,2024-03-23,1,validation,19.0,29.0,59.0
Kurunegala,2024-03-29,2024-03-30,1,validation,26.0,19.0,51.0
Kurunegala,2024-04-05,2024-04-06,1,validation,6.0,26.0,41.25
Kurunegala,2024-04-12,2024-04-13,1,validation,21.0,6.0,31.0
Kurunegala,2024-04-19,2024-04-20,1,validation,20.0,21.0,20.0
Kurunegala,2024-04-26,2024-04-27,1,validation,19.0,20.0,18.0
Kurunegala,2024-05-03,2024-05-04,1,validation,34.0,19.0,18.25
Kurunegala,2024-05-10,2024-05-11,1,validation,44.0,34.0,16.5
Kurunegala,2024-05-17,2024-05-18,1,validation,39.0,44.0,23.5
Kurunegala,2024-05-24,2024-05-25,1,validation,39.0,39.0,29.25
Kurunegala,2024-05-31,2024-06-01,1,validation,37.0,39.0,34.0
Kurunegala,2024-06-07,2024-06-08,1,validation,36.0,37.0,39.0
Kurunegala,2024-06-14,2024-06-15,1,validation,21.0,36.0,39.75
Kurunegala,2024-06-21,2024-06-22,1,validation,47.0,21.0,37.75
Kurunegala,2024-06-28,2024-06-29,1,validation,39.0,47.0,33.25
Kurunegala,2024-07-05,2024-07-06,1,validation,32.0,39.0,35.25
Kurunegala,2024-07-12,2024-07-13,1,validation,38.0,32.0,35.75
Kurunegala,2024-07-19,2024-07-20,1,validation,27.0,38.0,34.75
Kurunegala,2024-07-26,2024-07-27,1,validation,61.0,27.0,39.0
Kurunegala,2024-08-02,2024-08-03,1,validation,39.0,61.0,34.0
Kurunegala,2024-08-09,2024-08-10,1,validation,31.0,39.0,39.5
Kurunegala,2024-08-16,2024-08-17,1,validation,20.0,31.0,41.25
Kurunegala,2024-08-23,2024-08-24,1,validation,20.0,20.0,39.5
Kurunegala,2024-08-30,2024-08-31,1,validation,21.0,20.0,37.75
Kurunegala,2024-09-06,2024-09-07,1,validation,26.0,21.0,27.5
Kurunegala,2024-09-13,2024-09-14,1,validation,22.0,26.0,23.0
Kurunegala,2024-09-20,2024-09-21,1,validation,28.0,22.0,21.75
Kurunegala,2024-09-27,2024-09-28,1,validation,17.0,28.0,22.25
Kurunegala,2024-10-04,2024-10-05,1,validation,16.0,17.0,24.25
Kurunegala,2024-10-11,2024-10-12,1,validation,16.0,16.0,23.25
Kurunegala,2024-10-18,2024-10-19,1,validation,21.0,16.0,20.75
Kurunegala,2024-10-25,2024-10-26,1,validation,30.0,21.0,19.25
Kurunegala,2024-11-01,2024-11-02,1,validation,20.0,30.0,17.5
Kurunegala,2024-11-08,2024-11-09,1,validation,14.0,20.0,20.75
Kurunegala,2024-11-15,2024-11-16,1,validation,25.0,14.0,21.75
Kurunegala,2024-11-22,2024-11-23,1,validation,20.0,25.0,21.25
Kurunegala,2024-11-29,2024-11-30,1,validation,17.0,20.0,22.25
Kurunegala,2024-12-06,2024-12-07,1,validation,14.0,17.0,19.75
Kurunegala,2024-12-13,2024-12-14,1,validation,25.0,14.0,19.0
Kurunegala,2024-12-20,2024-12-21,1,validation,26.0,25.0,19.0
Kurunegala,2024-12-27,2024-12-28,1,validation,26.0,26.0,19.0
Mannar,2024-01-05,2024-01-06,1,validation,35.0,53.0,16.25
Mannar,2024-01-12,2024-01-13,1,validation,13.0,35.0,27.25
Mannar,2024-01-19,2024-01-20,1,validation,10.0,13.0,32.5
Mannar,2024-01-26,2024-01-27,1,validation,19.0,10.0,31.5
Mannar,2024-02-02,2024-02-03,1,validation,21.0,19.0,27.75
Mannar,2024-02-09,2024-02-10,1,validation,2.0,21.0,19.25
Mannar,2024-02-16,2024-02-17,1,validation,4.0,2.0,15.75
Mannar,2024-02-23,2024-02-24,1,validation,4.0,4.0,13.0
Mannar,2024-03-01,2024-03-02,1,validation,4.0,4.0,11.5
Mannar,2024-03-08,2024-03-09,1,validation,1.0,4.0,7.75
Mannar,2024-03-15,2024-03-16,1,validation,1.0,1.0,3.5
Mannar,2024-03-22,2024-03-23,1,validation,2.0,1.0,3.25
Mannar,2024-03-29,2024-03-30,1,validation,1.0,2.0,2.5
Mannar,2024-04-05,2024-04-06,1,validation,2.0,1.0,2.0
Mannar,2024-04-12,2024-04-13,1,validation,1.0,2.0,1.25
Mannar,2024-04-19,2024-04-20,1,validation,9.0,1.0,1.5
Mannar,2024-04-26,2024-04-27,1,validation,1.0,9.0,1.5
Mannar,2024-05-03,2024-05-04,1,validation,1.0,1.0,3.25
Mannar,2024-05-10,2024-05-11,1,validation,0.0,1.0,3.25
Mannar,2024-05-17,2024-05-18,1,validation,0.0,0.0,3.0
Mannar,2024-05-24,2024-05-25,1,validation,2.0,0.0,2.75
Mannar,2024-05-31,2024-06-01,1,validation,2.0,2.0,0.5
Mannar,2024-06-07,2024-06-08,1,validation,1.0,2.0,0.75
Mannar,2024-06-14,2024-06-15,1,validation,1.0,1.0,1.0
Mannar,2024-06-21,2024-06-22,1,validation,3.0,1.0,1.25
Mannar,2024-06-28,2024-06-29,1,validation,2.0,3.0,1.5
Mannar,2024-07-05,2024-07-06,1,validation,2.0,2.0,1.75
Mannar,2024-07-12,2024-07-13,1,validation,5.0,2.0,1.75
Mannar,2024-07-19,2024-07-20,1,validation,5.0,5.0,2.0
Mannar,2024-07-26,2024-07-27,1,validation,8.0,5.0,3.0
Mannar,2024-08-02,2024-08-03,1,validation,3.0,8.0,3.5
Mannar,2024-08-09,2024-08-10,1,validation,10.0,3.0,5.0
Mannar,2024-08-16,2024-08-17,1,validation,10.0,10.0,5.25
Mannar,2024-08-23,2024-08-24,1,validation,8.0,10.0,6.5
Mannar,2024-08-30,2024-08-31,1,validation,3.0,8.0,7.75
Mannar,2024-09-06,2024-09-07,1,validation,11.0,3.0,7.75
Mannar,2024-09-13,2024-09-14,1,validation,14.0,11.0,7.75
Mannar,2024-09-20,2024-09-21,1,validation,4.0,14.0,8.0
Mannar,2024-09-27,2024-09-28,1,validation,2.0,4.0,9.0
Mannar,2024-10-04,2024-10-05,1,validation,2.0,2.0,8.0
Mannar,2024-10-11,2024-10-12,1,validation,5.0,2.0,7.75
Mannar,2024-10-18,2024-10-19,1,validation,7.0,5.0,5.5
Mannar,2024-10-25,2024-10-26,1,validation,5.0,7.0,3.25
Mannar,2024-11-01,2024-11-02,1,validation,3.0,5.0,4.0
Mannar,2024-11-08,2024-11-09,1,validation,5.0,3.0,4.75
Mannar,2024-11-15,2024-11-16,1,validation,6.0,5.0,5.0
Mannar,2024-11-22,2024-11-23,1,validation,6.0,6.0,5.0
Mannar,2024-11-29,2024-11-30,1,validation,2.0,6.0,4.75
Mannar,2024-12-06,2024-12-07,1,validation,2.0,2.0,5.0
Mannar,2024-12-13,2024-12-14,1,validation,8.0,2.0,4.75
Mannar,2024-12-20,2024-12-21,1,validation,12.0,8.0,4.0
Mannar,2024-12-27,2024-12-28,1,validation,11.0,12.0,4.5
Matale,2024-01-05,2024-01-06,1,validation,39.0,40.0,76.75
Matale,2024-01-12,2024-01-13,1,validation,47.0,39.0,71.5
Matale,2024-01-19,2024-01-20,1,validation,28.0,47.0,62.75
Matale,2024-01-26,2024-01-27,1,validation,22.0,28.0,49.25
Matale,2024-02-02,2024-02-03,1,validation,27.0,22.0,38.5
Matale,2024-02-09,2024-02-10,1,validation,30.0,27.0,34.0
Matale,2024-02-16,2024-02-17,1,validation,18.0,30.0,31.0
Matale,2024-02-23,2024-02-24,1,validation,16.0,18.0,26.75
Matale,2024-03-01,2024-03-02,1,validation,11.0,16.0,24.25
Matale,2024-03-08,2024-03-09,1,validation,8.0,11.0,22.75
Matale,2024-03-15,2024-03-16,1,validation,6.0,8.0,18.75
Matale,2024-03-22,2024-03-23,1,validation,12.0,6.0,13.25
Matale,2024-03-29,2024-03-30,1,validation,3.0,12.0,10.25
Matale,2024-04-05,2024-04-06,1,validation,6.0,3.0,9.25
Matale,2024-04-12,2024-04-13,1,validation,16.0,6.0,7.25
Matale,2024-04-19,2024-04-20,1,validation,7.0,16.0,6.75
Matale,2024-04-26,2024-04-27,1,validation,6.0,7.0,9.25
Matale,2024-05-03,2024-05-04,1,validation,13.0,6.0,8.0
Matale,2024-05-10,2024-05-11,1,validation,9.0,13.0,8.75
Matale,2024-05-17,2024-05-18,1,validation,5.0,9.0,10.5
Matale,2024-05-24,2024-05-25,1,validation,7.0,5.0,8.75
Matale,2024-05-31,2024-06-01,1,validation,8.0,7.0,8.25
Matale,2024-06-07,2024-06-08,1,validation,3.0,8.0,8.5
Matale,2024-06-14,2024-06-15,1,validation,15.0,3.0,7.25
Matale,2024-06-21,2024-06-22,1,validation,13.0,15.0,5.75
Matale,2024-06-28,2024-06-29,1,validation,14.0,13.0,8.25
Matale,2024-07-05,2024-07-06,1,validation,24.0,14.0,9.75
Matale,2024-07-12,2024-07-13,1,validation,18.0,24.0,11.25
Matale,2024-07-19,2024-07-20,1,validation,19.0,18.0,16.5
Matale,2024-07-26,2024-07-27,1,validation,16.0,19.0,17.25
Matale,2024-08-02,2024-08-03,1,validation,14.0,16.0,18.75
Matale,2024-08-09,2024-08-10,1,validation,18.0,14.0,19.25
Matale,2024-08-16,2024-08-17,1,validation,21.0,18.0,16.75
Matale,2024-08-23,2024-08-24,1,validation,8.0,21.0,16.75
Matale,2024-08-30,2024-08-31,1,validation,17.0,8.0,17.25
Matale,2024-09-06,2024-09-07,1,validation,22.0,17.0,15.25
Matale,2024-09-13,2024-09-14,1,validation,16.0,22.0,16.0
Matale,2024-09-20,2024-09-21,1,validation,12.0,16.0,17.0
Matale,2024-09-27,2024-09-28,1,validation,26.0,12.0,15.75
Matale,2024-10-04,2024-10-05,1,validation,32.0,26.0,16.75
Matale,2024-10-11,2024-10-12,1,validation,7.0,32.0,19.0
Matale,2024-10-18,2024-10-19,1,validation,43.0,7.0,21.5
Matale,2024-10-25,2024-10-26,1,validation,35.0,43.0,19.25
Matale,2024-11-01,2024-11-02,1,validation,25.0,35.0,27.0
Matale,2024-11-08,2024-11-09,1,validation,41.0,25.0,29.25
Matale,2024-11-15,2024-11-16,1,validation,41.0,41.0,27.5
Matale,2024-11-22,2024-11-23,1,validation,31.0,41.0,36.0
Matale,2024-11-29,2024-11-30,1,validation,37.0,31.0,35.5
Matale,2024-12-06,2024-12-07,1,validation,38.0,37.0,34.5
Matale,2024-12-13,2024-12-14,1,validation,52.0,38.0,37.5
Matale,2024-12-20,2024-12-21,1,validation,34.0,52.0,36.75
Matale,2024-12-27,2024-12-28,1,validation,52.0,34.0,39.5
Matara,2024-01-05,2024-01-06,1,validation,35.0,46.0,32.75
Matara,2024-01-12,2024-01-13,1,validation,27.0,35.0,35.0
Matara,2024-01-19,2024-01-20,1,validation,32.0,27.0,34.25
Matara,2024-01-26,2024-01-27,1,validation,29.0,32.0,32.0
Matara,2024-02-02,2024-02-03,1,validation,26.0,29.0,35.0
Matara,2024-02-09,2024-02-10,1,validation,23.0,26.0,30.75
Matara,2024-02-16,2024-02-17,1,validation,29.0,23.0,28.5
Matara,2024-02-23,2024-02-24,1,validation,15.0,29.0,27.5
Matara,2024-03-01,2024-03-02,1,validation,28.0,15.0,26.75
Matara,2024-03-08,2024-03-09,1,validation,23.0,28.0,23.25
Matara,2024-03-15,2024-03-16,1,validation,14.0,23.0,23.75
Matara,2024-03-22,2024-03-23,1,validation,14.0,14.0,23.75
Matara,2024-03-29,2024-03-30,1,validation,17.0,14.0,20.0
Matara,2024-04-05,2024-04-06,1,validation,11.0,17.0,19.75
Matara,2024-04-12,2024-04-13,1,validation,3.0,11.0,17.0
Matara,2024-04-19,2024-04-20,1,validation,10.0,3.0,14.0
Matara,2024-04-26,2024-04-27,1,validation,14.0,10.0,11.25
Matara,2024-05-03,2024-05-04,1,validation,16.0,14.0,10.25
Matara,2024-05-10,2024-05-11,1,validation,13.0,16.0,9.5
Matara,2024-05-17,2024-05-18,1,validation,7.0,13.0,10.75
Matara,2024-05-24,2024-05-25,1,validation,17.0,7.0,13.25
Matara,2024-05-31,2024-06-01,1,validation,16.0,17.0,12.5
Matara,2024-06-07,2024-06-08,1,validation,11.0,16.0,13.25
Matara,2024-06-14,2024-06-15,1,validation,5.0,11.0,13.25
Matara,2024-06-21,2024-06-22,1,validation,13.0,5.0,12.75
Matara,2024-06-28,2024-06-29,1,validation,22.0,13.0,12.25
Matara,2024-07-05,2024-07-06,1,validation,19.0,22.0,11.25
Matara,2024-07-12,2024-07-13,1,validation,27.0,19.0,12.75
Matara,2024-07-19,2024-07-20,1,validation,44.0,27.0,14.75
Matara,2024-07-26,2024-07-27,1,validation,31.0,44.0,20.25
Matara,2024-08-02,2024-08-03,1,validation,29.0,31.0,28.0
Matara,2024-08-09,2024-08-10,1,validation,38.0,29.0,30.25
Matara,2024-08-16,2024-08-17,1,validation,22.0,38.0,32.75
Matara,2024-08-23,2024-08-24,1,validation,13.0,22.0,35.5
Matara,2024-08-30,2024-08-31,1,validation,31.0,13.0,30.0
Matara,2024-09-06,2024-09-07,1,validation,22.0,31.0,25.5
Matara,2024-09-13,2024-09-14,1,validation,28.0,22.0,26.0
Matara,2024-09-20,2024-09-21,1,validation,22.0,28.0,22.0
Matara,2024-09-27,2024-09-28,1,validation,75.0,22.0,23.5
Matara,2024-10-04,2024-10-05,1,validation,46.0,75.0,25.75
Matara,2024-10-11,2024-10-12,1,validation,36.0,46.0,36.75
Matara,2024-10-18,2024-10-19,1,validation,29.0,36.0,42.75
Matara,2024-10-25,2024-10-26,1,validation,18.0,29.0,44.75
Matara,2024-11-01,2024-11-02,1,validation,19.0,18.0,46.5
Matara,2024-11-08,2024-11-09,1,validation,14.0,19.0,32.25
Matara,2024-11-15,2024-11-16,1,validation,20.0,14.0,25.5
Matara,2024-11-22,2024-11-23,1,validation,20.0,20.0,20.0
Matara,2024-11-29,2024-11-30,1,validation,15.0,20.0,17.75
Matara,2024-12-06,2024-12-07,1,validation,11.0,15.0,18.25
Matara,2024-12-13,2024-12-14,1,validation,12.0,11.0,17.25
Matara,2024-12-20,2024-12-21,1,validation,26.0,12.0,16.5
Matara,2024-12-27,2024-12-28,1,validation,28.0,26.0,14.5
Monaragala,2024-01-05,2024-01-06,1,validation,29.0,42.0,69.25
Monaragala,2024-01-12,2024-01-13,1,validation,87.0,29.0,68.25
Monaragala,2024-01-19,2024-01-20,1,validation,48.0,87.0,68.0
Monaragala,2024-01-26,2024-01-27,1,validation,36.0,48.0,46.75
Monaragala,2024-02-02,2024-02-03,1,validation,21.0,36.0,51.5
Monaragala,2024-02-09,2024-02-10,1,validation,15.0,21.0,50.0
Monaragala,2024-02-16,2024-02-17,1,validation,27.0,15.0,48.0
Monaragala,2024-02-23,2024-02-24,1,validation,25.0,27.0,30.0
Monaragala,2024-03-01,2024-03-02,1,validation,17.0,25.0,24.75
Monaragala,2024-03-08,2024-03-09,1,validation,19.0,17.0,22.0
Monaragala,2024-03-15,2024-03-16,1,validation,12.0,19.0,21.0
Monaragala,2024-03-22,2024-03-23,1,validation,10.0,12.0,22.0
Monaragala,2024-03-29,2024-03-30,1,validation,8.0,10.0,18.25
Monaragala,2024-04-05,2024-04-06,1,validation,12.0,8.0,14.5
Monaragala,2024-04-12,2024-04-13,1,validation,10.0,12.0,12.25
Monaragala,2024-04-19,2024-04-20,1,validation,15.0,10.0,10.5
Monaragala,2024-04-26,2024-04-27,1,validation,7.0,15.0,10.0
Monaragala,2024-05-03,2024-05-04,1,validation,12.0,7.0,11.25
Monaragala,2024-05-10,2024-05-11,1,validation,14.0,12.0,11.0
Monaragala,2024-05-17,2024-05-18,1,validation,5.0,14.0,11.0
Monaragala,2024-05-24,2024-05-25,1,validation,15.0,5.0,12.0
Monaragala,2024-05-31,2024-06-01,1,validation,20.0,15.0,9.5
Monaragala,2024-06-07,2024-06-08,1,validation,14.0,20.0,11.5
Monaragala,2024-06-14,2024-06-15,1,validation,16.0,14.0,13.5
Monaragala,2024-06-21,2024-06-22,1,validation,13.0,16.0,13.5
Monaragala,2024-06-28,2024-06-29,1,validation,11.0,13.0,16.25
Monaragala,2024-07-05,2024-07-06,1,validation,15.0,11.0,15.75
Monaragala,2024-07-12,2024-07-13,1,validation,12.0,15.0,13.5
Monaragala,2024-07-19,2024-07-20,1,validation,15.0,12.0,13.75
Monaragala,2024-07-26,2024-07-27,1,validation,12.0,15.0,12.75
Monaragala,2024-08-02,2024-08-03,1,validation,12.0,12.0,13.25
Monaragala,2024-08-09,2024-08-10,1,validation,13.0,12.0,13.5
Monaragala,2024-08-16,2024-08-17,1,validation,15.0,13.0,12.75
Monaragala,2024-08-23,2024-08-24,1,validation,18.0,15.0,13.0
Monaragala,2024-08-30,2024-08-31,1,validation,17.0,18.0,13.0
Monaragala,2024-09-06,2024-09-07,1,validation,4.0,17.0,14.5
Monaragala,2024-09-13,2024-09-14,1,validation,19.0,4.0,15.75
Monaragala,2024-09-20,2024-09-21,1,validation,21.0,19.0,13.5
Monaragala,2024-09-27,2024-09-28,1,validation,30.0,21.0,14.5
Monaragala,2024-10-04,2024-10-05,1,validation,34.0,30.0,15.25
Monaragala,2024-10-11,2024-10-12,1,validation,40.0,34.0,18.5
Monaragala,2024-10-18,2024-10-19,1,validation,28.0,40.0,26.0
Monaragala,2024-10-25,2024-10-26,1,validation,26.0,28.0,31.25
Monaragala,2024-11-01,2024-11-02,1,validation,19.0,26.0,33.0
Monaragala,2024-11-08,2024-11-09,1,validation,15.0,19.0,32.0
Monaragala,2024-11-15,2024-11-16,1,validation,45.0,15.0,28.25
Monaragala,2024-11-22,2024-11-23,1,validation,20.0,45.0,22.0
Monaragala,2024-11-29,2024-11-30,1,validation,13.0,20.0,26.25
Monaragala,2024-12-06,2024-12-07,1,validation,22.0,13.0,24.75
Monaragala,2024-12-13,2024-12-14,1,validation,13.0,22.0,23.25
Monaragala,2024-12-20,2024-12-21,1,validation,13.0,13.0,25.0
Monaragala,2024-12-27,2024-12-28,1,validation,25.0,13.0,17.0
Mullaitivu,2024-01-05,2024-01-06,1,validation,26.0,25.0,10.5
Mullaitivu,2024-01-12,2024-01-13,1,validation,31.0,26.0,16.5
Mullaitivu,2024-01-19,2024-01-20,1,validation,23.0,31.0,22.0
Mullaitivu,2024-01-26,2024-01-27,1,validation,11.0,23.0,26.5
Mullaitivu,2024-02-02,2024-02-03,1,validation,22.0,11.0,26.25
Mullaitivu,2024-02-09,2024-02-10,1,validation,8.0,22.0,22.75
Mullaitivu,2024-02-16,2024-02-17,1,validation,9.0,8.0,21.75
Mullaitivu,2024-02-23,2024-02-24,1,validation,2.0,9.0,16.0
Mullaitivu,2024-03-01,2024-03-02,1,validation,5.0,2.0,12.5
Mullaitivu,2024-03-08,2024-03-09,1,validation,7.0,5.0,10.25
Mullaitivu,2024-03-15,2024-03-16,1,validation,1.0,7.0,6.0
Mullaitivu,2024-03-22,2024-03-23,1,validation,1.0,1.0,5.75
Mullaitivu,2024-03-29,2024-03-30,1,validation,3.0,1.0,3.75
Mullaitivu,2024-04-05,2024-04-06,1,validation,2.0,3.0,3.5
Mullaitivu,2024-04-12,2024-04-13,1,validation,2.0,2.0,3.0
Mullaitivu,2024-04-19,2024-04-20,1,validation,1.0,2.0,1.75
Mullaitivu,2024-04-26,2024-04-27,1,validation,2.0,1.0,2.0
Mullaitivu,2024-05-03,2024-05-04,1,validation,2.0,2.0,2.0
Mullaitivu,2024-05-10,2024-05-11,1,validation,0.0,2.0,1.75
Mullaitivu,2024-05-17,2024-05-18,1,validation,0.0,0.0,1.75
Mullaitivu,2024-05-24,2024-05-25,1,validation,1.0,0.0,1.25
Mullaitivu,2024-05-31,2024-06-01,1,validation,0.0,1.0,1.0
Mullaitivu,2024-06-07,2024-06-08,1,validation,0.0,0.0,0.75
Mullaitivu,2024-06-14,2024-06-15,1,validation,1.0,0.0,0.25
Mullaitivu,2024-06-21,2024-06-22,1,validation,1.0,1.0,0.25
Mullaitivu,2024-06-28,2024-06-29,1,validation,1.0,1.0,0.5
Mullaitivu,2024-07-05,2024-07-06,1,validation,3.0,1.0,0.5
Mullaitivu,2024-07-12,2024-07-13,1,validation,0.0,3.0,0.75
Mullaitivu,2024-07-19,2024-07-20,1,validation,1.0,0.0,1.5
Mullaitivu,2024-07-26,2024-07-27,1,validation,1.0,1.0,1.25
Mullaitivu,2024-08-02,2024-08-03,1,validation,1.0,1.0,1.25
Mullaitivu,2024-08-09,2024-08-10,1,validation,1.0,1.0,1.25
Mullaitivu,2024-08-16,2024-08-17,1,validation,0.0,1.0,0.75
Mullaitivu,2024-08-23,2024-08-24,1,validation,2.0,0.0,1.0
Mullaitivu,2024-08-30,2024-08-31,1,validation,2.0,2.0,0.75
Mullaitivu,2024-09-06,2024-09-07,1,validation,2.0,2.0,1.0
Mullaitivu,2024-09-13,2024-09-14,1,validation,4.0,2.0,1.25
Mullaitivu,2024-09-20,2024-09-21,1,validation,1.0,4.0,1.5
Mullaitivu,2024-09-27,2024-09-28,1,validation,1.0,1.0,2.5
Mullaitivu,2024-10-04,2024-10-05,1,validation,1.0,1.0,2.25
Mullaitivu,2024-10-11,2024-10-12,1,validation,0.0,1.0,2.0
Mullaitivu,2024-10-18,2024-10-19,1,validation,1.0,0.0,1.75
Mullaitivu,2024-10-25,2024-10-26,1,validation,1.0,1.0,0.75
Mullaitivu,2024-11-01,2024-11-02,1,validation,3.0,1.0,0.75
Mullaitivu,2024-11-08,2024-11-09,1,validation,1.0,3.0,0.75
Mullaitivu,2024-11-15,2024-11-16,1,validation,3.0,1.0,1.25
Mullaitivu,2024-11-22,2024-11-23,1,validation,3.0,3.0,1.5
Mullaitivu,2024-11-29,2024-11-30,1,validation,0.0,3.0,2.0
Mullaitivu,2024-12-06,2024-12-07,1,validation,5.0,0.0,2.5
Mullaitivu,2024-12-13,2024-12-14,1,validation,2.0,5.0,1.75
Mullaitivu,2024-12-20,2024-12-21,1,validation,4.0,2.0,2.75
Mullaitivu,2024-12-27,2024-12-28,1,validation,3.0,4.0,2.5
Nuwara Eliya,2024-01-05,2024-01-06,1,validation,28.0,19.0,25.0
Nuwara Eliya,2024-01-12,2024-01-13,1,validation,22.0,28.0,23.25
Nuwara Eliya,2024-01-19,2024-01-20,1,validation,18.0,22.0,24.0
Nuwara Eliya,2024-01-26,2024-01-27,1,validation,13.0,18.0,20.5
Nuwara Eliya,2024-02-02,2024-02-03,1,validation,18.0,13.0,21.75
Nuwara Eliya,2024-02-09,2024-02-10,1,validation,9.0,18.0,20.25
Nuwara Eliya,2024-02-16,2024-02-17,1,validation,9.0,9.0,17.75
Nuwara Eliya,2024-02-23,2024-02-24,1,validation,6.0,9.0,14.5
Nuwara Eliya,2024-03-01,2024-03-02,1,validation,10.0,6.0,12.25
Nuwara Eliya,2024-03-08,2024-03-09,1,validation,4.0,10.0,10.5
Nuwara Eliya,2024-03-15,2024-03-16,1,validation,6.0,4.0,8.5
Nuwara Eliya,2024-03-22,2024-03-23,1,validation,7.0,6.0,7.25
Nuwara Eliya,2024-03-29,2024-03-30,1,validation,3.0,7.0,6.5
Nuwara Eliya,2024-04-05,2024-04-06,1,validation,1.0,3.0,6.75
Nuwara Eliya,2024-04-12,2024-04-13,1,validation,7.0,1.0,5.0
Nuwara Eliya,2024-04-19,2024-04-20,1,validation,3.0,7.0,4.25
Nuwara Eliya,2024-04-26,2024-04-27,1,validation,3.0,3.0,4.5
Nuwara Eliya,2024-05-03,2024-05-04,1,validation,4.0,3.0,3.5
Nuwara Eliya,2024-05-10,2024-05-11,1,validation,2.0,4.0,3.5
Nuwara Eliya,2024-05-17,2024-05-18,1,validation,1.0,2.0,4.25
Nuwara Eliya,2024-05-24,2024-05-25,1,validation,2.0,1.0,3.0
Nuwara Eliya,2024-05-31,2024-06-01,1,validation,5.0,2.0,2.5
Nuwara Eliya,2024-06-07,2024-06-08,1,validation,4.0,5.0,2.25
Nuwara Eliya,2024-06-14,2024-06-15,1,validation,2.0,4.0,2.5
Nuwara Eliya,2024-06-21,2024-06-22,1,validation,10.0,2.0,3.0
Nuwara Eliya,2024-06-28,2024-06-29,1,validation,7.0,10.0,3.25
Nuwara Eliya,2024-07-05,2024-07-06,1,validation,10.0,7.0,5.25
Nuwara Eliya,2024-07-12,2024-07-13,1,validation,6.0,10.0,5.75
Nuwara Eliya,2024-07-19,2024-07-20,1,validation,5.0,6.0,7.25
Nuwara Eliya,2024-07-26,2024-07-27,1,validation,9.0,5.0,8.25
Nuwara Eliya,2024-08-02,2024-08-03,1,validation,5.0,9.0,7.0
Nuwara Eliya,2024-08-09,2024-08-10,1,validation,10.0,5.0,7.5
Nuwara Eliya,2024-08-16,2024-08-17,1,validation,7.0,10.0,6.25
Nuwara Eliya,2024-08-23,2024-08-24,1,validation,4.0,7.0,7.25
Nuwara Eliya,2024-08-30,2024-08-31,1,validation,1.0,4.0,7.75
Nuwara Eliya,2024-09-06,2024-09-07,1,validation,5.0,1.0,6.5
Nuwara Eliya,2024-09-13,2024-09-14,1,validation,6.0,5.0,5.5
Nuwara Eliya,2024-09-20,2024-09-21,1,validation,8.0,6.0,4.25
Nuwara Eliya,2024-09-27,2024-09-28,1,validation,7.0,8.0,4.0
Nuwara Eliya,2024-10-04,2024-10-05,1,validation,4.0,7.0,5.0
Nuwara Eliya,2024-10-11,2024-10-12,1,validation,5.0,4.0,6.5
Nuwara Eliya,2024-10-18,2024-10-19,1,validation,4.0,5.0,6.25
Nuwara Eliya,2024-10-25,2024-10-26,1,validation,6.0,4.0,6.0
Nuwara Eliya,2024-11-01,2024-11-02,1,validation,5.0,6.0,5.0
Nuwara Eliya,2024-11-08,2024-11-09,1,validation,0.0,5.0,4.75
Nuwara Eliya,2024-11-15,2024-11-16,1,validation,4.0,0.0,5.0
Nuwara Eliya,2024-11-22,2024-11-23,1,validation,3.0,4.0,3.75
Nuwara Eliya,2024-11-29,2024-11-30,1,validation,2.0,3.0,3.75
Nuwara Eliya,2024-12-06,2024-12-07,1,validation,1.0,2.0,3.0
Nuwara Eliya,2024-12-13,2024-12-14,1,validation,3.0,1.0,2.25
Nuwara Eliya,2024-12-20,2024-12-21,1,validation,10.0,3.0,2.5
Nuwara Eliya,2024-12-27,2024-12-28,1,validation,5.0,10.0,2.25
Polonnaruwa,2024-01-05,2024-01-06,1,validation,12.0,21.0,19.25
Polonnaruwa,2024-01-12,2024-01-13,1,validation,42.0,12.0,19.5
Polonnaruwa,2024-01-19,2024-01-20,1,validation,12.0,42.0,18.5
Polonnaruwa,2024-01-26,2024-01-27,1,validation,10.0,12.0,20.75
Polonnaruwa,2024-02-02,2024-02-03,1,validation,19.0,10.0,21.75
Polonnaruwa,2024-02-09,2024-02-10,1,validation,41.0,19.0,19.0
Polonnaruwa,2024-02-16,2024-02-17,1,validation,17.0,41.0,20.75
Polonnaruwa,2024-02-23,2024-02-24,1,validation,7.0,17.0,20.5
Polonnaruwa,2024-03-01,2024-03-02,1,validation,11.0,7.0,21.75
Polonnaruwa,2024-03-08,2024-03-09,1,validation,10.0,11.0,21.0
Polonnaruwa,2024-03-15,2024-03-16,1,validation,15.0,10.0,19.0
Polonnaruwa,2024-03-22,2024-03-23,1,validation,7.0,15.0,11.25
Polonnaruwa,2024-03-29,2024-03-30,1,validation,7.0,7.0,10.75
Polonnaruwa,2024-04-05,2024-04-06,1,validation,4.0,7.0,10.75
Polonnaruwa,2024-04-12,2024-04-13,1,validation,3.0,4.0,9.75
Polonnaruwa,2024-04-19,2024-04-20,1,validation,5.0,3.0,8.25
Polonnaruwa,2024-04-26,2024-04-27,1,validation,7.0,5.0,5.25
Polonnaruwa,2024-05-03,2024-05-04,1,validation,6.0,7.0,4.75
Polonnaruwa,2024-05-10,2024-05-11,1,validation,3.0,6.0,4.75
Polonnaruwa,2024-05-17,2024-05-18,1,validation,6.0,3.0,5.25
Polonnaruwa,2024-05-24,2024-05-25,1,validation,2.0,6.0,5.25
Polonnaruwa,2024-05-31,2024-06-01,1,validation,2.0,2.0,5.5
Polonnaruwa,2024-06-07,2024-06-08,1,validation,6.0,2.0,4.25
Polonnaruwa,2024-06-14,2024-06-15,1,validation,5.0,6.0,3.25
Polonnaruwa,2024-06-21,2024-06-22,1,validation,13.0,5.0,4.0
Polonnaruwa,2024-06-28,2024-06-29,1,validation,3.0,13.0,3.75
Polonnaruwa,2024-07-05,2024-07-06,1,validation,7.0,3.0,6.5
Polonnaruwa,2024-07-12,2024-07-13,1,validation,14.0,7.0,6.75
Polonnaruwa,2024-07-19,2024-07-20,1,validation,6.0,14.0,7.0
Polonnaruwa,2024-07-26,2024-07-27,1,validation,11.0,6.0,9.25
Polonnaruwa,2024-08-02,2024-08-03,1,validation,4.0,11.0,7.5
Polonnaruwa,2024-08-09,2024-08-10,1,validation,8.0,4.0,9.5
Polonnaruwa,2024-08-16,2024-08-17,1,validation,10.0,8.0,8.75
Polonnaruwa,2024-08-23,2024-08-24,1,validation,7.0,10.0,7.25
Polonnaruwa,2024-08-30,2024-08-31,1,validation,3.0,7.0,8.25
Polonnaruwa,2024-09-06,2024-09-07,1,validation,5.0,3.0,7.25
Polonnaruwa,2024-09-13,2024-09-14,1,validation,5.0,5.0,7.0
Polonnaruwa,2024-09-20,2024-09-21,1,validation,8.0,5.0,6.25
Polonnaruwa,2024-09-27,2024-09-28,1,validation,8.0,8.0,5.0
Polonnaruwa,2024-10-04,2024-10-05,1,validation,10.0,8.0,5.25
Polonnaruwa,2024-10-11,2024-10-12,1,validation,1.0,10.0,6.5
Polonnaruwa,2024-10-18,2024-10-19,1,validation,6.0,1.0,7.75
Polonnaruwa,2024-10-25,2024-10-26,1,validation,3.0,6.0,6.75
Polonnaruwa,2024-11-01,2024-11-02,1,validation,8.0,3.0,6.25
Polonnaruwa,2024-11-08,2024-11-09,1,validation,7.0,8.0,5.0
Polonnaruwa,2024-11-15,2024-11-16,1,validation,6.0,7.0,4.5
Polonnaruwa,2024-11-22,2024-11-23,1,validation,17.0,6.0,6.0
Polonnaruwa,2024-11-29,2024-11-30,1,validation,6.0,17.0,6.0
Polonnaruwa,2024-12-06,2024-12-07,1,validation,5.0,6.0,9.5
Polonnaruwa,2024-12-13,2024-12-14,1,validation,3.0,5.0,9.0
Polonnaruwa,2024-12-20,2024-12-21,1,validation,6.0,3.0,8.5
Polonnaruwa,2024-12-27,2024-12-28,1,validation,14.0,6.0,7.75
Puttalam,2024-01-05,2024-01-06,1,validation,92.0,90.0,88.75
Puttalam,2024-01-12,2024-01-13,1,validation,127.0,92.0,89.0
Puttalam,2024-01-19,2024-01-20,1,validation,76.0,127.0,85.25
Puttalam,2024-01-26,2024-01-27,1,validation,52.0,76.0,93.0
Puttalam,2024-02-02,2024-02-03,1,validation,34.0,52.0,96.25
Puttalam,2024-02-09,2024-02-10,1,validation,102.0,34.0,86.75
Puttalam,2024-02-16,2024-02-17,1,validation,29.0,102.0,72.25
Puttalam,2024-02-23,2024-02-24,1,validation,21.0,29.0,66.0
Puttalam,2024-03-01,2024-03-02,1,validation,14.0,21.0,54.25
Puttalam,2024-03-08,2024-03-09,1,validation,9.0,14.0,46.5
Puttalam,2024-03-15,2024-03-16,1,validation,12.0,9.0,41.5
Puttalam,2024-03-22,2024-03-23,1,validation,9.0,12.0,18.25
Puttalam,2024-03-29,2024-03-30,1,validation,18.0,9.0,14.0
Puttalam,2024-04-05,2024-04-06,1,validation,8.0,18.0,11.0
Puttalam,2024-04-12,2024-04-13,1,validation,19.0,8.0,12.0
Puttalam,2024-04-19,2024-04-20,1,validation,7.0,19.0,11.75
Puttalam,2024-04-26,2024-04-27,1,validation,7.0,7.0,13.5
Puttalam,2024-05-03,2024-05-04,1,validation,7.0,7.0,13.0
Puttalam,2024-05-10,2024-05-11,1,validation,13.0,7.0,10.25
Puttalam,2024-05-17,2024-05-18,1,validation,11.0,13.0,10.0
Puttalam,2024-05-24,2024-05-25,1,validation,11.0,11.0,8.5
Puttalam,2024-05-31,2024-06-01,1,validation,7.0,11.0,9.5
Puttalam,2024-06-07,2024-06-08,1,validation,10.0,7.0,10.5
Puttalam,2024-06-14,2024-06-15,1,validation,9.0,10.0,10.5
Puttalam,2024-06-21,2024-06-22,1,validation,27.0,9.0,9.75
Puttalam,2024-06-28,2024-06-29,1,validation,21.0,27.0,9.25
Puttalam,2024-07-05,2024-07-06,1,validation,13.0,21.0,13.25
Puttalam,2024-07-12,2024-07-13,1,validation,28.0,13.0,16.75
Puttalam,2024-07-19,2024-07-20,1,validation,24.0,28.0,17.5
Puttalam,2024-07-26,2024-07-27,1,validation,19.0,24.0,22.25
Puttalam,2024-08-02,2024-08-03,1,validation,24.0,19.0,21.5
Puttalam,2024-08-09,2024-08-10,1,validation,16.0,24.0,21.0
Puttalam,2024-08-16,2024-08-17,1,validation,9.0,16.0,23.75
Puttalam,2024-08-23,2024-08-24,1,validation,17.0,9.0,20.75
Puttalam,2024-08-30,2024-08-31,1,validation,11.0,17.0,17.0
Puttalam,2024-09-06,2024-09-07,1,validation,11.0,11.0,16.5
Puttalam,2024-09-13,2024-09-14,1,validation,16.0,11.0,13.25
Puttalam,2024-09-20,2024-09-21,1,validation,16.0,16.0,12.0
Puttalam,2024-09-27,2024-09-28,1,validation,23.0,16.0,13.75
Puttalam,2024-10-04,2024-10-05,1,validation,11.0,23.0,13.5
Puttalam,2024-10-11,2024-10-12,1,validation,28.0,11.0,16.5
Puttalam,2024-10-18,2024-10-19,1,validation,15.0,28.0,16.5
Puttalam,2024-10-25,2024-10-26,1,validation,21.0,15.0,19.5
Puttalam,2024-11-01,2024-11-02,1,validation,28.0,21.0,19.25
Puttalam,2024-11-08,2024-11-09,1,validation,19.0,28.0,18.75
Puttalam,2024-11-15,2024-11-16,1,validation,30.0,19.0,23.0
Puttalam,2024-11-22,2024-11-23,1,validation,23.0,30.0,20.75
Puttalam,2024-11-29,2024-11-30,1,validation,28.0,23.0,24.5
Puttalam,2024-12-06,2024-12-07,1,validation,31.0,28.0,25.0
Puttalam,2024-12-13,2024-12-14,1,validation,39.0,31.0,25.0
Puttalam,2024-12-20,2024-12-21,1,validation,23.0,39.0,28.0
Puttalam,2024-12-27,2024-12-28,1,validation,30.0,23.0,30.25
Ratnapura,2024-01-05,2024-01-06,1,validation,77.0,76.0,63.5
Ratnapura,2024-01-12,2024-01-13,1,validation,43.0,77.0,70.0
Ratnapura,2024-01-19,2024-01-20,1,validation,67.0,43.0,62.75
Ratnapura,2024-01-26,2024-01-27,1,validation,72.0,67.0,62.5
Ratnapura,2024-02-02,2024-02-03,1,validation,82.0,72.0,65.75
Ratnapura,2024-02-09,2024-02-10,1,validation,14.0,82.0,64.75
Ratnapura,2024-02-16,2024-02-17,1,validation,57.0,14.0,66.0
Ratnapura,2024-02-23,2024-02-24,1,validation,57.0,57.0,58.75
Ratnapura,2024-03-01,2024-03-02,1,validation,38.0,57.0,56.25
Ratnapura,2024-03-08,2024-03-09,1,validation,56.0,38.0,52.5
Ratnapura,2024-03-15,2024-03-16,1,validation,48.0,56.0,41.5
Ratnapura,2024-03-22,2024-03-23,1,validation,53.0,48.0,52.0
Ratnapura,2024-03-29,2024-03-30,1,validation,49.0,53.0,49.75
Ratnapura,2024-04-05,2024-04-06,1,validation,39.0,49.0,48.75
Ratnapura,2024-04-12,2024-04-13,1,validation,44.0,39.0,51.5
Ratnapura,2024-04-19,2024-04-20,1,validation,67.0,44.0,47.25
Ratnapura,2024-04-26,2024-04-27,1,validation,74.0,67.0,46.25
Ratnapura,2024-05-03,2024-05-04,1,validation,88.0,74.0,49.75
Ratnapura,2024-05-10,2024-05-11,1,validation,72.0,88.0,56.0
Ratnapura,2024-05-17,2024-05-18,1,validation,76.0,72.0,68.25
Ratnapura,2024-05-24,2024-05-25,1,validation,84.0,76.0,75.25
Ratnapura,2024-05-31,2024-06-01,1,validation,60.0,84.0,77.5
Ratnapura,2024-06-07,2024-06-08,1,validation,47.0,60.0,80.0
Ratnapura,2024-06-14,2024-06-15,1,validation,57.0,47.0,73.0
Ratnapura,2024-06-21,2024-06-22,1,validation,58.0,57.0,66.75
Ratnapura,2024-06-28,2024-06-29,1,validation,52.0,58.0,62.0
Ratnapura,2024-07-05,2024-07-06,1,validation,51.0,52.0,55.5
Ratnapura,2024-07-12,2024-07-13,1,validation,81.0,51.0,53.5
Ratnapura,2024-07-19,2024-07-20,1,validation,76.0,81.0,54.5
Ratnapura,2024-07-26,2024-07-27,1,validation,72.0,76.0,60.5
Ratnapura,2024-08-02,2024-08-03,1,validation,51.0,72.0,65.0
Ratnapura,2024-08-09,2024-08-10,1,validation,38.0,51.0,70.0
Ratnapura,2024-08-16,2024-08-17,1,validation,25.0,38.0,70.0
Ratnapura,2024-08-23,2024-08-24,1,validation,48.0,25.0,59.25
Ratnapura,2024-08-30,2024-08-31,1,validation,51.0,48.0,46.5
Ratnapura,2024-09-06,2024-09-07,1,validation,18.0,51.0,40.5
Ratnapura,2024-09-13,2024-09-14,1,validation,32.0,18.0,40.5
Ratnapura,2024-09-20,2024-09-21,1,validation,40.0,32.0,35.5
Ratnapura,2024-09-27,2024-09-28,1,validation,31.0,40.0,37.25
Ratnapura,2024-10-04,2024-10-05,1,validation,45.0,31.0,35.25
Ratnapura,2024-10-11,2024-10-12,1,validation,42.0,45.0,30.25
Ratnapura,2024-10-18,2024-10-19,1,validation,54.0,42.0,37.0
Ratnapura,2024-10-25,2024-10-26,1,validation,61.0,54.0,39.5
Ratnapura,2024-11-01,2024-11-02,1,validation,48.0,61.0,43.0
Ratnapura,2024-11-08,2024-11-09,1,validation,41.0,48.0,50.5
Ratnapura,2024-11-15,2024-11-16,1,validation,54.0,41.0,51.25
Ratnapura,2024-11-22,2024-11-23,1,validation,53.0,54.0,51.0
Ratnapura,2024-11-29,2024-11-30,1,validation,38.0,53.0,51.0
Ratnapura,2024-12-06,2024-12-07,1,validation,44.0,38.0,49.0
Ratnapura,2024-12-13,2024-12-14,1,validation,20.0,44.0,46.5
Ratnapura,2024-12-20,2024-12-21,1,validation,47.0,20.0,47.25
Ratnapura,2024-12-27,2024-12-28,1,validation,30.0,47.0,38.75
Trincomalee,2024-01-05,2024-01-06,1,validation,50.0,42.0,23.0
Trincomalee,2024-01-12,2024-01-13,1,validation,33.0,50.0,28.5
Trincomalee,2024-01-19,2024-01-20,1,validation,42.0,33.0,35.75
Trincomalee,2024-01-26,2024-01-27,1,validation,29.0,42.0,37.0
Trincomalee,2024-02-02,2024-02-03,1,validation,31.0,29.0,41.75
Trincomalee,2024-02-09,2024-02-10,1,validation,33.0,31.0,38.5
Trincomalee,2024-02-16,2024-02-17,1,validation,26.0,33.0,33.75
Trincomalee,2024-02-23,2024-02-24,1,validation,26.0,26.0,33.75
Trincomalee,2024-03-01,2024-03-02,1,validation,13.0,26.0,29.75
Trincomalee,2024-03-08,2024-03-09,1,validation,23.0,13.0,29.0
Trincomalee,2024-03-15,2024-03-16,1,validation,21.0,23.0,24.5
Trincomalee,2024-03-22,2024-03-23,1,validation,12.0,21.0,22.0
Trincomalee,2024-03-29,2024-03-30,1,validation,7.0,12.0,20.75
Trincomalee,2024-04-05,2024-04-06,1,validation,9.0,7.0,17.25
Trincomalee,2024-04-12,2024-04-13,1,validation,17.0,9.0,15.75
Trincomalee,2024-04-19,2024-04-20,1,validation,9.0,17.0,12.25
Trincomalee,2024-04-26,2024-04-27,1,validation,19.0,9.0,11.25
Trincomalee,2024-05-03,2024-05-04,1,validation,18.0,19.0,10.5
Trincomalee,2024-05-10,2024-05-11,1,validation,12.0,18.0,13.5
Trincomalee,2024-05-17,2024-05-18,1,validation,6.0,12.0,15.75
Trincomalee,2024-05-24,2024-05-25,1,validation,7.0,6.0,14.5
Trincomalee,2024-05-31,2024-06-01,1,validation,10.0,7.0,13.75
Trincomalee,2024-06-07,2024-06-08,1,validation,7.0,10.0,10.75
Trincomalee,2024-06-14,2024-06-15,1,validation,12.0,7.0,8.75
Trincomalee,2024-06-21,2024-06-22,1,validation,10.0,12.0,7.5
Trincomalee,2024-06-28,2024-06-29,1,validation,11.0,10.0,9.0
Trincomalee,2024-07-05,2024-07-06,1,validation,7.0,11.0,9.75
Trincomalee,2024-07-12,2024-07-13,1,validation,14.0,7.0,10.0
Trincomalee,2024-07-19,2024-07-20,1,validation,8.0,14.0,10.0
Trincomalee,2024-07-26,2024-07-27,1,validation,12.0,8.0,10.5
Trincomalee,2024-08-02,2024-08-03,1,validation,12.0,12.0,10.0
Trincomalee,2024-08-09,2024-08-10,1,validation,10.0,12.0,10.25
Trincomalee,2024-08-16,2024-08-17,1,validation,3.0,10.0,11.5
Trincomalee,2024-08-23,2024-08-24,1,validation,8.0,3.0,10.5
Trincomalee,2024-08-30,2024-08-31,1,validation,2.0,8.0,9.25
Trincomalee,2024-09-06,2024-09-07,1,validation,6.0,2.0,8.25
Trincomalee,2024-09-13,2024-09-14,1,validation,3.0,6.0,5.75
Trincomalee,2024-09-20,2024-09-21,1,validation,2.0,3.0,4.75
Trincomalee,2024-09-27,2024-09-28,1,validation,2.0,2.0,4.75
Trincomalee,2024-10-04,2024-10-05,1,validation,5.0,2.0,3.25
Trincomalee,2024-10-11,2024-10-12,1,validation,3.0,5.0,3.25
Trincomalee,2024-10-18,2024-10-19,1,validation,4.0,3.0,3.0
Trincomalee,2024-10-25,2024-10-26,1,validation,9.0,4.0,3.0
Trincomalee,2024-11-01,2024-11-02,1,validation,8.0,9.0,3.5
Trincomalee,2024-11-08,2024-11-09,1,validation,16.0,8.0,5.25
Trincomalee,2024-11-15,2024-11-16,1,validation,13.0,16.0,6.0
Trincomalee,2024-11-22,2024-11-23,1,validation,9.0,13.0,9.25
Trincomalee,2024-11-29,2024-11-30,1,validation,14.0,9.0,11.5
Trincomalee,2024-12-06,2024-12-07,1,validation,20.0,14.0,11.5
Trincomalee,2024-12-13,2024-12-14,1,validation,19.0,20.0,13.0
Trincomalee,2024-12-20,2024-12-21,1,validation,30.0,19.0,14.0
Trincomalee,2024-12-27,2024-12-28,1,validation,28.0,30.0,15.5
Vavuniya,2024-01-05,2024-01-06,1,validation,27.0,20.0,11.75
Vavuniya,2024-01-12,2024-01-13,1,validation,14.0,27.0,16.5
Vavuniya,2024-01-19,2024-01-20,1,validation,19.0,14.0,22.0
Vavuniya,2024-01-26,2024-01-27,1,validation,5.0,19.0,20.0
Vavuniya,2024-02-02,2024-02-03,1,validation,7.0,5.0,20.0
Vavuniya,2024-02-09,2024-02-10,1,validation,3.0,7.0,16.25
Vavuniya,2024-02-16,2024-02-17,1,validation,4.0,3.0,11.25
Vavuniya,2024-02-23,2024-02-24,1,validation,3.0,4.0,8.5
Vavuniya,2024-03-01,2024-03-02,1,validation,5.0,3.0,4.75
Vavuniya,2024-03-08,2024-03-09,1,validation,5.0,5.0,4.25
Vavuniya,2024-03-15,2024-03-16,1,validation,2.0,5.0,3.75
Vavuniya,2024-03-22,2024-03-23,1,validation,2.0,2.0,4.25
Vavuniya,2024-03-29,2024-03-30,1,validation,1.0,2.0,3.75
Vavuniya,2024-04-05,2024-04-06,1,validation,0.0,1.0,3.5
Vavuniya,2024-04-12,2024-04-13,1,validation,0.0,0.0,2.5
Vavuniya,2024-04-19,2024-04-20,1,validation,0.0,0.0,1.25
Vavuniya,2024-04-26,2024-04-27,1,validation,0.0,0.0,0.75
Vavuniya,2024-05-03,2024-05-04,1,validation,4.0,0.0,0.25
Vavuniya,2024-05-10,2024-05-11,1,validation,2.0,4.0,0.0
Vavuniya,2024-05-17,2024-05-18,1,validation,0.0,2.0,1.0
Vavuniya,2024-05-24,2024-05-25,1,validation,1.0,0.0,1.5
Vavuniya,2024-05-31,2024-06-01,1,validation,4.0,1.0,1.5
Vavuniya,2024-06-07,2024-06-08,1,validation,2.0,4.0,1.75
Vavuniya,2024-06-14,2024-06-15,1,validation,1.0,2.0,1.75
Vavuniya,2024-06-21,2024-06-22,1,validation,1.0,1.0,1.75
Vavuniya,2024-06-28,2024-06-29,1,validation,4.0,1.0,2.0
Vavuniya,2024-07-05,2024-07-06,1,validation,3.0,4.0,2.0
Vavuniya,2024-07-12,2024-07-13,1,validation,1.0,3.0,2.0
Vavuniya,2024-07-19,2024-07-20,1,validation,5.0,1.0,2.25
Vavuniya,2024-07-26,2024-07-27,1,validation,1.0,5.0,2.25
Vavuniya,2024-08-02,2024-08-03,1,validation,0.0,1.0,3.25
Vavuniya,2024-08-09,2024-08-10,1,validation,5.0,0.0,2.5
Vavuniya,2024-08-16,2024-08-17,1,validation,3.0,5.0,1.75
Vavuniya,2024-08-23,2024-08-24,1,validation,0.0,3.0,2.75
Vavuniya,2024-08-30,2024-08-31,1,validation,1.0,0.0,2.25
Vavuniya,2024-09-06,2024-09-07,1,validation,1.0,1.0,2.0
Vavuniya,2024-09-13,2024-09-14,1,validation,2.0,1.0,2.25
Vavuniya,2024-09-20,2024-09-21,1,validation,0.0,2.0,1.25
Vavuniya,2024-09-27,2024-09-28,1,validation,0.0,0.0,1.0
Vavuniya,2024-10-04,2024-10-05,1,validation,1.0,0.0,1.0
Vavuniya,2024-10-11,2024-10-12,1,validation,3.0,1.0,0.75
Vavuniya,2024-10-18,2024-10-19,1,validation,1.0,3.0,0.75
Vavuniya,2024-10-25,2024-10-26,1,validation,1.0,1.0,1.0
Vavuniya,2024-11-01,2024-11-02,1,validation,2.0,1.0,1.25
Vavuniya,2024-11-08,2024-11-09,1,validation,0.0,2.0,1.5
Vavuniya,2024-11-15,2024-11-16,1,validation,5.0,0.0,1.75
Vavuniya,2024-11-22,2024-11-23,1,validation,3.0,5.0,1.0
Vavuniya,2024-11-29,2024-11-30,1,validation,2.0,3.0,2.0
Vavuniya,2024-12-06,2024-12-07,1,validation,4.0,2.0,2.5
Vavuniya,2024-12-13,2024-12-14,1,validation,4.0,4.0,2.5
Vavuniya,2024-12-20,2024-12-21,1,validation,2.0,4.0,3.5
Vavuniya,2024-12-27,2024-12-28,1,validation,4.0,2.0,3.25
Ampara,2025-01-03,2025-01-04,1,test,20.0,58.0,9.0
Ampara,2025-01-10,2025-01-11,1,test,27.0,20.0,22.25
Ampara,2025-01-17,2025-01-18,1,test,16.0,27.0,24.75
Ampara,2025-01-24,2025-01-25,1,test,13.0,16.0,30.0
Ampara,2025-01-31,2025-02-01,1,test,17.0,13.0,30.25
Ampara,2025-02-07,2025-02-08,1,test,17.0,17.0,19.0
Ampara,2025-02-14,2025-02-15,1,test,15.0,17.0,18.25
Ampara,2025-02-21,2025-02-22,1,test,11.0,15.0,15.75
Ampara,2025-02-28,2025-03-01,1,test,16.0,11.0,15.5
Ampara,2025-03-07,2025-03-08,1,test,11.0,16.0,15.0
Ampara,2025-03-14,2025-03-15,1,test,9.0,11.0,14.75
Ampara,2025-03-21,2025-03-22,1,test,12.0,9.0,13.25
Ampara,2025-03-28,2025-03-29,1,test,15.0,12.0,11.75
Ampara,2025-04-04,2025-04-05,1,test,22.0,15.0,12.0
Ampara,2025-04-11,2025-04-12,1,test,13.0,22.0,11.75
Ampara,2025-04-18,2025-04-19,1,test,15.0,13.0,14.5
Ampara,2025-04-25,2025-04-26,1,test,24.0,15.0,15.5
Ampara,2025-05-02,2025-05-03,1,test,17.0,24.0,16.25
Ampara,2025-05-09,2025-05-10,1,test,16.0,17.0,18.5
Ampara,2025-05-16,2025-05-17,1,test,14.0,16.0,17.25
Ampara,2025-05-23,2025-05-24,1,test,14.0,14.0,18.0
Ampara,2025-05-30,2025-05-31,1,test,28.0,14.0,17.75
Ampara,2025-06-06,2025-06-07,1,test,11.0,28.0,15.25
Ampara,2025-06-13,2025-06-14,1,test,12.0,11.0,18.0
Ampara,2025-06-20,2025-06-21,1,test,12.0,12.0,16.75
Ampara,2025-06-27,2025-06-28,1,test,22.0,12.0,16.25
Ampara,2025-07-04,2025-07-05,1,test,16.0,22.0,15.75
Ampara,2025-07-11,2025-07-12,1,test,17.0,16.0,14.25
Ampara,2025-07-18,2025-07-19,1,test,8.0,17.0,15.5
Ampara,2025-07-25,2025-07-26,1,test,11.0,8.0,16.75
Ampara,2025-08-01,2025-08-02,1,test,3.0,11.0,15.75
Ampara,2025-08-08,2025-08-09,1,test,6.0,3.0,13.0
Ampara,2025-08-15,2025-08-16,1,test,7.0,6.0,9.75
Ampara,2025-08-22,2025-08-23,1,test,7.0,7.0,7.0
Ampara,2025-08-29,2025-08-30,1,test,6.0,7.0,6.75
Ampara,2025-09-05,2025-09-06,1,test,17.0,6.0,5.75
Ampara,2025-09-12,2025-09-13,1,test,15.0,17.0,6.5
Ampara,2025-09-19,2025-09-20,1,test,4.0,15.0,9.25
Ampara,2025-09-26,2025-09-27,1,test,6.0,4.0,11.25
Ampara,2025-10-03,2025-10-04,1,test,9.0,6.0,10.5
Ampara,2025-10-10,2025-10-11,1,test,14.0,9.0,10.5
Ampara,2025-10-17,2025-10-18,1,test,9.0,14.0,8.5
Ampara,2025-10-24,2025-10-25,1,test,15.0,9.0,8.25
Ampara,2025-10-31,2025-11-01,1,test,10.0,15.0,9.5
Ampara,2025-11-07,2025-11-08,1,test,17.0,10.0,11.75
Ampara,2025-11-14,2025-11-15,1,test,24.0,17.0,12.0
Ampara,2025-11-21,2025-11-22,1,test,11.0,24.0,12.75
Ampara,2025-11-28,2025-11-29,1,test,7.0,11.0,16.5
Ampara,2025-12-05,2025-12-06,1,test,22.0,7.0,15.5
Ampara,2025-12-12,2025-12-13,1,test,18.0,22.0,14.75
Anuradhapura,2025-01-03,2025-01-04,1,test,20.0,27.0,14.75
Anuradhapura,2025-01-10,2025-01-11,1,test,29.0,20.0,19.75
Anuradhapura,2025-01-17,2025-01-18,1,test,16.0,29.0,20.25
Anuradhapura,2025-01-24,2025-01-25,1,test,22.0,16.0,22.0
Anuradhapura,2025-01-31,2025-02-01,1,test,39.0,22.0,23.0
Anuradhapura,2025-02-07,2025-02-08,1,test,39.0,39.0,21.75
Anuradhapura,2025-02-14,2025-02-15,1,test,24.0,39.0,26.5
Anuradhapura,2025-02-21,2025-02-22,1,test,18.0,24.0,29.0
Anuradhapura,2025-02-28,2025-03-01,1,test,25.0,18.0,31.0
Anuradhapura,2025-03-07,2025-03-08,1,test,12.0,25.0,30.0
Anuradhapura,2025-03-14,2025-03-15,1,test,8.0,12.0,26.5
Anuradhapura,2025-03-21,2025-03-22,1,test,9.0,8.0,19.75
Anuradhapura,2025-03-28,2025-03-29,1,test,6.0,9.0,15.75
Anuradhapura,2025-04-04,2025-04-05,1,test,3.0,6.0,13.5
Anuradhapura,2025-04-11,2025-04-12,1,test,4.0,3.0,8.75
Anuradhapura,2025-04-18,2025-04-19,1,test,8.0,4.0,6.5
Anuradhapura,2025-04-25,2025-04-26,1,test,10.0,8.0,5.5
Anuradhapura,2025-05-02,2025-05-03,1,test,11.0,10.0,5.25
Anuradhapura,2025-05-09,2025-05-10,1,test,11.0,11.0,6.25
Anuradhapura,2025-05-16,2025-05-17,1,test,13.0,11.0,8.25
Anuradhapura,2025-05-23,2025-05-24,1,test,11.0,13.0,10.0
Anuradhapura,2025-05-30,2025-05-31,1,test,10.0,11.0,11.25
Anuradhapura,2025-06-06,2025-06-07,1,test,7.0,10.0,11.5
Anuradhapura,2025-06-13,2025-06-14,1,test,8.0,7.0,11.25
Anuradhapura,2025-06-20,2025-06-21,1,test,17.0,8.0,10.25
Anuradhapura,2025-06-27,2025-06-28,1,test,8.0,17.0,9.0
Anuradhapura,2025-07-04,2025-07-05,1,test,8.0,8.0,10.5
Anuradhapura,2025-07-11,2025-07-12,1,test,12.0,8.0,10.0
Anuradhapura,2025-07-18,2025-07-19,1,test,11.0,12.0,10.25
Anuradhapura,2025-07-25,2025-07-26,1,test,3.0,11.0,11.25
Anuradhapura,2025-08-01,2025-08-02,1,test,6.0,3.0,9.75
Anuradhapura,2025-08-08,2025-08-09,1,test,11.0,6.0,8.5
Anuradhapura,2025-08-15,2025-08-16,1,test,6.0,11.0,8.0
Anuradhapura,2025-08-22,2025-08-23,1,test,9.0,6.0,7.75
Anuradhapura,2025-08-29,2025-08-30,1,test,2.0,9.0,6.5
Anuradhapura,2025-09-05,2025-09-06,1,test,6.0,2.0,8.0
Anuradhapura,2025-09-12,2025-09-13,1,test,3.0,6.0,7.0
Anuradhapura,2025-09-19,2025-09-20,1,test,2.0,3.0,5.75
Anuradhapura,2025-09-26,2025-09-27,1,test,0.0,2.0,5.0
Anuradhapura,2025-10-03,2025-10-04,1,test,7.0,0.0,3.25
Anuradhapura,2025-10-10,2025-10-11,1,test,9.0,7.0,2.75
Anuradhapura,2025-10-17,2025-10-18,1,test,4.0,9.0,3.0
Anuradhapura,2025-10-24,2025-10-25,1,test,9.0,4.0,4.5
Anuradhapura,2025-10-31,2025-11-01,1,test,3.0,9.0,5.0
Anuradhapura,2025-11-07,2025-11-08,1,test,8.0,3.0,7.25
Anuradhapura,2025-11-14,2025-11-15,1,test,10.0,8.0,6.25
Anuradhapura,2025-11-21,2025-11-22,1,test,8.0,10.0,6.0
Anuradhapura,2025-11-28,2025-11-29,1,test,11.0,8.0,7.5
Anuradhapura,2025-12-05,2025-12-06,1,test,12.0,11.0,7.25
Anuradhapura,2025-12-12,2025-12-13,1,test,13.0,12.0,9.25
Badulla,2025-01-03,2025-01-04,1,test,17.0,5.0,18.25
Badulla,2025-01-10,2025-01-11,1,test,28.0,17.0,15.75
Badulla,2025-01-17,2025-01-18,1,test,27.0,28.0,15.25
Badulla,2025-01-24,2025-01-25,1,test,26.0,27.0,17.25
Badulla,2025-01-31,2025-02-01,1,test,17.0,26.0,19.25
Badulla,2025-02-07,2025-02-08,1,test,17.0,17.0,24.5
Badulla,2025-02-14,2025-02-15,1,test,8.0,17.0,24.5
Badulla,2025-02-21,2025-02-22,1,test,11.0,8.0,21.75
Badulla,2025-02-28,2025-03-01,1,test,3.0,11.0,17.0
Badulla,2025-03-07,2025-03-08,1,test,17.0,3.0,13.25
Badulla,2025-03-14,2025-03-15,1,test,6.0,17.0,9.75
Badulla,2025-03-21,2025-03-22,1,test,12.0,6.0,9.75
Badulla,2025-03-28,2025-03-29,1,test,9.0,12.0,9.25
Badulla,2025-04-04,2025-04-05,1,test,18.0,9.0,9.5
Badulla,2025-04-11,2025-04-12,1,test,11.0,18.0,11.0
Badulla,2025-04-18,2025-04-19,1,test,19.0,11.0,11.25
Badulla,2025-04-25,2025-04-26,1,test,12.0,19.0,12.5
Badulla,2025-05-02,2025-05-03,1,test,7.0,12.0,14.25
Badulla,2025-05-09,2025-05-10,1,test,7.0,7.0,15.0
Badulla,2025-05-16,2025-05-17,1,test,25.0,7.0,12.25
Badulla,2025-05-23,2025-05-24,1,test,26.0,25.0,11.25
Badulla,2025-05-30,2025-05-31,1,test,24.0,26.0,12.75
Badulla,2025-06-06,2025-06-07,1,test,24.0,24.0,16.25
Badulla,2025-06-13,2025-06-14,1,test,31.0,24.0,20.5
Badulla,2025-06-20,2025-06-21,1,test,17.0,31.0,24.75
Badulla,2025-06-27,2025-06-28,1,test,17.0,17.0,26.25
Badulla,2025-07-04,2025-07-05,1,test,16.0,17.0,24.0
Badulla,2025-07-11,2025-07-12,1,test,37.0,16.0,22.25
Badulla,2025-07-18,2025-07-19,1,test,20.0,37.0,20.25
Badulla,2025-07-25,2025-07-26,1,test,16.0,20.0,21.75
Badulla,2025-08-01,2025-08-02,1,test,13.0,16.0,22.5
Badulla,2025-08-08,2025-08-09,1,test,12.0,13.0,22.25
Badulla,2025-08-15,2025-08-16,1,test,14.0,12.0,21.5
Badulla,2025-08-22,2025-08-23,1,test,18.0,14.0,15.25
Badulla,2025-08-29,2025-08-30,1,test,8.0,18.0,13.75
Badulla,2025-09-05,2025-09-06,1,test,11.0,8.0,14.25
Badulla,2025-09-12,2025-09-13,1,test,19.0,11.0,13.0
Badulla,2025-09-19,2025-09-20,1,test,8.0,19.0,12.75
Badulla,2025-09-26,2025-09-27,1,test,13.0,8.0,14.0
Badulla,2025-10-03,2025-10-04,1,test,4.0,13.0,11.5
Badulla,2025-10-10,2025-10-11,1,test,8.0,4.0,12.75
Badulla,2025-10-17,2025-10-18,1,test,11.0,8.0,11.0
Badulla,2025-10-24,2025-10-25,1,test,7.0,11.0,8.25
Badulla,2025-10-31,2025-11-01,1,test,14.0,7.0,9.0
Badulla,2025-11-07,2025-11-08,1,test,17.0,14.0,7.5
Badulla,2025-11-14,2025-11-15,1,test,18.0,17.0,10.0
Badulla,2025-11-21,2025-11-22,1,test,14.0,18.0,12.25
Badulla,2025-11-28,2025-11-29,1,test,10.0,14.0,14.0
Badulla,2025-12-05,2025-12-06,1,test,18.0,10.0,15.75
Badulla,2025-12-12,2025-12-13,1,test,25.0,18.0,14.75
Batticaloa,2025-01-03,2025-01-04,1,test,55.0,62.0,35.75
Batticaloa,2025-01-10,2025-01-11,1,test,65.0,55.0,43.5
Batticaloa,2025-01-17,2025-01-18,1,test,64.0,65.0,49.75
Batticaloa,2025-01-24,2025-01-25,1,test,53.0,64.0,57.25
Batticaloa,2025-01-31,2025-02-01,1,test,60.0,53.0,61.5
Batticaloa,2025-02-07,2025-02-08,1,test,60.0,60.0,59.25
Batticaloa,2025-02-14,2025-02-15,1,test,81.0,60.0,60.5
Batticaloa,2025-02-21,2025-02-22,1,test,59.0,81.0,59.25
Batticaloa,2025-02-28,2025-03-01,1,test,56.0,59.0,63.5
Batticaloa,2025-03-07,2025-03-08,1,test,31.0,56.0,65.0
Batticaloa,2025-03-14,2025-03-15,1,test,28.0,31.0,64.0
Batticaloa,2025-03-21,2025-03-22,1,test,28.0,28.0,56.75
Batticaloa,2025-03-28,2025-03-29,1,test,46.0,28.0,43.5
Batticaloa,2025-04-04,2025-04-05,1,test,70.0,46.0,35.75
Batticaloa,2025-04-11,2025-04-12,1,test,62.0,70.0,33.25
Batticaloa,2025-04-18,2025-04-19,1,test,94.0,62.0,43.0
Batticaloa,2025-04-25,2025-04-26,1,test,84.0,94.0,51.5
Batticaloa,2025-05-02,2025-05-03,1,test,59.0,84.0,68.0
Batticaloa,2025-05-09,2025-05-10,1,test,58.0,59.0,77.5
Batticaloa,2025-05-16,2025-05-17,1,test,53.0,58.0,74.75
Batticaloa,2025-05-23,2025-05-24,1,test,52.0,53.0,73.75
Batticaloa,2025-05-30,2025-05-31,1,test,59.0,52.0,63.5
Batticaloa,2025-06-06,2025-06-07,1,test,30.0,59.0,55.5
Batticaloa,2025-06-13,2025-06-14,1,test,40.0,30.0,55.5
Batticaloa,2025-06-20,2025-06-21,1,test,16.0,40.0,48.5
Batticaloa,2025-06-27,2025-06-28,1,test,20.0,16.0,45.25
Batticaloa,2025-07-04,2025-07-05,1,test,13.0,20.0,36.25
Batticaloa,2025-07-11,2025-07-12,1,test,19.0,13.0,26.5
Batticaloa,2025-07-18,2025-07-19,1,test,6.0,19.0,22.25
Batticaloa,2025-07-25,2025-07-26,1,test,6.0,6.0,17.0
Batticaloa,2025-08-01,2025-08-02,1,test,12.0,6.0,14.5
Batticaloa,2025-08-08,2025-08-09,1,test,5.0,12.0,11.0
Batticaloa,2025-08-15,2025-08-16,1,test,6.0,5.0,10.75
Batticaloa,2025-08-22,2025-08-23,1,test,9.0,6.0,7.25
Batticaloa,2025-08-29,2025-08-30,1,test,8.0,9.0,7.25
Batticaloa,2025-09-05,2025-09-06,1,test,8.0,8.0,8.0
Batticaloa,2025-09-12,2025-09-13,1,test,9.0,8.0,7.0
Batticaloa,2025-09-19,2025-09-20,1,test,9.0,9.0,7.75
Batticaloa,2025-09-26,2025-09-27,1,test,14.0,9.0,8.5
Batticaloa,2025-10-03,2025-10-04,1,test,16.0,14.0,8.5
Batticaloa,2025-10-10,2025-10-11,1,test,17.0,16.0,10.0
Batticaloa,2025-10-17,2025-10-18,1,test,13.0,17.0,12.0
Batticaloa,2025-10-24,2025-10-25,1,test,19.0,13.0,14.0
Batticaloa,2025-10-31,2025-11-01,1,test,29.0,19.0,15.0
Batticaloa,2025-11-07,2025-11-08,1,test,21.0,29.0,16.25
Batticaloa,2025-11-14,2025-11-15,1,test,21.0,21.0,19.5
Batticaloa,2025-11-21,2025-11-22,1,test,10.0,21.0,20.5
Batticaloa,2025-11-28,2025-11-29,1,test,16.0,10.0,22.5
Batticaloa,2025-12-05,2025-12-06,1,test,14.0,16.0,20.25
Batticaloa,2025-12-12,2025-12-13,1,test,20.0,14.0,17.0
Colombo,2025-01-03,2025-01-04,1,test,245.0,200.0,215.25
Colombo,2025-01-10,2025-01-11,1,test,247.0,245.0,224.5
Colombo,2025-01-17,2025-01-18,1,test,284.0,247.0,224.0
Colombo,2025-01-24,2025-01-25,1,test,225.0,284.0,230.75
Colombo,2025-01-31,2025-02-01,1,test,252.0,225.0,244.0
Colombo,2025-02-07,2025-02-08,1,test,252.0,252.0,250.25
Colombo,2025-02-14,2025-02-15,1,test,217.0,252.0,252.0
Colombo,2025-02-21,2025-02-22,1,test,219.0,217.0,253.25
Colombo,2025-02-28,2025-03-01,1,test,262.0,219.0,236.5
Colombo,2025-03-07,2025-03-08,1,test,214.0,262.0,235.0
Colombo,2025-03-14,2025-03-15,1,test,242.0,214.0,237.5
Colombo,2025-03-21,2025-03-22,1,test,239.0,242.0,228.0
Colombo,2025-03-28,2025-03-29,1,test,204.0,239.0,234.25
Colombo,2025-04-04,2025-04-05,1,test,277.0,204.0,239.25
Colombo,2025-04-11,2025-04-12,1,test,230.0,277.0,224.75
Colombo,2025-04-18,2025-04-19,1,test,306.0,230.0,240.5
Colombo,2025-04-25,2025-04-26,1,test,276.0,306.0,237.5
Colombo,2025-05-02,2025-05-03,1,test,310.0,276.0,254.25
Colombo,2025-05-09,2025-05-10,1,test,359.0,310.0,272.25
Colombo,2025-05-16,2025-05-17,1,test,336.0,359.0,280.5
Colombo,2025-05-23,2025-05-24,1,test,302.0,336.0,312.75
Colombo,2025-05-30,2025-05-31,1,test,245.0,302.0,320.25
Colombo,2025-06-06,2025-06-07,1,test,279.0,245.0,326.75
Colombo,2025-06-13,2025-06-14,1,test,316.0,279.0,310.5
Colombo,2025-06-20,2025-06-21,1,test,276.0,316.0,290.5
Colombo,2025-06-27,2025-06-28,1,test,285.0,276.0,285.5
Colombo,2025-07-04,2025-07-05,1,test,222.0,285.0,279.0
Colombo,2025-07-11,2025-07-12,1,test,226.0,222.0,289.0
Colombo,2025-07-18,2025-07-19,1,test,237.0,226.0,274.75
Colombo,2025-07-25,2025-07-26,1,test,246.0,237.0,252.25
Colombo,2025-08-01,2025-08-02,1,test,156.0,246.0,242.5
Colombo,2025-08-08,2025-08-09,1,test,87.0,156.0,232.75
Colombo,2025-08-15,2025-08-16,1,test,137.0,87.0,216.25
Colombo,2025-08-22,2025-08-23,1,test,104.0,137.0,181.5
Colombo,2025-08-29,2025-08-30,1,test,103.0,104.0,156.5
Colombo,2025-09-05,2025-09-06,1,test,117.0,103.0,121.0
Colombo,2025-09-12,2025-09-13,1,test,120.0,117.0,107.75
Colombo,2025-09-19,2025-09-20,1,test,155.0,120.0,115.25
Colombo,2025-09-26,2025-09-27,1,test,129.0,155.0,111.0
Colombo,2025-10-03,2025-10-04,1,test,130.0,129.0,123.75
Colombo,2025-10-10,2025-10-11,1,test,157.0,130.0,130.25
Colombo,2025-10-17,2025-10-18,1,test,214.0,157.0,133.5
Colombo,2025-10-24,2025-10-25,1,test,153.0,214.0,142.75
Colombo,2025-10-31,2025-11-01,1,test,184.0,153.0,157.5
Colombo,2025-11-07,2025-11-08,1,test,266.0,184.0,163.5
Colombo,2025-11-14,2025-11-15,1,test,226.0,266.0,177.0
Colombo,2025-11-21,2025-11-22,1,test,286.0,226.0,204.25
Colombo,2025-11-28,2025-11-29,1,test,272.0,286.0,207.25
Colombo,2025-12-05,2025-12-06,1,test,318.0,272.0,240.5
Colombo,2025-12-12,2025-12-13,1,test,340.0,318.0,262.5
Galle,2025-01-03,2025-01-04,1,test,82.0,30.0,30.75
Galle,2025-01-10,2025-01-11,1,test,51.0,82.0,29.0
Galle,2025-01-17,2025-01-18,1,test,48.0,51.0,41.0
Galle,2025-01-24,2025-01-25,1,test,53.0,48.0,47.0
Galle,2025-01-31,2025-02-01,1,test,44.0,53.0,52.75
Galle,2025-02-07,2025-02-08,1,test,44.0,44.0,58.5
Galle,2025-02-14,2025-02-15,1,test,43.0,44.0,49.0
Galle,2025-02-21,2025-02-22,1,test,21.0,43.0,47.25
Galle,2025-02-28,2025-03-01,1,test,40.0,21.0,46.0
Galle,2025-03-07,2025-03-08,1,test,24.0,40.0,38.0
Galle,2025-03-14,2025-03-15,1,test,35.0,24.0,37.0
Galle,2025-03-21,2025-03-22,1,test,31.0,35.0,32.0
Galle,2025-03-28,2025-03-29,1,test,34.0,31.0,30.0
Galle,2025-04-04,2025-04-05,1,test,29.0,34.0,32.5
Galle,2025-04-11,2025-04-12,1,test,23.0,29.0,31.0
Galle,2025-04-18,2025-04-19,1,test,55.0,23.0,32.25
Galle,2025-04-25,2025-04-26,1,test,29.0,55.0,29.25
Galle,2025-05-02,2025-05-03,1,test,32.0,29.0,35.25
Galle,2025-05-09,2025-05-10,1,test,44.0,32.0,34.0
Galle,2025-05-16,2025-05-17,1,test,56.0,44.0,34.75
Galle,2025-05-23,2025-05-24,1,test,44.0,56.0,40.0
Galle,2025-05-30,2025-05-31,1,test,49.0,44.0,40.25
Galle,2025-06-06,2025-06-07,1,test,44.0,49.0,44.0
Galle,2025-06-13,2025-06-14,1,test,73.0,44.0,48.25
Galle,2025-06-20,2025-06-21,1,test,79.0,73.0,48.25
Galle,2025-06-27,2025-06-28,1,test,47.0,79.0,52.5
Galle,2025-07-04,2025-07-05,1,test,56.0,47.0,61.25
Galle,2025-07-11,2025-07-12,1,test,43.0,56.0,60.75
Galle,2025-07-18,2025-07-19,1,test,66.0,43.0,63.75
Galle,2025-07-25,2025-07-26,1,test,44.0,66.0,56.25
Galle,2025-08-01,2025-08-02,1,test,37.0,44.0,53.0
Galle,2025-08-08,2025-08-09,1,test,48.0,37.0,52.25
Galle,2025-08-15,2025-08-16,1,test,27.0,48.0,47.5
Galle,2025-08-22,2025-08-23,1,test,37.0,27.0,48.75
Galle,2025-08-29,2025-08-30,1,test,33.0,37.0,39.0
Galle,2025-09-05,2025-09-06,1,test,44.0,33.0,37.25
Galle,2025-09-12,2025-09-13,1,test,29.0,44.0,36.25
Galle,2025-09-19,2025-09-20,1,test,35.0,29.0,35.25
Galle,2025-09-26,2025-09-27,1,test,30.0,35.0,35.75
Galle,2025-10-03,2025-10-04,1,test,34.0,30.0,35.25
Galle,2025-10-10,2025-10-11,1,test,40.0,34.0,34.5
Galle,2025-10-17,2025-10-18,1,test,29.0,40.0,32.0
Galle,2025-10-24,2025-10-25,1,test,30.0,29.0,34.75
Galle,2025-10-31,2025-11-01,1,test,27.0,30.0,33.25
Galle,2025-11-07,2025-11-08,1,test,36.0,27.0,33.25
Galle,2025-11-14,2025-11-15,1,test,48.0,36.0,31.5
Galle,2025-11-21,2025-11-22,1,test,68.0,48.0,30.5
Galle,2025-11-28,2025-11-29,1,test,68.0,68.0,35.25
Galle,2025-12-05,2025-12-06,1,test,81.0,68.0,44.75
Galle,2025-12-12,2025-12-13,1,test,82.0,81.0,55.0
Gampaha,2025-01-03,2025-01-04,1,test,191.0,186.0,132.0
Gampaha,2025-01-10,2025-01-11,1,test,157.0,191.0,145.25
Gampaha,2025-01-17,2025-01-18,1,test,184.0,157.0,152.75
Gampaha,2025-01-24,2025-01-25,1,test,162.0,184.0,166.25
Gampaha,2025-01-31,2025-02-01,1,test,131.0,162.0,179.5
Gampaha,2025-02-07,2025-02-08,1,test,131.0,131.0,173.5
Gampaha,2025-02-14,2025-02-15,1,test,132.0,131.0,158.5
Gampaha,2025-02-21,2025-02-22,1,test,119.0,132.0,152.0
Gampaha,2025-02-28,2025-03-01,1,test,142.0,119.0,139.0
Gampaha,2025-03-07,2025-03-08,1,test,132.0,142.0,128.25
Gampaha,2025-03-14,2025-03-15,1,test,125.0,132.0,131.0
Gampaha,2025-03-21,2025-03-22,1,test,135.0,125.0,131.25
Gampaha,2025-03-28,2025-03-29,1,test,135.0,135.0,129.5
Gampaha,2025-04-04,2025-04-05,1,test,137.0,135.0,133.5
Gampaha,2025-04-11,2025-04-12,1,test,171.0,137.0,131.75
Gampaha,2025-04-18,2025-04-19,1,test,166.0,171.0,133.0
Gampaha,2025-04-25,2025-04-26,1,test,158.0,166.0,144.5
Gampaha,2025-05-02,2025-05-03,1,test,194.0,158.0,152.25
Gampaha,2025-05-09,2025-05-10,1,test,224.0,194.0,158.0
Gampaha,2025-05-16,2025-05-17,1,test,208.0,224.0,172.25
Gampaha,2025-05-23,2025-05-24,1,test,197.0,208.0,185.5
Gampaha,2025-05-30,2025-05-31,1,test,228.0,197.0,196.0
Gampaha,2025-06-06,2025-06-07,1,test,207.0,228.0,205.75
Gampaha,2025-06-13,2025-06-14,1,test,217.0,207.0,214.25
Gampaha,2025-06-20,2025-06-21,1,test,167.0,217.0,210.0
Gampaha,2025-06-27,2025-06-28,1,test,181.0,167.0,212.25
Gampaha,2025-07-04,2025-07-05,1,test,154.0,181.0,204.75
Gampaha,2025-07-11,2025-07-12,1,test,193.0,154.0,193.0
Gampaha,2025-07-18,2025-07-19,1,test,175.0,193.0,179.75
Gampaha,2025-07-25,2025-07-26,1,test,148.0,175.0,173.75
Gampaha,2025-08-01,2025-08-02,1,test,96.0,148.0,175.75
Gampaha,2025-08-08,2025-08-09,1,test,91.0,96.0,167.5
Gampaha,2025-08-15,2025-08-16,1,test,108.0,91.0,153.0
Gampaha,2025-08-22,2025-08-23,1,test,63.0,108.0,127.5
Gampaha,2025-08-29,2025-08-30,1,test,58.0,63.0,110.75
Gampaha,2025-09-05,2025-09-06,1,test,92.0,58.0,89.5
Gampaha,2025-09-12,2025-09-13,1,test,93.0,92.0,80.0
Gampaha,2025-09-19,2025-09-20,1,test,78.0,93.0,80.25
Gampaha,2025-09-26,2025-09-27,1,test,56.0,78.0,76.5
Gampaha,2025-10-03,2025-10-04,1,test,82.0,56.0,80.25
Gampaha,2025-10-10,2025-10-11,1,test,83.0,82.0,79.75
Gampaha,2025-10-17,2025-10-18,1,test,95.0,83.0,77.25
Gampaha,2025-10-24,2025-10-25,1,test,112.0,95.0,74.75
Gampaha,2025-10-31,2025-11-01,1,test,128.0,112.0,79.0
Gampaha,2025-11-07,2025-11-08,1,test,131.0,128.0,93.0
Gampaha,2025-11-14,2025-11-15,1,test,159.0,131.0,104.5
Gampaha,2025-11-21,2025-11-22,1,test,138.0,159.0,116.5
Gampaha,2025-11-28,2025-11-29,1,test,186.0,138.0,132.5
Gampaha,2025-12-05,2025-12-06,1,test,202.0,186.0,139.0
Gampaha,2025-12-12,2025-12-13,1,test,214.0,202.0,153.5
Hambantota,2025-01-03,2025-01-04,1,test,35.0,36.0,17.5
Hambantota,2025-01-10,2025-01-11,1,test,32.0,35.0,22.75
Hambantota,2025-01-17,2025-01-18,1,test,24.0,32.0,28.5
Hambantota,2025-01-24,2025-01-25,1,test,22.0,24.0,31.0
Hambantota,2025-01-31,2025-02-01,1,test,15.0,22.0,31.75
Hambantota,2025-02-07,2025-02-08,1,test,15.0,15.0,28.25
Hambantota,2025-02-14,2025-02-15,1,test,10.0,15.0,23.25
Hambantota,2025-02-21,2025-02-22,1,test,12.0,10.0,19.0
Hambantota,2025-02-28,2025-03-01,1,test,17.0,12.0,15.5
Hambantota,2025-03-07,2025-03-08,1,test,14.0,17.0,13.0
Hambantota,2025-03-14,2025-03-15,1,test,18.0,14.0,13.5
Hambantota,2025-03-21,2025-03-22,1,test,12.0,18.0,13.25
Hambantota,2025-03-28,2025-03-29,1,test,13.0,12.0,15.25
Hambantota,2025-04-04,2025-04-05,1,test,10.0,13.0,15.25
Hambantota,2025-04-11,2025-04-12,1,test,12.0,10.0,14.25
Hambantota,2025-04-18,2025-04-19,1,test,23.0,12.0,13.25
Hambantota,2025-04-25,2025-04-26,1,test,24.0,23.0,11.75
Hambantota,2025-05-02,2025-05-03,1,test,16.0,24.0,14.5
Hambantota,2025-05-09,2025-05-10,1,test,20.0,16.0,17.25
Hambantota,2025-05-16,2025-05-17,1,test,20.0,20.0,18.75
Hambantota,2025-05-23,2025-05-24,1,test,8.0,20.0,20.75
Hambantota,2025-05-30,2025-05-31,1,test,24.0,8.0,20.0
Hambantota,2025-06-06,2025-06-07,1,test,15.0,24.0,16.0
Hambantota,2025-06-13,2025-06-14,1,test,22.0,15.0,18.0
Hambantota,2025-06-20,2025-06-21,1,test,21.0,22.0,16.75
Hambantota,2025-06-27,2025-06-28,1,test,24.0,21.0,17.25
Hambantota,2025-07-04,2025-07-05,1,test,31.0,24.0,20.5
Hambantota,2025-07-11,2025-07-12,1,test,46.0,31.0,20.5
Hambantota,2025-07-18,2025-07-19,1,test,31.0,46.0,24.5
Hambantota,2025-07-25,2025-07-26,1,test,24.0,31.0,30.5
Hambantota,2025-08-01,2025-08-02,1,test,17.0,24.0,33.0
Hambantota,2025-08-08,2025-08-09,1,test,15.0,17.0,33.0
Hambantota,2025-08-15,2025-08-16,1,test,7.0,15.0,29.5
Hambantota,2025-08-22,2025-08-23,1,test,18.0,7.0,21.75
Hambantota,2025-08-29,2025-08-30,1,test,9.0,18.0,15.75
Hambantota,2025-09-05,2025-09-06,1,test,9.0,9.0,14.25
Hambantota,2025-09-12,2025-09-13,1,test,7.0,9.0,12.25
Hambantota,2025-09-19,2025-09-20,1,test,19.0,7.0,10.75
Hambantota,2025-09-26,2025-09-27,1,test,15.0,19.0,10.75
Hambantota,2025-10-03,2025-10-04,1,test,10.0,15.0,11.0
Hambantota,2025-10-10,2025-10-11,1,test,10.0,10.0,12.5
Hambantota,2025-10-17,2025-10-18,1,test,6.0,10.0,12.75
Hambantota,2025-10-24,2025-10-25,1,test,14.0,6.0,13.5
Hambantota,2025-10-31,2025-11-01,1,test,18.0,14.0,10.25
Hambantota,2025-11-07,2025-11-08,1,test,14.0,18.0,10.0
Hambantota,2025-11-14,2025-11-15,1,test,15.0,14.0,12.0
Hambantota,2025-11-21,2025-11-22,1,test,13.0,15.0,13.0
Hambantota,2025-11-28,2025-11-29,1,test,24.0,13.0,15.25
Hambantota,2025-12-05,2025-12-06,1,test,28.0,24.0,15.0
Hambantota,2025-12-12,2025-12-13,1,test,42.0,28.0,16.5
Jaffna,2025-01-03,2025-01-04,1,test,52.0,58.0,61.75
Jaffna,2025-01-10,2025-01-11,1,test,37.0,52.0,67.5
Jaffna,2025-01-17,2025-01-18,1,test,57.0,37.0,65.5
Jaffna,2025-01-24,2025-01-25,1,test,39.0,57.0,55.75
Jaffna,2025-01-31,2025-02-01,1,test,35.0,39.0,51.0
Jaffna,2025-02-07,2025-02-08,1,test,35.0,35.0,46.25
Jaffna,2025-02-14,2025-02-15,1,test,30.0,35.0,42.0
Jaffna,2025-02-21,2025-02-22,1,test,28.0,30.0,41.5
Jaffna,2025-02-28,2025-03-01,1,test,15.0,28.0,34.75
Jaffna,2025-03-07,2025-03-08,1,test,23.0,15.0,32.0
Jaffna,2025-03-14,2025-03-15,1,test,25.0,23.0,27.0
Jaffna,2025-03-21,2025-03-22,1,test,24.0,25.0,24.0
Jaffna,2025-03-28,2025-03-29,1,test,15.0,24.0,22.75
Jaffna,2025-04-04,2025-04-05,1,test,11.0,15.0,21.75
Jaffna,2025-04-11,2025-04-12,1,test,18.0,11.0,21.75
Jaffna,2025-04-18,2025-04-19,1,test,44.0,18.0,18.75
Jaffna,2025-04-25,2025-04-26,1,test,20.0,44.0,17.0
Jaffna,2025-05-02,2025-05-03,1,test,18.0,20.0,22.0
Jaffna,2025-05-09,2025-05-10,1,test,27.0,18.0,23.25
Jaffna,2025-05-16,2025-05-17,1,test,35.0,27.0,25.0
Jaffna,2025-05-23,2025-05-24,1,test,20.0,35.0,27.25
Jaffna,2025-05-30,2025-05-31,1,test,26.0,20.0,25.0
Jaffna,2025-06-06,2025-06-07,1,test,25.0,26.0,25.0
Jaffna,2025-06-13,2025-06-14,1,test,24.0,25.0,27.0
Jaffna,2025-06-20,2025-06-21,1,test,12.0,24.0,26.5
Jaffna,2025-06-27,2025-06-28,1,test,17.0,12.0,23.75
Jaffna,2025-07-04,2025-07-05,1,test,26.0,17.0,21.75
Jaffna,2025-07-11,2025-07-12,1,test,31.0,26.0,19.5
Jaffna,2025-07-18,2025-07-19,1,test,19.0,31.0,19.75
Jaffna,2025-07-25,2025-07-26,1,test,15.0,19.0,21.5
Jaffna,2025-08-01,2025-08-02,1,test,9.0,15.0,23.25
Jaffna,2025-08-08,2025-08-09,1,test,20.0,9.0,22.75
Jaffna,2025-08-15,2025-08-16,1,test,6.0,20.0,18.5
Jaffna,2025-08-22,2025-08-23,1,test,12.0,6.0,15.75
Jaffna,2025-08-29,2025-08-30,1,test,22.0,12.0,12.5
Jaffna,2025-09-05,2025-09-06,1,test,14.0,22.0,11.75
Jaffna,2025-09-12,2025-09-13,1,test,5.0,14.0,15.0
Jaffna,2025-09-19,2025-09-20,1,test,14.0,5.0,13.5
Jaffna,2025-09-26,2025-09-27,1,test,18.0,14.0,13.25
Jaffna,2025-10-03,2025-10-04,1,test,19.0,18.0,13.75
Jaffna,2025-10-10,2025-10-11,1,test,26.0,19.0,12.75
Jaffna,2025-10-17,2025-10-18,1,test,26.0,26.0,14.0
Jaffna,2025-10-24,2025-10-25,1,test,55.0,26.0,19.25
Jaffna,2025-10-31,2025-11-01,1,test,54.0,55.0,22.25
Jaffna,2025-11-07,2025-11-08,1,test,54.0,54.0,31.5
Jaffna,2025-11-14,2025-11-15,1,test,57.0,54.0,40.25
Jaffna,2025-11-21,2025-11-22,1,test,49.0,57.0,47.25
Jaffna,2025-11-28,2025-11-29,1,test,58.0,49.0,55.0
Jaffna,2025-12-05,2025-12-06,1,test,78.0,58.0,53.5
Jaffna,2025-12-12,2025-12-13,1,test,76.0,78.0,54.5
Kalutara,2025-01-03,2025-01-04,1,test,24.0,65.0,35.75
Kalutara,2025-01-10,2025-01-11,1,test,51.0,24.0,45.0
Kalutara,2025-01-17,2025-01-18,1,test,38.0,51.0,43.0
Kalutara,2025-01-24,2025-01-25,1,test,29.0,38.0,43.5
Kalutara,2025-01-31,2025-02-01,1,test,29.0,29.0,44.5
Kalutara,2025-02-07,2025-02-08,1,test,29.0,29.0,35.5
Kalutara,2025-02-14,2025-02-15,1,test,44.0,29.0,36.75
Kalutara,2025-02-21,2025-02-22,1,test,31.0,44.0,31.25
Kalutara,2025-02-28,2025-03-01,1,test,43.0,31.0,32.75
Kalutara,2025-03-07,2025-03-08,1,test,37.0,43.0,33.25
Kalutara,2025-03-14,2025-03-15,1,test,35.0,37.0,36.75
Kalutara,2025-03-21,2025-03-22,1,test,30.0,35.0,38.75
Kalutara,2025-03-28,2025-03-29,1,test,39.0,30.0,36.5
Kalutara,2025-04-04,2025-04-05,1,test,36.0,39.0,36.25
Kalutara,2025-04-11,2025-04-12,1,test,42.0,36.0,35.25
Kalutara,2025-04-18,2025-04-19,1,test,64.0,42.0,35.0
Kalutara,2025-04-25,2025-04-26,1,test,59.0,64.0,36.75
Kalutara,2025-05-02,2025-05-03,1,test,63.0,59.0,45.25
Kalutara,2025-05-09,2025-05-10,1,test,35.0,63.0,50.25
Kalutara,2025-05-16,2025-05-17,1,test,92.0,35.0,57.0
Kalutara,2025-05-23,2025-05-24,1,test,71.0,92.0,55.25
Kalutara,2025-05-30,2025-05-31,1,test,68.0,71.0,62.25
Kalutara,2025-06-06,2025-06-07,1,test,74.0,68.0,65.25
Kalutara,2025-06-13,2025-06-14,1,test,62.0,74.0,66.5
Kalutara,2025-06-20,2025-06-21,1,test,92.0,62.0,76.25
Kalutara,2025-06-27,2025-06-28,1,test,57.0,92.0,68.75
Kalutara,2025-07-04,2025-07-05,1,test,66.0,57.0,74.0
Kalutara,2025-07-11,2025-07-12,1,test,80.0,66.0,71.25
Kalutara,2025-07-18,2025-07-19,1,test,53.0,80.0,69.25
Kalutara,2025-07-25,2025-07-26,1,test,30.0,53.0,73.75
Kalutara,2025-08-01,2025-08-02,1,test,47.0,30.0,64.0
Kalutara,2025-08-08,2025-08-09,1,test,56.0,47.0,57.25
Kalutara,2025-08-15,2025-08-16,1,test,39.0,56.0,52.5
Kalutara,2025-08-22,2025-08-23,1,test,40.0,39.0,46.5
Kalutara,2025-08-29,2025-08-30,1,test,34.0,40.0,43.0
Kalutara,2025-09-05,2025-09-06,1,test,32.0,34.0,45.5
Kalutara,2025-09-12,2025-09-13,1,test,27.0,32.0,42.25
Kalutara,2025-09-19,2025-09-20,1,test,43.0,27.0,36.25
Kalutara,2025-09-26,2025-09-27,1,test,32.0,43.0,33.25
Kalutara,2025-10-03,2025-10-04,1,test,35.0,32.0,34.0
Kalutara,2025-10-10,2025-10-11,1,test,24.0,35.0,33.5
Kalutara,2025-10-17,2025-10-18,1,test,35.0,24.0,34.25
Kalutara,2025-10-24,2025-10-25,1,test,32.0,35.0,33.5
Kalutara,2025-10-31,2025-11-01,1,test,27.0,32.0,31.5
Kalutara,2025-11-07,2025-11-08,1,test,35.0,27.0,31.5
Kalutara,2025-11-14,2025-11-15,1,test,34.0,35.0,29.5
Kalutara,2025-11-21,2025-11-22,1,test,57.0,34.0,32.25
Kalutara,2025-11-28,2025-11-29,1,test,63.0,57.0,32.0
Kalutara,2025-12-05,2025-12-06,1,test,53.0,63.0,38.25
Kalutara,2025-12-12,2025-12-13,1,test,85.0,53.0,47.25
Kandy,2025-01-03,2025-01-04,1,test,65.0,66.0,69.25
Kandy,2025-01-10,2025-01-11,1,test,77.0,65.0,68.0
Kandy,2025-01-17,2025-01-18,1,test,62.0,77.0,66.0
Kandy,2025-01-24,2025-01-25,1,test,80.0,62.0,71.0
Kandy,2025-01-31,2025-02-01,1,test,50.0,80.0,67.5
Kandy,2025-02-07,2025-02-08,1,test,50.0,50.0,71.0
Kandy,2025-02-14,2025-02-15,1,test,63.0,50.0,67.25
Kandy,2025-02-21,2025-02-22,1,test,58.0,63.0,60.5
Kandy,2025-02-28,2025-03-01,1,test,49.0,58.0,60.75
Kandy,2025-03-07,2025-03-08,1,test,59.0,49.0,55.25
Kandy,2025-03-14,2025-03-15,1,test,59.0,59.0,55.0
Kandy,2025-03-21,2025-03-22,1,test,56.0,59.0,57.25
Kandy,2025-03-28,2025-03-29,1,test,65.0,56.0,56.25
Kandy,2025-04-04,2025-04-05,1,test,50.0,65.0,55.75
Kandy,2025-04-11,2025-04-12,1,test,53.0,50.0,59.75
Kandy,2025-04-18,2025-04-19,1,test,73.0,53.0,57.5
Kandy,2025-04-25,2025-04-26,1,test,60.0,73.0,56.0
Kandy,2025-05-02,2025-05-03,1,test,77.0,60.0,60.25
Kandy,2025-05-09,2025-05-10,1,test,98.0,77.0,59.0
Kandy,2025-05-16,2025-05-17,1,test,126.0,98.0,65.75
Kandy,2025-05-23,2025-05-24,1,test,105.0,126.0,77.0
Kandy,2025-05-30,2025-05-31,1,test,126.0,105.0,90.25
Kandy,2025-06-06,2025-06-07,1,test,118.0,126.0,101.5
Kandy,2025-06-13,2025-06-14,1,test,192.0,118.0,113.75
Kandy,2025-06-20,2025-06-21,1,test,161.0,192.0,118.75
Kandy,2025-06-27,2025-06-28,1,test,174.0,161.0,135.25
Kandy,2025-07-04,2025-07-05,1,test,141.0,174.0,149.25
Kandy,2025-07-11,2025-07-12,1,test,184.0,141.0,161.25
Kandy,2025-07-18,2025-07-19,1,test,168.0,184.0,167.0
Kandy,2025-07-25,2025-07-26,1,test,107.0,168.0,165.0
Kandy,2025-08-01,2025-08-02,1,test,145.0,107.0,166.75
Kandy,2025-08-08,2025-08-09,1,test,80.0,145.0,150.0
Kandy,2025-08-15,2025-08-16,1,test,92.0,80.0,151.0
Kandy,2025-08-22,2025-08-23,1,test,94.0,92.0,125.0
Kandy,2025-08-29,2025-08-30,1,test,87.0,94.0,106.0
Kandy,2025-09-05,2025-09-06,1,test,60.0,87.0,102.75
Kandy,2025-09-12,2025-09-13,1,test,79.0,60.0,88.25
Kandy,2025-09-19,2025-09-20,1,test,37.0,79.0,83.25
Kandy,2025-09-26,2025-09-27,1,test,39.0,37.0,80.0
Kandy,2025-10-03,2025-10-04,1,test,44.0,39.0,65.75
Kandy,2025-10-10,2025-10-11,1,test,44.0,44.0,53.75
Kandy,2025-10-17,2025-10-18,1,test,52.0,44.0,49.75
Kandy,2025-10-24,2025-10-25,1,test,58.0,52.0,41.0
Kandy,2025-10-31,2025-11-01,1,test,56.0,58.0,44.75
Kandy,2025-11-07,2025-11-08,1,test,71.0,56.0,49.5
Kandy,2025-11-14,2025-11-15,1,test,88.0,71.0,52.5
Kandy,2025-11-21,2025-11-22,1,test,60.0,88.0,59.25
Kandy,2025-11-28,2025-11-29,1,test,50.0,60.0,68.25
Kandy,2025-12-05,2025-12-06,1,test,82.0,50.0,68.75
Kandy,2025-12-12,2025-12-13,1,test,85.0,82.0,67.25
Kegalle,2025-01-03,2025-01-04,1,test,40.0,64.0,24.0
Kegalle,2025-01-10,2025-01-11,1,test,34.0,40.0,34.75
Kegalle,2025-01-17,2025-01-18,1,test,26.0,34.0,41.25
Kegalle,2025-01-24,2025-01-25,1,test,24.0,26.0,45.5
Kegalle,2025-01-31,2025-02-01,1,test,29.0,24.0,41.0
Kegalle,2025-02-07,2025-02-08,1,test,29.0,29.0,31.0
Kegalle,2025-02-14,2025-02-15,1,test,35.0,29.0,28.25
Kegalle,2025-02-21,2025-02-22,1,test,22.0,35.0,27.0
Kegalle,2025-02-28,2025-03-01,1,test,43.0,22.0,29.25
Kegalle,2025-03-07,2025-03-08,1,test,20.0,43.0,28.75
Kegalle,2025-03-14,2025-03-15,1,test,32.0,20.0,32.25
Kegalle,2025-03-21,2025-03-22,1,test,24.0,32.0,30.0
Kegalle,2025-03-28,2025-03-29,1,test,20.0,24.0,29.25
Kegalle,2025-04-04,2025-04-05,1,test,29.0,20.0,29.75
Kegalle,2025-04-11,2025-04-12,1,test,13.0,29.0,24.0
Kegalle,2025-04-18,2025-04-19,1,test,35.0,13.0,26.25
Kegalle,2025-04-25,2025-04-26,1,test,38.0,35.0,21.5
Kegalle,2025-05-02,2025-05-03,1,test,43.0,38.0,24.25
Kegalle,2025-05-09,2025-05-10,1,test,45.0,43.0,28.75
Kegalle,2025-05-16,2025-05-17,1,test,43.0,45.0,32.25
Kegalle,2025-05-23,2025-05-24,1,test,61.0,43.0,40.25
Kegalle,2025-05-30,2025-05-31,1,test,54.0,61.0,42.25
Kegalle,2025-06-06,2025-06-07,1,test,46.0,54.0,48.0
Kegalle,2025-06-13,2025-06-14,1,test,48.0,46.0,50.75
Kegalle,2025-06-20,2025-06-21,1,test,35.0,48.0,51.0
Kegalle,2025-06-27,2025-06-28,1,test,39.0,35.0,52.25
Kegalle,2025-07-04,2025-07-05,1,test,30.0,39.0,45.75
Kegalle,2025-07-11,2025-07-12,1,test,41.0,30.0,42.0
Kegalle,2025-07-18,2025-07-19,1,test,33.0,41.0,38.0
Kegalle,2025-07-25,2025-07-26,1,test,29.0,33.0,36.25
Kegalle,2025-08-01,2025-08-02,1,test,31.0,29.0,35.75
Kegalle,2025-08-08,2025-08-09,1,test,19.0,31.0,33.25
Kegalle,2025-08-15,2025-08-16,1,test,24.0,19.0,33.5
Kegalle,2025-08-22,2025-08-23,1,test,27.0,24.0,28.0
Kegalle,2025-08-29,2025-08-30,1,test,19.0,27.0,25.75
Kegalle,2025-09-05,2025-09-06,1,test,67.0,19.0,25.25
Kegalle,2025-09-12,2025-09-13,1,test,20.0,67.0,22.25
Kegalle,2025-09-19,2025-09-20,1,test,18.0,20.0,34.25
Kegalle,2025-09-26,2025-09-27,1,test,19.0,18.0,33.25
Kegalle,2025-10-03,2025-10-04,1,test,18.0,19.0,31.0
Kegalle,2025-10-10,2025-10-11,1,test,11.0,18.0,31.0
Kegalle,2025-10-17,2025-10-18,1,test,17.0,11.0,18.75
Kegalle,2025-10-24,2025-10-25,1,test,19.0,17.0,16.5
Kegalle,2025-10-31,2025-11-01,1,test,17.0,19.0,16.25
Kegalle,2025-11-07,2025-11-08,1,test,18.0,17.0,16.25
Kegalle,2025-11-14,2025-11-15,1,test,34.0,18.0,16.0
Kegalle,2025-11-21,2025-11-22,1,test,30.0,34.0,17.75
Kegalle,2025-11-28,2025-11-29,1,test,18.0,30.0,22.0
Kegalle,2025-12-05,2025-12-06,1,test,36.0,18.0,24.75
Kegalle,2025-12-12,2025-12-13,1,test,37.0,36.0,25.0
Kilinochchi,2025-01-03,2025-01-04,1,test,8.0,5.0,5.0
Kilinochchi,2025-01-10,2025-01-11,1,test,3.0,8.0,6.0
Kilinochchi,2025-01-17,2025-01-18,1,test,6.0,3.0,6.0
Kilinochchi,2025-01-24,2025-01-25,1,test,3.0,6.0,5.25
Kilinochchi,2025-01-31,2025-02-01,1,test,2.0,3.0,5.5
Kilinochchi,2025-02-07,2025-02-08,1,test,2.0,2.0,5.0
Kilinochchi,2025-02-14,2025-02-15,1,test,2.0,2.0,3.5
Kilinochchi,2025-02-21,2025-02-22,1,test,1.0,2.0,3.25
Kilinochchi,2025-02-28,2025-03-01,1,test,3.0,1.0,2.25
Kilinochchi,2025-03-07,2025-03-08,1,test,6.0,3.0,1.75
Kilinochchi,2025-03-14,2025-03-15,1,test,0.0,6.0,2.0
Kilinochchi,2025-03-21,2025-03-22,1,test,2.0,0.0,3.0
Kilinochchi,2025-03-28,2025-03-29,1,test,0.0,2.0,2.5
Kilinochchi,2025-04-04,2025-04-05,1,test,1.0,0.0,2.75
Kilinochchi,2025-04-11,2025-04-12,1,test,1.0,1.0,2.0
Kilinochchi,2025-04-18,2025-04-19,1,test,7.0,1.0,0.75
Kilinochchi,2025-04-25,2025-04-26,1,test,1.0,7.0,1.0
Kilinochchi,2025-05-02,2025-05-03,1,test,1.0,1.0,2.25
Kilinochchi,2025-05-09,2025-05-10,1,test,4.0,1.0,2.5
Kilinochchi,2025-05-16,2025-05-17,1,test,2.0,4.0,2.5
Kilinochchi,2025-05-23,2025-05-24,1,test,2.0,2.0,3.25
Kilinochchi,2025-05-30,2025-05-31,1,test,1.0,2.0,2.0
Kilinochchi,2025-06-06,2025-06-07,1,test,2.0,1.0,2.25
Kilinochchi,2025-06-13,2025-06-14,1,test,0.0,2.0,2.25
Kilinochchi,2025-06-20,2025-06-21,1,test,1.0,0.0,1.75
Kilinochchi,2025-06-27,2025-06-28,1,test,2.0,1.0,1.25
Kilinochchi,2025-07-04,2025-07-05,1,test,0.0,2.0,1.0
Kilinochchi,2025-07-11,2025-07-12,1,test,3.0,0.0,1.25
Kilinochchi,2025-07-18,2025-07-19,1,test,1.0,3.0,0.75
Kilinochchi,2025-07-25,2025-07-26,1,test,0.0,1.0,1.5
Kilinochchi,2025-08-01,2025-08-02,1,test,0.0,0.0,1.5
Kilinochchi,2025-08-08,2025-08-09,1,test,2.0,0.0,1.0
Kilinochchi,2025-08-15,2025-08-16,1,test,0.0,2.0,1.0
Kilinochchi,2025-08-22,2025-08-23,1,test,0.0,0.0,0.75
Kilinochchi,2025-08-29,2025-08-30,1,test,2.0,0.0,0.5
Kilinochchi,2025-09-05,2025-09-06,1,test,1.0,2.0,0.5
Kilinochchi,2025-09-12,2025-09-13,1,test,1.0,1.0,1.0
Kilinochchi,2025-09-19,2025-09-20,1,test,0.0,1.0,0.75
Kilinochchi,2025-09-26,2025-09-27,1,test,3.0,0.0,1.0
Kilinochchi,2025-10-03,2025-10-04,1,test,4.0,3.0,1.0
Kilinochchi,2025-10-10,2025-10-11,1,test,2.0,4.0,1.25
Kilinochchi,2025-10-17,2025-10-18,1,test,2.0,2.0,2.0
Kilinochchi,2025-10-24,2025-10-25,1,test,2.0,2.0,2.25
Kilinochchi,2025-10-31,2025-11-01,1,test,6.0,2.0,2.75
Kilinochchi,2025-11-07,2025-11-08,1,test,5.0,6.0,2.5
Kilinochchi,2025-11-14,2025-11-15,1,test,3.0,5.0,3.0
Kilinochchi,2025-11-21,2025-11-22,1,test,1.0,3.0,3.75
Kilinochchi,2025-11-28,2025-11-29,1,test,4.0,1.0,4.0
Kilinochchi,2025-12-05,2025-12-06,1,test,10.0,4.0,3.75
Kilinochchi,2025-12-12,2025-12-13,1,test,5.0,10.0,3.25
Kurunegala,2025-01-03,2025-01-04,1,test,39.0,26.0,20.5
Kurunegala,2025-01-10,2025-01-11,1,test,30.0,39.0,22.75
Kurunegala,2025-01-17,2025-01-18,1,test,34.0,30.0,29.0
Kurunegala,2025-01-24,2025-01-25,1,test,18.0,34.0,30.25
Kurunegala,2025-01-31,2025-02-01,1,test,27.0,18.0,32.25
Kurunegala,2025-02-07,2025-02-08,1,test,27.0,27.0,30.25
Kurunegala,2025-02-14,2025-02-15,1,test,20.0,27.0,27.25
Kurunegala,2025-02-21,2025-02-22,1,test,25.0,20.0,26.5
Kurunegala,2025-02-28,2025-03-01,1,test,17.0,25.0,23.0
Kurunegala,2025-03-07,2025-03-08,1,test,23.0,17.0,24.75
Kurunegala,2025-03-14,2025-03-15,1,test,21.0,23.0,22.25
Kurunegala,2025-03-21,2025-03-22,1,test,19.0,21.0,21.25
Kurunegala,2025-03-28,2025-03-29,1,test,19.0,19.0,21.5
Kurunegala,2025-04-04,2025-04-05,1,test,17.0,19.0,20.0
Kurunegala,2025-04-11,2025-04-12,1,test,13.0,17.0,20.5
Kurunegala,2025-04-18,2025-04-19,1,test,53.0,13.0,19.0
Kurunegala,2025-04-25,2025-04-26,1,test,34.0,53.0,17.0
Kurunegala,2025-05-02,2025-05-03,1,test,30.0,34.0,25.5
Kurunegala,2025-05-09,2025-05-10,1,test,44.0,30.0,29.25
Kurunegala,2025-05-16,2025-05-17,1,test,47.0,44.0,32.5
Kurunegala,2025-05-23,2025-05-24,1,test,60.0,47.0,40.25
Kurunegala,2025-05-30,2025-05-31,1,test,43.0,60.0,38.75
Kurunegala,2025-06-06,2025-06-07,1,test,68.0,43.0,45.25
Kurunegala,2025-06-13,2025-06-14,1,test,77.0,68.0,48.5
Kurunegala,2025-06-20,2025-06-21,1,test,70.0,77.0,54.5
Kurunegala,2025-06-27,2025-06-28,1,test,51.0,70.0,62.0
Kurunegala,2025-07-04,2025-07-05,1,test,50.0,51.0,64.5
Kurunegala,2025-07-11,2025-07-12,1,test,49.0,50.0,66.5
Kurunegala,2025-07-18,2025-07-19,1,test,84.0,49.0,62.0
Kurunegala,2025-07-25,2025-07-26,1,test,39.0,84.0,55.0
Kurunegala,2025-08-01,2025-08-02,1,test,37.0,39.0,58.5
Kurunegala,2025-08-08,2025-08-09,1,test,23.0,37.0,55.5
Kurunegala,2025-08-15,2025-08-16,1,test,24.0,23.0,52.25
Kurunegala,2025-08-22,2025-08-23,1,test,24.0,24.0,45.75
Kurunegala,2025-08-29,2025-08-30,1,test,8.0,24.0,30.75
Kurunegala,2025-09-05,2025-09-06,1,test,19.0,8.0,27.0
Kurunegala,2025-09-12,2025-09-13,1,test,15.0,19.0,19.75
Kurunegala,2025-09-19,2025-09-20,1,test,19.0,15.0,18.75
Kurunegala,2025-09-26,2025-09-27,1,test,8.0,19.0,16.5
Kurunegala,2025-10-03,2025-10-04,1,test,15.0,8.0,15.25
Kurunegala,2025-10-10,2025-10-11,1,test,24.0,15.0,15.25
Kurunegala,2025-10-17,2025-10-18,1,test,17.0,24.0,14.25
Kurunegala,2025-10-24,2025-10-25,1,test,15.0,17.0,16.5
Kurunegala,2025-10-31,2025-11-01,1,test,13.0,15.0,16.0
Kurunegala,2025-11-07,2025-11-08,1,test,20.0,13.0,17.75
Kurunegala,2025-11-14,2025-11-15,1,test,23.0,20.0,17.25
Kurunegala,2025-11-21,2025-11-22,1,test,21.0,23.0,16.25
Kurunegala,2025-11-28,2025-11-29,1,test,19.0,21.0,17.75
Kurunegala,2025-12-05,2025-12-06,1,test,24.0,19.0,19.25
Kurunegala,2025-12-12,2025-12-13,1,test,32.0,24.0,20.75
Mannar,2025-01-03,2025-01-04,1,test,15.0,11.0,6.0
Mannar,2025-01-10,2025-01-11,1,test,12.0,15.0,8.25
Mannar,2025-01-17,2025-01-18,1,test,7.0,12.0,11.5
Mannar,2025-01-24,2025-01-25,1,test,12.0,7.0,12.5
Mannar,2025-01-31,2025-02-01,1,test,3.0,12.0,11.25
Mannar,2025-02-07,2025-02-08,1,test,3.0,3.0,11.5
Mannar,2025-02-14,2025-02-15,1,test,4.0,3.0,8.5
Mannar,2025-02-21,2025-02-22,1,test,3.0,4.0,6.25
Mannar,2025-02-28,2025-03-01,1,test,0.0,3.0,5.5
Mannar,2025-03-07,2025-03-08,1,test,2.0,0.0,3.25
Mannar,2025-03-14,2025-03-15,1,test,2.0,2.0,2.5
Mannar,2025-03-21,2025-03-22,1,test,4.0,2.0,2.25
Mannar,2025-03-28,2025-03-29,1,test,2.0,4.0,1.75
Mannar,2025-04-04,2025-04-05,1,test,1.0,2.0,2.0
Mannar,2025-04-11,2025-04-12,1,test,2.0,1.0,2.5
Mannar,2025-04-18,2025-04-19,1,test,1.0,2.0,2.25
Mannar,2025-04-25,2025-04-26,1,test,6.0,1.0,2.25
Mannar,2025-05-02,2025-05-03,1,test,1.0,6.0,1.5
Mannar,2025-05-09,2025-05-10,1,test,3.0,1.0,2.5
Mannar,2025-05-16,2025-05-17,1,test,4.0,3.0,2.5
Mannar,2025-05-23,2025-05-24,1,test,2.0,4.0,2.75
Mannar,2025-05-30,2025-05-31,1,test,3.0,2.0,3.5
Mannar,2025-06-06,2025-06-07,1,test,2.0,3.0,2.5
Mannar,2025-06-13,2025-06-14,1,test,4.0,2.0,3.0
Mannar,2025-06-20,2025-06-21,1,test,0.0,4.0,2.75
Mannar,2025-06-27,2025-06-28,1,test,2.0,0.0,2.75
Mannar,2025-07-04,2025-07-05,1,test,1.0,2.0,2.25
Mannar,2025-07-11,2025-07-12,1,test,2.0,1.0,2.0
Mannar,2025-07-18,2025-07-19,1,test,4.0,2.0,1.75
Mannar,2025-07-25,2025-07-26,1,test,2.0,4.0,1.25
Mannar,2025-08-01,2025-08-02,1,test,3.0,2.0,2.25
Mannar,2025-08-08,2025-08-09,1,test,1.0,3.0,2.25
Mannar,2025-08-15,2025-08-16,1,test,1.0,1.0,2.75
Mannar,2025-08-22,2025-08-23,1,test,2.0,1.0,2.5
Mannar,2025-08-29,2025-08-30,1,test,2.0,2.0,1.75
Mannar,2025-09-05,2025-09-06,1,test,2.0,2.0,1.75
Mannar,2025-09-12,2025-09-13,1,test,3.0,2.0,1.5
Mannar,2025-09-19,2025-09-20,1,test,2.0,3.0,1.75
Mannar,2025-09-26,2025-09-27,1,test,0.0,2.0,2.25
Mannar,2025-10-03,2025-10-04,1,test,1.0,0.0,2.25
Mannar,2025-10-10,2025-10-11,1,test,3.0,1.0,1.75
Mannar,2025-10-17,2025-10-18,1,test,5.0,3.0,1.5
Mannar,2025-10-24,2025-10-25,1,test,7.0,5.0,1.5
Mannar,2025-10-31,2025-11-01,1,test,6.0,7.0,2.25
Mannar,2025-11-07,2025-11-08,1,test,12.0,6.0,4.0
Mannar,2025-11-14,2025-11-15,1,test,5.0,12.0,5.25
Mannar,2025-11-21,2025-11-22,1,test,5.0,5.0,7.5
Mannar,2025-11-28,2025-11-29,1,test,0.0,5.0,7.5
Mannar,2025-12-05,2025-12-06,1,test,5.0,0.0,7.0
Mannar,2025-12-12,2025-12-13,1,test,0.0,5.0,5.5
Matale,2025-01-03,2025-01-04,1,test,39.0,52.0,40.25
Matale,2025-01-10,2025-01-11,1,test,44.0,39.0,44.0
Matale,2025-01-17,2025-01-18,1,test,39.0,44.0,44.25
Matale,2025-01-24,2025-01-25,1,test,45.0,39.0,42.25
Matale,2025-01-31,2025-02-01,1,test,38.0,45.0,43.5
Matale,2025-02-07,2025-02-08,1,test,38.0,38.0,41.75
Matale,2025-02-14,2025-02-15,1,test,40.0,38.0,41.5
Matale,2025-02-21,2025-02-22,1,test,28.0,40.0,40.0
Matale,2025-02-28,2025-03-01,1,test,39.0,28.0,40.25
Matale,2025-03-07,2025-03-08,1,test,22.0,39.0,36.0
Matale,2025-03-14,2025-03-15,1,test,20.0,22.0,36.25
Matale,2025-03-21,2025-03-22,1,test,32.0,20.0,32.25
Matale,2025-03-28,2025-03-29,1,test,21.0,32.0,27.25
Matale,2025-04-04,2025-04-05,1,test,30.0,21.0,28.25
Matale,2025-04-11,2025-04-12,1,test,28.0,30.0,23.75
Matale,2025-04-18,2025-04-19,1,test,42.0,28.0,25.75
Matale,2025-04-25,2025-04-26,1,test,28.0,42.0,27.75
Matale,2025-05-02,2025-05-03,1,test,23.0,28.0,30.25
Matale,2025-05-09,2025-05-10,1,test,16.0,23.0,32.0
Matale,2025-05-16,2025-05-17,1,test,20.0,16.0,30.25
Matale,2025-05-23,2025-05-24,1,test,20.0,20.0,27.25
Matale,2025-05-30,2025-05-31,1,test,24.0,20.0,21.75
Matale,2025-06-06,2025-06-07,1,test,17.0,24.0,19.75
Matale,2025-06-13,2025-06-14,1,test,24.0,17.0,20.0
Matale,2025-06-20,2025-06-21,1,test,23.0,24.0,20.25
Matale,2025-06-27,2025-06-28,1,test,14.0,23.0,21.25
Matale,2025-07-04,2025-07-05,1,test,12.0,14.0,22.0
Matale,2025-07-11,2025-07-12,1,test,19.0,12.0,19.5
Matale,2025-07-18,2025-07-19,1,test,27.0,19.0,18.25
Matale,2025-07-25,2025-07-26,1,test,19.0,27.0,17.0
Matale,2025-08-01,2025-08-02,1,test,17.0,19.0,18.0
Matale,2025-08-08,2025-08-09,1,test,13.0,17.0,19.25
Matale,2025-08-15,2025-08-16,1,test,17.0,13.0,20.5
Matale,2025-08-22,2025-08-23,1,test,11.0,17.0,19.0
Matale,2025-08-29,2025-08-30,1,test,31.0,11.0,16.5
Matale,2025-09-05,2025-09-06,1,test,22.0,31.0,14.5
Matale,2025-09-12,2025-09-13,1,test,34.0,22.0,18.0
Matale,2025-09-19,2025-09-20,1,test,24.0,34.0,20.25
Matale,2025-09-26,2025-09-27,1,test,19.0,24.0,24.5
Matale,2025-10-03,2025-10-04,1,test,9.0,19.0,27.75
Matale,2025-10-10,2025-10-11,1,test,15.0,9.0,24.75
Matale,2025-10-17,2025-10-18,1,test,24.0,15.0,21.5
Matale,2025-10-24,2025-10-25,1,test,22.0,24.0,16.75
Matale,2025-10-31,2025-11-01,1,test,12.0,22.0,16.75
Matale,2025-11-07,2025-11-08,1,test,22.0,12.0,17.5
Matale,2025-11-14,2025-11-15,1,test,20.0,22.0,18.25
Matale,2025-11-21,2025-11-22,1,test,15.0,20.0,20.0
Matale,2025-11-28,2025-11-29,1,test,21.0,15.0,19.0
Matale,2025-12-05,2025-12-06,1,test,25.0,21.0,17.25
Matale,2025-12-12,2025-12-13,1,test,16.0,25.0,19.5
Matara,2025-01-03,2025-01-04,1,test,23.0,28.0,16.0
Matara,2025-01-10,2025-01-11,1,test,45.0,23.0,19.25
Matara,2025-01-17,2025-01-18,1,test,32.0,45.0,22.25
Matara,2025-01-24,2025-01-25,1,test,59.0,32.0,30.5
Matara,2025-01-31,2025-02-01,1,test,34.0,59.0,32.0
Matara,2025-02-07,2025-02-08,1,test,34.0,34.0,39.75
Matara,2025-02-14,2025-02-15,1,test,35.0,34.0,42.5
Matara,2025-02-21,2025-02-22,1,test,24.0,35.0,39.75
Matara,2025-02-28,2025-03-01,1,test,50.0,24.0,40.5
Matara,2025-03-07,2025-03-08,1,test,32.0,50.0,31.75
Matara,2025-03-14,2025-03-15,1,test,30.0,32.0,35.75
Matara,2025-03-21,2025-03-22,1,test,44.0,30.0,35.25
Matara,2025-03-28,2025-03-29,1,test,38.0,44.0,34.0
Matara,2025-04-04,2025-04-05,1,test,32.0,38.0,39.0
Matara,2025-04-11,2025-04-12,1,test,35.0,32.0,36.0
Matara,2025-04-18,2025-04-19,1,test,38.0,35.0,36.0
Matara,2025-04-25,2025-04-26,1,test,38.0,38.0,37.25
Matara,2025-05-02,2025-05-03,1,test,17.0,38.0,35.75
Matara,2025-05-09,2025-05-10,1,test,27.0,17.0,35.75
Matara,2025-05-16,2025-05-17,1,test,21.0,27.0,32.0
Matara,2025-05-23,2025-05-24,1,test,26.0,21.0,30.0
Matara,2025-05-30,2025-05-31,1,test,34.0,26.0,25.75
Matara,2025-06-06,2025-06-07,1,test,70.0,34.0,22.75
Matara,2025-06-13,2025-06-14,1,test,39.0,70.0,27.0
Matara,2025-06-20,2025-06-21,1,test,58.0,39.0,37.75
Matara,2025-06-27,2025-06-28,1,test,39.0,58.0,42.25
Matara,2025-07-04,2025-07-05,1,test,28.0,39.0,50.25
Matara,2025-07-11,2025-07-12,1,test,41.0,28.0,51.5
Matara,2025-07-18,2025-07-19,1,test,42.0,41.0,41.0
Matara,2025-07-25,2025-07-26,1,test,30.0,42.0,41.5
Matara,2025-08-01,2025-08-02,1,test,20.0,30.0,37.5
Matara,2025-08-08,2025-08-09,1,test,35.0,20.0,35.25
Matara,2025-08-15,2025-08-16,1,test,26.0,35.0,33.25
Matara,2025-08-22,2025-08-23,1,test,26.0,26.0,31.75
Matara,2025-08-29,2025-08-30,1,test,16.0,26.0,27.75
Matara,2025-09-05,2025-09-06,1,test,18.0,16.0,26.75
Matara,2025-09-12,2025-09-13,1,test,12.0,18.0,25.75
Matara,2025-09-19,2025-09-20,1,test,12.0,12.0,21.5
Matara,2025-09-26,2025-09-27,1,test,12.0,12.0,18.0
Matara,2025-10-03,2025-10-04,1,test,20.0,12.0,14.5
Matara,2025-10-10,2025-10-11,1,test,22.0,20.0,13.5
Matara,2025-10-17,2025-10-18,1,test,10.0,22.0,14.0
Matara,2025-10-24,2025-10-25,1,test,23.0,10.0,16.5
Matara,2025-10-31,2025-11-01,1,test,17.0,23.0,16.0
Matara,2025-11-07,2025-11-08,1,test,36.0,17.0,18.75
Matara,2025-11-14,2025-11-15,1,test,22.0,36.0,18.0
Matara,2025-11-21,2025-11-22,1,test,37.0,22.0,21.5
Matara,2025-11-28,2025-11-29,1,test,45.0,37.0,24.5
Matara,2025-12-05,2025-12-06,1,test,67.0,45.0,28.0
Matara,2025-12-12,2025-12-13,1,test,44.0,67.0,35.0
Monaragala,2025-01-03,2025-01-04,1,test,26.0,25.0,15.25
Monaragala,2025-01-10,2025-01-11,1,test,23.0,26.0,18.25
Monaragala,2025-01-17,2025-01-18,1,test,24.0,23.0,19.25
Monaragala,2025-01-24,2025-01-25,1,test,20.0,24.0,21.75
Monaragala,2025-01-31,2025-02-01,1,test,6.0,20.0,24.5
Monaragala,2025-02-07,2025-02-08,1,test,6.0,6.0,23.25
Monaragala,2025-02-14,2025-02-15,1,test,15.0,6.0,18.25
Monaragala,2025-02-21,2025-02-22,1,test,10.0,15.0,14.0
Monaragala,2025-02-28,2025-03-01,1,test,17.0,10.0,11.75
Monaragala,2025-03-07,2025-03-08,1,test,23.0,17.0,9.25
Monaragala,2025-03-14,2025-03-15,1,test,24.0,23.0,12.0
Monaragala,2025-03-21,2025-03-22,1,test,21.0,24.0,16.25
Monaragala,2025-03-28,2025-03-29,1,test,15.0,21.0,18.5
Monaragala,2025-04-04,2025-04-05,1,test,29.0,15.0,21.25
Monaragala,2025-04-11,2025-04-12,1,test,27.0,29.0,20.75
Monaragala,2025-04-18,2025-04-19,1,test,12.0,27.0,22.25
Monaragala,2025-04-25,2025-04-26,1,test,22.0,12.0,23.0
Monaragala,2025-05-02,2025-05-03,1,test,10.0,22.0,20.75
Monaragala,2025-05-09,2025-05-10,1,test,17.0,10.0,22.5
Monaragala,2025-05-16,2025-05-17,1,test,15.0,17.0,17.75
Monaragala,2025-05-23,2025-05-24,1,test,26.0,15.0,15.25
Monaragala,2025-05-30,2025-05-31,1,test,29.0,26.0,16.0
Monaragala,2025-06-06,2025-06-07,1,test,26.0,29.0,17.0
Monaragala,2025-06-13,2025-06-14,1,test,24.0,26.0,21.75
Monaragala,2025-06-20,2025-06-21,1,test,27.0,24.0,24.0
Monaragala,2025-06-27,2025-06-28,1,test,12.0,27.0,26.25
Monaragala,2025-07-04,2025-07-05,1,test,13.0,12.0,26.5
Monaragala,2025-07-11,2025-07-12,1,test,19.0,13.0,22.25
Monaragala,2025-07-18,2025-07-19,1,test,17.0,19.0,19.0
Monaragala,2025-07-25,2025-07-26,1,test,17.0,17.0,17.75
Monaragala,2025-08-01,2025-08-02,1,test,11.0,17.0,15.25
Monaragala,2025-08-08,2025-08-09,1,test,17.0,11.0,16.5
Monaragala,2025-08-15,2025-08-16,1,test,8.0,17.0,16.0
Monaragala,2025-08-22,2025-08-23,1,test,16.0,8.0,15.5
Monaragala,2025-08-29,2025-08-30,1,test,3.0,16.0,13.25
Monaragala,2025-09-05,2025-09-06,1,test,16.0,3.0,13.0
Monaragala,2025-09-12,2025-09-13,1,test,10.0,16.0,11.0
Monaragala,2025-09-19,2025-09-20,1,test,8.0,10.0,10.75
Monaragala,2025-09-26,2025-09-27,1,test,9.0,8.0,11.25
Monaragala,2025-10-03,2025-10-04,1,test,4.0,9.0,9.25
Monaragala,2025-10-10,2025-10-11,1,test,11.0,4.0,10.75
Monaragala,2025-10-17,2025-10-18,1,test,17.0,11.0,7.75
Monaragala,2025-10-24,2025-10-25,1,test,16.0,17.0,8.0
Monaragala,2025-10-31,2025-11-01,1,test,7.0,16.0,10.25
Monaragala,2025-11-07,2025-11-08,1,test,10.0,7.0,12.0
Monaragala,2025-11-14,2025-11-15,1,test,15.0,10.0,12.75
Monaragala,2025-11-21,2025-11-22,1,test,15.0,15.0,12.5
Monaragala,2025-11-28,2025-11-29,1,test,10.0,15.0,12.0
Monaragala,2025-12-05,2025-12-06,1,test,14.0,10.0,11.75
Monaragala,2025-12-12,2025-12-13,1,test,24.0,14.0,12.5
Mullaitivu,2025-01-03,2025-01-04,1,test,1.0,3.0,2.75
Mullaitivu,2025-01-10,2025-01-11,1,test,1.0,1.0,3.5
Mullaitivu,2025-01-17,2025-01-18,1,test,4.0,1.0,2.5
Mullaitivu,2025-01-24,2025-01-25,1,test,1.0,4.0,2.25
Mullaitivu,2025-01-31,2025-02-01,1,test,2.0,1.0,2.25
Mullaitivu,2025-02-07,2025-02-08,1,test,2.0,2.0,1.75
Mullaitivu,2025-02-14,2025-02-15,1,test,0.0,2.0,2.0
Mullaitivu,2025-02-21,2025-02-22,1,test,1.0,0.0,2.25
Mullaitivu,2025-02-28,2025-03-01,1,test,1.0,1.0,1.25
Mullaitivu,2025-03-07,2025-03-08,1,test,3.0,1.0,1.25
Mullaitivu,2025-03-14,2025-03-15,1,test,0.0,3.0,1.0
Mullaitivu,2025-03-21,2025-03-22,1,test,0.0,0.0,1.25
Mullaitivu,2025-03-28,2025-03-29,1,test,2.0,0.0,1.25
Mullaitivu,2025-04-04,2025-04-05,1,test,2.0,2.0,1.0
Mullaitivu,2025-04-11,2025-04-12,1,test,1.0,2.0,1.25
Mullaitivu,2025-04-18,2025-04-19,1,test,0.0,1.0,1.0
Mullaitivu,2025-04-25,2025-04-26,1,test,2.0,0.0,1.25
Mullaitivu,2025-05-02,2025-05-03,1,test,1.0,2.0,1.25
Mullaitivu,2025-05-09,2025-05-10,1,test,2.0,1.0,1.25
Mullaitivu,2025-05-16,2025-05-17,1,test,1.0,2.0,1.0
Mullaitivu,2025-05-23,2025-05-24,1,test,1.0,1.0,1.25
Mullaitivu,2025-05-30,2025-05-31,1,test,4.0,1.0,1.5
Mullaitivu,2025-06-06,2025-06-07,1,test,2.0,4.0,1.25
Mullaitivu,2025-06-13,2025-06-14,1,test,1.0,2.0,2.0
Mullaitivu,2025-06-20,2025-06-21,1,test,3.0,1.0,2.0
Mullaitivu,2025-06-27,2025-06-28,1,test,2.0,3.0,2.0
Mullaitivu,2025-07-04,2025-07-05,1,test,0.0,2.0,2.5
Mullaitivu,2025-07-11,2025-07-12,1,test,0.0,0.0,2.0
Mullaitivu,2025-07-18,2025-07-19,1,test,0.0,0.0,1.5
Mullaitivu,2025-07-25,2025-07-26,1,test,0.0,0.0,1.25
Mullaitivu,2025-08-01,2025-08-02,1,test,0.0,0.0,0.5
Mullaitivu,2025-08-08,2025-08-09,1,test,0.0,0.0,0.0
Mullaitivu,2025-08-15,2025-08-16,1,test,0.0,0.0,0.0
Mullaitivu,2025-08-22,2025-08-23,1,test,1.0,0.0,0.0
Mullaitivu,2025-08-29,2025-08-30,1,test,0.0,1.0,0.0
Mullaitivu,2025-09-05,2025-09-06,1,test,2.0,0.0,0.25
Mullaitivu,2025-09-12,2025-09-13,1,test,2.0,2.0,0.25
Mullaitivu,2025-09-19,2025-09-20,1,test,0.0,2.0,0.75
Mullaitivu,2025-09-26,2025-09-27,1,test,1.0,0.0,1.25
Mullaitivu,2025-10-03,2025-10-04,1,test,0.0,1.0,1.0
Mullaitivu,2025-10-10,2025-10-11,1,test,0.0,0.0,1.25
Mullaitivu,2025-10-17,2025-10-18,1,test,0.0,0.0,0.75
Mullaitivu,2025-10-24,2025-10-25,1,test,1.0,0.0,0.25
Mullaitivu,2025-10-31,2025-11-01,1,test,0.0,1.0,0.25
Mullaitivu,2025-11-07,2025-11-08,1,test,2.0,0.0,0.25
Mullaitivu,2025-11-14,2025-11-15,1,test,4.0,2.0,0.25
Mullaitivu,2025-11-21,2025-11-22,1,test,2.0,4.0,0.75
Mullaitivu,2025-11-28,2025-11-29,1,test,0.0,2.0,1.75
Mullaitivu,2025-12-05,2025-12-06,1,test,2.0,0.0,2.0
Mullaitivu,2025-12-12,2025-12-13,1,test,3.0,2.0,2.0
Nuwara Eliya,2025-01-03,2025-01-04,1,test,8.0,5.0,4.0
Nuwara Eliya,2025-01-10,2025-01-11,1,test,1.0,8.0,4.75
Nuwara Eliya,2025-01-17,2025-01-18,1,test,10.0,1.0,6.5
Nuwara Eliya,2025-01-24,2025-01-25,1,test,6.0,10.0,6.0
Nuwara Eliya,2025-01-31,2025-02-01,1,test,4.0,6.0,6.0
Nuwara Eliya,2025-02-07,2025-02-08,1,test,4.0,4.0,6.25
Nuwara Eliya,2025-02-14,2025-02-15,1,test,6.0,4.0,5.25
Nuwara Eliya,2025-02-21,2025-02-22,1,test,2.0,6.0,6.0
Nuwara Eliya,2025-02-28,2025-03-01,1,test,2.0,2.0,5.0
Nuwara Eliya,2025-03-07,2025-03-08,1,test,1.0,2.0,4.0
Nuwara Eliya,2025-03-14,2025-03-15,1,test,6.0,1.0,3.5
Nuwara Eliya,2025-03-21,2025-03-22,1,test,4.0,6.0,2.75
Nuwara Eliya,2025-03-28,2025-03-29,1,test,3.0,4.0,2.75
Nuwara Eliya,2025-04-04,2025-04-05,1,test,1.0,3.0,3.25
Nuwara Eliya,2025-04-11,2025-04-12,1,test,3.0,1.0,3.5
Nuwara Eliya,2025-04-18,2025-04-19,1,test,6.0,3.0,3.5
Nuwara Eliya,2025-04-25,2025-04-26,1,test,6.0,6.0,2.75
Nuwara Eliya,2025-05-02,2025-05-03,1,test,7.0,6.0,3.25
Nuwara Eliya,2025-05-09,2025-05-10,1,test,9.0,7.0,4.0
Nuwara Eliya,2025-05-16,2025-05-17,1,test,4.0,9.0,5.5
Nuwara Eliya,2025-05-23,2025-05-24,1,test,7.0,4.0,7.0
Nuwara Eliya,2025-05-30,2025-05-31,1,test,9.0,7.0,6.5
Nuwara Eliya,2025-06-06,2025-06-07,1,test,17.0,9.0,6.75
Nuwara Eliya,2025-06-13,2025-06-14,1,test,20.0,17.0,7.25
Nuwara Eliya,2025-06-20,2025-06-21,1,test,6.0,20.0,9.25
Nuwara Eliya,2025-06-27,2025-06-28,1,test,8.0,6.0,13.25
Nuwara Eliya,2025-07-04,2025-07-05,1,test,10.0,8.0,13.0
Nuwara Eliya,2025-07-11,2025-07-12,1,test,24.0,10.0,12.75
Nuwara Eliya,2025-07-18,2025-07-19,1,test,18.0,24.0,11.0
Nuwara Eliya,2025-07-25,2025-07-26,1,test,9.0,18.0,12.0
Nuwara Eliya,2025-08-01,2025-08-02,1,test,10.0,9.0,15.0
Nuwara Eliya,2025-08-08,2025-08-09,1,test,3.0,10.0,15.25
Nuwara Eliya,2025-08-15,2025-08-16,1,test,8.0,3.0,15.25
Nuwara Eliya,2025-08-22,2025-08-23,1,test,5.0,8.0,10.0
Nuwara Eliya,2025-08-29,2025-08-30,1,test,7.0,5.0,7.5
Nuwara Eliya,2025-09-05,2025-09-06,1,test,5.0,7.0,6.5
Nuwara Eliya,2025-09-12,2025-09-13,1,test,6.0,5.0,5.75
Nuwara Eliya,2025-09-19,2025-09-20,1,test,6.0,6.0,6.25
Nuwara Eliya,2025-09-26,2025-09-27,1,test,10.0,6.0,5.75
Nuwara Eliya,2025-10-03,2025-10-04,1,test,10.0,10.0,6.0
Nuwara Eliya,2025-10-10,2025-10-11,1,test,5.0,10.0,6.75
Nuwara Eliya,2025-10-17,2025-10-18,1,test,2.0,5.0,8.0
Nuwara Eliya,2025-10-24,2025-10-25,1,test,5.0,2.0,7.75
Nuwara Eliya,2025-10-31,2025-11-01,1,test,5.0,5.0,6.75
Nuwara Eliya,2025-11-07,2025-11-08,1,test,5.0,5.0,5.5
Nuwara Eliya,2025-11-14,2025-11-15,1,test,8.0,5.0,4.25
Nuwara Eliya,2025-11-21,2025-11-22,1,test,8.0,8.0,4.25
Nuwara Eliya,2025-11-28,2025-11-29,1,test,1.0,8.0,5.75
Nuwara Eliya,2025-12-05,2025-12-06,1,test,3.0,1.0,6.5
Nuwara Eliya,2025-12-12,2025-12-13,1,test,7.0,3.0,5.5
Polonnaruwa,2025-01-03,2025-01-04,1,test,6.0,14.0,5.0
Polonnaruwa,2025-01-10,2025-01-11,1,test,7.0,6.0,7.0
Polonnaruwa,2025-01-17,2025-01-18,1,test,3.0,7.0,7.25
Polonnaruwa,2025-01-24,2025-01-25,1,test,8.0,3.0,8.25
Polonnaruwa,2025-01-31,2025-02-01,1,test,10.0,8.0,7.5
Polonnaruwa,2025-02-07,2025-02-08,1,test,10.0,10.0,6.0
Polonnaruwa,2025-02-14,2025-02-15,1,test,9.0,10.0,7.0
Polonnaruwa,2025-02-21,2025-02-22,1,test,6.0,9.0,7.75
Polonnaruwa,2025-02-28,2025-03-01,1,test,18.0,6.0,9.25
Polonnaruwa,2025-03-07,2025-03-08,1,test,3.0,18.0,8.75
Polonnaruwa,2025-03-14,2025-03-15,1,test,6.0,3.0,10.75
Polonnaruwa,2025-03-21,2025-03-22,1,test,4.0,6.0,9.0
Polonnaruwa,2025-03-28,2025-03-29,1,test,5.0,4.0,8.25
Polonnaruwa,2025-04-04,2025-04-05,1,test,6.0,5.0,7.75
Polonnaruwa,2025-04-11,2025-04-12,1,test,5.0,6.0,4.5
Polonnaruwa,2025-04-18,2025-04-19,1,test,8.0,5.0,5.25
Polonnaruwa,2025-04-25,2025-04-26,1,test,10.0,8.0,5.0
Polonnaruwa,2025-05-02,2025-05-03,1,test,10.0,10.0,6.0
Polonnaruwa,2025-05-09,2025-05-10,1,test,7.0,10.0,7.25
Polonnaruwa,2025-05-16,2025-05-17,1,test,6.0,7.0,8.25
Polonnaruwa,2025-05-23,2025-05-24,1,test,12.0,6.0,8.75
Polonnaruwa,2025-05-30,2025-05-31,1,test,15.0,12.0,8.25
Polonnaruwa,2025-06-06,2025-06-07,1,test,12.0,15.0,8.75
Polonnaruwa,2025-06-13,2025-06-14,1,test,21.0,12.0,10.0
Polonnaruwa,2025-06-20,2025-06-21,1,test,10.0,21.0,11.25
Polonnaruwa,2025-06-27,2025-06-28,1,test,14.0,10.0,15.0
Polonnaruwa,2025-07-04,2025-07-05,1,test,11.0,14.0,14.5
Polonnaruwa,2025-07-11,2025-07-12,1,test,14.0,11.0,14.25
Polonnaruwa,2025-07-18,2025-07-19,1,test,15.0,14.0,14.0
Polonnaruwa,2025-07-25,2025-07-26,1,test,8.0,15.0,12.25
Polonnaruwa,2025-08-01,2025-08-02,1,test,2.0,8.0,13.5
Polonnaruwa,2025-08-08,2025-08-09,1,test,3.0,2.0,12.0
Polonnaruwa,2025-08-15,2025-08-16,1,test,5.0,3.0,9.75
Polonnaruwa,2025-08-22,2025-08-23,1,test,2.0,5.0,7.0
Polonnaruwa,2025-08-29,2025-08-30,1,test,4.0,2.0,4.5
Polonnaruwa,2025-09-05,2025-09-06,1,test,2.0,4.0,3.0
Polonnaruwa,2025-09-12,2025-09-13,1,test,2.0,2.0,3.5
Polonnaruwa,2025-09-19,2025-09-20,1,test,3.0,2.0,3.25
Polonnaruwa,2025-09-26,2025-09-27,1,test,7.0,3.0,2.5
Polonnaruwa,2025-10-03,2025-10-04,1,test,6.0,7.0,2.75
Polonnaruwa,2025-10-10,2025-10-11,1,test,4.0,6.0,3.5
Polonnaruwa,2025-10-17,2025-10-18,1,test,3.0,4.0,4.5
Polonnaruwa,2025-10-24,2025-10-25,1,test,3.0,3.0,5.0
Polonnaruwa,2025-10-31,2025-11-01,1,test,3.0,3.0,5.0
Polonnaruwa,2025-11-07,2025-11-08,1,test,15.0,3.0,4.0
Polonnaruwa,2025-11-14,2025-11-15,1,test,15.0,15.0,3.25
Polonnaruwa,2025-11-21,2025-11-22,1,test,8.0,15.0,6.0
Polonnaruwa,2025-11-28,2025-11-29,1,test,5.0,8.0,9.0
Polonnaruwa,2025-12-05,2025-12-06,1,test,6.0,5.0,10.25
Polonnaruwa,2025-12-12,2025-12-13,1,test,14.0,6.0,10.75
Puttalam,2025-01-03,2025-01-04,1,test,45.0,30.0,30.25
Puttalam,2025-01-10,2025-01-11,1,test,17.0,45.0,30.75
Puttalam,2025-01-17,2025-01-18,1,test,16.0,17.0,34.25
Puttalam,2025-01-24,2025-01-25,1,test,22.0,16.0,28.75
Puttalam,2025-01-31,2025-02-01,1,test,16.0,22.0,27.0
Puttalam,2025-02-07,2025-02-08,1,test,16.0,16.0,25.0
Puttalam,2025-02-14,2025-02-15,1,test,24.0,16.0,17.75
Puttalam,2025-02-21,2025-02-22,1,test,23.0,24.0,17.5
Puttalam,2025-02-28,2025-03-01,1,test,24.0,23.0,19.5
Puttalam,2025-03-07,2025-03-08,1,test,15.0,24.0,19.75
Puttalam,2025-03-14,2025-03-15,1,test,10.0,15.0,21.75
Puttalam,2025-03-21,2025-03-22,1,test,14.0,10.0,21.5
Puttalam,2025-03-28,2025-03-29,1,test,11.0,14.0,18.0
Puttalam,2025-04-04,2025-04-05,1,test,8.0,11.0,15.75
Puttalam,2025-04-11,2025-04-12,1,test,7.0,8.0,12.5
Puttalam,2025-04-18,2025-04-19,1,test,10.0,7.0,10.75
Puttalam,2025-04-25,2025-04-26,1,test,9.0,10.0,10.0
Puttalam,2025-05-02,2025-05-03,1,test,12.0,9.0,9.0
Puttalam,2025-05-09,2025-05-10,1,test,8.0,12.0,8.5
Puttalam,2025-05-16,2025-05-17,1,test,13.0,8.0,9.5
Puttalam,2025-05-23,2025-05-24,1,test,11.0,13.0,9.75
Puttalam,2025-05-30,2025-05-31,1,test,17.0,11.0,10.5
Puttalam,2025-06-06,2025-06-07,1,test,10.0,17.0,11.0
Puttalam,2025-06-13,2025-06-14,1,test,10.0,10.0,12.25
Puttalam,2025-06-20,2025-06-21,1,test,7.0,10.0,12.75
Puttalam,2025-06-27,2025-06-28,1,test,12.0,7.0,12.0
Puttalam,2025-07-04,2025-07-05,1,test,7.0,12.0,11.0
Puttalam,2025-07-11,2025-07-12,1,test,12.0,7.0,9.75
Puttalam,2025-07-18,2025-07-19,1,test,12.0,12.0,9.0
Puttalam,2025-07-25,2025-07-26,1,test,15.0,12.0,9.5
Puttalam,2025-08-01,2025-08-02,1,test,17.0,15.0,10.75
Puttalam,2025-08-08,2025-08-09,1,test,11.0,17.0,11.5
Puttalam,2025-08-15,2025-08-16,1,test,4.0,11.0,14.0
Puttalam,2025-08-22,2025-08-23,1,test,9.0,4.0,13.75
Puttalam,2025-08-29,2025-08-30,1,test,5.0,9.0,11.75
Puttalam,2025-09-05,2025-09-06,1,test,10.0,5.0,10.25
Puttalam,2025-09-12,2025-09-13,1,test,6.0,10.0,7.25
Puttalam,2025-09-19,2025-09-20,1,test,4.0,6.0,7.0
Puttalam,2025-09-26,2025-09-27,1,test,5.0,4.0,7.5
Puttalam,2025-10-03,2025-10-04,1,test,5.0,5.0,6.25
Puttalam,2025-10-10,2025-10-11,1,test,12.0,5.0,6.25
Puttalam,2025-10-17,2025-10-18,1,test,5.0,12.0,5.0
Puttalam,2025-10-24,2025-10-25,1,test,11.0,5.0,6.5
Puttalam,2025-10-31,2025-11-01,1,test,23.0,11.0,6.75
Puttalam,2025-11-07,2025-11-08,1,test,20.0,23.0,8.25
Puttalam,2025-11-14,2025-11-15,1,test,18.0,20.0,12.75
Puttalam,2025-11-21,2025-11-22,1,test,10.0,18.0,14.75
Puttalam,2025-11-28,2025-11-29,1,test,13.0,10.0,18.0
Puttalam,2025-12-05,2025-12-06,1,test,30.0,13.0,17.75
Puttalam,2025-12-12,2025-12-13,1,test,22.0,30.0,15.25
Ratnapura,2025-01-03,2025-01-04,1,test,56.0,30.0,37.25
Ratnapura,2025-01-10,2025-01-11,1,test,46.0,56.0,35.25
Ratnapura,2025-01-17,2025-01-18,1,test,70.0,46.0,38.25
Ratnapura,2025-01-24,2025-01-25,1,test,58.0,70.0,44.75
Ratnapura,2025-01-31,2025-02-01,1,test,47.0,58.0,50.5
Ratnapura,2025-02-07,2025-02-08,1,test,47.0,47.0,57.5
Ratnapura,2025-02-14,2025-02-15,1,test,50.0,47.0,55.25
Ratnapura,2025-02-21,2025-02-22,1,test,47.0,50.0,55.5
Ratnapura,2025-02-28,2025-03-01,1,test,13.0,47.0,50.5
Ratnapura,2025-03-07,2025-03-08,1,test,46.0,13.0,47.75
Ratnapura,2025-03-14,2025-03-15,1,test,56.0,46.0,39.25
Ratnapura,2025-03-21,2025-03-22,1,test,45.0,56.0,39.0
Ratnapura,2025-03-28,2025-03-29,1,test,54.0,45.0,40.5
Ratnapura,2025-04-04,2025-04-05,1,test,146.0,54.0,40.0
Ratnapura,2025-04-11,2025-04-12,1,test,146.0,146.0,50.25
Ratnapura,2025-04-18,2025-04-19,1,test,319.0,146.0,75.25
Ratnapura,2025-04-25,2025-04-26,1,test,273.0,319.0,97.75
Ratnapura,2025-05-02,2025-05-03,1,test,242.0,273.0,166.25
Ratnapura,2025-05-09,2025-05-10,1,test,251.0,242.0,221.0
Ratnapura,2025-05-16,2025-05-17,1,test,203.0,251.0,245.0
Ratnapura,2025-05-23,2025-05-24,1,test,197.0,203.0,271.25
Ratnapura,2025-05-30,2025-05-31,1,test,172.0,197.0,242.25
Ratnapura,2025-06-06,2025-06-07,1,test,145.0,172.0,223.25
Ratnapura,2025-06-13,2025-06-14,1,test,118.0,145.0,205.75
Ratnapura,2025-06-20,2025-06-21,1,test,120.0,118.0,179.25
Ratnapura,2025-06-27,2025-06-28,1,test,104.0,120.0,158.0
Ratnapura,2025-07-04,2025-07-05,1,test,97.0,104.0,138.75
Ratnapura,2025-07-11,2025-07-12,1,test,93.0,97.0,121.75
Ratnapura,2025-07-18,2025-07-19,1,test,99.0,93.0,109.75
Ratnapura,2025-07-25,2025-07-26,1,test,91.0,99.0,103.5
Ratnapura,2025-08-01,2025-08-02,1,test,64.0,91.0,98.25
Ratnapura,2025-08-08,2025-08-09,1,test,79.0,64.0,95.0
Ratnapura,2025-08-15,2025-08-16,1,test,62.0,79.0,86.75
Ratnapura,2025-08-22,2025-08-23,1,test,60.0,62.0,83.25
Ratnapura,2025-08-29,2025-08-30,1,test,59.0,60.0,74.0
Ratnapura,2025-09-05,2025-09-06,1,test,15.0,59.0,66.25
Ratnapura,2025-09-12,2025-09-13,1,test,65.0,15.0,65.0
Ratnapura,2025-09-19,2025-09-20,1,test,63.0,65.0,49.0
Ratnapura,2025-09-26,2025-09-27,1,test,70.0,63.0,49.75
Ratnapura,2025-10-03,2025-10-04,1,test,41.0,70.0,50.5
Ratnapura,2025-10-10,2025-10-11,1,test,42.0,41.0,53.25
Ratnapura,2025-10-17,2025-10-18,1,test,36.0,42.0,59.75
Ratnapura,2025-10-24,2025-10-25,1,test,57.0,36.0,54.0
Ratnapura,2025-10-31,2025-11-01,1,test,47.0,57.0,47.25
Ratnapura,2025-11-07,2025-11-08,1,test,43.0,47.0,44.0
Ratnapura,2025-11-14,2025-11-15,1,test,54.0,43.0,45.5
Ratnapura,2025-11-21,2025-11-22,1,test,54.0,54.0,45.75
Ratnapura,2025-11-28,2025-11-29,1,test,64.0,54.0,50.25
Ratnapura,2025-12-05,2025-12-06,1,test,43.0,64.0,49.5
Ratnapura,2025-12-12,2025-12-13,1,test,60.0,43.0,53.75
Trincomalee,2025-01-03,2025-01-04,1,test,34.0,28.0,20.75
Trincomalee,2025-01-10,2025-01-11,1,test,34.0,34.0,24.25
Trincomalee,2025-01-17,2025-01-18,1,test,23.0,34.0,27.75
Trincomalee,2025-01-24,2025-01-25,1,test,22.0,23.0,31.5
Trincomalee,2025-01-31,2025-02-01,1,test,28.0,22.0,29.75
Trincomalee,2025-02-07,2025-02-08,1,test,28.0,28.0,28.25
Trincomalee,2025-02-14,2025-02-15,1,test,29.0,28.0,26.75
Trincomalee,2025-02-21,2025-02-22,1,test,25.0,29.0,25.25
Trincomalee,2025-02-28,2025-03-01,1,test,17.0,25.0,26.75
Trincomalee,2025-03-07,2025-03-08,1,test,25.0,17.0,27.5
Trincomalee,2025-03-14,2025-03-15,1,test,23.0,25.0,24.75
Trincomalee,2025-03-21,2025-03-22,1,test,28.0,23.0,24.0
Trincomalee,2025-03-28,2025-03-29,1,test,36.0,28.0,22.5
Trincomalee,2025-04-04,2025-04-05,1,test,33.0,36.0,23.25
Trincomalee,2025-04-11,2025-04-12,1,test,44.0,33.0,28.0
Trincomalee,2025-04-18,2025-04-19,1,test,46.0,44.0,30.0
Trincomalee,2025-04-25,2025-04-26,1,test,64.0,46.0,35.25
Trincomalee,2025-05-02,2025-05-03,1,test,55.0,64.0,39.75
Trincomalee,2025-05-09,2025-05-10,1,test,45.0,55.0,46.75
Trincomalee,2025-05-16,2025-05-17,1,test,43.0,45.0,52.25
Trincomalee,2025-05-23,2025-05-24,1,test,39.0,43.0,52.5
Trincomalee,2025-05-30,2025-05-31,1,test,40.0,39.0,51.75
Trincomalee,2025-06-06,2025-06-07,1,test,16.0,40.0,45.5
Trincomalee,2025-06-13,2025-06-14,1,test,16.0,16.0,41.75
Trincomalee,2025-06-20,2025-06-21,1,test,12.0,16.0,34.5
Trincomalee,2025-06-27,2025-06-28,1,test,8.0,12.0,27.75
Trincomalee,2025-07-04,2025-07-05,1,test,11.0,8.0,21.0
Trincomalee,2025-07-11,2025-07-12,1,test,11.0,11.0,13.0
Trincomalee,2025-07-18,2025-07-19,1,test,7.0,11.0,11.75
Trincomalee,2025-07-25,2025-07-26,1,test,9.0,7.0,10.5
Trincomalee,2025-08-01,2025-08-02,1,test,4.0,9.0,9.25
Trincomalee,2025-08-08,2025-08-09,1,test,2.0,4.0,9.5
Trincomalee,2025-08-15,2025-08-16,1,test,4.0,2.0,7.75
Trincomalee,2025-08-22,2025-08-23,1,test,4.0,4.0,5.5
Trincomalee,2025-08-29,2025-08-30,1,test,3.0,4.0,4.75
Trincomalee,2025-09-05,2025-09-06,1,test,5.0,3.0,3.5
Trincomalee,2025-09-12,2025-09-13,1,test,2.0,5.0,3.25
Trincomalee,2025-09-19,2025-09-20,1,test,6.0,2.0,4.0
Trincomalee,2025-09-26,2025-09-27,1,test,8.0,6.0,3.5
Trincomalee,2025-10-03,2025-10-04,1,test,1.0,8.0,4.0
Trincomalee,2025-10-10,2025-10-11,1,test,5.0,1.0,5.25
Trincomalee,2025-10-17,2025-10-18,1,test,7.0,5.0,4.25
Trincomalee,2025-10-24,2025-10-25,1,test,15.0,7.0,5.0
Trincomalee,2025-10-31,2025-11-01,1,test,12.0,15.0,5.25
Trincomalee,2025-11-07,2025-11-08,1,test,11.0,12.0,7.0
Trincomalee,2025-11-14,2025-11-15,1,test,19.0,11.0,9.75
Trincomalee,2025-11-21,2025-11-22,1,test,16.0,19.0,11.25
Trincomalee,2025-11-28,2025-11-29,1,test,8.0,16.0,14.25
Trincomalee,2025-12-05,2025-12-06,1,test,26.0,8.0,14.5
Trincomalee,2025-12-12,2025-12-13,1,test,9.0,26.0,13.5
Vavuniya,2025-01-03,2025-01-04,1,test,2.0,4.0,3.0
Vavuniya,2025-01-10,2025-01-11,1,test,2.0,2.0,3.5
Vavuniya,2025-01-17,2025-01-18,1,test,2.0,2.0,3.0
Vavuniya,2025-01-24,2025-01-25,1,test,3.0,2.0,2.5
Vavuniya,2025-01-31,2025-02-01,1,test,2.0,3.0,2.5
Vavuniya,2025-02-07,2025-02-08,1,test,2.0,2.0,2.25
Vavuniya,2025-02-14,2025-02-15,1,test,0.0,2.0,2.25
Vavuniya,2025-02-21,2025-02-22,1,test,5.0,0.0,2.25
Vavuniya,2025-02-28,2025-03-01,1,test,0.0,5.0,1.75
Vavuniya,2025-03-07,2025-03-08,1,test,1.0,0.0,2.25
Vavuniya,2025-03-14,2025-03-15,1,test,1.0,1.0,1.75
Vavuniya,2025-03-21,2025-03-22,1,test,1.0,1.0,1.5
Vavuniya,2025-03-28,2025-03-29,1,test,3.0,1.0,1.75
Vavuniya,2025-04-04,2025-04-05,1,test,0.0,3.0,0.75
Vavuniya,2025-04-11,2025-04-12,1,test,5.0,0.0,1.5
Vavuniya,2025-04-18,2025-04-19,1,test,1.0,5.0,1.25
Vavuniya,2025-04-25,2025-04-26,1,test,3.0,1.0,2.25
Vavuniya,2025-05-02,2025-05-03,1,test,0.0,3.0,2.25
Vavuniya,2025-05-09,2025-05-10,1,test,2.0,0.0,2.25
Vavuniya,2025-05-16,2025-05-17,1,test,2.0,2.0,2.25
Vavuniya,2025-05-23,2025-05-24,1,test,1.0,2.0,1.5
Vavuniya,2025-05-30,2025-05-31,1,test,5.0,1.0,1.75
Vavuniya,2025-06-06,2025-06-07,1,test,2.0,5.0,1.25
Vavuniya,2025-06-13,2025-06-14,1,test,4.0,2.0,2.5
Vavuniya,2025-06-20,2025-06-21,1,test,3.0,4.0,2.5
Vavuniya,2025-06-27,2025-06-28,1,test,3.0,3.0,3.0
Vavuniya,2025-07-04,2025-07-05,1,test,2.0,3.0,3.5
Vavuniya,2025-07-11,2025-07-12,1,test,3.0,2.0,3.0
Vavuniya,2025-07-18,2025-07-19,1,test,0.0,3.0,3.0
Vavuniya,2025-07-25,2025-07-26,1,test,1.0,0.0,2.75
Vavuniya,2025-08-01,2025-08-02,1,test,0.0,1.0,2.0
Vavuniya,2025-08-08,2025-08-09,1,test,2.0,0.0,1.5
Vavuniya,2025-08-15,2025-08-16,1,test,3.0,2.0,1.0
Vavuniya,2025-08-22,2025-08-23,1,test,0.0,3.0,0.75
Vavuniya,2025-08-29,2025-08-30,1,test,0.0,0.0,1.5
Vavuniya,2025-09-05,2025-09-06,1,test,2.0,0.0,1.25
Vavuniya,2025-09-12,2025-09-13,1,test,1.0,2.0,1.25
Vavuniya,2025-09-19,2025-09-20,1,test,0.0,1.0,1.25
Vavuniya,2025-09-26,2025-09-27,1,test,0.0,0.0,0.75
Vavuniya,2025-10-03,2025-10-04,1,test,4.0,0.0,0.75
Vavuniya,2025-10-10,2025-10-11,1,test,2.0,4.0,0.75
Vavuniya,2025-10-17,2025-10-18,1,test,0.0,2.0,1.25
Vavuniya,2025-10-24,2025-10-25,1,test,1.0,0.0,1.5
Vavuniya,2025-10-31,2025-11-01,1,test,1.0,1.0,1.5
Vavuniya,2025-11-07,2025-11-08,1,test,2.0,1.0,1.75
Vavuniya,2025-11-14,2025-11-15,1,test,0.0,2.0,1.0
Vavuniya,2025-11-21,2025-11-22,1,test,0.0,0.0,1.0
Vavuniya,2025-11-28,2025-11-29,1,test,1.0,0.0,1.0
Vavuniya,2025-12-05,2025-12-06,1,test,2.0,1.0,0.75
Vavuniya,2025-12-12,2025-12-13,1,test,3.0,2.0,0.75
Ampara,2023-12-29,2024-01-06,2,validation,45.0,39.0,52.25
Ampara,2024-01-05,2024-01-13,2,validation,101.0,78.0,56.5
Ampara,2024-01-12,2024-01-20,2,validation,71.0,45.0,68.0
Ampara,2024-01-19,2024-01-27,2,validation,56.0,101.0,69.25
Ampara,2024-01-26,2024-02-03,2,validation,80.0,71.0,65.75
Ampara,2024-02-02,2024-02-10,2,validation,75.0,56.0,73.75
Ampara,2024-02-09,2024-02-17,2,validation,25.0,80.0,68.25
Ampara,2024-02-16,2024-02-24,2,validation,28.0,75.0,77.0
Ampara,2024-02-23,2024-03-02,2,validation,36.0,25.0,70.5
Ampara,2024-03-01,2024-03-09,2,validation,35.0,28.0,59.0
Ampara,2024-03-08,2024-03-16,2,validation,25.0,36.0,52.0
Ampara,2024-03-15,2024-03-23,2,validation,12.0,35.0,41.0
Ampara,2024-03-22,2024-03-30,2,validation,15.0,25.0,31.0
Ampara,2024-03-29,2024-04-06,2,validation,8.0,12.0,31.0
Ampara,2024-04-05,2024-04-13,2,validation,8.0,15.0,27.0
Ampara,2024-04-12,2024-04-20,2,validation,12.0,8.0,21.75
Ampara,2024-04-19,2024-04-27,2,validation,12.0,8.0,15.0
Ampara,2024-04-26,2024-05-04,2,validation,7.0,12.0,10.75
Ampara,2024-05-03,2024-05-11,2,validation,4.0,12.0,10.75
Ampara,2024-05-10,2024-05-18,2,validation,3.0,7.0,10.0
Ampara,2024-05-17,2024-05-25,2,validation,14.0,4.0,9.75
Ampara,2024-05-24,2024-06-01,2,validation,11.0,3.0,8.75
Ampara,2024-05-31,2024-06-08,2,validation,13.0,14.0,6.5
Ampara,2024-06-07,2024-06-15,2,validation,8.0,11.0,7.0
Ampara,2024-06-14,2024-06-22,2,validation,23.0,13.0,8.0
Ampara,2024-06-21,2024-06-29,2,validation,11.0,8.0,10.25
Ampara,2024-06-28,2024-07-06,2,validation,18.0,23.0,11.5
Ampara,2024-07-05,2024-07-13,2,validation,12.0,11.0,13.75
Ampara,2024-07-12,2024-07-20,2,validation,8.0,18.0,13.75
Ampara,2024-07-19,2024-07-27,2,validation,20.0,12.0,15.0
Ampara,2024-07-26,2024-08-03,2,validation,12.0,8.0,16.0
Ampara,2024-08-02,2024-08-10,2,validation,16.0,20.0,12.25
Ampara,2024-08-09,2024-08-17,2,validation,38.0,12.0,14.5
Ampara,2024-08-16,2024-08-24,2,validation,17.0,16.0,13.0
Ampara,2024-08-23,2024-08-31,2,validation,9.0,38.0,14.0
Ampara,2024-08-30,2024-09-07,2,validation,24.0,17.0,21.5
Ampara,2024-09-06,2024-09-14,2,validation,5.0,9.0,20.75
Ampara,2024-09-13,2024-09-21,2,validation,7.0,24.0,20.0
Ampara,2024-09-20,2024-09-28,2,validation,4.0,5.0,22.0
Ampara,2024-09-27,2024-10-05,2,validation,7.0,7.0,13.75
Ampara,2024-10-04,2024-10-12,2,validation,6.0,4.0,11.25
Ampara,2024-10-11,2024-10-19,2,validation,6.0,7.0,10.0
Ampara,2024-10-18,2024-10-26,2,validation,1.0,6.0,5.75
Ampara,2024-10-25,2024-11-02,2,validation,14.0,6.0,6.0
Ampara,2024-11-01,2024-11-09,2,validation,6.0,1.0,5.75
Ampara,2024-11-08,2024-11-16,2,validation,9.0,14.0,5.0
Ampara,2024-11-15,2024-11-23,2,validation,5.0,6.0,6.75
Ampara,2024-11-22,2024-11-30,2,validation,5.0,9.0,6.75
Ampara,2024-11-29,2024-12-07,2,validation,10.0,5.0,7.5
Ampara,2024-12-06,2024-12-14,2,validation,6.0,5.0,8.5
Ampara,2024-12-13,2024-12-21,2,validation,15.0,10.0,6.25
Ampara,2024-12-20,2024-12-28,2,validation,58.0,6.0,7.25
Anuradhapura,2023-12-29,2024-01-06,2,validation,28.0,42.0,26.0
Anuradhapura,2024-01-05,2024-01-13,2,validation,95.0,28.0,33.25
Anuradhapura,2024-01-12,2024-01-20,2,validation,34.0,28.0,30.5
Anuradhapura,2024-01-19,2024-01-27,2,validation,11.0,95.0,30.0
Anuradhapura,2024-01-26,2024-02-03,2,validation,69.0,34.0,48.25
Anuradhapura,2024-02-02,2024-02-10,2,validation,29.0,11.0,46.25
Anuradhapura,2024-02-09,2024-02-17,2,validation,53.0,69.0,42.0
Anuradhapura,2024-02-16,2024-02-24,2,validation,50.0,29.0,52.25
Anuradhapura,2024-02-23,2024-03-02,2,validation,42.0,53.0,35.75
Anuradhapura,2024-03-01,2024-03-09,2,validation,33.0,50.0,40.5
Anuradhapura,2024-03-08,2024-03-16,2,validation,18.0,42.0,50.25
Anuradhapura,2024-03-15,2024-03-23,2,validation,11.0,33.0,43.5
Anuradhapura,2024-03-22,2024-03-30,2,validation,5.0,18.0,44.5
Anuradhapura,2024-03-29,2024-04-06,2,validation,5.0,11.0,35.75
Anuradhapura,2024-04-05,2024-04-13,2,validation,4.0,5.0,26.0
Anuradhapura,2024-04-12,2024-04-20,2,validation,3.0,5.0,16.75
Anuradhapura,2024-04-19,2024-04-27,2,validation,4.0,4.0,9.75
Anuradhapura,2024-04-26,2024-05-04,2,validation,5.0,3.0,6.25
Anuradhapura,2024-05-03,2024-05-11,2,validation,7.0,4.0,4.25
Anuradhapura,2024-05-10,2024-05-18,2,validation,4.0,5.0,4.0
Anuradhapura,2024-05-17,2024-05-25,2,validation,5.0,7.0,4.0
Anuradhapura,2024-05-24,2024-06-01,2,validation,14.0,4.0,4.75
Anuradhapura,2024-05-31,2024-06-08,2,validation,8.0,5.0,5.0
Anuradhapura,2024-06-07,2024-06-15,2,validation,5.0,14.0,5.25
Anuradhapura,2024-06-14,2024-06-22,2,validation,3.0,8.0,7.5
Anuradhapura,2024-06-21,2024-06-29,2,validation,5.0,5.0,7.75
Anuradhapura,2024-06-28,2024-07-06,2,validation,6.0,3.0,8.0
Anuradhapura,2024-07-05,2024-07-13,2,validation,11.0,5.0,7.5
Anuradhapura,2024-07-12,2024-07-20,2,validation,23.0,6.0,5.25
Anuradhapura,2024-07-19,2024-07-27,2,validation,5.0,11.0,4.75
Anuradhapura,2024-07-26,2024-08-03,2,validation,10.0,23.0,6.25
Anuradhapura,2024-08-02,2024-08-10,2,validation,16.0,5.0,11.25
Anuradhapura,2024-08-09,2024-08-17,2,validation,7.0,10.0,11.25
Anuradhapura,2024-08-16,2024-08-24,2,validation,8.0,16.0,12.25
Anuradhapura,2024-08-23,2024-08-31,2,validation,7.0,7.0,13.5
Anuradhapura,2024-08-30,2024-09-07,2,validation,8.0,8.0,9.5
Anuradhapura,2024-09-06,2024-09-14,2,validation,3.0,7.0,10.25
Anuradhapura,2024-09-13,2024-09-21,2,validation,9.0,8.0,9.5
Anuradhapura,2024-09-20,2024-09-28,2,validation,4.0,3.0,7.5
Anuradhapura,2024-09-27,2024-10-05,2,validation,10.0,9.0,6.5
Anuradhapura,2024-10-04,2024-10-12,2,validation,5.0,4.0,6.75
Anuradhapura,2024-10-11,2024-10-19,2,validation,6.0,10.0,6.0
Anuradhapura,2024-10-18,2024-10-26,2,validation,9.0,5.0,6.5
Anuradhapura,2024-10-25,2024-11-02,2,validation,13.0,6.0,7.0
Anuradhapura,2024-11-01,2024-11-09,2,validation,13.0,9.0,6.25
Anuradhapura,2024-11-08,2024-11-16,2,validation,18.0,13.0,7.5
Anuradhapura,2024-11-15,2024-11-23,2,validation,12.0,13.0,8.25
Anuradhapura,2024-11-22,2024-11-30,2,validation,7.0,18.0,10.25
Anuradhapura,2024-11-29,2024-12-07,2,validation,18.0,12.0,13.25
Anuradhapura,2024-12-06,2024-12-14,2,validation,22.0,7.0,14.0
Anuradhapura,2024-12-13,2024-12-21,2,validation,12.0,18.0,12.5
Anuradhapura,2024-12-20,2024-12-28,2,validation,27.0,22.0,13.75
Badulla,2023-12-29,2024-01-06,2,validation,78.0,120.0,102.75
Badulla,2024-01-05,2024-01-13,2,validation,13.0,111.0,122.0
Badulla,2024-01-12,2024-01-20,2,validation,53.0,78.0,106.25
Badulla,2024-01-19,2024-01-27,2,validation,24.0,13.0,81.25
Badulla,2024-01-26,2024-02-03,2,validation,44.0,53.0,80.5
Badulla,2024-02-02,2024-02-10,2,validation,12.0,24.0,63.75
Badulla,2024-02-09,2024-02-17,2,validation,15.0,44.0,42.0
Badulla,2024-02-16,2024-02-24,2,validation,8.0,12.0,33.5
Badulla,2024-02-23,2024-03-02,2,validation,11.0,15.0,33.25
Badulla,2024-03-01,2024-03-09,2,validation,13.0,8.0,23.75
Badulla,2024-03-08,2024-03-16,2,validation,7.0,11.0,19.75
Badulla,2024-03-15,2024-03-23,2,validation,8.0,13.0,11.5
Badulla,2024-03-22,2024-03-30,2,validation,7.0,7.0,11.75
Badulla,2024-03-29,2024-04-06,2,validation,3.0,8.0,9.75
Badulla,2024-04-05,2024-04-13,2,validation,9.0,7.0,9.75
Badulla,2024-04-12,2024-04-20,2,validation,5.0,3.0,8.75
Badulla,2024-04-19,2024-04-27,2,validation,7.0,9.0,6.25
Badulla,2024-04-26,2024-05-04,2,validation,7.0,5.0,6.75
Badulla,2024-05-03,2024-05-11,2,validation,2.0,7.0,6.0
Badulla,2024-05-10,2024-05-18,2,validation,7.0,7.0,6.0
Badulla,2024-05-17,2024-05-25,2,validation,7.0,2.0,7.0
Badulla,2024-05-24,2024-06-01,2,validation,6.0,7.0,5.25
Badulla,2024-05-31,2024-06-08,2,validation,5.0,7.0,5.75
Badulla,2024-06-07,2024-06-15,2,validation,12.0,6.0,5.75
Badulla,2024-06-14,2024-06-22,2,validation,21.0,5.0,5.5
Badulla,2024-06-21,2024-06-29,2,validation,15.0,12.0,6.25
Badulla,2024-06-28,2024-07-06,2,validation,15.0,21.0,7.5
Badulla,2024-07-05,2024-07-13,2,validation,12.0,15.0,11.0
Badulla,2024-07-12,2024-07-20,2,validation,10.0,15.0,13.25
Badulla,2024-07-19,2024-07-27,2,validation,15.0,12.0,15.75
Badulla,2024-07-26,2024-08-03,2,validation,18.0,10.0,15.75
Badulla,2024-08-02,2024-08-10,2,validation,9.0,15.0,13.0
Badulla,2024-08-09,2024-08-17,2,validation,10.0,18.0,13.0
Badulla,2024-08-16,2024-08-24,2,validation,20.0,9.0,13.75
Badulla,2024-08-23,2024-08-31,2,validation,15.0,10.0,13.0
Badulla,2024-08-30,2024-09-07,2,validation,6.0,20.0,13.0
Badulla,2024-09-06,2024-09-14,2,validation,8.0,15.0,14.25
Badulla,2024-09-13,2024-09-21,2,validation,9.0,6.0,13.5
Badulla,2024-09-20,2024-09-28,2,validation,6.0,8.0,12.75
Badulla,2024-09-27,2024-10-05,2,validation,9.0,9.0,12.25
Badulla,2024-10-04,2024-10-12,2,validation,6.0,6.0,9.5
Badulla,2024-10-11,2024-10-19,2,validation,14.0,9.0,7.25
Badulla,2024-10-18,2024-10-26,2,validation,10.0,6.0,8.0
Badulla,2024-10-25,2024-11-02,2,validation,7.0,14.0,7.5
Badulla,2024-11-01,2024-11-09,2,validation,8.0,10.0,8.75
Badulla,2024-11-08,2024-11-16,2,validation,19.0,7.0,9.75
Badulla,2024-11-15,2024-11-23,2,validation,15.0,8.0,9.25
Badulla,2024-11-22,2024-11-30,2,validation,15.0,19.0,9.75
Badulla,2024-11-29,2024-12-07,2,validation,19.0,15.0,11.0
Badulla,2024-12-06,2024-12-14,2,validation,20.0,15.0,12.25
Badulla,2024-12-13,2024-12-21,2,validation,19.0,19.0,14.25
Badulla,2024-12-20,2024-12-28,2,validation,5.0,20.0,17.0
Batticaloa,2023-12-29,2024-01-06,2,validation,123.0,113.0,81.75
Batticaloa,2024-01-05,2024-01-13,2,validation,122.0,142.0,96.25
Batticaloa,2024-01-12,2024-01-20,2,validation,88.0,123.0,109.5
Batticaloa,2024-01-19,2024-01-27,2,validation,67.0,122.0,116.5
Batticaloa,2024-01-26,2024-02-03,2,validation,82.0,88.0,125.0
Batticaloa,2024-02-02,2024-02-10,2,validation,61.0,67.0,118.75
Batticaloa,2024-02-09,2024-02-17,2,validation,70.0,82.0,100.0
Batticaloa,2024-02-16,2024-02-24,2,validation,51.0,61.0,89.75
Batticaloa,2024-02-23,2024-03-02,2,validation,67.0,70.0,74.5
Batticaloa,2024-03-01,2024-03-09,2,validation,55.0,51.0,70.0
Batticaloa,2024-03-08,2024-03-16,2,validation,28.0,67.0,66.0
Batticaloa,2024-03-15,2024-03-23,2,validation,26.0,55.0,62.25
Batticaloa,2024-03-22,2024-03-30,2,validation,16.0,28.0,60.75
Batticaloa,2024-03-29,2024-04-06,2,validation,20.0,26.0,50.25
Batticaloa,2024-04-05,2024-04-13,2,validation,11.0,16.0,44.0
Batticaloa,2024-04-12,2024-04-20,2,validation,10.0,20.0,31.25
Batticaloa,2024-04-19,2024-04-27,2,validation,17.0,11.0,22.5
Batticaloa,2024-04-26,2024-05-04,2,validation,19.0,10.0,18.25
Batticaloa,2024-05-03,2024-05-11,2,validation,17.0,17.0,14.25
Batticaloa,2024-05-10,2024-05-18,2,validation,18.0,19.0,14.5
Batticaloa,2024-05-17,2024-05-25,2,validation,13.0,17.0,14.25
Batticaloa,2024-05-24,2024-06-01,2,validation,15.0,18.0,15.75
Batticaloa,2024-05-31,2024-06-08,2,validation,19.0,13.0,17.75
Batticaloa,2024-06-07,2024-06-15,2,validation,14.0,15.0,16.75
Batticaloa,2024-06-14,2024-06-22,2,validation,15.0,19.0,15.75
Batticaloa,2024-06-21,2024-06-29,2,validation,16.0,14.0,16.25
Batticaloa,2024-06-28,2024-07-06,2,validation,21.0,15.0,15.25
Batticaloa,2024-07-05,2024-07-13,2,validation,11.0,16.0,15.75
Batticaloa,2024-07-12,2024-07-20,2,validation,15.0,21.0,16.0
Batticaloa,2024-07-19,2024-07-27,2,validation,25.0,11.0,16.5
Batticaloa,2024-07-26,2024-08-03,2,validation,20.0,15.0,15.75
Batticaloa,2024-08-02,2024-08-10,2,validation,22.0,25.0,15.75
Batticaloa,2024-08-09,2024-08-17,2,validation,21.0,20.0,18.0
Batticaloa,2024-08-16,2024-08-24,2,validation,29.0,22.0,17.75
Batticaloa,2024-08-23,2024-08-31,2,validation,16.0,21.0,20.5
Batticaloa,2024-08-30,2024-09-07,2,validation,17.0,29.0,22.0
Batticaloa,2024-09-06,2024-09-14,2,validation,16.0,16.0,23.0
Batticaloa,2024-09-13,2024-09-21,2,validation,15.0,17.0,22.0
Batticaloa,2024-09-20,2024-09-28,2,validation,5.0,16.0,20.75
Batticaloa,2024-09-27,2024-10-05,2,validation,10.0,15.0,19.5
Batticaloa,2024-10-04,2024-10-12,2,validation,13.0,5.0,16.0
Batticaloa,2024-10-11,2024-10-19,2,validation,7.0,10.0,13.25
Batticaloa,2024-10-18,2024-10-26,2,validation,6.0,13.0,11.5
Batticaloa,2024-10-25,2024-11-02,2,validation,14.0,7.0,10.75
Batticaloa,2024-11-01,2024-11-09,2,validation,11.0,6.0,8.75
Batticaloa,2024-11-08,2024-11-16,2,validation,12.0,14.0,9.0
Batticaloa,2024-11-15,2024-11-23,2,validation,21.0,11.0,10.0
Batticaloa,2024-11-22,2024-11-30,2,validation,31.0,12.0,9.5
Batticaloa,2024-11-29,2024-12-07,2,validation,30.0,21.0,10.75
Batticaloa,2024-12-06,2024-12-14,2,validation,35.0,31.0,14.5
Batticaloa,2024-12-13,2024-12-21,2,validation,47.0,30.0,18.75
Batticaloa,2024-12-20,2024-12-28,2,validation,62.0,35.0,23.5
Colombo,2023-12-29,2024-01-06,2,validation,549.0,375.0,419.0
Colombo,2024-01-05,2024-01-13,2,validation,477.0,299.0,427.5
Colombo,2024-01-12,2024-01-20,2,validation,499.0,549.0,389.75
Colombo,2024-01-19,2024-01-27,2,validation,349.0,477.0,424.75
Colombo,2024-01-26,2024-02-03,2,validation,382.0,499.0,425.0
Colombo,2024-02-02,2024-02-10,2,validation,286.0,349.0,456.0
Colombo,2024-02-09,2024-02-17,2,validation,269.0,382.0,468.5
Colombo,2024-02-16,2024-02-24,2,validation,252.0,286.0,426.75
Colombo,2024-02-23,2024-03-02,2,validation,170.0,269.0,379.0
Colombo,2024-03-01,2024-03-09,2,validation,207.0,252.0,321.5
Colombo,2024-03-08,2024-03-16,2,validation,146.0,170.0,297.25
Colombo,2024-03-15,2024-03-23,2,validation,130.0,207.0,244.25
Colombo,2024-03-22,2024-03-30,2,validation,132.0,146.0,224.5
Colombo,2024-03-29,2024-04-06,2,validation,68.0,130.0,193.75
Colombo,2024-04-05,2024-04-13,2,validation,111.0,132.0,163.25
Colombo,2024-04-12,2024-04-20,2,validation,111.0,68.0,153.75
Colombo,2024-04-19,2024-04-27,2,validation,114.0,111.0,119.0
Colombo,2024-04-26,2024-05-04,2,validation,75.0,111.0,110.25
Colombo,2024-05-03,2024-05-11,2,validation,133.0,114.0,105.5
Colombo,2024-05-10,2024-05-18,2,validation,119.0,75.0,101.0
Colombo,2024-05-17,2024-05-25,2,validation,156.0,133.0,102.75
Colombo,2024-05-24,2024-06-01,2,validation,158.0,119.0,108.25
Colombo,2024-05-31,2024-06-08,2,validation,182.0,156.0,110.25
Colombo,2024-06-07,2024-06-15,2,validation,218.0,158.0,120.75
Colombo,2024-06-14,2024-06-22,2,validation,245.0,182.0,141.5
Colombo,2024-06-21,2024-06-29,2,validation,292.0,218.0,153.75
Colombo,2024-06-28,2024-07-06,2,validation,320.0,245.0,178.5
Colombo,2024-07-05,2024-07-13,2,validation,312.0,292.0,200.75
Colombo,2024-07-12,2024-07-20,2,validation,321.0,320.0,234.25
Colombo,2024-07-19,2024-07-27,2,validation,308.0,312.0,268.75
Colombo,2024-07-26,2024-08-03,2,validation,279.0,321.0,292.25
Colombo,2024-08-02,2024-08-10,2,validation,266.0,308.0,311.25
Colombo,2024-08-09,2024-08-17,2,validation,263.0,279.0,315.25
Colombo,2024-08-16,2024-08-24,2,validation,250.0,266.0,305.0
Colombo,2024-08-23,2024-08-31,2,validation,192.0,263.0,293.5
Colombo,2024-08-30,2024-09-07,2,validation,226.0,250.0,279.0
Colombo,2024-09-06,2024-09-14,2,validation,202.0,192.0,264.5
Colombo,2024-09-13,2024-09-21,2,validation,143.0,226.0,242.75
Colombo,2024-09-20,2024-09-28,2,validation,169.0,202.0,232.75
Colombo,2024-09-27,2024-10-05,2,validation,172.0,143.0,217.5
Colombo,2024-10-04,2024-10-12,2,validation,180.0,169.0,190.75
Colombo,2024-10-11,2024-10-19,2,validation,161.0,172.0,185.0
Colombo,2024-10-18,2024-10-26,2,validation,141.0,180.0,171.5
Colombo,2024-10-25,2024-11-02,2,validation,152.0,161.0,166.0
Colombo,2024-11-01,2024-11-09,2,validation,156.0,141.0,170.5
Colombo,2024-11-08,2024-11-16,2,validation,191.0,152.0,163.5
Colombo,2024-11-15,2024-11-23,2,validation,185.0,156.0,158.5
Colombo,2024-11-22,2024-11-30,2,validation,163.0,191.0,152.5
Colombo,2024-11-29,2024-12-07,2,validation,247.0,185.0,160.0
Colombo,2024-12-06,2024-12-14,2,validation,220.0,163.0,171.0
Colombo,2024-12-13,2024-12-21,2,validation,231.0,247.0,173.75
Colombo,2024-12-20,2024-12-28,2,validation,200.0,220.0,196.5
Galle,2023-12-29,2024-01-06,2,validation,84.0,93.0,128.5
Galle,2024-01-05,2024-01-13,2,validation,132.0,107.0,121.5
Galle,2024-01-12,2024-01-20,2,validation,119.0,84.0,109.75
Galle,2024-01-19,2024-01-27,2,validation,111.0,132.0,102.5
Galle,2024-01-26,2024-02-03,2,validation,103.0,119.0,104.0
Galle,2024-02-02,2024-02-10,2,validation,66.0,111.0,110.5
Galle,2024-02-09,2024-02-17,2,validation,42.0,103.0,111.5
Galle,2024-02-16,2024-02-24,2,validation,75.0,66.0,116.25
Galle,2024-02-23,2024-03-02,2,validation,40.0,42.0,99.75
Galle,2024-03-01,2024-03-09,2,validation,28.0,75.0,80.5
Galle,2024-03-08,2024-03-16,2,validation,30.0,40.0,71.5
Galle,2024-03-15,2024-03-23,2,validation,20.0,28.0,55.75
Galle,2024-03-22,2024-03-30,2,validation,32.0,30.0,46.25
Galle,2024-03-29,2024-04-06,2,validation,18.0,20.0,43.25
Galle,2024-04-05,2024-04-13,2,validation,19.0,32.0,29.5
Galle,2024-04-12,2024-04-20,2,validation,23.0,18.0,27.5
Galle,2024-04-19,2024-04-27,2,validation,24.0,19.0,25.0
Galle,2024-04-26,2024-05-04,2,validation,21.0,23.0,22.25
Galle,2024-05-03,2024-05-11,2,validation,24.0,24.0,23.0
Galle,2024-05-10,2024-05-18,2,validation,13.0,21.0,21.0
Galle,2024-05-17,2024-05-25,2,validation,26.0,24.0,21.75
Galle,2024-05-24,2024-06-01,2,validation,9.0,13.0,23.0
Galle,2024-05-31,2024-06-08,2,validation,21.0,26.0,20.5
Galle,2024-06-07,2024-06-15,2,validation,26.0,9.0,21.0
Galle,2024-06-14,2024-06-22,2,validation,32.0,21.0,18.0
Galle,2024-06-21,2024-06-29,2,validation,29.0,26.0,17.25
Galle,2024-06-28,2024-07-06,2,validation,34.0,32.0,20.5
Galle,2024-07-05,2024-07-13,2,validation,31.0,29.0,22.0
Galle,2024-07-12,2024-07-20,2,validation,33.0,34.0,27.0
Galle,2024-07-19,2024-07-27,2,validation,32.0,31.0,30.25
Galle,2024-07-26,2024-08-03,2,validation,46.0,33.0,31.5
Galle,2024-08-02,2024-08-10,2,validation,40.0,32.0,31.75
Galle,2024-08-09,2024-08-17,2,validation,27.0,46.0,32.5
Galle,2024-08-16,2024-08-24,2,validation,50.0,40.0,35.5
Galle,2024-08-23,2024-08-31,2,validation,38.0,27.0,37.75
Galle,2024-08-30,2024-09-07,2,validation,35.0,50.0,36.25
Galle,2024-09-06,2024-09-14,2,validation,32.0,38.0,40.75
Galle,2024-09-13,2024-09-21,2,validation,46.0,35.0,38.75
Galle,2024-09-20,2024-09-28,2,validation,35.0,32.0,37.5
Galle,2024-09-27,2024-10-05,2,validation,35.0,46.0,38.75
Galle,2024-10-04,2024-10-12,2,validation,27.0,35.0,37.75
Galle,2024-10-11,2024-10-19,2,validation,21.0,35.0,37.0
Galle,2024-10-18,2024-10-26,2,validation,26.0,27.0,37.0
Galle,2024-10-25,2024-11-02,2,validation,27.0,21.0,35.75
Galle,2024-11-01,2024-11-09,2,validation,25.0,26.0,29.5
Galle,2024-11-08,2024-11-16,2,validation,59.0,27.0,27.25
Galle,2024-11-15,2024-11-23,2,validation,26.0,25.0,25.25
Galle,2024-11-22,2024-11-30,2,validation,37.0,59.0,24.75
Galle,2024-11-29,2024-12-07,2,validation,34.0,26.0,34.25
Galle,2024-12-06,2024-12-14,2,validation,27.0,37.0,34.25
Galle,2024-12-13,2024-12-21,2,validation,25.0,34.0,36.75
Galle,2024-12-20,2024-12-28,2,validation,30.0,27.0,39.0
Gampaha,2023-12-29,2024-01-06,2,validation,111.0,146.0,157.75
Gampaha,2024-01-05,2024-01-13,2,validation,147.0,146.0,171.25
Gampaha,2024-01-12,2024-01-20,2,validation,150.0,111.0,159.75
Gampaha,2024-01-19,2024-01-27,2,validation,144.0,147.0,155.0
Gampaha,2024-01-26,2024-02-03,2,validation,165.0,150.0,137.5
Gampaha,2024-02-02,2024-02-10,2,validation,155.0,144.0,138.5
Gampaha,2024-02-09,2024-02-17,2,validation,111.0,165.0,138.0
Gampaha,2024-02-16,2024-02-24,2,validation,102.0,155.0,151.5
Gampaha,2024-02-23,2024-03-02,2,validation,68.0,111.0,153.5
Gampaha,2024-03-01,2024-03-09,2,validation,90.0,102.0,143.75
Gampaha,2024-03-08,2024-03-16,2,validation,80.0,68.0,133.25
Gampaha,2024-03-15,2024-03-23,2,validation,60.0,90.0,109.0
Gampaha,2024-03-22,2024-03-30,2,validation,66.0,80.0,92.75
Gampaha,2024-03-29,2024-04-06,2,validation,46.0,60.0,85.0
Gampaha,2024-04-05,2024-04-13,2,validation,68.0,66.0,74.5
Gampaha,2024-04-12,2024-04-20,2,validation,43.0,46.0,74.0
Gampaha,2024-04-19,2024-04-27,2,validation,48.0,68.0,63.0
Gampaha,2024-04-26,2024-05-04,2,validation,55.0,43.0,60.0
Gampaha,2024-05-03,2024-05-11,2,validation,70.0,48.0,55.75
Gampaha,2024-05-10,2024-05-18,2,validation,40.0,55.0,51.25
Gampaha,2024-05-17,2024-05-25,2,validation,48.0,70.0,53.5
Gampaha,2024-05-24,2024-06-01,2,validation,77.0,40.0,54.0
Gampaha,2024-05-31,2024-06-08,2,validation,105.0,48.0,53.25
Gampaha,2024-06-07,2024-06-15,2,validation,81.0,77.0,53.25
Gampaha,2024-06-14,2024-06-22,2,validation,103.0,105.0,58.75
Gampaha,2024-06-21,2024-06-29,2,validation,139.0,81.0,67.5
Gampaha,2024-06-28,2024-07-06,2,validation,125.0,103.0,77.75
Gampaha,2024-07-05,2024-07-13,2,validation,129.0,139.0,91.5
Gampaha,2024-07-12,2024-07-20,2,validation,157.0,125.0,107.0
Gampaha,2024-07-19,2024-07-27,2,validation,148.0,129.0,112.0
Gampaha,2024-07-26,2024-08-03,2,validation,174.0,157.0,124.0
Gampaha,2024-08-02,2024-08-10,2,validation,123.0,148.0,137.5
Gampaha,2024-08-09,2024-08-17,2,validation,124.0,174.0,139.75
Gampaha,2024-08-16,2024-08-24,2,validation,122.0,123.0,152.0
Gampaha,2024-08-23,2024-08-31,2,validation,128.0,124.0,150.5
Gampaha,2024-08-30,2024-09-07,2,validation,84.0,122.0,142.25
Gampaha,2024-09-06,2024-09-14,2,validation,96.0,128.0,135.75
Gampaha,2024-09-13,2024-09-21,2,validation,91.0,84.0,124.25
Gampaha,2024-09-20,2024-09-28,2,validation,101.0,96.0,114.5
Gampaha,2024-09-27,2024-10-05,2,validation,120.0,91.0,107.5
Gampaha,2024-10-04,2024-10-12,2,validation,95.0,101.0,99.75
Gampaha,2024-10-11,2024-10-19,2,validation,98.0,120.0,93.0
Gampaha,2024-10-18,2024-10-26,2,validation,103.0,95.0,102.0
Gampaha,2024-10-25,2024-11-02,2,validation,111.0,98.0,101.75
Gampaha,2024-11-01,2024-11-09,2,validation,95.0,103.0,103.5
Gampaha,2024-11-08,2024-11-16,2,validation,153.0,111.0,104.0
Gampaha,2024-11-15,2024-11-23,2,validation,186.0,95.0,101.75
Gampaha,2024-11-22,2024-11-30,2,validation,133.0,153.0,101.75
Gampaha,2024-11-29,2024-12-07,2,validation,161.0,186.0,115.5
Gampaha,2024-12-06,2024-12-14,2,validation,103.0,133.0,136.25
Gampaha,2024-12-13,2024-12-21,2,validation,131.0,161.0,141.75
Gampaha,2024-12-20,2024-12-28,2,validation,186.0,103.0,158.25
Hambantota,2023-12-29,2024-01-06,2,validation,55.0,18.0,53.0
Hambantota,2024-01-05,2024-01-13,2,validation,33.0,38.0,47.0
Hambantota,2024-01-12,2024-01-20,2,validation,50.0,55.0,42.75
Hambantota,2024-01-19,2024-01-27,2,validation,37.0,33.0,45.75
Hambantota,2024-01-26,2024-02-03,2,validation,29.0,50.0,36.0
Hambantota,2024-02-02,2024-02-10,2,validation,14.0,37.0,44.0
Hambantota,2024-02-09,2024-02-17,2,validation,35.0,29.0,43.75
Hambantota,2024-02-16,2024-02-24,2,validation,18.0,14.0,37.25
Hambantota,2024-02-23,2024-03-02,2,validation,22.0,35.0,32.5
Hambantota,2024-03-01,2024-03-09,2,validation,27.0,18.0,28.75
Hambantota,2024-03-08,2024-03-16,2,validation,17.0,22.0,24.0
Hambantota,2024-03-15,2024-03-23,2,validation,29.0,27.0,22.25
Hambantota,2024-03-22,2024-03-30,2,validation,13.0,17.0,25.5
Hambantota,2024-03-29,2024-04-06,2,validation,10.0,29.0,21.0
Hambantota,2024-04-05,2024-04-13,2,validation,32.0,13.0,23.75
Hambantota,2024-04-12,2024-04-20,2,validation,12.0,10.0,21.5
Hambantota,2024-04-19,2024-04-27,2,validation,15.0,32.0,17.25
Hambantota,2024-04-26,2024-05-04,2,validation,18.0,12.0,21.0
Hambantota,2024-05-03,2024-05-11,2,validation,9.0,15.0,16.75
Hambantota,2024-05-10,2024-05-18,2,validation,6.0,18.0,17.25
Hambantota,2024-05-17,2024-05-25,2,validation,12.0,9.0,19.25
Hambantota,2024-05-24,2024-06-01,2,validation,16.0,6.0,13.5
Hambantota,2024-05-31,2024-06-08,2,validation,9.0,12.0,12.0
Hambantota,2024-06-07,2024-06-15,2,validation,8.0,16.0,11.25
Hambantota,2024-06-14,2024-06-22,2,validation,10.0,9.0,10.75
Hambantota,2024-06-21,2024-06-29,2,validation,12.0,8.0,10.75
Hambantota,2024-06-28,2024-07-06,2,validation,5.0,10.0,11.25
Hambantota,2024-07-05,2024-07-13,2,validation,15.0,12.0,10.75
Hambantota,2024-07-12,2024-07-20,2,validation,14.0,5.0,9.75
Hambantota,2024-07-19,2024-07-27,2,validation,11.0,15.0,8.75
Hambantota,2024-07-26,2024-08-03,2,validation,5.0,14.0,10.5
Hambantota,2024-08-02,2024-08-10,2,validation,8.0,11.0,11.5
Hambantota,2024-08-09,2024-08-17,2,validation,11.0,5.0,11.25
Hambantota,2024-08-16,2024-08-24,2,validation,15.0,8.0,11.25
Hambantota,2024-08-23,2024-08-31,2,validation,10.0,11.0,9.5
Hambantota,2024-08-30,2024-09-07,2,validation,14.0,15.0,8.75
Hambantota,2024-09-06,2024-09-14,2,validation,10.0,10.0,9.75
Hambantota,2024-09-13,2024-09-21,2,validation,10.0,14.0,11.0
Hambantota,2024-09-20,2024-09-28,2,validation,10.0,10.0,12.5
Hambantota,2024-09-27,2024-10-05,2,validation,11.0,10.0,12.25
Hambantota,2024-10-04,2024-10-12,2,validation,14.0,10.0,11.0
Hambantota,2024-10-11,2024-10-19,2,validation,9.0,11.0,11.0
Hambantota,2024-10-18,2024-10-26,2,validation,10.0,14.0,10.25
Hambantota,2024-10-25,2024-11-02,2,validation,12.0,9.0,11.25
Hambantota,2024-11-01,2024-11-09,2,validation,4.0,10.0,11.0
Hambantota,2024-11-08,2024-11-16,2,validation,23.0,12.0,11.0
Hambantota,2024-11-15,2024-11-23,2,validation,6.0,4.0,11.25
Hambantota,2024-11-22,2024-11-30,2,validation,15.0,23.0,8.75
Hambantota,2024-11-29,2024-12-07,2,validation,12.0,6.0,12.25
Hambantota,2024-12-06,2024-12-14,2,validation,22.0,15.0,11.25
Hambantota,2024-12-13,2024-12-21,2,validation,21.0,12.0,12.0
Hambantota,2024-12-20,2024-12-28,2,validation,36.0,22.0,14.0
Jaffna,2023-12-29,2024-01-06,2,validation,805.0,746.0,409.0
Jaffna,2024-01-05,2024-01-13,2,validation,595.0,623.0,546.5
Jaffna,2024-01-12,2024-01-20,2,validation,746.0,805.0,624.5
Jaffna,2024-01-19,2024-01-27,2,validation,483.0,595.0,720.0
Jaffna,2024-01-26,2024-02-03,2,validation,410.0,746.0,692.25
Jaffna,2024-02-02,2024-02-10,2,validation,292.0,483.0,692.25
Jaffna,2024-02-09,2024-02-17,2,validation,224.0,410.0,657.25
Jaffna,2024-02-16,2024-02-24,2,validation,148.0,292.0,558.5
Jaffna,2024-02-23,2024-03-02,2,validation,143.0,224.0,482.75
Jaffna,2024-03-01,2024-03-09,2,validation,99.0,148.0,352.25
Jaffna,2024-03-08,2024-03-16,2,validation,67.0,143.0,268.5
Jaffna,2024-03-15,2024-03-23,2,validation,68.0,99.0,201.75
Jaffna,2024-03-22,2024-03-30,2,validation,60.0,67.0,153.5
Jaffna,2024-03-29,2024-04-06,2,validation,42.0,68.0,114.25
Jaffna,2024-04-05,2024-04-13,2,validation,34.0,60.0,94.25
Jaffna,2024-04-12,2024-04-20,2,validation,35.0,42.0,73.5
Jaffna,2024-04-19,2024-04-27,2,validation,28.0,34.0,59.25
Jaffna,2024-04-26,2024-05-04,2,validation,19.0,35.0,51.0
Jaffna,2024-05-03,2024-05-11,2,validation,16.0,28.0,42.75
Jaffna,2024-05-10,2024-05-18,2,validation,5.0,19.0,34.75
Jaffna,2024-05-17,2024-05-25,2,validation,23.0,16.0,29.0
Jaffna,2024-05-24,2024-06-01,2,validation,22.0,5.0,24.5
Jaffna,2024-05-31,2024-06-08,2,validation,18.0,23.0,17.0
Jaffna,2024-06-07,2024-06-15,2,validation,11.0,22.0,15.75
Jaffna,2024-06-14,2024-06-22,2,validation,20.0,18.0,16.5
Jaffna,2024-06-21,2024-06-29,2,validation,21.0,11.0,17.0
Jaffna,2024-06-28,2024-07-06,2,validation,15.0,20.0,18.5
Jaffna,2024-07-05,2024-07-13,2,validation,18.0,21.0,17.75
Jaffna,2024-07-12,2024-07-20,2,validation,10.0,15.0,17.5
Jaffna,2024-07-19,2024-07-27,2,validation,13.0,18.0,16.75
Jaffna,2024-07-26,2024-08-03,2,validation,6.0,10.0,18.5
Jaffna,2024-08-02,2024-08-10,2,validation,11.0,13.0,16.0
Jaffna,2024-08-09,2024-08-17,2,validation,16.0,6.0,14.0
Jaffna,2024-08-16,2024-08-24,2,validation,15.0,11.0,11.75
Jaffna,2024-08-23,2024-08-31,2,validation,8.0,16.0,10.0
Jaffna,2024-08-30,2024-09-07,2,validation,11.0,15.0,11.5
Jaffna,2024-09-06,2024-09-14,2,validation,8.0,8.0,12.0
Jaffna,2024-09-13,2024-09-21,2,validation,15.0,11.0,12.5
Jaffna,2024-09-20,2024-09-28,2,validation,11.0,8.0,12.5
Jaffna,2024-09-27,2024-10-05,2,validation,10.0,15.0,10.5
Jaffna,2024-10-04,2024-10-12,2,validation,11.0,11.0,10.5
Jaffna,2024-10-11,2024-10-19,2,validation,7.0,10.0,11.25
Jaffna,2024-10-18,2024-10-26,2,validation,30.0,11.0,11.0
Jaffna,2024-10-25,2024-11-02,2,validation,26.0,7.0,11.75
Jaffna,2024-11-01,2024-11-09,2,validation,25.0,30.0,9.75
Jaffna,2024-11-08,2024-11-16,2,validation,37.0,26.0,14.5
Jaffna,2024-11-15,2024-11-23,2,validation,47.0,25.0,18.5
Jaffna,2024-11-22,2024-11-30,2,validation,35.0,37.0,22.0
Jaffna,2024-11-29,2024-12-07,2,validation,60.0,47.0,29.5
Jaffna,2024-12-06,2024-12-14,2,validation,76.0,35.0,33.75
Jaffna,2024-12-13,2024-12-21,2,validation,76.0,60.0,36.0
Jaffna,2024-12-20,2024-12-28,2,validation,58.0,76.0,44.75
Kalutara,2023-12-29,2024-01-06,2,validation,103.0,89.0,229.0
Kalutara,2024-01-05,2024-01-13,2,validation,105.0,77.0,242.75
Kalutara,2024-01-12,2024-01-20,2,validation,96.0,103.0,240.75
Kalutara,2024-01-19,2024-01-27,2,validation,118.0,105.0,240.5
Kalutara,2024-01-26,2024-02-03,2,validation,113.0,96.0,93.5
Kalutara,2024-02-02,2024-02-10,2,validation,81.0,118.0,95.25
Kalutara,2024-02-09,2024-02-17,2,validation,77.0,113.0,105.5
Kalutara,2024-02-16,2024-02-24,2,validation,54.0,81.0,108.0
Kalutara,2024-02-23,2024-03-02,2,validation,43.0,77.0,102.0
Kalutara,2024-03-01,2024-03-09,2,validation,91.0,54.0,97.25
Kalutara,2024-03-08,2024-03-16,2,validation,78.0,43.0,81.25
Kalutara,2024-03-15,2024-03-23,2,validation,69.0,91.0,63.75
Kalutara,2024-03-22,2024-03-30,2,validation,50.0,78.0,66.25
Kalutara,2024-03-29,2024-04-06,2,validation,35.0,69.0,66.5
Kalutara,2024-04-05,2024-04-13,2,validation,37.0,50.0,70.25
Kalutara,2024-04-12,2024-04-20,2,validation,24.0,35.0,72.0
Kalutara,2024-04-19,2024-04-27,2,validation,41.0,37.0,58.0
Kalutara,2024-04-26,2024-05-04,2,validation,31.0,24.0,47.75
Kalutara,2024-05-03,2024-05-11,2,validation,50.0,41.0,36.5
Kalutara,2024-05-10,2024-05-18,2,validation,32.0,31.0,34.25
Kalutara,2024-05-17,2024-05-25,2,validation,41.0,50.0,33.25
Kalutara,2024-05-24,2024-06-01,2,validation,41.0,32.0,36.5
Kalutara,2024-05-31,2024-06-08,2,validation,50.0,41.0,38.5
Kalutara,2024-06-07,2024-06-15,2,validation,46.0,41.0,38.5
Kalutara,2024-06-14,2024-06-22,2,validation,63.0,50.0,41.0
Kalutara,2024-06-21,2024-06-29,2,validation,60.0,46.0,41.0
Kalutara,2024-06-28,2024-07-06,2,validation,68.0,63.0,44.5
Kalutara,2024-07-05,2024-07-13,2,validation,55.0,60.0,50.0
Kalutara,2024-07-12,2024-07-20,2,validation,65.0,68.0,54.75
Kalutara,2024-07-19,2024-07-27,2,validation,27.0,55.0,59.25
Kalutara,2024-07-26,2024-08-03,2,validation,50.0,65.0,61.5
Kalutara,2024-08-02,2024-08-10,2,validation,48.0,27.0,62.0
Kalutara,2024-08-09,2024-08-17,2,validation,43.0,50.0,53.75
Kalutara,2024-08-16,2024-08-24,2,validation,57.0,48.0,49.25
Kalutara,2024-08-23,2024-08-31,2,validation,39.0,43.0,47.5
Kalutara,2024-08-30,2024-09-07,2,validation,23.0,57.0,42.0
Kalutara,2024-09-06,2024-09-14,2,validation,34.0,39.0,49.5
Kalutara,2024-09-13,2024-09-21,2,validation,48.0,23.0,46.75
Kalutara,2024-09-20,2024-09-28,2,validation,44.0,34.0,40.5
Kalutara,2024-09-27,2024-10-05,2,validation,44.0,48.0,38.25
Kalutara,2024-10-04,2024-10-12,2,validation,36.0,44.0,36.0
Kalutara,2024-10-11,2024-10-19,2,validation,31.0,44.0,37.25
Kalutara,2024-10-18,2024-10-26,2,validation,40.0,36.0,42.5
Kalutara,2024-10-25,2024-11-02,2,validation,36.0,31.0,43.0
Kalutara,2024-11-01,2024-11-09,2,validation,23.0,40.0,38.75
Kalutara,2024-11-08,2024-11-16,2,validation,30.0,36.0,37.75
Kalutara,2024-11-15,2024-11-23,2,validation,34.0,23.0,35.75
Kalutara,2024-11-22,2024-11-30,2,validation,28.0,30.0,32.5
Kalutara,2024-11-29,2024-12-07,2,validation,32.0,34.0,32.25
Kalutara,2024-12-06,2024-12-14,2,validation,49.0,28.0,30.75
Kalutara,2024-12-13,2024-12-21,2,validation,34.0,32.0,28.75
Kalutara,2024-12-20,2024-12-28,2,validation,65.0,49.0,31.0
Kandy,2023-12-29,2024-01-06,2,validation,199.0,330.0,353.75
Kandy,2024-01-05,2024-01-13,2,validation,165.0,237.0,392.5
Kandy,2024-01-12,2024-01-20,2,validation,186.0,199.0,334.5
Kandy,2024-01-19,2024-01-27,2,validation,126.0,165.0,296.0
Kandy,2024-01-26,2024-02-03,2,validation,126.0,186.0,232.75
Kandy,2024-02-02,2024-02-10,2,validation,86.0,126.0,196.75
Kandy,2024-02-09,2024-02-17,2,validation,83.0,126.0,169.0
Kandy,2024-02-16,2024-02-24,2,validation,58.0,86.0,150.75
Kandy,2024-02-23,2024-03-02,2,validation,68.0,83.0,131.0
Kandy,2024-03-01,2024-03-09,2,validation,59.0,58.0,105.25
Kandy,2024-03-08,2024-03-16,2,validation,42.0,68.0,88.25
Kandy,2024-03-15,2024-03-23,2,validation,51.0,59.0,73.75
Kandy,2024-03-22,2024-03-30,2,validation,47.0,42.0,67.0
Kandy,2024-03-29,2024-04-06,2,validation,44.0,51.0,56.75
Kandy,2024-04-05,2024-04-13,2,validation,73.0,47.0,55.0
Kandy,2024-04-12,2024-04-20,2,validation,64.0,44.0,49.75
Kandy,2024-04-19,2024-04-27,2,validation,66.0,73.0,46.0
Kandy,2024-04-26,2024-05-04,2,validation,71.0,64.0,53.75
Kandy,2024-05-03,2024-05-11,2,validation,98.0,66.0,57.0
Kandy,2024-05-10,2024-05-18,2,validation,62.0,71.0,61.75
Kandy,2024-05-17,2024-05-25,2,validation,66.0,98.0,68.5
Kandy,2024-05-24,2024-06-01,2,validation,69.0,62.0,74.75
Kandy,2024-05-31,2024-06-08,2,validation,70.0,66.0,74.25
Kandy,2024-06-07,2024-06-15,2,validation,85.0,69.0,74.25
Kandy,2024-06-14,2024-06-22,2,validation,91.0,70.0,73.75
Kandy,2024-06-21,2024-06-29,2,validation,110.0,85.0,66.75
Kandy,2024-06-28,2024-07-06,2,validation,141.0,91.0,72.5
Kandy,2024-07-05,2024-07-13,2,validation,105.0,110.0,78.75
Kandy,2024-07-12,2024-07-20,2,validation,120.0,141.0,89.0
Kandy,2024-07-19,2024-07-27,2,validation,107.0,105.0,106.75
Kandy,2024-07-26,2024-08-03,2,validation,120.0,120.0,111.75
Kandy,2024-08-02,2024-08-10,2,validation,114.0,107.0,119.0
Kandy,2024-08-09,2024-08-17,2,validation,72.0,120.0,118.25
Kandy,2024-08-16,2024-08-24,2,validation,94.0,114.0,113.0
Kandy,2024-08-23,2024-08-31,2,validation,73.0,72.0,115.25
Kandy,2024-08-30,2024-09-07,2,validation,76.0,94.0,103.25
Kandy,2024-09-06,2024-09-14,2,validation,64.0,73.0,100.0
Kandy,2024-09-13,2024-09-21,2,validation,75.0,76.0,88.25
Kandy,2024-09-20,2024-09-28,2,validation,58.0,64.0,78.75
Kandy,2024-09-27,2024-10-05,2,validation,59.0,75.0,76.75
Kandy,2024-10-04,2024-10-12,2,validation,68.0,58.0,72.0
Kandy,2024-10-11,2024-10-19,2,validation,74.0,59.0,68.25
Kandy,2024-10-18,2024-10-26,2,validation,66.0,68.0,64.0
Kandy,2024-10-25,2024-11-02,2,validation,70.0,74.0,65.0
Kandy,2024-11-01,2024-11-09,2,validation,68.0,66.0,64.75
Kandy,2024-11-08,2024-11-16,2,validation,84.0,70.0,66.75
Kandy,2024-11-15,2024-11-23,2,validation,63.0,68.0,69.5
Kandy,2024-11-22,2024-11-30,2,validation,71.0,84.0,69.5
Kandy,2024-11-29,2024-12-07,2,validation,73.0,63.0,72.0
Kandy,2024-12-06,2024-12-14,2,validation,57.0,71.0,71.25
Kandy,2024-12-13,2024-12-21,2,validation,76.0,73.0,71.5
Kandy,2024-12-20,2024-12-28,2,validation,66.0,57.0,72.75
Kegalle,2023-12-29,2024-01-06,2,validation,104.0,119.0,90.0
Kegalle,2024-01-05,2024-01-13,2,validation,77.0,112.0,95.75
Kegalle,2024-01-12,2024-01-20,2,validation,91.0,104.0,96.0
Kegalle,2024-01-19,2024-01-27,2,validation,73.0,77.0,106.25
Kegalle,2024-01-26,2024-02-03,2,validation,89.0,91.0,103.0
Kegalle,2024-02-02,2024-02-10,2,validation,48.0,73.0,96.0
Kegalle,2024-02-09,2024-02-17,2,validation,71.0,89.0,86.25
Kegalle,2024-02-16,2024-02-24,2,validation,43.0,48.0,82.5
Kegalle,2024-02-23,2024-03-02,2,validation,34.0,71.0,75.25
Kegalle,2024-03-01,2024-03-09,2,validation,44.0,43.0,70.25
Kegalle,2024-03-08,2024-03-16,2,validation,35.0,34.0,62.75
Kegalle,2024-03-15,2024-03-23,2,validation,30.0,44.0,49.0
Kegalle,2024-03-22,2024-03-30,2,validation,25.0,35.0,48.0
Kegalle,2024-03-29,2024-04-06,2,validation,25.0,30.0,39.0
Kegalle,2024-04-05,2024-04-13,2,validation,23.0,25.0,35.75
Kegalle,2024-04-12,2024-04-20,2,validation,42.0,25.0,33.5
Kegalle,2024-04-19,2024-04-27,2,validation,36.0,23.0,28.75
Kegalle,2024-04-26,2024-05-04,2,validation,56.0,42.0,25.75
Kegalle,2024-05-03,2024-05-11,2,validation,48.0,36.0,28.75
Kegalle,2024-05-10,2024-05-18,2,validation,28.0,56.0,31.5
Kegalle,2024-05-17,2024-05-25,2,validation,49.0,48.0,39.25
Kegalle,2024-05-24,2024-06-01,2,validation,31.0,28.0,45.5
Kegalle,2024-05-31,2024-06-08,2,validation,36.0,49.0,42.0
Kegalle,2024-06-07,2024-06-15,2,validation,24.0,31.0,45.25
Kegalle,2024-06-14,2024-06-22,2,validation,40.0,36.0,39.0
Kegalle,2024-06-21,2024-06-29,2,validation,38.0,24.0,36.0
Kegalle,2024-06-28,2024-07-06,2,validation,35.0,40.0,35.0
Kegalle,2024-07-05,2024-07-13,2,validation,35.0,38.0,32.75
Kegalle,2024-07-12,2024-07-20,2,validation,19.0,35.0,34.5
Kegalle,2024-07-19,2024-07-27,2,validation,39.0,35.0,34.25
Kegalle,2024-07-26,2024-08-03,2,validation,20.0,19.0,37.0
Kegalle,2024-08-02,2024-08-10,2,validation,37.0,39.0,31.75
Kegalle,2024-08-09,2024-08-17,2,validation,77.0,20.0,32.0
Kegalle,2024-08-16,2024-08-24,2,validation,23.0,37.0,28.25
Kegalle,2024-08-23,2024-08-31,2,validation,38.0,77.0,28.75
Kegalle,2024-08-30,2024-09-07,2,validation,37.0,23.0,43.25
Kegalle,2024-09-06,2024-09-14,2,validation,26.0,38.0,39.25
Kegalle,2024-09-13,2024-09-21,2,validation,25.0,37.0,43.75
Kegalle,2024-09-20,2024-09-28,2,validation,15.0,26.0,43.75
Kegalle,2024-09-27,2024-10-05,2,validation,13.0,25.0,31.0
Kegalle,2024-10-04,2024-10-12,2,validation,20.0,15.0,31.5
Kegalle,2024-10-11,2024-10-19,2,validation,24.0,13.0,25.75
Kegalle,2024-10-18,2024-10-26,2,validation,8.0,20.0,19.75
Kegalle,2024-10-25,2024-11-02,2,validation,21.0,24.0,18.25
Kegalle,2024-11-01,2024-11-09,2,validation,16.0,8.0,18.0
Kegalle,2024-11-08,2024-11-16,2,validation,26.0,21.0,16.25
Kegalle,2024-11-15,2024-11-23,2,validation,23.0,16.0,18.25
Kegalle,2024-11-22,2024-11-30,2,validation,21.0,26.0,17.25
Kegalle,2024-11-29,2024-12-07,2,validation,14.0,23.0,17.75
Kegalle,2024-12-06,2024-12-14,2,validation,17.0,21.0,21.5
Kegalle,2024-12-13,2024-12-21,2,validation,44.0,14.0,21.5
Kegalle,2024-12-20,2024-12-28,2,validation,64.0,17.0,21.0
Kilinochchi,2023-12-29,2024-01-06,2,validation,52.0,17.0,11.25
Kilinochchi,2024-01-05,2024-01-13,2,validation,20.0,29.0,14.25
Kilinochchi,2024-01-12,2024-01-20,2,validation,41.0,52.0,19.25
Kilinochchi,2024-01-19,2024-01-27,2,validation,22.0,20.0,29.5
Kilinochchi,2024-01-26,2024-02-03,2,validation,26.0,41.0,29.5
Kilinochchi,2024-02-02,2024-02-10,2,validation,22.0,22.0,35.5
Kilinochchi,2024-02-09,2024-02-17,2,validation,12.0,26.0,33.75
Kilinochchi,2024-02-16,2024-02-24,2,validation,9.0,22.0,27.25
Kilinochchi,2024-02-23,2024-03-02,2,validation,8.0,12.0,27.75
Kilinochchi,2024-03-01,2024-03-09,2,validation,8.0,9.0,20.5
Kilinochchi,2024-03-08,2024-03-16,2,validation,7.0,8.0,17.25
Kilinochchi,2024-03-15,2024-03-23,2,validation,2.0,8.0,12.75
Kilinochchi,2024-03-22,2024-03-30,2,validation,3.0,7.0,9.25
Kilinochchi,2024-03-29,2024-04-06,2,validation,3.0,2.0,8.0
Kilinochchi,2024-04-05,2024-04-13,2,validation,4.0,3.0,6.25
Kilinochchi,2024-04-12,2024-04-20,2,validation,0.0,3.0,5.0
Kilinochchi,2024-04-19,2024-04-27,2,validation,0.0,4.0,3.75
Kilinochchi,2024-04-26,2024-05-04,2,validation,0.0,0.0,3.0
Kilinochchi,2024-05-03,2024-05-11,2,validation,1.0,0.0,2.5
Kilinochchi,2024-05-10,2024-05-18,2,validation,0.0,0.0,1.75
Kilinochchi,2024-05-17,2024-05-25,2,validation,0.0,1.0,1.0
Kilinochchi,2024-05-24,2024-06-01,2,validation,0.0,0.0,0.25
Kilinochchi,2024-05-31,2024-06-08,2,validation,0.0,0.0,0.25
Kilinochchi,2024-06-07,2024-06-15,2,validation,0.0,0.0,0.25
Kilinochchi,2024-06-14,2024-06-22,2,validation,0.0,0.0,0.25
Kilinochchi,2024-06-21,2024-06-29,2,validation,0.0,0.0,0.0
Kilinochchi,2024-06-28,2024-07-06,2,validation,0.0,0.0,0.0
Kilinochchi,2024-07-05,2024-07-13,2,validation,2.0,0.0,0.0
Kilinochchi,2024-07-12,2024-07-20,2,validation,1.0,0.0,0.0
Kilinochchi,2024-07-19,2024-07-27,2,validation,1.0,2.0,0.0
Kilinochchi,2024-07-26,2024-08-03,2,validation,6.0,1.0,0.5
Kilinochchi,2024-08-02,2024-08-10,2,validation,3.0,1.0,0.75
Kilinochchi,2024-08-09,2024-08-17,2,validation,3.0,6.0,1.0
Kilinochchi,2024-08-16,2024-08-24,2,validation,1.0,3.0,2.5
Kilinochchi,2024-08-23,2024-08-31,2,validation,0.0,3.0,2.75
Kilinochchi,2024-08-30,2024-09-07,2,validation,0.0,1.0,3.25
Kilinochchi,2024-09-06,2024-09-14,2,validation,0.0,0.0,3.25
Kilinochchi,2024-09-13,2024-09-21,2,validation,2.0,0.0,1.75
Kilinochchi,2024-09-20,2024-09-28,2,validation,2.0,0.0,1.0
Kilinochchi,2024-09-27,2024-10-05,2,validation,0.0,2.0,0.25
Kilinochchi,2024-10-04,2024-10-12,2,validation,1.0,2.0,0.5
Kilinochchi,2024-10-11,2024-10-19,2,validation,1.0,0.0,1.0
Kilinochchi,2024-10-18,2024-10-26,2,validation,3.0,1.0,1.0
Kilinochchi,2024-10-25,2024-11-02,2,validation,5.0,1.0,1.25
Kilinochchi,2024-11-01,2024-11-09,2,validation,3.0,3.0,1.0
Kilinochchi,2024-11-08,2024-11-16,2,validation,0.0,5.0,1.25
Kilinochchi,2024-11-15,2024-11-23,2,validation,1.0,3.0,2.5
Kilinochchi,2024-11-22,2024-11-30,2,validation,1.0,0.0,3.0
Kilinochchi,2024-11-29,2024-12-07,2,validation,8.0,1.0,2.75
Kilinochchi,2024-12-06,2024-12-14,2,validation,6.0,1.0,2.25
Kilinochchi,2024-12-13,2024-12-21,2,validation,5.0,8.0,1.25
Kilinochchi,2024-12-20,2024-12-28,2,validation,5.0,6.0,2.5
Kurunegala,2023-12-29,2024-01-06,2,validation,127.0,164.0,154.25
Kurunegala,2024-01-05,2024-01-13,2,validation,62.0,155.0,162.5
Kurunegala,2024-01-12,2024-01-20,2,validation,135.0,127.0,161.5
Kurunegala,2024-01-19,2024-01-27,2,validation,103.0,62.0,154.5
Kurunegala,2024-01-26,2024-02-03,2,validation,108.0,135.0,127.0
Kurunegala,2024-02-02,2024-02-10,2,validation,26.0,103.0,119.75
Kurunegala,2024-02-09,2024-02-17,2,validation,61.0,108.0,106.75
Kurunegala,2024-02-16,2024-02-24,2,validation,58.0,26.0,102.0
Kurunegala,2024-02-23,2024-03-02,2,validation,67.0,61.0,93.0
Kurunegala,2024-03-01,2024-03-09,2,validation,50.0,58.0,74.5
Kurunegala,2024-03-08,2024-03-16,2,validation,29.0,67.0,63.25
Kurunegala,2024-03-15,2024-03-23,2,validation,19.0,50.0,53.0
Kurunegala,2024-03-22,2024-03-30,2,validation,26.0,29.0,59.0
Kurunegala,2024-03-29,2024-04-06,2,validation,6.0,19.0,51.0
Kurunegala,2024-04-05,2024-04-13,2,validation,21.0,26.0,41.25
Kurunegala,2024-04-12,2024-04-20,2,validation,20.0,6.0,31.0
Kurunegala,2024-04-19,2024-04-27,2,validation,19.0,21.0,20.0
Kurunegala,2024-04-26,2024-05-04,2,validation,34.0,20.0,18.0
Kurunegala,2024-05-03,2024-05-11,2,validation,44.0,19.0,18.25
Kurunegala,2024-05-10,2024-05-18,2,validation,39.0,34.0,16.5
Kurunegala,2024-05-17,2024-05-25,2,validation,39.0,44.0,23.5
Kurunegala,2024-05-24,2024-06-01,2,validation,37.0,39.0,29.25
Kurunegala,2024-05-31,2024-06-08,2,validation,36.0,39.0,34.0
Kurunegala,2024-06-07,2024-06-15,2,validation,21.0,37.0,39.0
Kurunegala,2024-06-14,2024-06-22,2,validation,47.0,36.0,39.75
Kurunegala,2024-06-21,2024-06-29,2,validation,39.0,21.0,37.75
Kurunegala,2024-06-28,2024-07-06,2,validation,32.0,47.0,33.25
Kurunegala,2024-07-05,2024-07-13,2,validation,38.0,39.0,35.25
Kurunegala,2024-07-12,2024-07-20,2,validation,27.0,32.0,35.75
Kurunegala,2024-07-19,2024-07-27,2,validation,61.0,38.0,34.75
Kurunegala,2024-07-26,2024-08-03,2,validation,39.0,27.0,39.0
Kurunegala,2024-08-02,2024-08-10,2,validation,31.0,61.0,34.0
Kurunegala,2024-08-09,2024-08-17,2,validation,20.0,39.0,39.5
Kurunegala,2024-08-16,2024-08-24,2,validation,20.0,31.0,41.25
Kurunegala,2024-08-23,2024-08-31,2,validation,21.0,20.0,39.5
Kurunegala,2024-08-30,2024-09-07,2,validation,26.0,20.0,37.75
Kurunegala,2024-09-06,2024-09-14,2,validation,22.0,21.0,27.5
Kurunegala,2024-09-13,2024-09-21,2,validation,28.0,26.0,23.0
Kurunegala,2024-09-20,2024-09-28,2,validation,17.0,22.0,21.75
Kurunegala,2024-09-27,2024-10-05,2,validation,16.0,28.0,22.25
Kurunegala,2024-10-04,2024-10-12,2,validation,16.0,17.0,24.25
Kurunegala,2024-10-11,2024-10-19,2,validation,21.0,16.0,23.25
Kurunegala,2024-10-18,2024-10-26,2,validation,30.0,16.0,20.75
Kurunegala,2024-10-25,2024-11-02,2,validation,20.0,21.0,19.25
Kurunegala,2024-11-01,2024-11-09,2,validation,14.0,30.0,17.5
Kurunegala,2024-11-08,2024-11-16,2,validation,25.0,20.0,20.75
Kurunegala,2024-11-15,2024-11-23,2,validation,20.0,14.0,21.75
Kurunegala,2024-11-22,2024-11-30,2,validation,17.0,25.0,21.25
Kurunegala,2024-11-29,2024-12-07,2,validation,14.0,20.0,22.25
Kurunegala,2024-12-06,2024-12-14,2,validation,25.0,17.0,19.75
Kurunegala,2024-12-13,2024-12-21,2,validation,26.0,14.0,19.0
Kurunegala,2024-12-20,2024-12-28,2,validation,26.0,25.0,19.0
Mannar,2023-12-29,2024-01-06,2,validation,35.0,25.0,11.75
Mannar,2024-01-05,2024-01-13,2,validation,13.0,53.0,16.25
Mannar,2024-01-12,2024-01-20,2,validation,10.0,35.0,27.25
Mannar,2024-01-19,2024-01-27,2,validation,19.0,13.0,32.5
Mannar,2024-01-26,2024-02-03,2,validation,21.0,10.0,31.5
Mannar,2024-02-02,2024-02-10,2,validation,2.0,19.0,27.75
Mannar,2024-02-09,2024-02-17,2,validation,4.0,21.0,19.25
Mannar,2024-02-16,2024-02-24,2,validation,4.0,2.0,15.75
Mannar,2024-02-23,2024-03-02,2,validation,4.0,4.0,13.0
Mannar,2024-03-01,2024-03-09,2,validation,1.0,4.0,11.5
Mannar,2024-03-08,2024-03-16,2,validation,1.0,4.0,7.75
Mannar,2024-03-15,2024-03-23,2,validation,2.0,1.0,3.5
Mannar,2024-03-22,2024-03-30,2,validation,1.0,1.0,3.25
Mannar,2024-03-29,2024-04-06,2,validation,2.0,2.0,2.5
Mannar,2024-04-05,2024-04-13,2,validation,1.0,1.0,2.0
Mannar,2024-04-12,2024-04-20,2,validation,9.0,2.0,1.25
Mannar,2024-04-19,2024-04-27,2,validation,1.0,1.0,1.5
Mannar,2024-04-26,2024-05-04,2,validation,1.0,9.0,1.5
Mannar,2024-05-03,2024-05-11,2,validation,0.0,1.0,3.25
Mannar,2024-05-10,2024-05-18,2,validation,0.0,1.0,3.25
Mannar,2024-05-17,2024-05-25,2,validation,2.0,0.0,3.0
Mannar,2024-05-24,2024-06-01,2,validation,2.0,0.0,2.75
Mannar,2024-05-31,2024-06-08,2,validation,1.0,2.0,0.5
Mannar,2024-06-07,2024-06-15,2,validation,1.0,2.0,0.75
Mannar,2024-06-14,2024-06-22,2,validation,3.0,1.0,1.0
Mannar,2024-06-21,2024-06-29,2,validation,2.0,1.0,1.25
Mannar,2024-06-28,2024-07-06,2,validation,2.0,3.0,1.5
Mannar,2024-07-05,2024-07-13,2,validation,5.0,2.0,1.75
Mannar,2024-07-12,2024-07-20,2,validation,5.0,2.0,1.75
Mannar,2024-07-19,2024-07-27,2,validation,8.0,5.0,2.0
Mannar,2024-07-26,2024-08-03,2,validation,3.0,5.0,3.0
Mannar,2024-08-02,2024-08-10,2,validation,10.0,8.0,3.5
Mannar,2024-08-09,2024-08-17,2,validation,10.0,3.0,5.0
Mannar,2024-08-16,2024-08-24,2,validation,8.0,10.0,5.25
Mannar,2024-08-23,2024-08-31,2,validation,3.0,10.0,6.5
Mannar,2024-08-30,2024-09-07,2,validation,11.0,8.0,7.75
Mannar,2024-09-06,2024-09-14,2,validation,14.0,3.0,7.75
Mannar,2024-09-13,2024-09-21,2,validation,4.0,11.0,7.75
Mannar,2024-09-20,2024-09-28,2,validation,2.0,14.0,8.0
Mannar,2024-09-27,2024-10-05,2,validation,2.0,4.0,9.0
Mannar,2024-10-04,2024-10-12,2,validation,5.0,2.0,8.0
Mannar,2024-10-11,2024-10-19,2,validation,7.0,2.0,7.75
Mannar,2024-10-18,2024-10-26,2,validation,5.0,5.0,5.5
Mannar,2024-10-25,2024-11-02,2,validation,3.0,7.0,3.25
Mannar,2024-11-01,2024-11-09,2,validation,5.0,5.0,4.0
Mannar,2024-11-08,2024-11-16,2,validation,6.0,3.0,4.75
Mannar,2024-11-15,2024-11-23,2,validation,6.0,5.0,5.0
Mannar,2024-11-22,2024-11-30,2,validation,2.0,6.0,5.0
Mannar,2024-11-29,2024-12-07,2,validation,2.0,6.0,4.75
Mannar,2024-12-06,2024-12-14,2,validation,8.0,2.0,5.0
Mannar,2024-12-13,2024-12-21,2,validation,12.0,2.0,4.75
Mannar,2024-12-20,2024-12-28,2,validation,11.0,8.0,4.0
Matale,2023-12-29,2024-01-06,2,validation,39.0,71.0,82.5
Matale,2024-01-05,2024-01-13,2,validation,47.0,40.0,76.75
Matale,2024-01-12,2024-01-20,2,validation,28.0,39.0,71.5
Matale,2024-01-19,2024-01-27,2,validation,22.0,47.0,62.75
Matale,2024-01-26,2024-02-03,2,validation,27.0,28.0,49.25
Matale,2024-02-02,2024-02-10,2,validation,30.0,22.0,38.5
Matale,2024-02-09,2024-02-17,2,validation,18.0,27.0,34.0
Matale,2024-02-16,2024-02-24,2,validation,16.0,30.0,31.0
Matale,2024-02-23,2024-03-02,2,validation,11.0,18.0,26.75
Matale,2024-03-01,2024-03-09,2,validation,8.0,16.0,24.25
Matale,2024-03-08,2024-03-16,2,validation,6.0,11.0,22.75
Matale,2024-03-15,2024-03-23,2,validation,12.0,8.0,18.75
Matale,2024-03-22,2024-03-30,2,validation,3.0,6.0,13.25
Matale,2024-03-29,2024-04-06,2,validation,6.0,12.0,10.25
Matale,2024-04-05,2024-04-13,2,validation,16.0,3.0,9.25
Matale,2024-04-12,2024-04-20,2,validation,7.0,6.0,7.25
Matale,2024-04-19,2024-04-27,2,validation,6.0,16.0,6.75
Matale,2024-04-26,2024-05-04,2,validation,13.0,7.0,9.25
Matale,2024-05-03,2024-05-11,2,validation,9.0,6.0,8.0
Matale,2024-05-10,2024-05-18,2,validation,5.0,13.0,8.75
Matale,2024-05-17,2024-05-25,2,validation,7.0,9.0,10.5
Matale,2024-05-24,2024-06-01,2,validation,8.0,5.0,8.75
Matale,2024-05-31,2024-06-08,2,validation,3.0,7.0,8.25
Matale,2024-06-07,2024-06-15,2,validation,15.0,8.0,8.5
Matale,2024-06-14,2024-06-22,2,validation,13.0,3.0,7.25
Matale,2024-06-21,2024-06-29,2,validation,14.0,15.0,5.75
Matale,2024-06-28,2024-07-06,2,validation,24.0,13.0,8.25
Matale,2024-07-05,2024-07-13,2,validation,18.0,14.0,9.75
Matale,2024-07-12,2024-07-20,2,validation,19.0,24.0,11.25
Matale,2024-07-19,2024-07-27,2,validation,16.0,18.0,16.5
Matale,2024-07-26,2024-08-03,2,validation,14.0,19.0,17.25
Matale,2024-08-02,2024-08-10,2,validation,18.0,16.0,18.75
Matale,2024-08-09,2024-08-17,2,validation,21.0,14.0,19.25
Matale,2024-08-16,2024-08-24,2,validation,8.0,18.0,16.75
Matale,2024-08-23,2024-08-31,2,validation,17.0,21.0,16.75
Matale,2024-08-30,2024-09-07,2,validation,22.0,8.0,17.25
Matale,2024-09-06,2024-09-14,2,validation,16.0,17.0,15.25
Matale,2024-09-13,2024-09-21,2,validation,12.0,22.0,16.0
Matale,2024-09-20,2024-09-28,2,validation,26.0,16.0,17.0
Matale,2024-09-27,2024-10-05,2,validation,32.0,12.0,15.75
Matale,2024-10-04,2024-10-12,2,validation,7.0,26.0,16.75
Matale,2024-10-11,2024-10-19,2,validation,43.0,32.0,19.0
Matale,2024-10-18,2024-10-26,2,validation,35.0,7.0,21.5
Matale,2024-10-25,2024-11-02,2,validation,25.0,43.0,19.25
Matale,2024-11-01,2024-11-09,2,validation,41.0,35.0,27.0
Matale,2024-11-08,2024-11-16,2,validation,41.0,25.0,29.25
Matale,2024-11-15,2024-11-23,2,validation,31.0,41.0,27.5
Matale,2024-11-22,2024-11-30,2,validation,37.0,41.0,36.0
Matale,2024-11-29,2024-12-07,2,validation,38.0,31.0,35.5
Matale,2024-12-06,2024-12-14,2,validation,52.0,37.0,34.5
Matale,2024-12-13,2024-12-21,2,validation,34.0,38.0,37.5
Matale,2024-12-20,2024-12-28,2,validation,52.0,52.0,36.75
Matara,2023-12-29,2024-01-06,2,validation,35.0,20.0,34.75
Matara,2024-01-05,2024-01-13,2,validation,27.0,46.0,32.75
Matara,2024-01-12,2024-01-20,2,validation,32.0,35.0,35.0
Matara,2024-01-19,2024-01-27,2,validation,29.0,27.0,34.25
Matara,2024-01-26,2024-02-03,2,validation,26.0,32.0,32.0
Matara,2024-02-02,2024-02-10,2,validation,23.0,29.0,35.0
Matara,2024-02-09,2024-02-17,2,validation,29.0,26.0,30.75
Matara,2024-02-16,2024-02-24,2,validation,15.0,23.0,28.5
Matara,2024-02-23,2024-03-02,2,validation,28.0,29.0,27.5
Matara,2024-03-01,2024-03-09,2,validation,23.0,15.0,26.75
Matara,2024-03-08,2024-03-16,2,validation,14.0,28.0,23.25
Matara,2024-03-15,2024-03-23,2,validation,14.0,23.0,23.75
Matara,2024-03-22,2024-03-30,2,validation,17.0,14.0,23.75
Matara,2024-03-29,2024-04-06,2,validation,11.0,14.0,20.0
Matara,2024-04-05,2024-04-13,2,validation,3.0,17.0,19.75
Matara,2024-04-12,2024-04-20,2,validation,10.0,11.0,17.0
Matara,2024-04-19,2024-04-27,2,validation,14.0,3.0,14.0
Matara,2024-04-26,2024-05-04,2,validation,16.0,10.0,11.25
Matara,2024-05-03,2024-05-11,2,validation,13.0,14.0,10.25
Matara,2024-05-10,2024-05-18,2,validation,7.0,16.0,9.5
Matara,2024-05-17,2024-05-25,2,validation,17.0,13.0,10.75
Matara,2024-05-24,2024-06-01,2,validation,16.0,7.0,13.25
Matara,2024-05-31,2024-06-08,2,validation,11.0,17.0,12.5
Matara,2024-06-07,2024-06-15,2,validation,5.0,16.0,13.25
Matara,2024-06-14,2024-06-22,2,validation,13.0,11.0,13.25
Matara,2024-06-21,2024-06-29,2,validation,22.0,5.0,12.75
Matara,2024-06-28,2024-07-06,2,validation,19.0,13.0,12.25
Matara,2024-07-05,2024-07-13,2,validation,27.0,22.0,11.25
Matara,2024-07-12,2024-07-20,2,validation,44.0,19.0,12.75
Matara,2024-07-19,2024-07-27,2,validation,31.0,27.0,14.75
Matara,2024-07-26,2024-08-03,2,validation,29.0,44.0,20.25
Matara,2024-08-02,2024-08-10,2,validation,38.0,31.0,28.0
Matara,2024-08-09,2024-08-17,2,validation,22.0,29.0,30.25
Matara,2024-08-16,2024-08-24,2,validation,13.0,38.0,32.75
Matara,2024-08-23,2024-08-31,2,validation,31.0,22.0,35.5
Matara,2024-08-30,2024-09-07,2,validation,22.0,13.0,30.0
Matara,2024-09-06,2024-09-14,2,validation,28.0,31.0,25.5
Matara,2024-09-13,2024-09-21,2,validation,22.0,22.0,26.0
Matara,2024-09-20,2024-09-28,2,validation,75.0,28.0,22.0
Matara,2024-09-27,2024-10-05,2,validation,46.0,22.0,23.5
Matara,2024-10-04,2024-10-12,2,validation,36.0,75.0,25.75
Matara,2024-10-11,2024-10-19,2,validation,29.0,46.0,36.75
Matara,2024-10-18,2024-10-26,2,validation,18.0,36.0,42.75
Matara,2024-10-25,2024-11-02,2,validation,19.0,29.0,44.75
Matara,2024-11-01,2024-11-09,2,validation,14.0,18.0,46.5
Matara,2024-11-08,2024-11-16,2,validation,20.0,19.0,32.25
Matara,2024-11-15,2024-11-23,2,validation,20.0,14.0,25.5
Matara,2024-11-22,2024-11-30,2,validation,15.0,20.0,20.0
Matara,2024-11-29,2024-12-07,2,validation,11.0,20.0,17.75
Matara,2024-12-06,2024-12-14,2,validation,12.0,15.0,18.25
Matara,2024-12-13,2024-12-21,2,validation,26.0,11.0,17.25
Matara,2024-12-20,2024-12-28,2,validation,28.0,12.0,16.5
Monaragala,2023-12-29,2024-01-06,2,validation,29.0,29.0,67.5
Monaragala,2024-01-05,2024-01-13,2,validation,87.0,42.0,69.25
Monaragala,2024-01-12,2024-01-20,2,validation,48.0,29.0,68.25
Monaragala,2024-01-19,2024-01-27,2,validation,36.0,87.0,68.0
Monaragala,2024-01-26,2024-02-03,2,validation,21.0,48.0,46.75
Monaragala,2024-02-02,2024-02-10,2,validation,15.0,36.0,51.5
Monaragala,2024-02-09,2024-02-17,2,validation,27.0,21.0,50.0
Monaragala,2024-02-16,2024-02-24,2,validation,25.0,15.0,48.0
Monaragala,2024-02-23,2024-03-02,2,validation,17.0,27.0,30.0
Monaragala,2024-03-01,2024-03-09,2,validation,19.0,25.0,24.75
Monaragala,2024-03-08,2024-03-16,2,validation,12.0,17.0,22.0
Monaragala,2024-03-15,2024-03-23,2,validation,10.0,19.0,21.0
Monaragala,2024-03-22,2024-03-30,2,validation,8.0,12.0,22.0
Monaragala,2024-03-29,2024-04-06,2,validation,12.0,10.0,18.25
Monaragala,2024-04-05,2024-04-13,2,validation,10.0,8.0,14.5
Monaragala,2024-04-12,2024-04-20,2,validation,15.0,12.0,12.25
Monaragala,2024-04-19,2024-04-27,2,validation,7.0,10.0,10.5
Monaragala,2024-04-26,2024-05-04,2,validation,12.0,15.0,10.0
Monaragala,2024-05-03,2024-05-11,2,validation,14.0,7.0,11.25
Monaragala,2024-05-10,2024-05-18,2,validation,5.0,12.0,11.0
Monaragala,2024-05-17,2024-05-25,2,validation,15.0,14.0,11.0
Monaragala,2024-05-24,2024-06-01,2,validation,20.0,5.0,12.0
Monaragala,2024-05-31,2024-06-08,2,validation,14.0,15.0,9.5
Monaragala,2024-06-07,2024-06-15,2,validation,16.0,20.0,11.5
Monaragala,2024-06-14,2024-06-22,2,validation,13.0,14.0,13.5
Monaragala,2024-06-21,2024-06-29,2,validation,11.0,16.0,13.5
Monaragala,2024-06-28,2024-07-06,2,validation,15.0,13.0,16.25
Monaragala,2024-07-05,2024-07-13,2,validation,12.0,11.0,15.75
Monaragala,2024-07-12,2024-07-20,2,validation,15.0,15.0,13.5
Monaragala,2024-07-19,2024-07-27,2,validation,12.0,12.0,13.75
Monaragala,2024-07-26,2024-08-03,2,validation,12.0,15.0,12.75
Monaragala,2024-08-02,2024-08-10,2,validation,13.0,12.0,13.25
Monaragala,2024-08-09,2024-08-17,2,validation,15.0,12.0,13.5
Monaragala,2024-08-16,2024-08-24,2,validation,18.0,13.0,12.75
Monaragala,2024-08-23,2024-08-31,2,validation,17.0,15.0,13.0
Monaragala,2024-08-30,2024-09-07,2,validation,4.0,18.0,13.0
Monaragala,2024-09-06,2024-09-14,2,validation,19.0,17.0,14.5
Monaragala,2024-09-13,2024-09-21,2,validation,21.0,4.0,15.75
Monaragala,2024-09-20,2024-09-28,2,validation,30.0,19.0,13.5
Monaragala,2024-09-27,2024-10-05,2,validation,34.0,21.0,14.5
Monaragala,2024-10-04,2024-10-12,2,validation,40.0,30.0,15.25
Monaragala,2024-10-11,2024-10-19,2,validation,28.0,34.0,18.5
Monaragala,2024-10-18,2024-10-26,2,validation,26.0,40.0,26.0
Monaragala,2024-10-25,2024-11-02,2,validation,19.0,28.0,31.25
Monaragala,2024-11-01,2024-11-09,2,validation,15.0,26.0,33.0
Monaragala,2024-11-08,2024-11-16,2,validation,45.0,19.0,32.0
Monaragala,2024-11-15,2024-11-23,2,validation,20.0,15.0,28.25
Monaragala,2024-11-22,2024-11-30,2,validation,13.0,45.0,22.0
Monaragala,2024-11-29,2024-12-07,2,validation,22.0,20.0,26.25
Monaragala,2024-12-06,2024-12-14,2,validation,13.0,13.0,24.75
Monaragala,2024-12-13,2024-12-21,2,validation,13.0,22.0,23.25
Monaragala,2024-12-20,2024-12-28,2,validation,25.0,13.0,25.0
Mullaitivu,2023-12-29,2024-01-06,2,validation,26.0,24.0,5.25
Mullaitivu,2024-01-05,2024-01-13,2,validation,31.0,25.0,10.5
Mullaitivu,2024-01-12,2024-01-20,2,validation,23.0,26.0,16.5
Mullaitivu,2024-01-19,2024-01-27,2,validation,11.0,31.0,22.0
Mullaitivu,2024-01-26,2024-02-03,2,validation,22.0,23.0,26.5
Mullaitivu,2024-02-02,2024-02-10,2,validation,8.0,11.0,26.25
Mullaitivu,2024-02-09,2024-02-17,2,validation,9.0,22.0,22.75
Mullaitivu,2024-02-16,2024-02-24,2,validation,2.0,8.0,21.75
Mullaitivu,2024-02-23,2024-03-02,2,validation,5.0,9.0,16.0
Mullaitivu,2024-03-01,2024-03-09,2,validation,7.0,2.0,12.5
Mullaitivu,2024-03-08,2024-03-16,2,validation,1.0,5.0,10.25
Mullaitivu,2024-03-15,2024-03-23,2,validation,1.0,7.0,6.0
Mullaitivu,2024-03-22,2024-03-30,2,validation,3.0,1.0,5.75
Mullaitivu,2024-03-29,2024-04-06,2,validation,2.0,1.0,3.75
Mullaitivu,2024-04-05,2024-04-13,2,validation,2.0,3.0,3.5
Mullaitivu,2024-04-12,2024-04-20,2,validation,1.0,2.0,3.0
Mullaitivu,2024-04-19,2024-04-27,2,validation,2.0,2.0,1.75
Mullaitivu,2024-04-26,2024-05-04,2,validation,2.0,1.0,2.0
Mullaitivu,2024-05-03,2024-05-11,2,validation,0.0,2.0,2.0
Mullaitivu,2024-05-10,2024-05-18,2,validation,0.0,2.0,1.75
Mullaitivu,2024-05-17,2024-05-25,2,validation,1.0,0.0,1.75
Mullaitivu,2024-05-24,2024-06-01,2,validation,0.0,0.0,1.25
Mullaitivu,2024-05-31,2024-06-08,2,validation,0.0,1.0,1.0
Mullaitivu,2024-06-07,2024-06-15,2,validation,1.0,0.0,0.75
Mullaitivu,2024-06-14,2024-06-22,2,validation,1.0,0.0,0.25
Mullaitivu,2024-06-21,2024-06-29,2,validation,1.0,1.0,0.25
Mullaitivu,2024-06-28,2024-07-06,2,validation,3.0,1.0,0.5
Mullaitivu,2024-07-05,2024-07-13,2,validation,0.0,1.0,0.5
Mullaitivu,2024-07-12,2024-07-20,2,validation,1.0,3.0,0.75
Mullaitivu,2024-07-19,2024-07-27,2,validation,1.0,0.0,1.5
Mullaitivu,2024-07-26,2024-08-03,2,validation,1.0,1.0,1.25
Mullaitivu,2024-08-02,2024-08-10,2,validation,1.0,1.0,1.25
Mullaitivu,2024-08-09,2024-08-17,2,validation,0.0,1.0,1.25
Mullaitivu,2024-08-16,2024-08-24,2,validation,2.0,1.0,0.75
Mullaitivu,2024-08-23,2024-08-31,2,validation,2.0,0.0,1.0
Mullaitivu,2024-08-30,2024-09-07,2,validation,2.0,2.0,0.75
Mullaitivu,2024-09-06,2024-09-14,2,validation,4.0,2.0,1.0
Mullaitivu,2024-09-13,2024-09-21,2,validation,1.0,2.0,1.25
Mullaitivu,2024-09-20,2024-09-28,2,validation,1.0,4.0,1.5
Mullaitivu,2024-09-27,2024-10-05,2,validation,1.0,1.0,2.5
Mullaitivu,2024-10-04,2024-10-12,2,validation,0.0,1.0,2.25
Mullaitivu,2024-10-11,2024-10-19,2,validation,1.0,1.0,2.0
Mullaitivu,2024-10-18,2024-10-26,2,validation,1.0,0.0,1.75
Mullaitivu,2024-10-25,2024-11-02,2,validation,3.0,1.0,0.75
Mullaitivu,2024-11-01,2024-11-09,2,validation,1.0,1.0,0.75
Mullaitivu,2024-11-08,2024-11-16,2,validation,3.0,3.0,0.75
Mullaitivu,2024-11-15,2024-11-23,2,validation,3.0,1.0,1.25
Mullaitivu,2024-11-22,2024-11-30,2,validation,0.0,3.0,1.5
Mullaitivu,2024-11-29,2024-12-07,2,validation,5.0,3.0,2.0
Mullaitivu,2024-12-06,2024-12-14,2,validation,2.0,0.0,2.5
Mullaitivu,2024-12-13,2024-12-21,2,validation,4.0,5.0,1.75
Mullaitivu,2024-12-20,2024-12-28,2,validation,3.0,2.0,2.75
Nuwara Eliya,2023-12-29,2024-01-06,2,validation,28.0,13.0,25.75
Nuwara Eliya,2024-01-05,2024-01-13,2,validation,22.0,19.0,25.0
Nuwara Eliya,2024-01-12,2024-01-20,2,validation,18.0,28.0,23.25
Nuwara Eliya,2024-01-19,2024-01-27,2,validation,13.0,22.0,24.0
Nuwara Eliya,2024-01-26,2024-02-03,2,validation,18.0,18.0,20.5
Nuwara Eliya,2024-02-02,2024-02-10,2,validation,9.0,13.0,21.75
Nuwara Eliya,2024-02-09,2024-02-17,2,validation,9.0,18.0,20.25
Nuwara Eliya,2024-02-16,2024-02-24,2,validation,6.0,9.0,17.75
Nuwara Eliya,2024-02-23,2024-03-02,2,validation,10.0,9.0,14.5
Nuwara Eliya,2024-03-01,2024-03-09,2,validation,4.0,6.0,12.25
Nuwara Eliya,2024-03-08,2024-03-16,2,validation,6.0,10.0,10.5
Nuwara Eliya,2024-03-15,2024-03-23,2,validation,7.0,4.0,8.5
Nuwara Eliya,2024-03-22,2024-03-30,2,validation,3.0,6.0,7.25
Nuwara Eliya,2024-03-29,2024-04-06,2,validation,1.0,7.0,6.5
Nuwara Eliya,2024-04-05,2024-04-13,2,validation,7.0,3.0,6.75
Nuwara Eliya,2024-04-12,2024-04-20,2,validation,3.0,1.0,5.0
Nuwara Eliya,2024-04-19,2024-04-27,2,validation,3.0,7.0,4.25
Nuwara Eliya,2024-04-26,2024-05-04,2,validation,4.0,3.0,4.5
Nuwara Eliya,2024-05-03,2024-05-11,2,validation,2.0,3.0,3.5
Nuwara Eliya,2024-05-10,2024-05-18,2,validation,1.0,4.0,3.5
Nuwara Eliya,2024-05-17,2024-05-25,2,validation,2.0,2.0,4.25
Nuwara Eliya,2024-05-24,2024-06-01,2,validation,5.0,1.0,3.0
Nuwara Eliya,2024-05-31,2024-06-08,2,validation,4.0,2.0,2.5
Nuwara Eliya,2024-06-07,2024-06-15,2,validation,2.0,5.0,2.25
Nuwara Eliya,2024-06-14,2024-06-22,2,validation,10.0,4.0,2.5
Nuwara Eliya,2024-06-21,2024-06-29,2,validation,7.0,2.0,3.0
Nuwara Eliya,2024-06-28,2024-07-06,2,validation,10.0,10.0,3.25
Nuwara Eliya,2024-07-05,2024-07-13,2,validation,6.0,7.0,5.25
Nuwara Eliya,2024-07-12,2024-07-20,2,validation,5.0,10.0,5.75
Nuwara Eliya,2024-07-19,2024-07-27,2,validation,9.0,6.0,7.25
Nuwara Eliya,2024-07-26,2024-08-03,2,validation,5.0,5.0,8.25
Nuwara Eliya,2024-08-02,2024-08-10,2,validation,10.0,9.0,7.0
Nuwara Eliya,2024-08-09,2024-08-17,2,validation,7.0,5.0,7.5
Nuwara Eliya,2024-08-16,2024-08-24,2,validation,4.0,10.0,6.25
Nuwara Eliya,2024-08-23,2024-08-31,2,validation,1.0,7.0,7.25
Nuwara Eliya,2024-08-30,2024-09-07,2,validation,5.0,4.0,7.75
Nuwara Eliya,2024-09-06,2024-09-14,2,validation,6.0,1.0,6.5
Nuwara Eliya,2024-09-13,2024-09-21,2,validation,8.0,5.0,5.5
Nuwara Eliya,2024-09-20,2024-09-28,2,validation,7.0,6.0,4.25
Nuwara Eliya,2024-09-27,2024-10-05,2,validation,4.0,8.0,4.0
Nuwara Eliya,2024-10-04,2024-10-12,2,validation,5.0,7.0,5.0
Nuwara Eliya,2024-10-11,2024-10-19,2,validation,4.0,4.0,6.5
Nuwara Eliya,2024-10-18,2024-10-26,2,validation,6.0,5.0,6.25
Nuwara Eliya,2024-10-25,2024-11-02,2,validation,5.0,4.0,6.0
Nuwara Eliya,2024-11-01,2024-11-09,2,validation,0.0,6.0,5.0
Nuwara Eliya,2024-11-08,2024-11-16,2,validation,4.0,5.0,4.75
Nuwara Eliya,2024-11-15,2024-11-23,2,validation,3.0,0.0,5.0
Nuwara Eliya,2024-11-22,2024-11-30,2,validation,2.0,4.0,3.75
Nuwara Eliya,2024-11-29,2024-12-07,2,validation,1.0,3.0,3.75
Nuwara Eliya,2024-12-06,2024-12-14,2,validation,3.0,2.0,3.0
Nuwara Eliya,2024-12-13,2024-12-21,2,validation,10.0,1.0,2.25
Nuwara Eliya,2024-12-20,2024-12-28,2,validation,5.0,3.0,2.5
Polonnaruwa,2023-12-29,2024-01-06,2,validation,12.0,8.0,19.75
Polonnaruwa,2024-01-05,2024-01-13,2,validation,42.0,21.0,19.25
Polonnaruwa,2024-01-12,2024-01-20,2,validation,12.0,12.0,19.5
Polonnaruwa,2024-01-19,2024-01-27,2,validation,10.0,42.0,18.5
Polonnaruwa,2024-01-26,2024-02-03,2,validation,19.0,12.0,20.75
Polonnaruwa,2024-02-02,2024-02-10,2,validation,41.0,10.0,21.75
Polonnaruwa,2024-02-09,2024-02-17,2,validation,17.0,19.0,19.0
Polonnaruwa,2024-02-16,2024-02-24,2,validation,7.0,41.0,20.75
Polonnaruwa,2024-02-23,2024-03-02,2,validation,11.0,17.0,20.5
Polonnaruwa,2024-03-01,2024-03-09,2,validation,10.0,7.0,21.75
Polonnaruwa,2024-03-08,2024-03-16,2,validation,15.0,11.0,21.0
Polonnaruwa,2024-03-15,2024-03-23,2,validation,7.0,10.0,19.0
Polonnaruwa,2024-03-22,2024-03-30,2,validation,7.0,15.0,11.25
Polonnaruwa,2024-03-29,2024-04-06,2,validation,4.0,7.0,10.75
Polonnaruwa,2024-04-05,2024-04-13,2,validation,3.0,7.0,10.75
Polonnaruwa,2024-04-12,2024-04-20,2,validation,5.0,4.0,9.75
Polonnaruwa,2024-04-19,2024-04-27,2,validation,7.0,3.0,8.25
Polonnaruwa,2024-04-26,2024-05-04,2,validation,6.0,5.0,5.25
Polonnaruwa,2024-05-03,2024-05-11,2,validation,3.0,7.0,4.75
Polonnaruwa,2024-05-10,2024-05-18,2,validation,6.0,6.0,4.75
Polonnaruwa,2024-05-17,2024-05-25,2,validation,2.0,3.0,5.25
Polonnaruwa,2024-05-24,2024-06-01,2,validation,2.0,6.0,5.25
Polonnaruwa,2024-05-31,2024-06-08,2,validation,6.0,2.0,5.5
Polonnaruwa,2024-06-07,2024-06-15,2,validation,5.0,2.0,4.25
Polonnaruwa,2024-06-14,2024-06-22,2,validation,13.0,6.0,3.25
Polonnaruwa,2024-06-21,2024-06-29,2,validation,3.0,5.0,4.0
Polonnaruwa,2024-06-28,2024-07-06,2,validation,7.0,13.0,3.75
Polonnaruwa,2024-07-05,2024-07-13,2,validation,14.0,3.0,6.5
Polonnaruwa,2024-07-12,2024-07-20,2,validation,6.0,7.0,6.75
Polonnaruwa,2024-07-19,2024-07-27,2,validation,11.0,14.0,7.0
Polonnaruwa,2024-07-26,2024-08-03,2,validation,4.0,6.0,9.25
Polonnaruwa,2024-08-02,2024-08-10,2,validation,8.0,11.0,7.5
Polonnaruwa,2024-08-09,2024-08-17,2,validation,10.0,4.0,9.5
Polonnaruwa,2024-08-16,2024-08-24,2,validation,7.0,8.0,8.75
Polonnaruwa,2024-08-23,2024-08-31,2,validation,3.0,10.0,7.25
Polonnaruwa,2024-08-30,2024-09-07,2,validation,5.0,7.0,8.25
Polonnaruwa,2024-09-06,2024-09-14,2,validation,5.0,3.0,7.25
Polonnaruwa,2024-09-13,2024-09-21,2,validation,8.0,5.0,7.0
Polonnaruwa,2024-09-20,2024-09-28,2,validation,8.0,5.0,6.25
Polonnaruwa,2024-09-27,2024-10-05,2,validation,10.0,8.0,5.0
Polonnaruwa,2024-10-04,2024-10-12,2,validation,1.0,8.0,5.25
Polonnaruwa,2024-10-11,2024-10-19,2,validation,6.0,10.0,6.5
Polonnaruwa,2024-10-18,2024-10-26,2,validation,3.0,1.0,7.75
Polonnaruwa,2024-10-25,2024-11-02,2,validation,8.0,6.0,6.75
Polonnaruwa,2024-11-01,2024-11-09,2,validation,7.0,3.0,6.25
Polonnaruwa,2024-11-08,2024-11-16,2,validation,6.0,8.0,5.0
Polonnaruwa,2024-11-15,2024-11-23,2,validation,17.0,7.0,4.5
Polonnaruwa,2024-11-22,2024-11-30,2,validation,6.0,6.0,6.0
Polonnaruwa,2024-11-29,2024-12-07,2,validation,5.0,17.0,6.0
Polonnaruwa,2024-12-06,2024-12-14,2,validation,3.0,6.0,9.5
Polonnaruwa,2024-12-13,2024-12-21,2,validation,6.0,5.0,9.0
Polonnaruwa,2024-12-20,2024-12-28,2,validation,14.0,3.0,8.5
Puttalam,2023-12-29,2024-01-06,2,validation,92.0,63.0,98.5
Puttalam,2024-01-05,2024-01-13,2,validation,127.0,90.0,88.75
Puttalam,2024-01-12,2024-01-20,2,validation,76.0,92.0,89.0
Puttalam,2024-01-19,2024-01-27,2,validation,52.0,127.0,85.25
Puttalam,2024-01-26,2024-02-03,2,validation,34.0,76.0,93.0
Puttalam,2024-02-02,2024-02-10,2,validation,102.0,52.0,96.25
Puttalam,2024-02-09,2024-02-17,2,validation,29.0,34.0,86.75
Puttalam,2024-02-16,2024-02-24,2,validation,21.0,102.0,72.25
Puttalam,2024-02-23,2024-03-02,2,validation,14.0,29.0,66.0
Puttalam,2024-03-01,2024-03-09,2,validation,9.0,21.0,54.25
Puttalam,2024-03-08,2024-03-16,2,validation,12.0,14.0,46.5
Puttalam,2024-03-15,2024-03-23,2,validation,9.0,9.0,41.5
Puttalam,2024-03-22,2024-03-30,2,validation,18.0,12.0,18.25
Puttalam,2024-03-29,2024-04-06,2,validation,8.0,9.0,14.0
Puttalam,2024-04-05,2024-04-13,2,validation,19.0,18.0,11.0
Puttalam,2024-04-12,2024-04-20,2,validation,7.0,8.0,12.0
Puttalam,2024-04-19,2024-04-27,2,validation,7.0,19.0,11.75
Puttalam,2024-04-26,2024-05-04,2,validation,7.0,7.0,13.5
Puttalam,2024-05-03,2024-05-11,2,validation,13.0,7.0,13.0
Puttalam,2024-05-10,2024-05-18,2,validation,11.0,7.0,10.25
Puttalam,2024-05-17,2024-05-25,2,validation,11.0,13.0,10.0
Puttalam,2024-05-24,2024-06-01,2,validation,7.0,11.0,8.5
Puttalam,2024-05-31,2024-06-08,2,validation,10.0,11.0,9.5
Puttalam,2024-06-07,2024-06-15,2,validation,9.0,7.0,10.5
Puttalam,2024-06-14,2024-06-22,2,validation,27.0,10.0,10.5
Puttalam,2024-06-21,2024-06-29,2,validation,21.0,9.0,9.75
Puttalam,2024-06-28,2024-07-06,2,validation,13.0,27.0,9.25
Puttalam,2024-07-05,2024-07-13,2,validation,28.0,21.0,13.25
Puttalam,2024-07-12,2024-07-20,2,validation,24.0,13.0,16.75
Puttalam,2024-07-19,2024-07-27,2,validation,19.0,28.0,17.5
Puttalam,2024-07-26,2024-08-03,2,validation,24.0,24.0,22.25
Puttalam,2024-08-02,2024-08-10,2,validation,16.0,19.0,21.5
Puttalam,2024-08-09,2024-08-17,2,validation,9.0,24.0,21.0
Puttalam,2024-08-16,2024-08-24,2,validation,17.0,16.0,23.75
Puttalam,2024-08-23,2024-08-31,2,validation,11.0,9.0,20.75
Puttalam,2024-08-30,2024-09-07,2,validation,11.0,17.0,17.0
Puttalam,2024-09-06,2024-09-14,2,validation,16.0,11.0,16.5
Puttalam,2024-09-13,2024-09-21,2,validation,16.0,11.0,13.25
Puttalam,2024-09-20,2024-09-28,2,validation,23.0,16.0,12.0
Puttalam,2024-09-27,2024-10-05,2,validation,11.0,16.0,13.75
Puttalam,2024-10-04,2024-10-12,2,validation,28.0,23.0,13.5
Puttalam,2024-10-11,2024-10-19,2,validation,15.0,11.0,16.5
Puttalam,2024-10-18,2024-10-26,2,validation,21.0,28.0,16.5
Puttalam,2024-10-25,2024-11-02,2,validation,28.0,15.0,19.5
Puttalam,2024-11-01,2024-11-09,2,validation,19.0,21.0,19.25
Puttalam,2024-11-08,2024-11-16,2,validation,30.0,28.0,18.75
Puttalam,2024-11-15,2024-11-23,2,validation,23.0,19.0,23.0
Puttalam,2024-11-22,2024-11-30,2,validation,28.0,30.0,20.75
Puttalam,2024-11-29,2024-12-07,2,validation,31.0,23.0,24.5
Puttalam,2024-12-06,2024-12-14,2,validation,39.0,28.0,25.0
Puttalam,2024-12-13,2024-12-21,2,validation,23.0,31.0,25.0
Puttalam,2024-12-20,2024-12-28,2,validation,30.0,39.0,28.0
Ratnapura,2023-12-29,2024-01-06,2,validation,77.0,54.0,88.75
Ratnapura,2024-01-05,2024-01-13,2,validation,43.0,76.0,63.5
Ratnapura,2024-01-12,2024-01-20,2,validation,67.0,77.0,70.0
Ratnapura,2024-01-19,2024-01-27,2,validation,72.0,43.0,62.75
Ratnapura,2024-01-26,2024-02-03,2,validation,82.0,67.0,62.5
Ratnapura,2024-02-02,2024-02-10,2,validation,14.0,72.0,65.75
Ratnapura,2024-02-09,2024-02-17,2,validation,57.0,82.0,64.75
Ratnapura,2024-02-16,2024-02-24,2,validation,57.0,14.0,66.0
Ratnapura,2024-02-23,2024-03-02,2,validation,38.0,57.0,58.75
Ratnapura,2024-03-01,2024-03-09,2,validation,56.0,57.0,56.25
Ratnapura,2024-03-08,2024-03-16,2,validation,48.0,38.0,52.5
Ratnapura,2024-03-15,2024-03-23,2,validation,53.0,56.0,41.5
Ratnapura,2024-03-22,2024-03-30,2,validation,49.0,48.0,52.0
Ratnapura,2024-03-29,2024-04-06,2,validation,39.0,53.0,49.75
Ratnapura,2024-04-05,2024-04-13,2,validation,44.0,49.0,48.75
Ratnapura,2024-04-12,2024-04-20,2,validation,67.0,39.0,51.5
Ratnapura,2024-04-19,2024-04-27,2,validation,74.0,44.0,47.25
Ratnapura,2024-04-26,2024-05-04,2,validation,88.0,67.0,46.25
Ratnapura,2024-05-03,2024-05-11,2,validation,72.0,74.0,49.75
Ratnapura,2024-05-10,2024-05-18,2,validation,76.0,88.0,56.0
Ratnapura,2024-05-17,2024-05-25,2,validation,84.0,72.0,68.25
Ratnapura,2024-05-24,2024-06-01,2,validation,60.0,76.0,75.25
Ratnapura,2024-05-31,2024-06-08,2,validation,47.0,84.0,77.5
Ratnapura,2024-06-07,2024-06-15,2,validation,57.0,60.0,80.0
Ratnapura,2024-06-14,2024-06-22,2,validation,58.0,47.0,73.0
Ratnapura,2024-06-21,2024-06-29,2,validation,52.0,57.0,66.75
Ratnapura,2024-06-28,2024-07-06,2,validation,51.0,58.0,62.0
Ratnapura,2024-07-05,2024-07-13,2,validation,81.0,52.0,55.5
Ratnapura,2024-07-12,2024-07-20,2,validation,76.0,51.0,53.5
Ratnapura,2024-07-19,2024-07-27,2,validation,72.0,81.0,54.5
Ratnapura,2024-07-26,2024-08-03,2,validation,51.0,76.0,60.5
Ratnapura,2024-08-02,2024-08-10,2,validation,38.0,72.0,65.0
Ratnapura,2024-08-09,2024-08-17,2,validation,25.0,51.0,70.0
Ratnapura,2024-08-16,2024-08-24,2,validation,48.0,38.0,70.0
Ratnapura,2024-08-23,2024-08-31,2,validation,51.0,25.0,59.25
Ratnapura,2024-08-30,2024-09-07,2,validation,18.0,48.0,46.5
Ratnapura,2024-09-06,2024-09-14,2,validation,32.0,51.0,40.5
Ratnapura,2024-09-13,2024-09-21,2,validation,40.0,18.0,40.5
Ratnapura,2024-09-20,2024-09-28,2,validation,31.0,32.0,35.5
Ratnapura,2024-09-27,2024-10-05,2,validation,45.0,40.0,37.25
Ratnapura,2024-10-04,2024-10-12,2,validation,42.0,31.0,35.25
Ratnapura,2024-10-11,2024-10-19,2,validation,54.0,45.0,30.25
Ratnapura,2024-10-18,2024-10-26,2,validation,61.0,42.0,37.0
Ratnapura,2024-10-25,2024-11-02,2,validation,48.0,54.0,39.5
Ratnapura,2024-11-01,2024-11-09,2,validation,41.0,61.0,43.0
Ratnapura,2024-11-08,2024-11-16,2,validation,54.0,48.0,50.5
Ratnapura,2024-11-15,2024-11-23,2,validation,53.0,41.0,51.25
Ratnapura,2024-11-22,2024-11-30,2,validation,38.0,54.0,51.0
Ratnapura,2024-11-29,2024-12-07,2,validation,44.0,53.0,51.0
Ratnapura,2024-12-06,2024-12-14,2,validation,20.0,38.0,49.0
Ratnapura,2024-12-13,2024-12-21,2,validation,47.0,44.0,46.5
Ratnapura,2024-12-20,2024-12-28,2,validation,30.0,20.0,47.25
Trincomalee,2023-12-29,2024-01-06,2,validation,50.0,23.0,22.5
Trincomalee,2024-01-05,2024-01-13,2,validation,33.0,42.0,23.0
Trincomalee,2024-01-12,2024-01-20,2,validation,42.0,50.0,28.5
Trincomalee,2024-01-19,2024-01-27,2,validation,29.0,33.0,35.75
Trincomalee,2024-01-26,2024-02-03,2,validation,31.0,42.0,37.0
Trincomalee,2024-02-02,2024-02-10,2,validation,33.0,29.0,41.75
Trincomalee,2024-02-09,2024-02-17,2,validation,26.0,31.0,38.5
Trincomalee,2024-02-16,2024-02-24,2,validation,26.0,33.0,33.75
Trincomalee,2024-02-23,2024-03-02,2,validation,13.0,26.0,33.75
Trincomalee,2024-03-01,2024-03-09,2,validation,23.0,26.0,29.75
Trincomalee,2024-03-08,2024-03-16,2,validation,21.0,13.0,29.0
Trincomalee,2024-03-15,2024-03-23,2,validation,12.0,23.0,24.5
Trincomalee,2024-03-22,2024-03-30,2,validation,7.0,21.0,22.0
Trincomalee,2024-03-29,2024-04-06,2,validation,9.0,12.0,20.75
Trincomalee,2024-04-05,2024-04-13,2,validation,17.0,7.0,17.25
Trincomalee,2024-04-12,2024-04-20,2,validation,9.0,9.0,15.75
Trincomalee,2024-04-19,2024-04-27,2,validation,19.0,17.0,12.25
Trincomalee,2024-04-26,2024-05-04,2,validation,18.0,9.0,11.25
Trincomalee,2024-05-03,2024-05-11,2,validation,12.0,19.0,10.5
Trincomalee,2024-05-10,2024-05-18,2,validation,6.0,18.0,13.5
Trincomalee,2024-05-17,2024-05-25,2,validation,7.0,12.0,15.75
Trincomalee,2024-05-24,2024-06-01,2,validation,10.0,6.0,14.5
Trincomalee,2024-05-31,2024-06-08,2,validation,7.0,7.0,13.75
Trincomalee,2024-06-07,2024-06-15,2,validation,12.0,10.0,10.75
Trincomalee,2024-06-14,2024-06-22,2,validation,10.0,7.0,8.75
Trincomalee,2024-06-21,2024-06-29,2,validation,11.0,12.0,7.5
Trincomalee,2024-06-28,2024-07-06,2,validation,7.0,10.0,9.0
Trincomalee,2024-07-05,2024-07-13,2,validation,14.0,11.0,9.75
Trincomalee,2024-07-12,2024-07-20,2,validation,8.0,7.0,10.0
Trincomalee,2024-07-19,2024-07-27,2,validation,12.0,14.0,10.0
Trincomalee,2024-07-26,2024-08-03,2,validation,12.0,8.0,10.5
Trincomalee,2024-08-02,2024-08-10,2,validation,10.0,12.0,10.0
Trincomalee,2024-08-09,2024-08-17,2,validation,3.0,12.0,10.25
Trincomalee,2024-08-16,2024-08-24,2,validation,8.0,10.0,11.5
Trincomalee,2024-08-23,2024-08-31,2,validation,2.0,3.0,10.5
Trincomalee,2024-08-30,2024-09-07,2,validation,6.0,8.0,9.25
Trincomalee,2024-09-06,2024-09-14,2,validation,3.0,2.0,8.25
Trincomalee,2024-09-13,2024-09-21,2,validation,2.0,6.0,5.75
Trincomalee,2024-09-20,2024-09-28,2,validation,2.0,3.0,4.75
Trincomalee,2024-09-27,2024-10-05,2,validation,5.0,2.0,4.75
Trincomalee,2024-10-04,2024-10-12,2,validation,3.0,2.0,3.25
Trincomalee,2024-10-11,2024-10-19,2,validation,4.0,5.0,3.25
Trincomalee,2024-10-18,2024-10-26,2,validation,9.0,3.0,3.0
Trincomalee,2024-10-25,2024-11-02,2,validation,8.0,4.0,3.0
Trincomalee,2024-11-01,2024-11-09,2,validation,16.0,9.0,3.5
Trincomalee,2024-11-08,2024-11-16,2,validation,13.0,8.0,5.25
Trincomalee,2024-11-15,2024-11-23,2,validation,9.0,16.0,6.0
Trincomalee,2024-11-22,2024-11-30,2,validation,14.0,13.0,9.25
Trincomalee,2024-11-29,2024-12-07,2,validation,20.0,9.0,11.5
Trincomalee,2024-12-06,2024-12-14,2,validation,19.0,14.0,11.5
Trincomalee,2024-12-13,2024-12-21,2,validation,30.0,20.0,13.0
Trincomalee,2024-12-20,2024-12-28,2,validation,28.0,19.0,14.0
Vavuniya,2023-12-29,2024-01-06,2,validation,27.0,19.0,8.0
Vavuniya,2024-01-05,2024-01-13,2,validation,14.0,20.0,11.75
Vavuniya,2024-01-12,2024-01-20,2,validation,19.0,27.0,16.5
Vavuniya,2024-01-19,2024-01-27,2,validation,5.0,14.0,22.0
Vavuniya,2024-01-26,2024-02-03,2,validation,7.0,19.0,20.0
Vavuniya,2024-02-02,2024-02-10,2,validation,3.0,5.0,20.0
Vavuniya,2024-02-09,2024-02-17,2,validation,4.0,7.0,16.25
Vavuniya,2024-02-16,2024-02-24,2,validation,3.0,3.0,11.25
Vavuniya,2024-02-23,2024-03-02,2,validation,5.0,4.0,8.5
Vavuniya,2024-03-01,2024-03-09,2,validation,5.0,3.0,4.75
Vavuniya,2024-03-08,2024-03-16,2,validation,2.0,5.0,4.25
Vavuniya,2024-03-15,2024-03-23,2,validation,2.0,5.0,3.75
Vavuniya,2024-03-22,2024-03-30,2,validation,1.0,2.0,4.25
Vavuniya,2024-03-29,2024-04-06,2,validation,0.0,2.0,3.75
Vavuniya,2024-04-05,2024-04-13,2,validation,0.0,1.0,3.5
Vavuniya,2024-04-12,2024-04-20,2,validation,0.0,0.0,2.5
Vavuniya,2024-04-19,2024-04-27,2,validation,0.0,0.0,1.25
Vavuniya,2024-04-26,2024-05-04,2,validation,4.0,0.0,0.75
Vavuniya,2024-05-03,2024-05-11,2,validation,2.0,0.0,0.25
Vavuniya,2024-05-10,2024-05-18,2,validation,0.0,4.0,0.0
Vavuniya,2024-05-17,2024-05-25,2,validation,1.0,2.0,1.0
Vavuniya,2024-05-24,2024-06-01,2,validation,4.0,0.0,1.5
Vavuniya,2024-05-31,2024-06-08,2,validation,2.0,1.0,1.5
Vavuniya,2024-06-07,2024-06-15,2,validation,1.0,4.0,1.75
Vavuniya,2024-06-14,2024-06-22,2,validation,1.0,2.0,1.75
Vavuniya,2024-06-21,2024-06-29,2,validation,4.0,1.0,1.75
Vavuniya,2024-06-28,2024-07-06,2,validation,3.0,1.0,2.0
Vavuniya,2024-07-05,2024-07-13,2,validation,1.0,4.0,2.0
Vavuniya,2024-07-12,2024-07-20,2,validation,5.0,3.0,2.0
Vavuniya,2024-07-19,2024-07-27,2,validation,1.0,1.0,2.25
Vavuniya,2024-07-26,2024-08-03,2,validation,0.0,5.0,2.25
Vavuniya,2024-08-02,2024-08-10,2,validation,5.0,1.0,3.25
Vavuniya,2024-08-09,2024-08-17,2,validation,3.0,0.0,2.5
Vavuniya,2024-08-16,2024-08-24,2,validation,0.0,5.0,1.75
Vavuniya,2024-08-23,2024-08-31,2,validation,1.0,3.0,2.75
Vavuniya,2024-08-30,2024-09-07,2,validation,1.0,0.0,2.25
Vavuniya,2024-09-06,2024-09-14,2,validation,2.0,1.0,2.0
Vavuniya,2024-09-13,2024-09-21,2,validation,0.0,1.0,2.25
Vavuniya,2024-09-20,2024-09-28,2,validation,0.0,2.0,1.25
Vavuniya,2024-09-27,2024-10-05,2,validation,1.0,0.0,1.0
Vavuniya,2024-10-04,2024-10-12,2,validation,3.0,0.0,1.0
Vavuniya,2024-10-11,2024-10-19,2,validation,1.0,1.0,0.75
Vavuniya,2024-10-18,2024-10-26,2,validation,1.0,3.0,0.75
Vavuniya,2024-10-25,2024-11-02,2,validation,2.0,1.0,1.0
Vavuniya,2024-11-01,2024-11-09,2,validation,0.0,1.0,1.25
Vavuniya,2024-11-08,2024-11-16,2,validation,5.0,2.0,1.5
Vavuniya,2024-11-15,2024-11-23,2,validation,3.0,0.0,1.75
Vavuniya,2024-11-22,2024-11-30,2,validation,2.0,5.0,1.0
Vavuniya,2024-11-29,2024-12-07,2,validation,4.0,3.0,2.0
Vavuniya,2024-12-06,2024-12-14,2,validation,4.0,2.0,2.5
Vavuniya,2024-12-13,2024-12-21,2,validation,2.0,4.0,2.5
Vavuniya,2024-12-20,2024-12-28,2,validation,4.0,4.0,3.5
Ampara,2024-12-27,2025-01-04,2,test,20.0,15.0,6.5
Ampara,2025-01-03,2025-01-11,2,test,27.0,58.0,9.0
Ampara,2025-01-10,2025-01-18,2,test,16.0,20.0,22.25
Ampara,2025-01-17,2025-01-25,2,test,13.0,27.0,24.75
Ampara,2025-01-24,2025-02-01,2,test,17.0,16.0,30.0
Ampara,2025-01-31,2025-02-08,2,test,17.0,13.0,30.25
Ampara,2025-02-07,2025-02-15,2,test,15.0,17.0,19.0
Ampara,2025-02-14,2025-02-22,2,test,11.0,17.0,18.25
Ampara,2025-02-21,2025-03-01,2,test,16.0,15.0,15.75
Ampara,2025-02-28,2025-03-08,2,test,11.0,11.0,15.5
Ampara,2025-03-07,2025-03-15,2,test,9.0,16.0,15.0
Ampara,2025-03-14,2025-03-22,2,test,12.0,11.0,14.75
Ampara,2025-03-21,2025-03-29,2,test,15.0,9.0,13.25
Ampara,2025-03-28,2025-04-05,2,test,22.0,12.0,11.75
Ampara,2025-04-04,2025-04-12,2,test,13.0,15.0,12.0
Ampara,2025-04-11,2025-04-19,2,test,15.0,22.0,11.75
Ampara,2025-04-18,2025-04-26,2,test,24.0,13.0,14.5
Ampara,2025-04-25,2025-05-03,2,test,17.0,15.0,15.5
Ampara,2025-05-02,2025-05-10,2,test,16.0,24.0,16.25
Ampara,2025-05-09,2025-05-17,2,test,14.0,17.0,18.5
Ampara,2025-05-16,2025-05-24,2,test,14.0,16.0,17.25
Ampara,2025-05-23,2025-05-31,2,test,28.0,14.0,18.0
Ampara,2025-05-30,2025-06-07,2,test,11.0,14.0,17.75
Ampara,2025-06-06,2025-06-14,2,test,12.0,28.0,15.25
Ampara,2025-06-13,2025-06-21,2,test,12.0,11.0,18.0
Ampara,2025-06-20,2025-06-28,2,test,22.0,12.0,16.75
Ampara,2025-06-27,2025-07-05,2,test,16.0,12.0,16.25
Ampara,2025-07-04,2025-07-12,2,test,17.0,22.0,15.75
Ampara,2025-07-11,2025-07-19,2,test,8.0,16.0,14.25
Ampara,2025-07-18,2025-07-26,2,test,11.0,17.0,15.5
Ampara,2025-07-25,2025-08-02,2,test,3.0,8.0,16.75
Ampara,2025-08-01,2025-08-09,2,test,6.0,11.0,15.75
Ampara,2025-08-08,2025-08-16,2,test,7.0,3.0,13.0
Ampara,2025-08-15,2025-08-23,2,test,7.0,6.0,9.75
Ampara,2025-08-22,2025-08-30,2,test,6.0,7.0,7.0
Ampara,2025-08-29,2025-09-06,2,test,17.0,7.0,6.75
Ampara,2025-09-05,2025-09-13,2,test,15.0,6.0,5.75
Ampara,2025-09-12,2025-09-20,2,test,4.0,17.0,6.5
Ampara,2025-09-19,2025-09-27,2,test,6.0,15.0,9.25
Ampara,2025-09-26,2025-10-04,2,test,9.0,4.0,11.25
Ampara,2025-10-03,2025-10-11,2,test,14.0,6.0,10.5
Ampara,2025-10-10,2025-10-18,2,test,9.0,9.0,10.5
Ampara,2025-10-17,2025-10-25,2,test,15.0,14.0,8.5
Ampara,2025-10-24,2025-11-01,2,test,10.0,9.0,8.25
Ampara,2025-10-31,2025-11-08,2,test,17.0,15.0,9.5
Ampara,2025-11-07,2025-11-15,2,test,24.0,10.0,11.75
Ampara,2025-11-14,2025-11-22,2,test,11.0,17.0,12.0
Ampara,2025-11-21,2025-11-29,2,test,7.0,24.0,12.75
Ampara,2025-11-28,2025-12-06,2,test,22.0,11.0,16.5
Ampara,2025-12-05,2025-12-13,2,test,18.0,7.0,15.5
Anuradhapura,2024-12-27,2025-01-04,2,test,20.0,12.0,14.75
Anuradhapura,2025-01-03,2025-01-11,2,test,29.0,27.0,14.75
Anuradhapura,2025-01-10,2025-01-18,2,test,16.0,20.0,19.75
Anuradhapura,2025-01-17,2025-01-25,2,test,22.0,29.0,20.25
Anuradhapura,2025-01-24,2025-02-01,2,test,39.0,16.0,22.0
Anuradhapura,2025-01-31,2025-02-08,2,test,39.0,22.0,23.0
Anuradhapura,2025-02-07,2025-02-15,2,test,24.0,39.0,21.75
Anuradhapura,2025-02-14,2025-02-22,2,test,18.0,39.0,26.5
Anuradhapura,2025-02-21,2025-03-01,2,test,25.0,24.0,29.0
Anuradhapura,2025-02-28,2025-03-08,2,test,12.0,18.0,31.0
Anuradhapura,2025-03-07,2025-03-15,2,test,8.0,25.0,30.0
Anuradhapura,2025-03-14,2025-03-22,2,test,9.0,12.0,26.5
Anuradhapura,2025-03-21,2025-03-29,2,test,6.0,8.0,19.75
Anuradhapura,2025-03-28,2025-04-05,2,test,3.0,9.0,15.75
Anuradhapura,2025-04-04,2025-04-12,2,test,4.0,6.0,13.5
Anuradhapura,2025-04-11,2025-04-19,2,test,8.0,3.0,8.75
Anuradhapura,2025-04-18,2025-04-26,2,test,10.0,4.0,6.5
Anuradhapura,2025-04-25,2025-05-03,2,test,11.0,8.0,5.5
Anuradhapura,2025-05-02,2025-05-10,2,test,11.0,10.0,5.25
Anuradhapura,2025-05-09,2025-05-17,2,test,13.0,11.0,6.25
Anuradhapura,2025-05-16,2025-05-24,2,test,11.0,11.0,8.25
Anuradhapura,2025-05-23,2025-05-31,2,test,10.0,13.0,10.0
Anuradhapura,2025-05-30,2025-06-07,2,test,7.0,11.0,11.25
Anuradhapura,2025-06-06,2025-06-14,2,test,8.0,10.0,11.5
Anuradhapura,2025-06-13,2025-06-21,2,test,17.0,7.0,11.25
Anuradhapura,2025-06-20,2025-06-28,2,test,8.0,8.0,10.25
Anuradhapura,2025-06-27,2025-07-05,2,test,8.0,17.0,9.0
Anuradhapura,2025-07-04,2025-07-12,2,test,12.0,8.0,10.5
Anuradhapura,2025-07-11,2025-07-19,2,test,11.0,8.0,10.0
Anuradhapura,2025-07-18,2025-07-26,2,test,3.0,12.0,10.25
Anuradhapura,2025-07-25,2025-08-02,2,test,6.0,11.0,11.25
Anuradhapura,2025-08-01,2025-08-09,2,test,11.0,3.0,9.75
Anuradhapura,2025-08-08,2025-08-16,2,test,6.0,6.0,8.5
Anuradhapura,2025-08-15,2025-08-23,2,test,9.0,11.0,8.0
Anuradhapura,2025-08-22,2025-08-30,2,test,2.0,6.0,7.75
Anuradhapura,2025-08-29,2025-09-06,2,test,6.0,9.0,6.5
Anuradhapura,2025-09-05,2025-09-13,2,test,3.0,2.0,8.0
Anuradhapura,2025-09-12,2025-09-20,2,test,2.0,6.0,7.0
Anuradhapura,2025-09-19,2025-09-27,2,test,0.0,3.0,5.75
Anuradhapura,2025-09-26,2025-10-04,2,test,7.0,2.0,5.0
Anuradhapura,2025-10-03,2025-10-11,2,test,9.0,0.0,3.25
Anuradhapura,2025-10-10,2025-10-18,2,test,4.0,7.0,2.75
Anuradhapura,2025-10-17,2025-10-25,2,test,9.0,9.0,3.0
Anuradhapura,2025-10-24,2025-11-01,2,test,3.0,4.0,4.5
Anuradhapura,2025-10-31,2025-11-08,2,test,8.0,9.0,5.0
Anuradhapura,2025-11-07,2025-11-15,2,test,10.0,3.0,7.25
Anuradhapura,2025-11-14,2025-11-22,2,test,8.0,8.0,6.25
Anuradhapura,2025-11-21,2025-11-29,2,test,11.0,10.0,6.0
Anuradhapura,2025-11-28,2025-12-06,2,test,12.0,8.0,7.5
Anuradhapura,2025-12-05,2025-12-13,2,test,13.0,11.0,7.25
Badulla,2024-12-27,2025-01-04,2,test,17.0,19.0,17.25
Badulla,2025-01-03,2025-01-11,2,test,28.0,5.0,18.25
Badulla,2025-01-10,2025-01-18,2,test,27.0,17.0,15.75
Badulla,2025-01-17,2025-01-25,2,test,26.0,28.0,15.25
Badulla,2025-01-24,2025-02-01,2,test,17.0,27.0,17.25
Badulla,2025-01-31,2025-02-08,2,test,17.0,26.0,19.25
Badulla,2025-02-07,2025-02-15,2,test,8.0,17.0,24.5
Badulla,2025-02-14,2025-02-22,2,test,11.0,17.0,24.5
Badulla,2025-02-21,2025-03-01,2,test,3.0,8.0,21.75
Badulla,2025-02-28,2025-03-08,2,test,17.0,11.0,17.0
Badulla,2025-03-07,2025-03-15,2,test,6.0,3.0,13.25
Badulla,2025-03-14,2025-03-22,2,test,12.0,17.0,9.75
Badulla,2025-03-21,2025-03-29,2,test,9.0,6.0,9.75
Badulla,2025-03-28,2025-04-05,2,test,18.0,12.0,9.25
Badulla,2025-04-04,2025-04-12,2,test,11.0,9.0,9.5
Badulla,2025-04-11,2025-04-19,2,test,19.0,18.0,11.0
Badulla,2025-04-18,2025-04-26,2,test,12.0,11.0,11.25
Badulla,2025-04-25,2025-05-03,2,test,7.0,19.0,12.5
Badulla,2025-05-02,2025-05-10,2,test,7.0,12.0,14.25
Badulla,2025-05-09,2025-05-17,2,test,25.0,7.0,15.0
Badulla,2025-05-16,2025-05-24,2,test,26.0,7.0,12.25
Badulla,2025-05-23,2025-05-31,2,test,24.0,25.0,11.25
Badulla,2025-05-30,2025-06-07,2,test,24.0,26.0,12.75
Badulla,2025-06-06,2025-06-14,2,test,31.0,24.0,16.25
Badulla,2025-06-13,2025-06-21,2,test,17.0,24.0,20.5
Badulla,2025-06-20,2025-06-28,2,test,17.0,31.0,24.75
Badulla,2025-06-27,2025-07-05,2,test,16.0,17.0,26.25
Badulla,2025-07-04,2025-07-12,2,test,37.0,17.0,24.0
Badulla,2025-07-11,2025-07-19,2,test,20.0,16.0,22.25
Badulla,2025-07-18,2025-07-26,2,test,16.0,37.0,20.25
Badulla,2025-07-25,2025-08-02,2,test,13.0,20.0,21.75
Badulla,2025-08-01,2025-08-09,2,test,12.0,16.0,22.5
Badulla,2025-08-08,2025-08-16,2,test,14.0,13.0,22.25
Badulla,2025-08-15,2025-08-23,2,test,18.0,12.0,21.5
Badulla,2025-08-22,2025-08-30,2,test,8.0,14.0,15.25
Badulla,2025-08-29,2025-09-06,2,test,11.0,18.0,13.75
Badulla,2025-09-05,2025-09-13,2,test,19.0,8.0,14.25
Badulla,2025-09-12,2025-09-20,2,test,8.0,11.0,13.0
Badulla,2025-09-19,2025-09-27,2,test,13.0,19.0,12.75
Badulla,2025-09-26,2025-10-04,2,test,4.0,8.0,14.0
Badulla,2025-10-03,2025-10-11,2,test,8.0,13.0,11.5
Badulla,2025-10-10,2025-10-18,2,test,11.0,4.0,12.75
Badulla,2025-10-17,2025-10-25,2,test,7.0,8.0,11.0
Badulla,2025-10-24,2025-11-01,2,test,14.0,11.0,8.25
Badulla,2025-10-31,2025-11-08,2,test,17.0,7.0,9.0
Badulla,2025-11-07,2025-11-15,2,test,18.0,14.0,7.5
Badulla,2025-11-14,2025-11-22,2,test,14.0,17.0,10.0
Badulla,2025-11-21,2025-11-29,2,test,10.0,18.0,12.25
Badulla,2025-11-28,2025-12-06,2,test,18.0,14.0,14.0
Badulla,2025-12-05,2025-12-13,2,test,25.0,10.0,15.75
Batticaloa,2024-12-27,2025-01-04,2,test,55.0,47.0,29.25
Batticaloa,2025-01-03,2025-01-11,2,test,65.0,62.0,35.75
Batticaloa,2025-01-10,2025-01-18,2,test,64.0,55.0,43.5
Batticaloa,2025-01-17,2025-01-25,2,test,53.0,65.0,49.75
Batticaloa,2025-01-24,2025-02-01,2,test,60.0,64.0,57.25
Batticaloa,2025-01-31,2025-02-08,2,test,60.0,53.0,61.5
Batticaloa,2025-02-07,2025-02-15,2,test,81.0,60.0,59.25
Batticaloa,2025-02-14,2025-02-22,2,test,59.0,60.0,60.5
Batticaloa,2025-02-21,2025-03-01,2,test,56.0,81.0,59.25
Batticaloa,2025-02-28,2025-03-08,2,test,31.0,59.0,63.5
Batticaloa,2025-03-07,2025-03-15,2,test,28.0,56.0,65.0
Batticaloa,2025-03-14,2025-03-22,2,test,28.0,31.0,64.0
Batticaloa,2025-03-21,2025-03-29,2,test,46.0,28.0,56.75
Batticaloa,2025-03-28,2025-04-05,2,test,70.0,28.0,43.5
Batticaloa,2025-04-04,2025-04-12,2,test,62.0,46.0,35.75
Batticaloa,2025-04-11,2025-04-19,2,test,94.0,70.0,33.25
Batticaloa,2025-04-18,2025-04-26,2,test,84.0,62.0,43.0
Batticaloa,2025-04-25,2025-05-03,2,test,59.0,94.0,51.5
Batticaloa,2025-05-02,2025-05-10,2,test,58.0,84.0,68.0
Batticaloa,2025-05-09,2025-05-17,2,test,53.0,59.0,77.5
Batticaloa,2025-05-16,2025-05-24,2,test,52.0,58.0,74.75
Batticaloa,2025-05-23,2025-05-31,2,test,59.0,53.0,73.75
Batticaloa,2025-05-30,2025-06-07,2,test,30.0,52.0,63.5
Batticaloa,2025-06-06,2025-06-14,2,test,40.0,59.0,55.5
Batticaloa,2025-06-13,2025-06-21,2,test,16.0,30.0,55.5
Batticaloa,2025-06-20,2025-06-28,2,test,20.0,40.0,48.5
Batticaloa,2025-06-27,2025-07-05,2,test,13.0,16.0,45.25
Batticaloa,2025-07-04,2025-07-12,2,test,19.0,20.0,36.25
Batticaloa,2025-07-11,2025-07-19,2,test,6.0,13.0,26.5
Batticaloa,2025-07-18,2025-07-26,2,test,6.0,19.0,22.25
Batticaloa,2025-07-25,2025-08-02,2,test,12.0,6.0,17.0
Batticaloa,2025-08-01,2025-08-09,2,test,5.0,6.0,14.5
Batticaloa,2025-08-08,2025-08-16,2,test,6.0,12.0,11.0
Batticaloa,2025-08-15,2025-08-23,2,test,9.0,5.0,10.75
Batticaloa,2025-08-22,2025-08-30,2,test,8.0,6.0,7.25
Batticaloa,2025-08-29,2025-09-06,2,test,8.0,9.0,7.25
Batticaloa,2025-09-05,2025-09-13,2,test,9.0,8.0,8.0
Batticaloa,2025-09-12,2025-09-20,2,test,9.0,8.0,7.0
Batticaloa,2025-09-19,2025-09-27,2,test,14.0,9.0,7.75
Batticaloa,2025-09-26,2025-10-04,2,test,16.0,9.0,8.5
Batticaloa,2025-10-03,2025-10-11,2,test,17.0,14.0,8.5
Batticaloa,2025-10-10,2025-10-18,2,test,13.0,16.0,10.0
Batticaloa,2025-10-17,2025-10-25,2,test,19.0,17.0,12.0
Batticaloa,2025-10-24,2025-11-01,2,test,29.0,13.0,14.0
Batticaloa,2025-10-31,2025-11-08,2,test,21.0,19.0,15.0
Batticaloa,2025-11-07,2025-11-15,2,test,21.0,29.0,16.25
Batticaloa,2025-11-14,2025-11-22,2,test,10.0,21.0,19.5
Batticaloa,2025-11-21,2025-11-29,2,test,16.0,21.0,20.5
Batticaloa,2025-11-28,2025-12-06,2,test,14.0,10.0,22.5
Batticaloa,2025-12-05,2025-12-13,2,test,20.0,16.0,20.25
Colombo,2024-12-27,2025-01-04,2,test,245.0,231.0,203.75
Colombo,2025-01-03,2025-01-11,2,test,247.0,200.0,215.25
Colombo,2025-01-10,2025-01-18,2,test,284.0,245.0,224.5
Colombo,2025-01-17,2025-01-25,2,test,225.0,247.0,224.0
Colombo,2025-01-24,2025-02-01,2,test,252.0,284.0,230.75
Colombo,2025-01-31,2025-02-08,2,test,252.0,225.0,244.0
Colombo,2025-02-07,2025-02-15,2,test,217.0,252.0,250.25
Colombo,2025-02-14,2025-02-22,2,test,219.0,252.0,252.0
Colombo,2025-02-21,2025-03-01,2,test,262.0,217.0,253.25
Colombo,2025-02-28,2025-03-08,2,test,214.0,219.0,236.5
Colombo,2025-03-07,2025-03-15,2,test,242.0,262.0,235.0
Colombo,2025-03-14,2025-03-22,2,test,239.0,214.0,237.5
Colombo,2025-03-21,2025-03-29,2,test,204.0,242.0,228.0
Colombo,2025-03-28,2025-04-05,2,test,277.0,239.0,234.25
Colombo,2025-04-04,2025-04-12,2,test,230.0,204.0,239.25
Colombo,2025-04-11,2025-04-19,2,test,306.0,277.0,224.75
Colombo,2025-04-18,2025-04-26,2,test,276.0,230.0,240.5
Colombo,2025-04-25,2025-05-03,2,test,310.0,306.0,237.5
Colombo,2025-05-02,2025-05-10,2,test,359.0,276.0,254.25
Colombo,2025-05-09,2025-05-17,2,test,336.0,310.0,272.25
Colombo,2025-05-16,2025-05-24,2,test,302.0,359.0,280.5
Colombo,2025-05-23,2025-05-31,2,test,245.0,336.0,312.75
Colombo,2025-05-30,2025-06-07,2,test,279.0,302.0,320.25
Colombo,2025-06-06,2025-06-14,2,test,316.0,245.0,326.75
Colombo,2025-06-13,2025-06-21,2,test,276.0,279.0,310.5
Colombo,2025-06-20,2025-06-28,2,test,285.0,316.0,290.5
Colombo,2025-06-27,2025-07-05,2,test,222.0,276.0,285.5
Colombo,2025-07-04,2025-07-12,2,test,226.0,285.0,279.0
Colombo,2025-07-11,2025-07-19,2,test,237.0,222.0,289.0
Colombo,2025-07-18,2025-07-26,2,test,246.0,226.0,274.75
Colombo,2025-07-25,2025-08-02,2,test,156.0,237.0,252.25
Colombo,2025-08-01,2025-08-09,2,test,87.0,246.0,242.5
Colombo,2025-08-08,2025-08-16,2,test,137.0,156.0,232.75
Colombo,2025-08-15,2025-08-23,2,test,104.0,87.0,216.25
Colombo,2025-08-22,2025-08-30,2,test,103.0,137.0,181.5
Colombo,2025-08-29,2025-09-06,2,test,117.0,104.0,156.5
Colombo,2025-09-05,2025-09-13,2,test,120.0,103.0,121.0
Colombo,2025-09-12,2025-09-20,2,test,155.0,117.0,107.75
Colombo,2025-09-19,2025-09-27,2,test,129.0,120.0,115.25
Colombo,2025-09-26,2025-10-04,2,test,130.0,155.0,111.0
Colombo,2025-10-03,2025-10-11,2,test,157.0,129.0,123.75
Colombo,2025-10-10,2025-10-18,2,test,214.0,130.0,130.25
Colombo,2025-10-17,2025-10-25,2,test,153.0,157.0,133.5
Colombo,2025-10-24,2025-11-01,2,test,184.0,214.0,142.75
Colombo,2025-10-31,2025-11-08,2,test,266.0,153.0,157.5
Colombo,2025-11-07,2025-11-15,2,test,226.0,184.0,163.5
Colombo,2025-11-14,2025-11-22,2,test,286.0,266.0,177.0
Colombo,2025-11-21,2025-11-29,2,test,272.0,226.0,204.25
Colombo,2025-11-28,2025-12-06,2,test,318.0,286.0,207.25
Colombo,2025-12-05,2025-12-13,2,test,340.0,272.0,240.5
Galle,2024-12-27,2025-01-04,2,test,82.0,25.0,31.0
Galle,2025-01-03,2025-01-11,2,test,51.0,30.0,30.75
Galle,2025-01-10,2025-01-18,2,test,48.0,82.0,29.0
Galle,2025-01-17,2025-01-25,2,test,53.0,51.0,41.0
Galle,2025-01-24,2025-02-01,2,test,44.0,48.0,47.0
Galle,2025-01-31,2025-02-08,2,test,44.0,53.0,52.75
Galle,2025-02-07,2025-02-15,2,test,43.0,44.0,58.5
Galle,2025-02-14,2025-02-22,2,test,21.0,44.0,49.0
Galle,2025-02-21,2025-03-01,2,test,40.0,43.0,47.25
Galle,2025-02-28,2025-03-08,2,test,24.0,21.0,46.0
Galle,2025-03-07,2025-03-15,2,test,35.0,40.0,38.0
Galle,2025-03-14,2025-03-22,2,test,31.0,24.0,37.0
Galle,2025-03-21,2025-03-29,2,test,34.0,35.0,32.0
Galle,2025-03-28,2025-04-05,2,test,29.0,31.0,30.0
Galle,2025-04-04,2025-04-12,2,test,23.0,34.0,32.5
Galle,2025-04-11,2025-04-19,2,test,55.0,29.0,31.0
Galle,2025-04-18,2025-04-26,2,test,29.0,23.0,32.25
Galle,2025-04-25,2025-05-03,2,test,32.0,55.0,29.25
Galle,2025-05-02,2025-05-10,2,test,44.0,29.0,35.25
Galle,2025-05-09,2025-05-17,2,test,56.0,32.0,34.0
Galle,2025-05-16,2025-05-24,2,test,44.0,44.0,34.75
Galle,2025-05-23,2025-05-31,2,test,49.0,56.0,40.0
Galle,2025-05-30,2025-06-07,2,test,44.0,44.0,40.25
Galle,2025-06-06,2025-06-14,2,test,73.0,49.0,44.0
Galle,2025-06-13,2025-06-21,2,test,79.0,44.0,48.25
Galle,2025-06-20,2025-06-28,2,test,47.0,73.0,48.25
Galle,2025-06-27,2025-07-05,2,test,56.0,79.0,52.5
Galle,2025-07-04,2025-07-12,2,test,43.0,47.0,61.25
Galle,2025-07-11,2025-07-19,2,test,66.0,56.0,60.75
Galle,2025-07-18,2025-07-26,2,test,44.0,43.0,63.75
Galle,2025-07-25,2025-08-02,2,test,37.0,66.0,56.25
Galle,2025-08-01,2025-08-09,2,test,48.0,44.0,53.0
Galle,2025-08-08,2025-08-16,2,test,27.0,37.0,52.25
Galle,2025-08-15,2025-08-23,2,test,37.0,48.0,47.5
Galle,2025-08-22,2025-08-30,2,test,33.0,27.0,48.75
Galle,2025-08-29,2025-09-06,2,test,44.0,37.0,39.0
Galle,2025-09-05,2025-09-13,2,test,29.0,33.0,37.25
Galle,2025-09-12,2025-09-20,2,test,35.0,44.0,36.25
Galle,2025-09-19,2025-09-27,2,test,30.0,29.0,35.25
Galle,2025-09-26,2025-10-04,2,test,34.0,35.0,35.75
Galle,2025-10-03,2025-10-11,2,test,40.0,30.0,35.25
Galle,2025-10-10,2025-10-18,2,test,29.0,34.0,34.5
Galle,2025-10-17,2025-10-25,2,test,30.0,40.0,32.0
Galle,2025-10-24,2025-11-01,2,test,27.0,29.0,34.75
Galle,2025-10-31,2025-11-08,2,test,36.0,30.0,33.25
Galle,2025-11-07,2025-11-15,2,test,48.0,27.0,33.25
Galle,2025-11-14,2025-11-22,2,test,68.0,36.0,31.5
Galle,2025-11-21,2025-11-29,2,test,68.0,48.0,30.5
Galle,2025-11-28,2025-12-06,2,test,81.0,68.0,35.25
Galle,2025-12-05,2025-12-13,2,test,82.0,68.0,44.75
Gampaha,2024-12-27,2025-01-04,2,test,191.0,131.0,145.75
Gampaha,2025-01-03,2025-01-11,2,test,157.0,186.0,132.0
Gampaha,2025-01-10,2025-01-18,2,test,184.0,191.0,145.25
Gampaha,2025-01-17,2025-01-25,2,test,162.0,157.0,152.75
Gampaha,2025-01-24,2025-02-01,2,test,131.0,184.0,166.25
Gampaha,2025-01-31,2025-02-08,2,test,131.0,162.0,179.5
Gampaha,2025-02-07,2025-02-15,2,test,132.0,131.0,173.5
Gampaha,2025-02-14,2025-02-22,2,test,119.0,131.0,158.5
Gampaha,2025-02-21,2025-03-01,2,test,142.0,132.0,152.0
Gampaha,2025-02-28,2025-03-08,2,test,132.0,119.0,139.0
Gampaha,2025-03-07,2025-03-15,2,test,125.0,142.0,128.25
Gampaha,2025-03-14,2025-03-22,2,test,135.0,132.0,131.0
Gampaha,2025-03-21,2025-03-29,2,test,135.0,125.0,131.25
Gampaha,2025-03-28,2025-04-05,2,test,137.0,135.0,129.5
Gampaha,2025-04-04,2025-04-12,2,test,171.0,135.0,133.5
Gampaha,2025-04-11,2025-04-19,2,test,166.0,137.0,131.75
Gampaha,2025-04-18,2025-04-26,2,test,158.0,171.0,133.0
Gampaha,2025-04-25,2025-05-03,2,test,194.0,166.0,144.5
Gampaha,2025-05-02,2025-05-10,2,test,224.0,158.0,152.25
Gampaha,2025-05-09,2025-05-17,2,test,208.0,194.0,158.0
Gampaha,2025-05-16,2025-05-24,2,test,197.0,224.0,172.25
Gampaha,2025-05-23,2025-05-31,2,test,228.0,208.0,185.5
Gampaha,2025-05-30,2025-06-07,2,test,207.0,197.0,196.0
Gampaha,2025-06-06,2025-06-14,2,test,217.0,228.0,205.75
Gampaha,2025-06-13,2025-06-21,2,test,167.0,207.0,214.25
Gampaha,2025-06-20,2025-06-28,2,test,181.0,217.0,210.0
Gampaha,2025-06-27,2025-07-05,2,test,154.0,167.0,212.25
Gampaha,2025-07-04,2025-07-12,2,test,193.0,181.0,204.75
Gampaha,2025-07-11,2025-07-19,2,test,175.0,154.0,193.0
Gampaha,2025-07-18,2025-07-26,2,test,148.0,193.0,179.75
Gampaha,2025-07-25,2025-08-02,2,test,96.0,175.0,173.75
Gampaha,2025-08-01,2025-08-09,2,test,91.0,148.0,175.75
Gampaha,2025-08-08,2025-08-16,2,test,108.0,96.0,167.5
Gampaha,2025-08-15,2025-08-23,2,test,63.0,91.0,153.0
Gampaha,2025-08-22,2025-08-30,2,test,58.0,108.0,127.5
Gampaha,2025-08-29,2025-09-06,2,test,92.0,63.0,110.75
Gampaha,2025-09-05,2025-09-13,2,test,93.0,58.0,89.5
Gampaha,2025-09-12,2025-09-20,2,test,78.0,92.0,80.0
Gampaha,2025-09-19,2025-09-27,2,test,56.0,93.0,80.25
Gampaha,2025-09-26,2025-10-04,2,test,82.0,78.0,76.5
Gampaha,2025-10-03,2025-10-11,2,test,83.0,56.0,80.25
Gampaha,2025-10-10,2025-10-18,2,test,95.0,82.0,79.75
Gampaha,2025-10-17,2025-10-25,2,test,112.0,83.0,77.25
Gampaha,2025-10-24,2025-11-01,2,test,128.0,95.0,74.75
Gampaha,2025-10-31,2025-11-08,2,test,131.0,112.0,79.0
Gampaha,2025-11-07,2025-11-15,2,test,159.0,128.0,93.0
Gampaha,2025-11-14,2025-11-22,2,test,138.0,131.0,104.5
Gampaha,2025-11-21,2025-11-29,2,test,186.0,159.0,116.5
Gampaha,2025-11-28,2025-12-06,2,test,202.0,138.0,132.5
Gampaha,2025-12-05,2025-12-13,2,test,214.0,186.0,139.0
Hambantota,2024-12-27,2025-01-04,2,test,35.0,21.0,13.75
Hambantota,2025-01-03,2025-01-11,2,test,32.0,36.0,17.5
Hambantota,2025-01-10,2025-01-18,2,test,24.0,35.0,22.75
Hambantota,2025-01-17,2025-01-25,2,test,22.0,32.0,28.5
Hambantota,2025-01-24,2025-02-01,2,test,15.0,24.0,31.0
Hambantota,2025-01-31,2025-02-08,2,test,15.0,22.0,31.75
Hambantota,2025-02-07,2025-02-15,2,test,10.0,15.0,28.25
Hambantota,2025-02-14,2025-02-22,2,test,12.0,15.0,23.25
Hambantota,2025-02-21,2025-03-01,2,test,17.0,10.0,19.0
Hambantota,2025-02-28,2025-03-08,2,test,14.0,12.0,15.5
Hambantota,2025-03-07,2025-03-15,2,test,18.0,17.0,13.0
Hambantota,2025-03-14,2025-03-22,2,test,12.0,14.0,13.5
Hambantota,2025-03-21,2025-03-29,2,test,13.0,18.0,13.25
Hambantota,2025-03-28,2025-04-05,2,test,10.0,12.0,15.25
Hambantota,2025-04-04,2025-04-12,2,test,12.0,13.0,15.25
Hambantota,2025-04-11,2025-04-19,2,test,23.0,10.0,14.25
Hambantota,2025-04-18,2025-04-26,2,test,24.0,12.0,13.25
Hambantota,2025-04-25,2025-05-03,2,test,16.0,23.0,11.75
Hambantota,2025-05-02,2025-05-10,2,test,20.0,24.0,14.5
Hambantota,2025-05-09,2025-05-17,2,test,20.0,16.0,17.25
Hambantota,2025-05-16,2025-05-24,2,test,8.0,20.0,18.75
Hambantota,2025-05-23,2025-05-31,2,test,24.0,20.0,20.75
Hambantota,2025-05-30,2025-06-07,2,test,15.0,8.0,20.0
Hambantota,2025-06-06,2025-06-14,2,test,22.0,24.0,16.0
Hambantota,2025-06-13,2025-06-21,2,test,21.0,15.0,18.0
Hambantota,2025-06-20,2025-06-28,2,test,24.0,22.0,16.75
Hambantota,2025-06-27,2025-07-05,2,test,31.0,21.0,17.25
Hambantota,2025-07-04,2025-07-12,2,test,46.0,24.0,20.5
Hambantota,2025-07-11,2025-07-19,2,test,31.0,31.0,20.5
Hambantota,2025-07-18,2025-07-26,2,test,24.0,46.0,24.5
Hambantota,2025-07-25,2025-08-02,2,test,17.0,31.0,30.5
Hambantota,2025-08-01,2025-08-09,2,test,15.0,24.0,33.0
Hambantota,2025-08-08,2025-08-16,2,test,7.0,17.0,33.0
Hambantota,2025-08-15,2025-08-23,2,test,18.0,15.0,29.5
Hambantota,2025-08-22,2025-08-30,2,test,9.0,7.0,21.75
Hambantota,2025-08-29,2025-09-06,2,test,9.0,18.0,15.75
Hambantota,2025-09-05,2025-09-13,2,test,7.0,9.0,14.25
Hambantota,2025-09-12,2025-09-20,2,test,19.0,9.0,12.25
Hambantota,2025-09-19,2025-09-27,2,test,15.0,7.0,10.75
Hambantota,2025-09-26,2025-10-04,2,test,10.0,19.0,10.75
Hambantota,2025-10-03,2025-10-11,2,test,10.0,15.0,11.0
Hambantota,2025-10-10,2025-10-18,2,test,6.0,10.0,12.5
Hambantota,2025-10-17,2025-10-25,2,test,14.0,10.0,12.75
Hambantota,2025-10-24,2025-11-01,2,test,18.0,6.0,13.5
Hambantota,2025-10-31,2025-11-08,2,test,14.0,14.0,10.25
Hambantota,2025-11-07,2025-11-15,2,test,15.0,18.0,10.0
Hambantota,2025-11-14,2025-11-22,2,test,13.0,14.0,12.0
Hambantota,2025-11-21,2025-11-29,2,test,24.0,15.0,13.0
Hambantota,2025-11-28,2025-12-06,2,test,28.0,13.0,15.25
Hambantota,2025-12-05,2025-12-13,2,test,42.0,24.0,15.0
Jaffna,2024-12-27,2025-01-04,2,test,52.0,76.0,54.5
Jaffna,2025-01-03,2025-01-11,2,test,37.0,58.0,61.75
Jaffna,2025-01-10,2025-01-18,2,test,57.0,52.0,67.5
Jaffna,2025-01-17,2025-01-25,2,test,39.0,37.0,65.5
Jaffna,2025-01-24,2025-02-01,2,test,35.0,57.0,55.75
Jaffna,2025-01-31,2025-02-08,2,test,35.0,39.0,51.0
Jaffna,2025-02-07,2025-02-15,2,test,30.0,35.0,46.25
Jaffna,2025-02-14,2025-02-22,2,test,28.0,35.0,42.0
Jaffna,2025-02-21,2025-03-01,2,test,15.0,30.0,41.5
Jaffna,2025-02-28,2025-03-08,2,test,23.0,28.0,34.75
Jaffna,2025-03-07,2025-03-15,2,test,25.0,15.0,32.0
Jaffna,2025-03-14,2025-03-22,2,test,24.0,23.0,27.0
Jaffna,2025-03-21,2025-03-29,2,test,15.0,25.0,24.0
Jaffna,2025-03-28,2025-04-05,2,test,11.0,24.0,22.75
Jaffna,2025-04-04,2025-04-12,2,test,18.0,15.0,21.75
Jaffna,2025-04-11,2025-04-19,2,test,44.0,11.0,21.75
Jaffna,2025-04-18,2025-04-26,2,test,20.0,18.0,18.75
Jaffna,2025-04-25,2025-05-03,2,test,18.0,44.0,17.0
Jaffna,2025-05-02,2025-05-10,2,test,27.0,20.0,22.0
Jaffna,2025-05-09,2025-05-17,2,test,35.0,18.0,23.25
Jaffna,2025-05-16,2025-05-24,2,test,20.0,27.0,25.0
Jaffna,2025-05-23,2025-05-31,2,test,26.0,35.0,27.25
Jaffna,2025-05-30,2025-06-07,2,test,25.0,20.0,25.0
Jaffna,2025-06-06,2025-06-14,2,test,24.0,26.0,25.0
Jaffna,2025-06-13,2025-06-21,2,test,12.0,25.0,27.0
Jaffna,2025-06-20,2025-06-28,2,test,17.0,24.0,26.5
Jaffna,2025-06-27,2025-07-05,2,test,26.0,12.0,23.75
Jaffna,2025-07-04,2025-07-12,2,test,31.0,17.0,21.75
Jaffna,2025-07-11,2025-07-19,2,test,19.0,26.0,19.5
Jaffna,2025-07-18,2025-07-26,2,test,15.0,31.0,19.75
Jaffna,2025-07-25,2025-08-02,2,test,9.0,19.0,21.5
Jaffna,2025-08-01,2025-08-09,2,test,20.0,15.0,23.25
Jaffna,2025-08-08,2025-08-16,2,test,6.0,9.0,22.75
Jaffna,2025-08-15,2025-08-23,2,test,12.0,20.0,18.5
Jaffna,2025-08-22,2025-08-30,2,test,22.0,6.0,15.75
Jaffna,2025-08-29,2025-09-06,2,test,14.0,12.0,12.5
Jaffna,2025-09-05,2025-09-13,2,test,5.0,22.0,11.75
Jaffna,2025-09-12,2025-09-20,2,test,14.0,14.0,15.0
Jaffna,2025-09-19,2025-09-27,2,test,18.0,5.0,13.5
Jaffna,2025-09-26,2025-10-04,2,test,19.0,14.0,13.25
Jaffna,2025-10-03,2025-10-11,2,test,26.0,18.0,13.75
Jaffna,2025-10-10,2025-10-18,2,test,26.0,19.0,12.75
Jaffna,2025-10-17,2025-10-25,2,test,55.0,26.0,14.0
Jaffna,2025-10-24,2025-11-01,2,test,54.0,26.0,19.25
Jaffna,2025-10-31,2025-11-08,2,test,54.0,55.0,22.25
Jaffna,2025-11-07,2025-11-15,2,test,57.0,54.0,31.5
Jaffna,2025-11-14,2025-11-22,2,test,49.0,54.0,40.25
Jaffna,2025-11-21,2025-11-29,2,test,58.0,57.0,47.25
Jaffna,2025-11-28,2025-12-06,2,test,78.0,49.0,55.0
Jaffna,2025-12-05,2025-12-13,2,test,76.0,58.0,53.5
Kalutara,2024-12-27,2025-01-04,2,test,24.0,34.0,35.75
Kalutara,2025-01-03,2025-01-11,2,test,51.0,65.0,35.75
Kalutara,2025-01-10,2025-01-18,2,test,38.0,24.0,45.0
Kalutara,2025-01-17,2025-01-25,2,test,29.0,51.0,43.0
Kalutara,2025-01-24,2025-02-01,2,test,29.0,38.0,43.5
Kalutara,2025-01-31,2025-02-08,2,test,29.0,29.0,44.5
Kalutara,2025-02-07,2025-02-15,2,test,44.0,29.0,35.5
Kalutara,2025-02-14,2025-02-22,2,test,31.0,29.0,36.75
Kalutara,2025-02-21,2025-03-01,2,test,43.0,44.0,31.25
Kalutara,2025-02-28,2025-03-08,2,test,37.0,31.0,32.75
Kalutara,2025-03-07,2025-03-15,2,test,35.0,43.0,33.25
Kalutara,2025-03-14,2025-03-22,2,test,30.0,37.0,36.75
Kalutara,2025-03-21,2025-03-29,2,test,39.0,35.0,38.75
Kalutara,2025-03-28,2025-04-05,2,test,36.0,30.0,36.5
Kalutara,2025-04-04,2025-04-12,2,test,42.0,39.0,36.25
Kalutara,2025-04-11,2025-04-19,2,test,64.0,36.0,35.25
Kalutara,2025-04-18,2025-04-26,2,test,59.0,42.0,35.0
Kalutara,2025-04-25,2025-05-03,2,test,63.0,64.0,36.75
Kalutara,2025-05-02,2025-05-10,2,test,35.0,59.0,45.25
Kalutara,2025-05-09,2025-05-17,2,test,92.0,63.0,50.25
Kalutara,2025-05-16,2025-05-24,2,test,71.0,35.0,57.0
Kalutara,2025-05-23,2025-05-31,2,test,68.0,92.0,55.25
Kalutara,2025-05-30,2025-06-07,2,test,74.0,71.0,62.25
Kalutara,2025-06-06,2025-06-14,2,test,62.0,68.0,65.25
Kalutara,2025-06-13,2025-06-21,2,test,92.0,74.0,66.5
Kalutara,2025-06-20,2025-06-28,2,test,57.0,62.0,76.25
Kalutara,2025-06-27,2025-07-05,2,test,66.0,92.0,68.75
Kalutara,2025-07-04,2025-07-12,2,test,80.0,57.0,74.0
Kalutara,2025-07-11,2025-07-19,2,test,53.0,66.0,71.25
Kalutara,2025-07-18,2025-07-26,2,test,30.0,80.0,69.25
Kalutara,2025-07-25,2025-08-02,2,test,47.0,53.0,73.75
Kalutara,2025-08-01,2025-08-09,2,test,56.0,30.0,64.0
Kalutara,2025-08-08,2025-08-16,2,test,39.0,47.0,57.25
Kalutara,2025-08-15,2025-08-23,2,test,40.0,56.0,52.5
Kalutara,2025-08-22,2025-08-30,2,test,34.0,39.0,46.5
Kalutara,2025-08-29,2025-09-06,2,test,32.0,40.0,43.0
Kalutara,2025-09-05,2025-09-13,2,test,27.0,34.0,45.5
Kalutara,2025-09-12,2025-09-20,2,test,43.0,32.0,42.25
Kalutara,2025-09-19,2025-09-27,2,test,32.0,27.0,36.25
Kalutara,2025-09-26,2025-10-04,2,test,35.0,43.0,33.25
Kalutara,2025-10-03,2025-10-11,2,test,24.0,32.0,34.0
Kalutara,2025-10-10,2025-10-18,2,test,35.0,35.0,33.5
Kalutara,2025-10-17,2025-10-25,2,test,32.0,24.0,34.25
Kalutara,2025-10-24,2025-11-01,2,test,27.0,35.0,33.5
Kalutara,2025-10-31,2025-11-08,2,test,35.0,32.0,31.5
Kalutara,2025-11-07,2025-11-15,2,test,34.0,27.0,31.5
Kalutara,2025-11-14,2025-11-22,2,test,57.0,35.0,29.5
Kalutara,2025-11-21,2025-11-29,2,test,63.0,34.0,32.25
Kalutara,2025-11-28,2025-12-06,2,test,53.0,57.0,32.0
Kalutara,2025-12-05,2025-12-13,2,test,85.0,63.0,38.25
Kandy,2024-12-27,2025-01-04,2,test,65.0,76.0,66.0
Kandy,2025-01-03,2025-01-11,2,test,77.0,66.0,69.25
Kandy,2025-01-10,2025-01-18,2,test,62.0,65.0,68.0
Kandy,2025-01-17,2025-01-25,2,test,80.0,77.0,66.0
Kandy,2025-01-24,2025-02-01,2,test,50.0,62.0,71.0
Kandy,2025-01-31,2025-02-08,2,test,50.0,80.0,67.5
Kandy,2025-02-07,2025-02-15,2,test,63.0,50.0,71.0
Kandy,2025-02-14,2025-02-22,2,test,58.0,50.0,67.25
Kandy,2025-02-21,2025-03-01,2,test,49.0,63.0,60.5
Kandy,2025-02-28,2025-03-08,2,test,59.0,58.0,60.75
Kandy,2025-03-07,2025-03-15,2,test,59.0,49.0,55.25
Kandy,2025-03-14,2025-03-22,2,test,56.0,59.0,55.0
Kandy,2025-03-21,2025-03-29,2,test,65.0,59.0,57.25
Kandy,2025-03-28,2025-04-05,2,test,50.0,56.0,56.25
Kandy,2025-04-04,2025-04-12,2,test,53.0,65.0,55.75
Kandy,2025-04-11,2025-04-19,2,test,73.0,50.0,59.75
Kandy,2025-04-18,2025-04-26,2,test,60.0,53.0,57.5
Kandy,2025-04-25,2025-05-03,2,test,77.0,73.0,56.0
Kandy,2025-05-02,2025-05-10,2,test,98.0,60.0,60.25
Kandy,2025-05-09,2025-05-17,2,test,126.0,77.0,59.0
Kandy,2025-05-16,2025-05-24,2,test,105.0,98.0,65.75
Kandy,2025-05-23,2025-05-31,2,test,126.0,126.0,77.0
Kandy,2025-05-30,2025-06-07,2,test,118.0,105.0,90.25
Kandy,2025-06-06,2025-06-14,2,test,192.0,126.0,101.5
Kandy,2025-06-13,2025-06-21,2,test,161.0,118.0,113.75
Kandy,2025-06-20,2025-06-28,2,test,174.0,192.0,118.75
Kandy,2025-06-27,2025-07-05,2,test,141.0,161.0,135.25
Kandy,2025-07-04,2025-07-12,2,test,184.0,174.0,149.25
Kandy,2025-07-11,2025-07-19,2,test,168.0,141.0,161.25
Kandy,2025-07-18,2025-07-26,2,test,107.0,184.0,167.0
Kandy,2025-07-25,2025-08-02,2,test,145.0,168.0,165.0
Kandy,2025-08-01,2025-08-09,2,test,80.0,107.0,166.75
Kandy,2025-08-08,2025-08-16,2,test,92.0,145.0,150.0
Kandy,2025-08-15,2025-08-23,2,test,94.0,80.0,151.0
Kandy,2025-08-22,2025-08-30,2,test,87.0,92.0,125.0
Kandy,2025-08-29,2025-09-06,2,test,60.0,94.0,106.0
Kandy,2025-09-05,2025-09-13,2,test,79.0,87.0,102.75
Kandy,2025-09-12,2025-09-20,2,test,37.0,60.0,88.25
Kandy,2025-09-19,2025-09-27,2,test,39.0,79.0,83.25
Kandy,2025-09-26,2025-10-04,2,test,44.0,37.0,80.0
Kandy,2025-10-03,2025-10-11,2,test,44.0,39.0,65.75
Kandy,2025-10-10,2025-10-18,2,test,52.0,44.0,53.75
Kandy,2025-10-17,2025-10-25,2,test,58.0,44.0,49.75
Kandy,2025-10-24,2025-11-01,2,test,56.0,52.0,41.0
Kandy,2025-10-31,2025-11-08,2,test,71.0,58.0,44.75
Kandy,2025-11-07,2025-11-15,2,test,88.0,56.0,49.5
Kandy,2025-11-14,2025-11-22,2,test,60.0,71.0,52.5
Kandy,2025-11-21,2025-11-29,2,test,50.0,88.0,59.25
Kandy,2025-11-28,2025-12-06,2,test,82.0,60.0,68.25
Kandy,2025-12-05,2025-12-13,2,test,85.0,50.0,68.75
Kegalle,2024-12-27,2025-01-04,2,test,40.0,44.0,18.75
Kegalle,2025-01-03,2025-01-11,2,test,34.0,64.0,24.0
Kegalle,2025-01-10,2025-01-18,2,test,26.0,40.0,34.75
Kegalle,2025-01-17,2025-01-25,2,test,24.0,34.0,41.25
Kegalle,2025-01-24,2025-02-01,2,test,29.0,26.0,45.5
Kegalle,2025-01-31,2025-02-08,2,test,29.0,24.0,41.0
Kegalle,2025-02-07,2025-02-15,2,test,35.0,29.0,31.0
Kegalle,2025-02-14,2025-02-22,2,test,22.0,29.0,28.25
Kegalle,2025-02-21,2025-03-01,2,test,43.0,35.0,27.0
Kegalle,2025-02-28,2025-03-08,2,test,20.0,22.0,29.25
Kegalle,2025-03-07,2025-03-15,2,test,32.0,43.0,28.75
Kegalle,2025-03-14,2025-03-22,2,test,24.0,20.0,32.25
Kegalle,2025-03-21,2025-03-29,2,test,20.0,32.0,30.0
Kegalle,2025-03-28,2025-04-05,2,test,29.0,24.0,29.25
Kegalle,2025-04-04,2025-04-12,2,test,13.0,20.0,29.75
Kegalle,2025-04-11,2025-04-19,2,test,35.0,29.0,24.0
Kegalle,2025-04-18,2025-04-26,2,test,38.0,13.0,26.25
Kegalle,2025-04-25,2025-05-03,2,test,43.0,35.0,21.5
Kegalle,2025-05-02,2025-05-10,2,test,45.0,38.0,24.25
Kegalle,2025-05-09,2025-05-17,2,test,43.0,43.0,28.75
Kegalle,2025-05-16,2025-05-24,2,test,61.0,45.0,32.25
Kegalle,2025-05-23,2025-05-31,2,test,54.0,43.0,40.25
Kegalle,2025-05-30,2025-06-07,2,test,46.0,61.0,42.25
Kegalle,2025-06-06,2025-06-14,2,test,48.0,54.0,48.0
Kegalle,2025-06-13,2025-06-21,2,test,35.0,46.0,50.75
Kegalle,2025-06-20,2025-06-28,2,test,39.0,48.0,51.0
Kegalle,2025-06-27,2025-07-05,2,test,30.0,35.0,52.25
Kegalle,2025-07-04,2025-07-12,2,test,41.0,39.0,45.75
Kegalle,2025-07-11,2025-07-19,2,test,33.0,30.0,42.0
Kegalle,2025-07-18,2025-07-26,2,test,29.0,41.0,38.0
Kegalle,2025-07-25,2025-08-02,2,test,31.0,33.0,36.25
Kegalle,2025-08-01,2025-08-09,2,test,19.0,29.0,35.75
Kegalle,2025-08-08,2025-08-16,2,test,24.0,31.0,33.25
Kegalle,2025-08-15,2025-08-23,2,test,27.0,19.0,33.5
Kegalle,2025-08-22,2025-08-30,2,test,19.0,24.0,28.0
Kegalle,2025-08-29,2025-09-06,2,test,67.0,27.0,25.75
Kegalle,2025-09-05,2025-09-13,2,test,20.0,19.0,25.25
Kegalle,2025-09-12,2025-09-20,2,test,18.0,67.0,22.25
Kegalle,2025-09-19,2025-09-27,2,test,19.0,20.0,34.25
Kegalle,2025-09-26,2025-10-04,2,test,18.0,18.0,33.25
Kegalle,2025-10-03,2025-10-11,2,test,11.0,19.0,31.0
Kegalle,2025-10-10,2025-10-18,2,test,17.0,18.0,31.0
Kegalle,2025-10-17,2025-10-25,2,test,19.0,11.0,18.75
Kegalle,2025-10-24,2025-11-01,2,test,17.0,17.0,16.5
Kegalle,2025-10-31,2025-11-08,2,test,18.0,19.0,16.25
Kegalle,2025-11-07,2025-11-15,2,test,34.0,17.0,16.25
Kegalle,2025-11-14,2025-11-22,2,test,30.0,18.0,16.0
Kegalle,2025-11-21,2025-11-29,2,test,18.0,34.0,17.75
Kegalle,2025-11-28,2025-12-06,2,test,36.0,30.0,22.0
Kegalle,2025-12-05,2025-12-13,2,test,37.0,18.0,24.75
Kilinochchi,2024-12-27,2025-01-04,2,test,8.0,5.0,4.0
Kilinochchi,2025-01-03,2025-01-11,2,test,3.0,5.0,5.0
Kilinochchi,2025-01-10,2025-01-18,2,test,6.0,8.0,6.0
Kilinochchi,2025-01-17,2025-01-25,2,test,3.0,3.0,6.0
Kilinochchi,2025-01-24,2025-02-01,2,test,2.0,6.0,5.25
Kilinochchi,2025-01-31,2025-02-08,2,test,2.0,3.0,5.5
Kilinochchi,2025-02-07,2025-02-15,2,test,2.0,2.0,5.0
Kilinochchi,2025-02-14,2025-02-22,2,test,1.0,2.0,3.5
Kilinochchi,2025-02-21,2025-03-01,2,test,3.0,2.0,3.25
Kilinochchi,2025-02-28,2025-03-08,2,test,6.0,1.0,2.25
Kilinochchi,2025-03-07,2025-03-15,2,test,0.0,3.0,1.75
Kilinochchi,2025-03-14,2025-03-22,2,test,2.0,6.0,2.0
Kilinochchi,2025-03-21,2025-03-29,2,test,0.0,0.0,3.0
Kilinochchi,2025-03-28,2025-04-05,2,test,1.0,2.0,2.5
Kilinochchi,2025-04-04,2025-04-12,2,test,1.0,0.0,2.75
Kilinochchi,2025-04-11,2025-04-19,2,test,7.0,1.0,2.0
Kilinochchi,2025-04-18,2025-04-26,2,test,1.0,1.0,0.75
Kilinochchi,2025-04-25,2025-05-03,2,test,1.0,7.0,1.0
Kilinochchi,2025-05-02,2025-05-10,2,test,4.0,1.0,2.25
Kilinochchi,2025-05-09,2025-05-17,2,test,2.0,1.0,2.5
Kilinochchi,2025-05-16,2025-05-24,2,test,2.0,4.0,2.5
Kilinochchi,2025-05-23,2025-05-31,2,test,1.0,2.0,3.25
Kilinochchi,2025-05-30,2025-06-07,2,test,2.0,2.0,2.0
Kilinochchi,2025-06-06,2025-06-14,2,test,0.0,1.0,2.25
Kilinochchi,2025-06-13,2025-06-21,2,test,1.0,2.0,2.25
Kilinochchi,2025-06-20,2025-06-28,2,test,2.0,0.0,1.75
Kilinochchi,2025-06-27,2025-07-05,2,test,0.0,1.0,1.25
Kilinochchi,2025-07-04,2025-07-12,2,test,3.0,2.0,1.0
Kilinochchi,2025-07-11,2025-07-19,2,test,1.0,0.0,1.25
Kilinochchi,2025-07-18,2025-07-26,2,test,0.0,3.0,0.75
Kilinochchi,2025-07-25,2025-08-02,2,test,0.0,1.0,1.5
Kilinochchi,2025-08-01,2025-08-09,2,test,2.0,0.0,1.5
Kilinochchi,2025-08-08,2025-08-16,2,test,0.0,0.0,1.0
Kilinochchi,2025-08-15,2025-08-23,2,test,0.0,2.0,1.0
Kilinochchi,2025-08-22,2025-08-30,2,test,2.0,0.0,0.75
Kilinochchi,2025-08-29,2025-09-06,2,test,1.0,0.0,0.5
Kilinochchi,2025-09-05,2025-09-13,2,test,1.0,2.0,0.5
Kilinochchi,2025-09-12,2025-09-20,2,test,0.0,1.0,1.0
Kilinochchi,2025-09-19,2025-09-27,2,test,3.0,1.0,0.75
Kilinochchi,2025-09-26,2025-10-04,2,test,4.0,0.0,1.0
Kilinochchi,2025-10-03,2025-10-11,2,test,2.0,3.0,1.0
Kilinochchi,2025-10-10,2025-10-18,2,test,2.0,4.0,1.25
Kilinochchi,2025-10-17,2025-10-25,2,test,2.0,2.0,2.0
Kilinochchi,2025-10-24,2025-11-01,2,test,6.0,2.0,2.25
Kilinochchi,2025-10-31,2025-11-08,2,test,5.0,2.0,2.75
Kilinochchi,2025-11-07,2025-11-15,2,test,3.0,6.0,2.5
Kilinochchi,2025-11-14,2025-11-22,2,test,1.0,5.0,3.0
Kilinochchi,2025-11-21,2025-11-29,2,test,4.0,3.0,3.75
Kilinochchi,2025-11-28,2025-12-06,2,test,10.0,1.0,4.0
Kilinochchi,2025-12-05,2025-12-13,2,test,5.0,4.0,3.75
Kurunegala,2024-12-27,2025-01-04,2,test,39.0,26.0,19.0
Kurunegala,2025-01-03,2025-01-11,2,test,30.0,26.0,20.5
Kurunegala,2025-01-10,2025-01-18,2,test,34.0,39.0,22.75
Kurunegala,2025-01-17,2025-01-25,2,test,18.0,30.0,29.0
Kurunegala,2025-01-24,2025-02-01,2,test,27.0,34.0,30.25
Kurunegala,2025-01-31,2025-02-08,2,test,27.0,18.0,32.25
Kurunegala,2025-02-07,2025-02-15,2,test,20.0,27.0,30.25
Kurunegala,2025-02-14,2025-02-22,2,test,25.0,27.0,27.25
Kurunegala,2025-02-21,2025-03-01,2,test,17.0,20.0,26.5
Kurunegala,2025-02-28,2025-03-08,2,test,23.0,25.0,23.0
Kurunegala,2025-03-07,2025-03-15,2,test,21.0,17.0,24.75
Kurunegala,2025-03-14,2025-03-22,2,test,19.0,23.0,22.25
Kurunegala,2025-03-21,2025-03-29,2,test,19.0,21.0,21.25
Kurunegala,2025-03-28,2025-04-05,2,test,17.0,19.0,21.5
Kurunegala,2025-04-04,2025-04-12,2,test,13.0,19.0,20.0
Kurunegala,2025-04-11,2025-04-19,2,test,53.0,17.0,20.5
Kurunegala,2025-04-18,2025-04-26,2,test,34.0,13.0,19.0
Kurunegala,2025-04-25,2025-05-03,2,test,30.0,53.0,17.0
Kurunegala,2025-05-02,2025-05-10,2,test,44.0,34.0,25.5
Kurunegala,2025-05-09,2025-05-17,2,test,47.0,30.0,29.25
Kurunegala,2025-05-16,2025-05-24,2,test,60.0,44.0,32.5
Kurunegala,2025-05-23,2025-05-31,2,test,43.0,47.0,40.25
Kurunegala,2025-05-30,2025-06-07,2,test,68.0,60.0,38.75
Kurunegala,2025-06-06,2025-06-14,2,test,77.0,43.0,45.25
Kurunegala,2025-06-13,2025-06-21,2,test,70.0,68.0,48.5
Kurunegala,2025-06-20,2025-06-28,2,test,51.0,77.0,54.5
Kurunegala,2025-06-27,2025-07-05,2,test,50.0,70.0,62.0
Kurunegala,2025-07-04,2025-07-12,2,test,49.0,51.0,64.5
Kurunegala,2025-07-11,2025-07-19,2,test,84.0,50.0,66.5
Kurunegala,2025-07-18,2025-07-26,2,test,39.0,49.0,62.0
Kurunegala,2025-07-25,2025-08-02,2,test,37.0,84.0,55.0
Kurunegala,2025-08-01,2025-08-09,2,test,23.0,39.0,58.5
Kurunegala,2025-08-08,2025-08-16,2,test,24.0,37.0,55.5
Kurunegala,2025-08-15,2025-08-23,2,test,24.0,23.0,52.25
Kurunegala,2025-08-22,2025-08-30,2,test,8.0,24.0,45.75
Kurunegala,2025-08-29,2025-09-06,2,test,19.0,24.0,30.75
Kurunegala,2025-09-05,2025-09-13,2,test,15.0,8.0,27.0
Kurunegala,2025-09-12,2025-09-20,2,test,19.0,19.0,19.75
Kurunegala,2025-09-19,2025-09-27,2,test,8.0,15.0,18.75
Kurunegala,2025-09-26,2025-10-04,2,test,15.0,19.0,16.5
Kurunegala,2025-10-03,2025-10-11,2,test,24.0,8.0,15.25
Kurunegala,2025-10-10,2025-10-18,2,test,17.0,15.0,15.25
Kurunegala,2025-10-17,2025-10-25,2,test,15.0,24.0,14.25
Kurunegala,2025-10-24,2025-11-01,2,test,13.0,17.0,16.5
Kurunegala,2025-10-31,2025-11-08,2,test,20.0,15.0,16.0
Kurunegala,2025-11-07,2025-11-15,2,test,23.0,13.0,17.75
Kurunegala,2025-11-14,2025-11-22,2,test,21.0,20.0,17.25
Kurunegala,2025-11-21,2025-11-29,2,test,19.0,23.0,16.25
Kurunegala,2025-11-28,2025-12-06,2,test,24.0,21.0,17.75
Kurunegala,2025-12-05,2025-12-13,2,test,32.0,19.0,19.25
Mannar,2024-12-27,2025-01-04,2,test,15.0,12.0,4.5
Mannar,2025-01-03,2025-01-11,2,test,12.0,11.0,6.0
Mannar,2025-01-10,2025-01-18,2,test,7.0,15.0,8.25
Mannar,2025-01-17,2025-01-25,2,test,12.0,12.0,11.5
Mannar,2025-01-24,2025-02-01,2,test,3.0,7.0,12.5
Mannar,2025-01-31,2025-02-08,2,test,3.0,12.0,11.25
Mannar,2025-02-07,2025-02-15,2,test,4.0,3.0,11.5
Mannar,2025-02-14,2025-02-22,2,test,3.0,3.0,8.5
Mannar,2025-02-21,2025-03-01,2,test,0.0,4.0,6.25
Mannar,2025-02-28,2025-03-08,2,test,2.0,3.0,5.5
Mannar,2025-03-07,2025-03-15,2,test,2.0,0.0,3.25
Mannar,2025-03-14,2025-03-22,2,test,4.0,2.0,2.5
Mannar,2025-03-21,2025-03-29,2,test,2.0,2.0,2.25
Mannar,2025-03-28,2025-04-05,2,test,1.0,4.0,1.75
Mannar,2025-04-04,2025-04-12,2,test,2.0,2.0,2.0
Mannar,2025-04-11,2025-04-19,2,test,1.0,1.0,2.5
Mannar,2025-04-18,2025-04-26,2,test,6.0,2.0,2.25
Mannar,2025-04-25,2025-05-03,2,test,1.0,1.0,2.25
Mannar,2025-05-02,2025-05-10,2,test,3.0,6.0,1.5
Mannar,2025-05-09,2025-05-17,2,test,4.0,1.0,2.5
Mannar,2025-05-16,2025-05-24,2,test,2.0,3.0,2.5
Mannar,2025-05-23,2025-05-31,2,test,3.0,4.0,2.75
Mannar,2025-05-30,2025-06-07,2,test,2.0,2.0,3.5
Mannar,2025-06-06,2025-06-14,2,test,4.0,3.0,2.5
Mannar,2025-06-13,2025-06-21,2,test,0.0,2.0,3.0
Mannar,2025-06-20,2025-06-28,2,test,2.0,4.0,2.75
Mannar,2025-06-27,2025-07-05,2,test,1.0,0.0,2.75
Mannar,2025-07-04,2025-07-12,2,test,2.0,2.0,2.25
Mannar,2025-07-11,2025-07-19,2,test,4.0,1.0,2.0
Mannar,2025-07-18,2025-07-26,2,test,2.0,2.0,1.75
Mannar,2025-07-25,2025-08-02,2,test,3.0,4.0,1.25
Mannar,2025-08-01,2025-08-09,2,test,1.0,2.0,2.25
Mannar,2025-08-08,2025-08-16,2,test,1.0,3.0,2.25
Mannar,2025-08-15,2025-08-23,2,test,2.0,1.0,2.75
Mannar,2025-08-22,2025-08-30,2,test,2.0,1.0,2.5
Mannar,2025-08-29,2025-09-06,2,test,2.0,2.0,1.75
Mannar,2025-09-05,2025-09-13,2,test,3.0,2.0,1.75
Mannar,2025-09-12,2025-09-20,2,test,2.0,2.0,1.5
Mannar,2025-09-19,2025-09-27,2,test,0.0,3.0,1.75
Mannar,2025-09-26,2025-10-04,2,test,1.0,2.0,2.25
Mannar,2025-10-03,2025-10-11,2,test,3.0,0.0,2.25
Mannar,2025-10-10,2025-10-18,2,test,5.0,1.0,1.75
Mannar,2025-10-17,2025-10-25,2,test,7.0,3.0,1.5
Mannar,2025-10-24,2025-11-01,2,test,6.0,5.0,1.5
Mannar,2025-10-31,2025-11-08,2,test,12.0,7.0,2.25
Mannar,2025-11-07,2025-11-15,2,test,5.0,6.0,4.0
Mannar,2025-11-14,2025-11-22,2,test,5.0,12.0,5.25
Mannar,2025-11-21,2025-11-29,2,test,0.0,5.0,7.5
Mannar,2025-11-28,2025-12-06,2,test,5.0,5.0,7.5
Mannar,2025-12-05,2025-12-13,2,test,0.0,0.0,7.0
Matale,2024-12-27,2025-01-04,2,test,39.0,34.0,39.5
Matale,2025-01-03,2025-01-11,2,test,44.0,52.0,40.25
Matale,2025-01-10,2025-01-18,2,test,39.0,39.0,44.0
Matale,2025-01-17,2025-01-25,2,test,45.0,44.0,44.25
Matale,2025-01-24,2025-02-01,2,test,38.0,39.0,42.25
Matale,2025-01-31,2025-02-08,2,test,38.0,45.0,43.5
Matale,2025-02-07,2025-02-15,2,test,40.0,38.0,41.75
Matale,2025-02-14,2025-02-22,2,test,28.0,38.0,41.5
Matale,2025-02-21,2025-03-01,2,test,39.0,40.0,40.0
Matale,2025-02-28,2025-03-08,2,test,22.0,28.0,40.25
Matale,2025-03-07,2025-03-15,2,test,20.0,39.0,36.0
Matale,2025-03-14,2025-03-22,2,test,32.0,22.0,36.25
Matale,2025-03-21,2025-03-29,2,test,21.0,20.0,32.25
Matale,2025-03-28,2025-04-05,2,test,30.0,32.0,27.25
Matale,2025-04-04,2025-04-12,2,test,28.0,21.0,28.25
Matale,2025-04-11,2025-04-19,2,test,42.0,30.0,23.75
Matale,2025-04-18,2025-04-26,2,test,28.0,28.0,25.75
Matale,2025-04-25,2025-05-03,2,test,23.0,42.0,27.75
Matale,2025-05-02,2025-05-10,2,test,16.0,28.0,30.25
Matale,2025-05-09,2025-05-17,2,test,20.0,23.0,32.0
Matale,2025-05-16,2025-05-24,2,test,20.0,16.0,30.25
Matale,2025-05-23,2025-05-31,2,test,24.0,20.0,27.25
Matale,2025-05-30,2025-06-07,2,test,17.0,20.0,21.75
Matale,2025-06-06,2025-06-14,2,test,24.0,24.0,19.75
Matale,2025-06-13,2025-06-21,2,test,23.0,17.0,20.0
Matale,2025-06-20,2025-06-28,2,test,14.0,24.0,20.25
Matale,2025-06-27,2025-07-05,2,test,12.0,23.0,21.25
Matale,2025-07-04,2025-07-12,2,test,19.0,14.0,22.0
Matale,2025-07-11,2025-07-19,2,test,27.0,12.0,19.5
Matale,2025-07-18,2025-07-26,2,test,19.0,19.0,18.25
Matale,2025-07-25,2025-08-02,2,test,17.0,27.0,17.0
Matale,2025-08-01,2025-08-09,2,test,13.0,19.0,18.0
Matale,2025-08-08,2025-08-16,2,test,17.0,17.0,19.25
Matale,2025-08-15,2025-08-23,2,test,11.0,13.0,20.5
Matale,2025-08-22,2025-08-30,2,test,31.0,17.0,19.0
Matale,2025-08-29,2025-09-06,2,test,22.0,11.0,16.5
Matale,2025-09-05,2025-09-13,2,test,34.0,31.0,14.5
Matale,2025-09-12,2025-09-20,2,test,24.0,22.0,18.0
Matale,2025-09-19,2025-09-27,2,test,19.0,34.0,20.25
Matale,2025-09-26,2025-10-04,2,test,9.0,24.0,24.5
Matale,2025-10-03,2025-10-11,2,test,15.0,19.0,27.75
Matale,2025-10-10,2025-10-18,2,test,24.0,9.0,24.75
Matale,2025-10-17,2025-10-25,2,test,22.0,15.0,21.5
Matale,2025-10-24,2025-11-01,2,test,12.0,24.0,16.75
Matale,2025-10-31,2025-11-08,2,test,22.0,22.0,16.75
Matale,2025-11-07,2025-11-15,2,test,20.0,12.0,17.5
Matale,2025-11-14,2025-11-22,2,test,15.0,22.0,18.25
Matale,2025-11-21,2025-11-29,2,test,21.0,20.0,20.0
Matale,2025-11-28,2025-12-06,2,test,25.0,15.0,19.0
Matale,2025-12-05,2025-12-13,2,test,16.0,21.0,17.25
Matara,2024-12-27,2025-01-04,2,test,23.0,26.0,14.5
Matara,2025-01-03,2025-01-11,2,test,45.0,28.0,16.0
Matara,2025-01-10,2025-01-18,2,test,32.0,23.0,19.25
Matara,2025-01-17,2025-01-25,2,test,59.0,45.0,22.25
Matara,2025-01-24,2025-02-01,2,test,34.0,32.0,30.5
Matara,2025-01-31,2025-02-08,2,test,34.0,59.0,32.0
Matara,2025-02-07,2025-02-15,2,test,35.0,34.0,39.75
Matara,2025-02-14,2025-02-22,2,test,24.0,34.0,42.5
Matara,2025-02-21,2025-03-01,2,test,50.0,35.0,39.75
Matara,2025-02-28,2025-03-08,2,test,32.0,24.0,40.5
Matara,2025-03-07,2025-03-15,2,test,30.0,50.0,31.75
Matara,2025-03-14,2025-03-22,2,test,44.0,32.0,35.75
Matara,2025-03-21,2025-03-29,2,test,38.0,30.0,35.25
Matara,2025-03-28,2025-04-05,2,test,32.0,44.0,34.0
Matara,2025-04-04,2025-04-12,2,test,35.0,38.0,39.0
Matara,2025-04-11,2025-04-19,2,test,38.0,32.0,36.0
Matara,2025-04-18,2025-04-26,2,test,38.0,35.0,36.0
Matara,2025-04-25,2025-05-03,2,test,17.0,38.0,37.25
Matara,2025-05-02,2025-05-10,2,test,27.0,38.0,35.75
Matara,2025-05-09,2025-05-17,2,test,21.0,17.0,35.75
Matara,2025-05-16,2025-05-24,2,test,26.0,27.0,32.0
Matara,2025-05-23,2025-05-31,2,test,34.0,21.0,30.0
Matara,2025-05-30,2025-06-07,2,test,70.0,26.0,25.75
Matara,2025-06-06,2025-06-14,2,test,39.0,34.0,22.75
Matara,2025-06-13,2025-06-21,2,test,58.0,70.0,27.0
Matara,2025-06-20,2025-06-28,2,test,39.0,39.0,37.75
Matara,2025-06-27,2025-07-05,2,test,28.0,58.0,42.25
Matara,2025-07-04,2025-07-12,2,test,41.0,39.0,50.25
Matara,2025-07-11,2025-07-19,2,test,42.0,28.0,51.5
Matara,2025-07-18,2025-07-26,2,test,30.0,41.0,41.0
Matara,2025-07-25,2025-08-02,2,test,20.0,42.0,41.5
Matara,2025-08-01,2025-08-09,2,test,35.0,30.0,37.5
Matara,2025-08-08,2025-08-16,2,test,26.0,20.0,35.25
Matara,2025-08-15,2025-08-23,2,test,26.0,35.0,33.25
Matara,2025-08-22,2025-08-30,2,test,16.0,26.0,31.75
Matara,2025-08-29,2025-09-06,2,test,18.0,26.0,27.75
Matara,2025-09-05,2025-09-13,2,test,12.0,16.0,26.75
Matara,2025-09-12,2025-09-20,2,test,12.0,18.0,25.75
Matara,2025-09-19,2025-09-27,2,test,12.0,12.0,21.5
Matara,2025-09-26,2025-10-04,2,test,20.0,12.0,18.0
Matara,2025-10-03,2025-10-11,2,test,22.0,12.0,14.5
Matara,2025-10-10,2025-10-18,2,test,10.0,20.0,13.5
Matara,2025-10-17,2025-10-25,2,test,23.0,22.0,14.0
Matara,2025-10-24,2025-11-01,2,test,17.0,10.0,16.5
Matara,2025-10-31,2025-11-08,2,test,36.0,23.0,16.0
Matara,2025-11-07,2025-11-15,2,test,22.0,17.0,18.75
Matara,2025-11-14,2025-11-22,2,test,37.0,36.0,18.0
Matara,2025-11-21,2025-11-29,2,test,45.0,22.0,21.5
Matara,2025-11-28,2025-12-06,2,test,67.0,37.0,24.5
Matara,2025-12-05,2025-12-13,2,test,44.0,45.0,28.0
Monaragala,2024-12-27,2025-01-04,2,test,26.0,13.0,17.0
Monaragala,2025-01-03,2025-01-11,2,test,23.0,25.0,15.25
Monaragala,2025-01-10,2025-01-18,2,test,24.0,26.0,18.25
Monaragala,2025-01-17,2025-01-25,2,test,20.0,23.0,19.25
Monaragala,2025-01-24,2025-02-01,2,test,6.0,24.0,21.75
Monaragala,2025-01-31,2025-02-08,2,test,6.0,20.0,24.5
Monaragala,2025-02-07,2025-02-15,2,test,15.0,6.0,23.25
Monaragala,2025-02-14,2025-02-22,2,test,10.0,6.0,18.25
Monaragala,2025-02-21,2025-03-01,2,test,17.0,15.0,14.0
Monaragala,2025-02-28,2025-03-08,2,test,23.0,10.0,11.75
Monaragala,2025-03-07,2025-03-15,2,test,24.0,17.0,9.25
Monaragala,2025-03-14,2025-03-22,2,test,21.0,23.0,12.0
Monaragala,2025-03-21,2025-03-29,2,test,15.0,24.0,16.25
Monaragala,2025-03-28,2025-04-05,2,test,29.0,21.0,18.5
Monaragala,2025-04-04,2025-04-12,2,test,27.0,15.0,21.25
Monaragala,2025-04-11,2025-04-19,2,test,12.0,29.0,20.75
Monaragala,2025-04-18,2025-04-26,2,test,22.0,27.0,22.25
Monaragala,2025-04-25,2025-05-03,2,test,10.0,12.0,23.0
Monaragala,2025-05-02,2025-05-10,2,test,17.0,22.0,20.75
Monaragala,2025-05-09,2025-05-17,2,test,15.0,10.0,22.5
Monaragala,2025-05-16,2025-05-24,2,test,26.0,17.0,17.75
Monaragala,2025-05-23,2025-05-31,2,test,29.0,15.0,15.25
Monaragala,2025-05-30,2025-06-07,2,test,26.0,26.0,16.0
Monaragala,2025-06-06,2025-06-14,2,test,24.0,29.0,17.0
Monaragala,2025-06-13,2025-06-21,2,test,27.0,26.0,21.75
Monaragala,2025-06-20,2025-06-28,2,test,12.0,24.0,24.0
Monaragala,2025-06-27,2025-07-05,2,test,13.0,27.0,26.25
Monaragala,2025-07-04,2025-07-12,2,test,19.0,12.0,26.5
Monaragala,2025-07-11,2025-07-19,2,test,17.0,13.0,22.25
Monaragala,2025-07-18,2025-07-26,2,test,17.0,19.0,19.0
Monaragala,2025-07-25,2025-08-02,2,test,11.0,17.0,17.75
Monaragala,2025-08-01,2025-08-09,2,test,17.0,17.0,15.25
Monaragala,2025-08-08,2025-08-16,2,test,8.0,11.0,16.5
Monaragala,2025-08-15,2025-08-23,2,test,16.0,17.0,16.0
Monaragala,2025-08-22,2025-08-30,2,test,3.0,8.0,15.5
Monaragala,2025-08-29,2025-09-06,2,test,16.0,16.0,13.25
Monaragala,2025-09-05,2025-09-13,2,test,10.0,3.0,13.0
Monaragala,2025-09-12,2025-09-20,2,test,8.0,16.0,11.0
Monaragala,2025-09-19,2025-09-27,2,test,9.0,10.0,10.75
Monaragala,2025-09-26,2025-10-04,2,test,4.0,8.0,11.25
Monaragala,2025-10-03,2025-10-11,2,test,11.0,9.0,9.25
Monaragala,2025-10-10,2025-10-18,2,test,17.0,4.0,10.75
Monaragala,2025-10-17,2025-10-25,2,test,16.0,11.0,7.75
Monaragala,2025-10-24,2025-11-01,2,test,7.0,17.0,8.0
Monaragala,2025-10-31,2025-11-08,2,test,10.0,16.0,10.25
Monaragala,2025-11-07,2025-11-15,2,test,15.0,7.0,12.0
Monaragala,2025-11-14,2025-11-22,2,test,15.0,10.0,12.75
Monaragala,2025-11-21,2025-11-29,2,test,10.0,15.0,12.5
Monaragala,2025-11-28,2025-12-06,2,test,14.0,15.0,12.0
Monaragala,2025-12-05,2025-12-13,2,test,24.0,10.0,11.75
Mullaitivu,2024-12-27,2025-01-04,2,test,1.0,4.0,2.5
Mullaitivu,2025-01-03,2025-01-11,2,test,1.0,3.0,2.75
Mullaitivu,2025-01-10,2025-01-18,2,test,4.0,1.0,3.5
Mullaitivu,2025-01-17,2025-01-25,2,test,1.0,1.0,2.5
Mullaitivu,2025-01-24,2025-02-01,2,test,2.0,4.0,2.25
Mullaitivu,2025-01-31,2025-02-08,2,test,2.0,1.0,2.25
Mullaitivu,2025-02-07,2025-02-15,2,test,0.0,2.0,1.75
Mullaitivu,2025-02-14,2025-02-22,2,test,1.0,2.0,2.0
Mullaitivu,2025-02-21,2025-03-01,2,test,1.0,0.0,2.25
Mullaitivu,2025-02-28,2025-03-08,2,test,3.0,1.0,1.25
Mullaitivu,2025-03-07,2025-03-15,2,test,0.0,1.0,1.25
Mullaitivu,2025-03-14,2025-03-22,2,test,0.0,3.0,1.0
Mullaitivu,2025-03-21,2025-03-29,2,test,2.0,0.0,1.25
Mullaitivu,2025-03-28,2025-04-05,2,test,2.0,0.0,1.25
Mullaitivu,2025-04-04,2025-04-12,2,test,1.0,2.0,1.0
Mullaitivu,2025-04-11,2025-04-19,2,test,0.0,2.0,1.25
Mullaitivu,2025-04-18,2025-04-26,2,test,2.0,1.0,1.0
Mullaitivu,2025-04-25,2025-05-03,2,test,1.0,0.0,1.25
Mullaitivu,2025-05-02,2025-05-10,2,test,2.0,2.0,1.25
Mullaitivu,2025-05-09,2025-05-17,2,test,1.0,1.0,1.25
Mullaitivu,2025-05-16,2025-05-24,2,test,1.0,2.0,1.0
Mullaitivu,2025-05-23,2025-05-31,2,test,4.0,1.0,1.25
Mullaitivu,2025-05-30,2025-06-07,2,test,2.0,1.0,1.5
Mullaitivu,2025-06-06,2025-06-14,2,test,1.0,4.0,1.25
Mullaitivu,2025-06-13,2025-06-21,2,test,3.0,2.0,2.0
Mullaitivu,2025-06-20,2025-06-28,2,test,2.0,1.0,2.0
Mullaitivu,2025-06-27,2025-07-05,2,test,0.0,3.0,2.0
Mullaitivu,2025-07-04,2025-07-12,2,test,0.0,2.0,2.5
Mullaitivu,2025-07-11,2025-07-19,2,test,0.0,0.0,2.0
Mullaitivu,2025-07-18,2025-07-26,2,test,0.0,0.0,1.5
Mullaitivu,2025-07-25,2025-08-02,2,test,0.0,0.0,1.25
Mullaitivu,2025-08-01,2025-08-09,2,test,0.0,0.0,0.5
Mullaitivu,2025-08-08,2025-08-16,2,test,0.0,0.0,0.0
Mullaitivu,2025-08-15,2025-08-23,2,test,1.0,0.0,0.0
Mullaitivu,2025-08-22,2025-08-30,2,test,0.0,0.0,0.0
Mullaitivu,2025-08-29,2025-09-06,2,test,2.0,1.0,0.0
Mullaitivu,2025-09-05,2025-09-13,2,test,2.0,0.0,0.25
Mullaitivu,2025-09-12,2025-09-20,2,test,0.0,2.0,0.25
Mullaitivu,2025-09-19,2025-09-27,2,test,1.0,2.0,0.75
Mullaitivu,2025-09-26,2025-10-04,2,test,0.0,0.0,1.25
Mullaitivu,2025-10-03,2025-10-11,2,test,0.0,1.0,1.0
Mullaitivu,2025-10-10,2025-10-18,2,test,0.0,0.0,1.25
Mullaitivu,2025-10-17,2025-10-25,2,test,1.0,0.0,0.75
Mullaitivu,2025-10-24,2025-11-01,2,test,0.0,0.0,0.25
Mullaitivu,2025-10-31,2025-11-08,2,test,2.0,1.0,0.25
Mullaitivu,2025-11-07,2025-11-15,2,test,4.0,0.0,0.25
Mullaitivu,2025-11-14,2025-11-22,2,test,2.0,2.0,0.25
Mullaitivu,2025-11-21,2025-11-29,2,test,0.0,4.0,0.75
Mullaitivu,2025-11-28,2025-12-06,2,test,2.0,2.0,1.75
Mullaitivu,2025-12-05,2025-12-13,2,test,3.0,0.0,2.0
Nuwara Eliya,2024-12-27,2025-01-04,2,test,8.0,10.0,2.25
Nuwara Eliya,2025-01-03,2025-01-11,2,test,1.0,5.0,4.0
Nuwara Eliya,2025-01-10,2025-01-18,2,test,10.0,8.0,4.75
Nuwara Eliya,2025-01-17,2025-01-25,2,test,6.0,1.0,6.5
Nuwara Eliya,2025-01-24,2025-02-01,2,test,4.0,10.0,6.0
Nuwara Eliya,2025-01-31,2025-02-08,2,test,4.0,6.0,6.0
Nuwara Eliya,2025-02-07,2025-02-15,2,test,6.0,4.0,6.25
Nuwara Eliya,2025-02-14,2025-02-22,2,test,2.0,4.0,5.25
Nuwara Eliya,2025-02-21,2025-03-01,2,test,2.0,6.0,6.0
Nuwara Eliya,2025-02-28,2025-03-08,2,test,1.0,2.0,5.0
Nuwara Eliya,2025-03-07,2025-03-15,2,test,6.0,2.0,4.0
Nuwara Eliya,2025-03-14,2025-03-22,2,test,4.0,1.0,3.5
Nuwara Eliya,2025-03-21,2025-03-29,2,test,3.0,6.0,2.75
Nuwara Eliya,2025-03-28,2025-04-05,2,test,1.0,4.0,2.75
Nuwara Eliya,2025-04-04,2025-04-12,2,test,3.0,3.0,3.25
Nuwara Eliya,2025-04-11,2025-04-19,2,test,6.0,1.0,3.5
Nuwara Eliya,2025-04-18,2025-04-26,2,test,6.0,3.0,3.5
Nuwara Eliya,2025-04-25,2025-05-03,2,test,7.0,6.0,2.75
Nuwara Eliya,2025-05-02,2025-05-10,2,test,9.0,6.0,3.25
Nuwara Eliya,2025-05-09,2025-05-17,2,test,4.0,7.0,4.0
Nuwara Eliya,2025-05-16,2025-05-24,2,test,7.0,9.0,5.5
Nuwara Eliya,2025-05-23,2025-05-31,2,test,9.0,4.0,7.0
Nuwara Eliya,2025-05-30,2025-06-07,2,test,17.0,7.0,6.5
Nuwara Eliya,2025-06-06,2025-06-14,2,test,20.0,9.0,6.75
Nuwara Eliya,2025-06-13,2025-06-21,2,test,6.0,17.0,7.25
Nuwara Eliya,2025-06-20,2025-06-28,2,test,8.0,20.0,9.25
Nuwara Eliya,2025-06-27,2025-07-05,2,test,10.0,6.0,13.25
Nuwara Eliya,2025-07-04,2025-07-12,2,test,24.0,8.0,13.0
Nuwara Eliya,2025-07-11,2025-07-19,2,test,18.0,10.0,12.75
Nuwara Eliya,2025-07-18,2025-07-26,2,test,9.0,24.0,11.0
Nuwara Eliya,2025-07-25,2025-08-02,2,test,10.0,18.0,12.0
Nuwara Eliya,2025-08-01,2025-08-09,2,test,3.0,9.0,15.0
Nuwara Eliya,2025-08-08,2025-08-16,2,test,8.0,10.0,15.25
Nuwara Eliya,2025-08-15,2025-08-23,2,test,5.0,3.0,15.25
Nuwara Eliya,2025-08-22,2025-08-30,2,test,7.0,8.0,10.0
Nuwara Eliya,2025-08-29,2025-09-06,2,test,5.0,5.0,7.5
Nuwara Eliya,2025-09-05,2025-09-13,2,test,6.0,7.0,6.5
Nuwara Eliya,2025-09-12,2025-09-20,2,test,6.0,5.0,5.75
Nuwara Eliya,2025-09-19,2025-09-27,2,test,10.0,6.0,6.25
Nuwara Eliya,2025-09-26,2025-10-04,2,test,10.0,6.0,5.75
Nuwara Eliya,2025-10-03,2025-10-11,2,test,5.0,10.0,6.0
Nuwara Eliya,2025-10-10,2025-10-18,2,test,2.0,10.0,6.75
Nuwara Eliya,2025-10-17,2025-10-25,2,test,5.0,5.0,8.0
Nuwara Eliya,2025-10-24,2025-11-01,2,test,5.0,2.0,7.75
Nuwara Eliya,2025-10-31,2025-11-08,2,test,5.0,5.0,6.75
Nuwara Eliya,2025-11-07,2025-11-15,2,test,8.0,5.0,5.5
Nuwara Eliya,2025-11-14,2025-11-22,2,test,8.0,5.0,4.25
Nuwara Eliya,2025-11-21,2025-11-29,2,test,1.0,8.0,4.25
Nuwara Eliya,2025-11-28,2025-12-06,2,test,3.0,8.0,5.75
Nuwara Eliya,2025-12-05,2025-12-13,2,test,7.0,1.0,6.5
Polonnaruwa,2024-12-27,2025-01-04,2,test,6.0,6.0,7.75
Polonnaruwa,2025-01-03,2025-01-11,2,test,7.0,14.0,5.0
Polonnaruwa,2025-01-10,2025-01-18,2,test,3.0,6.0,7.0
Polonnaruwa,2025-01-17,2025-01-25,2,test,8.0,7.0,7.25
Polonnaruwa,2025-01-24,2025-02-01,2,test,10.0,3.0,8.25
Polonnaruwa,2025-01-31,2025-02-08,2,test,10.0,8.0,7.5
Polonnaruwa,2025-02-07,2025-02-15,2,test,9.0,10.0,6.0
Polonnaruwa,2025-02-14,2025-02-22,2,test,6.0,10.0,7.0
Polonnaruwa,2025-02-21,2025-03-01,2,test,18.0,9.0,7.75
Polonnaruwa,2025-02-28,2025-03-08,2,test,3.0,6.0,9.25
Polonnaruwa,2025-03-07,2025-03-15,2,test,6.0,18.0,8.75
Polonnaruwa,2025-03-14,2025-03-22,2,test,4.0,3.0,10.75
Polonnaruwa,2025-03-21,2025-03-29,2,test,5.0,6.0,9.0
Polonnaruwa,2025-03-28,2025-04-05,2,test,6.0,4.0,8.25
Polonnaruwa,2025-04-04,2025-04-12,2,test,5.0,5.0,7.75
Polonnaruwa,2025-04-11,2025-04-19,2,test,8.0,6.0,4.5
Polonnaruwa,2025-04-18,2025-04-26,2,test,10.0,5.0,5.25
Polonnaruwa,2025-04-25,2025-05-03,2,test,10.0,8.0,5.0
Polonnaruwa,2025-05-02,2025-05-10,2,test,7.0,10.0,6.0
Polonnaruwa,2025-05-09,2025-05-17,2,test,6.0,10.0,7.25
Polonnaruwa,2025-05-16,2025-05-24,2,test,12.0,7.0,8.25
Polonnaruwa,2025-05-23,2025-05-31,2,test,15.0,6.0,8.75
Polonnaruwa,2025-05-30,2025-06-07,2,test,12.0,12.0,8.25
Polonnaruwa,2025-06-06,2025-06-14,2,test,21.0,15.0,8.75
Polonnaruwa,2025-06-13,2025-06-21,2,test,10.0,12.0,10.0
Polonnaruwa,2025-06-20,2025-06-28,2,test,14.0,21.0,11.25
Polonnaruwa,2025-06-27,2025-07-05,2,test,11.0,10.0,15.0
Polonnaruwa,2025-07-04,2025-07-12,2,test,14.0,14.0,14.5
Polonnaruwa,2025-07-11,2025-07-19,2,test,15.0,11.0,14.25
Polonnaruwa,2025-07-18,2025-07-26,2,test,8.0,14.0,14.0
Polonnaruwa,2025-07-25,2025-08-02,2,test,2.0,15.0,12.25
Polonnaruwa,2025-08-01,2025-08-09,2,test,3.0,8.0,13.5
Polonnaruwa,2025-08-08,2025-08-16,2,test,5.0,2.0,12.0
Polonnaruwa,2025-08-15,2025-08-23,2,test,2.0,3.0,9.75
Polonnaruwa,2025-08-22,2025-08-30,2,test,4.0,5.0,7.0
Polonnaruwa,2025-08-29,2025-09-06,2,test,2.0,2.0,4.5
Polonnaruwa,2025-09-05,2025-09-13,2,test,2.0,4.0,3.0
Polonnaruwa,2025-09-12,2025-09-20,2,test,3.0,2.0,3.5
Polonnaruwa,2025-09-19,2025-09-27,2,test,7.0,2.0,3.25
Polonnaruwa,2025-09-26,2025-10-04,2,test,6.0,3.0,2.5
Polonnaruwa,2025-10-03,2025-10-11,2,test,4.0,7.0,2.75
Polonnaruwa,2025-10-10,2025-10-18,2,test,3.0,6.0,3.5
Polonnaruwa,2025-10-17,2025-10-25,2,test,3.0,4.0,4.5
Polonnaruwa,2025-10-24,2025-11-01,2,test,3.0,3.0,5.0
Polonnaruwa,2025-10-31,2025-11-08,2,test,15.0,3.0,5.0
Polonnaruwa,2025-11-07,2025-11-15,2,test,15.0,3.0,4.0
Polonnaruwa,2025-11-14,2025-11-22,2,test,8.0,15.0,3.25
Polonnaruwa,2025-11-21,2025-11-29,2,test,5.0,15.0,6.0
Polonnaruwa,2025-11-28,2025-12-06,2,test,6.0,8.0,9.0
Polonnaruwa,2025-12-05,2025-12-13,2,test,14.0,5.0,10.25
Puttalam,2024-12-27,2025-01-04,2,test,45.0,23.0,30.25
Puttalam,2025-01-03,2025-01-11,2,test,17.0,30.0,30.25
Puttalam,2025-01-10,2025-01-18,2,test,16.0,45.0,30.75
Puttalam,2025-01-17,2025-01-25,2,test,22.0,17.0,34.25
Puttalam,2025-01-24,2025-02-01,2,test,16.0,16.0,28.75
Puttalam,2025-01-31,2025-02-08,2,test,16.0,22.0,27.0
Puttalam,2025-02-07,2025-02-15,2,test,24.0,16.0,25.0
Puttalam,2025-02-14,2025-02-22,2,test,23.0,16.0,17.75
Puttalam,2025-02-21,2025-03-01,2,test,24.0,24.0,17.5
Puttalam,2025-02-28,2025-03-08,2,test,15.0,23.0,19.5
Puttalam,2025-03-07,2025-03-15,2,test,10.0,24.0,19.75
Puttalam,2025-03-14,2025-03-22,2,test,14.0,15.0,21.75
Puttalam,2025-03-21,2025-03-29,2,test,11.0,10.0,21.5
Puttalam,2025-03-28,2025-04-05,2,test,8.0,14.0,18.0
Puttalam,2025-04-04,2025-04-12,2,test,7.0,11.0,15.75
Puttalam,2025-04-11,2025-04-19,2,test,10.0,8.0,12.5
Puttalam,2025-04-18,2025-04-26,2,test,9.0,7.0,10.75
Puttalam,2025-04-25,2025-05-03,2,test,12.0,10.0,10.0
Puttalam,2025-05-02,2025-05-10,2,test,8.0,9.0,9.0
Puttalam,2025-05-09,2025-05-17,2,test,13.0,12.0,8.5
Puttalam,2025-05-16,2025-05-24,2,test,11.0,8.0,9.5
Puttalam,2025-05-23,2025-05-31,2,test,17.0,13.0,9.75
Puttalam,2025-05-30,2025-06-07,2,test,10.0,11.0,10.5
Puttalam,2025-06-06,2025-06-14,2,test,10.0,17.0,11.0
Puttalam,2025-06-13,2025-06-21,2,test,7.0,10.0,12.25
Puttalam,2025-06-20,2025-06-28,2,test,12.0,10.0,12.75
Puttalam,2025-06-27,2025-07-05,2,test,7.0,7.0,12.0
Puttalam,2025-07-04,2025-07-12,2,test,12.0,12.0,11.0
Puttalam,2025-07-11,2025-07-19,2,test,12.0,7.0,9.75
Puttalam,2025-07-18,2025-07-26,2,test,15.0,12.0,9.0
Puttalam,2025-07-25,2025-08-02,2,test,17.0,12.0,9.5
Puttalam,2025-08-01,2025-08-09,2,test,11.0,15.0,10.75
Puttalam,2025-08-08,2025-08-16,2,test,4.0,17.0,11.5
Puttalam,2025-08-15,2025-08-23,2,test,9.0,11.0,14.0
Puttalam,2025-08-22,2025-08-30,2,test,5.0,4.0,13.75
Puttalam,2025-08-29,2025-09-06,2,test,10.0,9.0,11.75
Puttalam,2025-09-05,2025-09-13,2,test,6.0,5.0,10.25
Puttalam,2025-09-12,2025-09-20,2,test,4.0,10.0,7.25
Puttalam,2025-09-19,2025-09-27,2,test,5.0,6.0,7.0
Puttalam,2025-09-26,2025-10-04,2,test,5.0,4.0,7.5
Puttalam,2025-10-03,2025-10-11,2,test,12.0,5.0,6.25
Puttalam,2025-10-10,2025-10-18,2,test,5.0,5.0,6.25
Puttalam,2025-10-17,2025-10-25,2,test,11.0,12.0,5.0
Puttalam,2025-10-24,2025-11-01,2,test,23.0,5.0,6.5
Puttalam,2025-10-31,2025-11-08,2,test,20.0,11.0,6.75
Puttalam,2025-11-07,2025-11-15,2,test,18.0,23.0,8.25
Puttalam,2025-11-14,2025-11-22,2,test,10.0,20.0,12.75
Puttalam,2025-11-21,2025-11-29,2,test,13.0,18.0,14.75
Puttalam,2025-11-28,2025-12-06,2,test,30.0,10.0,18.0
Puttalam,2025-12-05,2025-12-13,2,test,22.0,13.0,17.75
Ratnapura,2024-12-27,2025-01-04,2,test,56.0,47.0,38.75
Ratnapura,2025-01-03,2025-01-11,2,test,46.0,30.0,37.25
Ratnapura,2025-01-10,2025-01-18,2,test,70.0,56.0,35.25
Ratnapura,2025-01-17,2025-01-25,2,test,58.0,46.0,38.25
Ratnapura,2025-01-24,2025-02-01,2,test,47.0,70.0,44.75
Ratnapura,2025-01-31,2025-02-08,2,test,47.0,58.0,50.5
Ratnapura,2025-02-07,2025-02-15,2,test,50.0,47.0,57.5
Ratnapura,2025-02-14,2025-02-22,2,test,47.0,47.0,55.25
Ratnapura,2025-02-21,2025-03-01,2,test,13.0,50.0,55.5
Ratnapura,2025-02-28,2025-03-08,2,test,46.0,47.0,50.5
Ratnapura,2025-03-07,2025-03-15,2,test,56.0,13.0,47.75
Ratnapura,2025-03-14,2025-03-22,2,test,45.0,46.0,39.25
Ratnapura,2025-03-21,2025-03-29,2,test,54.0,56.0,39.0
Ratnapura,2025-03-28,2025-04-05,2,test,146.0,45.0,40.5
Ratnapura,2025-04-04,2025-04-12,2,test,146.0,54.0,40.0
Ratnapura,2025-04-11,2025-04-19,2,test,319.0,146.0,50.25
Ratnapura,2025-04-18,2025-04-26,2,test,273.0,146.0,75.25
Ratnapura,2025-04-25,2025-05-03,2,test,242.0,319.0,97.75
Ratnapura,2025-05-02,2025-05-10,2,test,251.0,273.0,166.25
Ratnapura,2025-05-09,2025-05-17,2,test,203.0,242.0,221.0
Ratnapura,2025-05-16,2025-05-24,2,test,197.0,251.0,245.0
Ratnapura,2025-05-23,2025-05-31,2,test,172.0,203.0,271.25
Ratnapura,2025-05-30,2025-06-07,2,test,145.0,197.0,242.25
Ratnapura,2025-06-06,2025-06-14,2,test,118.0,172.0,223.25
Ratnapura,2025-06-13,2025-06-21,2,test,120.0,145.0,205.75
Ratnapura,2025-06-20,2025-06-28,2,test,104.0,118.0,179.25
Ratnapura,2025-06-27,2025-07-05,2,test,97.0,120.0,158.0
Ratnapura,2025-07-04,2025-07-12,2,test,93.0,104.0,138.75
Ratnapura,2025-07-11,2025-07-19,2,test,99.0,97.0,121.75
Ratnapura,2025-07-18,2025-07-26,2,test,91.0,93.0,109.75
Ratnapura,2025-07-25,2025-08-02,2,test,64.0,99.0,103.5
Ratnapura,2025-08-01,2025-08-09,2,test,79.0,91.0,98.25
Ratnapura,2025-08-08,2025-08-16,2,test,62.0,64.0,95.0
Ratnapura,2025-08-15,2025-08-23,2,test,60.0,79.0,86.75
Ratnapura,2025-08-22,2025-08-30,2,test,59.0,62.0,83.25
Ratnapura,2025-08-29,2025-09-06,2,test,15.0,60.0,74.0
Ratnapura,2025-09-05,2025-09-13,2,test,65.0,59.0,66.25
Ratnapura,2025-09-12,2025-09-20,2,test,63.0,15.0,65.0
Ratnapura,2025-09-19,2025-09-27,2,test,70.0,65.0,49.0
Ratnapura,2025-09-26,2025-10-04,2,test,41.0,63.0,49.75
Ratnapura,2025-10-03,2025-10-11,2,test,42.0,70.0,50.5
Ratnapura,2025-10-10,2025-10-18,2,test,36.0,41.0,53.25
Ratnapura,2025-10-17,2025-10-25,2,test,57.0,42.0,59.75
Ratnapura,2025-10-24,2025-11-01,2,test,47.0,36.0,54.0
Ratnapura,2025-10-31,2025-11-08,2,test,43.0,57.0,47.25
Ratnapura,2025-11-07,2025-11-15,2,test,54.0,47.0,44.0
Ratnapura,2025-11-14,2025-11-22,2,test,54.0,43.0,45.5
Ratnapura,2025-11-21,2025-11-29,2,test,64.0,54.0,45.75
Ratnapura,2025-11-28,2025-12-06,2,test,43.0,54.0,50.25
Ratnapura,2025-12-05,2025-12-13,2,test,60.0,64.0,49.5
Trincomalee,2024-12-27,2025-01-04,2,test,34.0,30.0,15.5
Trincomalee,2025-01-03,2025-01-11,2,test,34.0,28.0,20.75
Trincomalee,2025-01-10,2025-01-18,2,test,23.0,34.0,24.25
Trincomalee,2025-01-17,2025-01-25,2,test,22.0,34.0,27.75
Trincomalee,2025-01-24,2025-02-01,2,test,28.0,23.0,31.5
Trincomalee,2025-01-31,2025-02-08,2,test,28.0,22.0,29.75
Trincomalee,2025-02-07,2025-02-15,2,test,29.0,28.0,28.25
Trincomalee,2025-02-14,2025-02-22,2,test,25.0,28.0,26.75
Trincomalee,2025-02-21,2025-03-01,2,test,17.0,29.0,25.25
Trincomalee,2025-02-28,2025-03-08,2,test,25.0,25.0,26.75
Trincomalee,2025-03-07,2025-03-15,2,test,23.0,17.0,27.5
Trincomalee,2025-03-14,2025-03-22,2,test,28.0,25.0,24.75
Trincomalee,2025-03-21,2025-03-29,2,test,36.0,23.0,24.0
Trincomalee,2025-03-28,2025-04-05,2,test,33.0,28.0,22.5
Trincomalee,2025-04-04,2025-04-12,2,test,44.0,36.0,23.25
Trincomalee,2025-04-11,2025-04-19,2,test,46.0,33.0,28.0
Trincomalee,2025-04-18,2025-04-26,2,test,64.0,44.0,30.0
Trincomalee,2025-04-25,2025-05-03,2,test,55.0,46.0,35.25
Trincomalee,2025-05-02,2025-05-10,2,test,45.0,64.0,39.75
Trincomalee,2025-05-09,2025-05-17,2,test,43.0,55.0,46.75
Trincomalee,2025-05-16,2025-05-24,2,test,39.0,45.0,52.25
Trincomalee,2025-05-23,2025-05-31,2,test,40.0,43.0,52.5
Trincomalee,2025-05-30,2025-06-07,2,test,16.0,39.0,51.75
Trincomalee,2025-06-06,2025-06-14,2,test,16.0,40.0,45.5
Trincomalee,2025-06-13,2025-06-21,2,test,12.0,16.0,41.75
Trincomalee,2025-06-20,2025-06-28,2,test,8.0,16.0,34.5
Trincomalee,2025-06-27,2025-07-05,2,test,11.0,12.0,27.75
Trincomalee,2025-07-04,2025-07-12,2,test,11.0,8.0,21.0
Trincomalee,2025-07-11,2025-07-19,2,test,7.0,11.0,13.0
Trincomalee,2025-07-18,2025-07-26,2,test,9.0,11.0,11.75
Trincomalee,2025-07-25,2025-08-02,2,test,4.0,7.0,10.5
Trincomalee,2025-08-01,2025-08-09,2,test,2.0,9.0,9.25
Trincomalee,2025-08-08,2025-08-16,2,test,4.0,4.0,9.5
Trincomalee,2025-08-15,2025-08-23,2,test,4.0,2.0,7.75
Trincomalee,2025-08-22,2025-08-30,2,test,3.0,4.0,5.5
Trincomalee,2025-08-29,2025-09-06,2,test,5.0,4.0,4.75
Trincomalee,2025-09-05,2025-09-13,2,test,2.0,3.0,3.5
Trincomalee,2025-09-12,2025-09-20,2,test,6.0,5.0,3.25
Trincomalee,2025-09-19,2025-09-27,2,test,8.0,2.0,4.0
Trincomalee,2025-09-26,2025-10-04,2,test,1.0,6.0,3.5
Trincomalee,2025-10-03,2025-10-11,2,test,5.0,8.0,4.0
Trincomalee,2025-10-10,2025-10-18,2,test,7.0,1.0,5.25
Trincomalee,2025-10-17,2025-10-25,2,test,15.0,5.0,4.25
Trincomalee,2025-10-24,2025-11-01,2,test,12.0,7.0,5.0
Trincomalee,2025-10-31,2025-11-08,2,test,11.0,15.0,5.25
Trincomalee,2025-11-07,2025-11-15,2,test,19.0,12.0,7.0
Trincomalee,2025-11-14,2025-11-22,2,test,16.0,11.0,9.75
Trincomalee,2025-11-21,2025-11-29,2,test,8.0,19.0,11.25
Trincomalee,2025-11-28,2025-12-06,2,test,26.0,16.0,14.25
Trincomalee,2025-12-05,2025-12-13,2,test,9.0,8.0,14.5
Vavuniya,2024-12-27,2025-01-04,2,test,2.0,2.0,3.25
Vavuniya,2025-01-03,2025-01-11,2,test,2.0,4.0,3.0
Vavuniya,2025-01-10,2025-01-18,2,test,2.0,2.0,3.5
Vavuniya,2025-01-17,2025-01-25,2,test,3.0,2.0,3.0
Vavuniya,2025-01-24,2025-02-01,2,test,2.0,2.0,2.5
Vavuniya,2025-01-31,2025-02-08,2,test,2.0,3.0,2.5
Vavuniya,2025-02-07,2025-02-15,2,test,0.0,2.0,2.25
Vavuniya,2025-02-14,2025-02-22,2,test,5.0,2.0,2.25
Vavuniya,2025-02-21,2025-03-01,2,test,0.0,0.0,2.25
Vavuniya,2025-02-28,2025-03-08,2,test,1.0,5.0,1.75
Vavuniya,2025-03-07,2025-03-15,2,test,1.0,0.0,2.25
Vavuniya,2025-03-14,2025-03-22,2,test,1.0,1.0,1.75
Vavuniya,2025-03-21,2025-03-29,2,test,3.0,1.0,1.5
Vavuniya,2025-03-28,2025-04-05,2,test,0.0,1.0,1.75
Vavuniya,2025-04-04,2025-04-12,2,test,5.0,3.0,0.75
Vavuniya,2025-04-11,2025-04-19,2,test,1.0,0.0,1.5
Vavuniya,2025-04-18,2025-04-26,2,test,3.0,5.0,1.25
Vavuniya,2025-04-25,2025-05-03,2,test,0.0,1.0,2.25
Vavuniya,2025-05-02,2025-05-10,2,test,2.0,3.0,2.25
Vavuniya,2025-05-09,2025-05-17,2,test,2.0,0.0,2.25
Vavuniya,2025-05-16,2025-05-24,2,test,1.0,2.0,2.25
Vavuniya,2025-05-23,2025-05-31,2,test,5.0,2.0,1.5
Vavuniya,2025-05-30,2025-06-07,2,test,2.0,1.0,1.75
Vavuniya,2025-06-06,2025-06-14,2,test,4.0,5.0,1.25
Vavuniya,2025-06-13,2025-06-21,2,test,3.0,2.0,2.5
Vavuniya,2025-06-20,2025-06-28,2,test,3.0,4.0,2.5
Vavuniya,2025-06-27,2025-07-05,2,test,2.0,3.0,3.0
Vavuniya,2025-07-04,2025-07-12,2,test,3.0,3.0,3.5
Vavuniya,2025-07-11,2025-07-19,2,test,0.0,2.0,3.0
Vavuniya,2025-07-18,2025-07-26,2,test,1.0,3.0,3.0
Vavuniya,2025-07-25,2025-08-02,2,test,0.0,0.0,2.75
Vavuniya,2025-08-01,2025-08-09,2,test,2.0,1.0,2.0
Vavuniya,2025-08-08,2025-08-16,2,test,3.0,0.0,1.5
Vavuniya,2025-08-15,2025-08-23,2,test,0.0,2.0,1.0
Vavuniya,2025-08-22,2025-08-30,2,test,0.0,3.0,0.75
Vavuniya,2025-08-29,2025-09-06,2,test,2.0,0.0,1.5
Vavuniya,2025-09-05,2025-09-13,2,test,1.0,0.0,1.25
Vavuniya,2025-09-12,2025-09-20,2,test,0.0,2.0,1.25
Vavuniya,2025-09-19,2025-09-27,2,test,0.0,1.0,1.25
Vavuniya,2025-09-26,2025-10-04,2,test,4.0,0.0,0.75
Vavuniya,2025-10-03,2025-10-11,2,test,2.0,0.0,0.75
Vavuniya,2025-10-10,2025-10-18,2,test,0.0,4.0,0.75
Vavuniya,2025-10-17,2025-10-25,2,test,1.0,2.0,1.25
Vavuniya,2025-10-24,2025-11-01,2,test,1.0,0.0,1.5
Vavuniya,2025-10-31,2025-11-08,2,test,2.0,1.0,1.5
Vavuniya,2025-11-07,2025-11-15,2,test,0.0,1.0,1.75
Vavuniya,2025-11-14,2025-11-22,2,test,0.0,2.0,1.0
Vavuniya,2025-11-21,2025-11-29,2,test,1.0,0.0,1.0
Vavuniya,2025-11-28,2025-12-06,2,test,2.0,0.0,1.0
Vavuniya,2025-12-05,2025-12-13,2,test,3.0,1.0,0.75
Ampara,2023-12-15,2024-01-06,4,validation,45.0,40.0,16.0
Ampara,2023-12-22,2024-01-13,4,validation,101.0,115.0,24.5
Ampara,2023-12-29,2024-01-20,4,validation,71.0,39.0,52.25
Ampara,2024-01-05,2024-01-27,4,validation,56.0,78.0,56.5
Ampara,2024-01-12,2024-02-03,4,validation,80.0,45.0,68.0
Ampara,2024-01-19,2024-02-10,4,validation,75.0,101.0,69.25
Ampara,2024-01-26,2024-02-17,4,validation,25.0,71.0,65.75
Ampara,2024-02-02,2024-02-24,4,validation,28.0,56.0,73.75
Ampara,2024-02-09,2024-03-02,4,validation,36.0,80.0,68.25
Ampara,2024-02-16,2024-03-09,4,validation,35.0,75.0,77.0
Ampara,2024-02-23,2024-03-16,4,validation,25.0,25.0,70.5
Ampara,2024-03-01,2024-03-23,4,validation,12.0,28.0,59.0
Ampara,2024-03-08,2024-03-30,4,validation,15.0,36.0,52.0
Ampara,2024-03-15,2024-04-06,4,validation,8.0,35.0,41.0
Ampara,2024-03-22,2024-04-13,4,validation,8.0,25.0,31.0
Ampara,2024-03-29,2024-04-20,4,validation,12.0,12.0,31.0
Ampara,2024-04-05,2024-04-27,4,validation,12.0,15.0,27.0
Ampara,2024-04-12,2024-05-04,4,validation,7.0,8.0,21.75
Ampara,2024-04-19,2024-05-11,4,validation,4.0,8.0,15.0
Ampara,2024-04-26,2024-05-18,4,validation,3.0,12.0,10.75
Ampara,2024-05-03,2024-05-25,4,validation,14.0,12.0,10.75
Ampara,2024-05-10,2024-06-01,4,validation,11.0,7.0,10.0
Ampara,2024-05-17,2024-06-08,4,validation,13.0,4.0,9.75
Ampara,2024-05-24,2024-06-15,4,validation,8.0,3.0,8.75
Ampara,2024-05-31,2024-06-22,4,validation,23.0,14.0,6.5
Ampara,2024-06-07,2024-06-29,4,validation,11.0,11.0,7.0
Ampara,2024-06-14,2024-07-06,4,validation,18.0,13.0,8.0
Ampara,2024-06-21,2024-07-13,4,validation,12.0,8.0,10.25
Ampara,2024-06-28,2024-07-20,4,validation,8.0,23.0,11.5
Ampara,2024-07-05,2024-07-27,4,validation,20.0,11.0,13.75
Ampara,2024-07-12,2024-08-03,4,validation,12.0,18.0,13.75
Ampara,2024-07-19,2024-08-10,4,validation,16.0,12.0,15.0
Ampara,2024-07-26,2024-08-17,4,validation,38.0,8.0,16.0
Ampara,2024-08-02,2024-08-24,4,validation,17.0,20.0,12.25
Ampara,2024-08-09,2024-08-31,4,validation,9.0,12.0,14.5
Ampara,2024-08-16,2024-09-07,4,validation,24.0,16.0,13.0
Ampara,2024-08-23,2024-09-14,4,validation,5.0,38.0,14.0
Ampara,2024-08-30,2024-09-21,4,validation,7.0,17.0,21.5
Ampara,2024-09-06,2024-09-28,4,validation,4.0,9.0,20.75
Ampara,2024-09-13,2024-10-05,4,validation,7.0,24.0,20.0
Ampara,2024-09-20,2024-10-12,4,validation,6.0,5.0,22.0
Ampara,2024-09-27,2024-10-19,4,validation,6.0,7.0,13.75
Ampara,2024-10-04,2024-10-26,4,validation,1.0,4.0,11.25
Ampara,2024-10-11,2024-11-02,4,validation,14.0,7.0,10.0
Ampara,2024-10-18,2024-11-09,4,validation,6.0,6.0,5.75
Ampara,2024-10-25,2024-11-16,4,validation,9.0,6.0,6.0
Ampara,2024-11-01,2024-11-23,4,validation,5.0,1.0,5.75
Ampara,2024-11-08,2024-11-30,4,validation,5.0,14.0,5.0
Ampara,2024-11-15,2024-12-07,4,validation,10.0,6.0,6.75
Ampara,2024-11-22,2024-12-14,4,validation,6.0,9.0,6.75
Ampara,2024-11-29,2024-12-21,4,validation,15.0,5.0,7.5
Ampara,2024-12-06,2024-12-28,4,validation,58.0,5.0,8.5
Anuradhapura,2023-12-15,2024-01-06,4,validation,28.0,30.0,14.25
Anuradhapura,2023-12-22,2024-01-13,4,validation,95.0,22.0,20.5
Anuradhapura,2023-12-29,2024-01-20,4,validation,34.0,42.0,26.0
Anuradhapura,2024-01-05,2024-01-27,4,validation,11.0,28.0,33.25
Anuradhapura,2024-01-12,2024-02-03,4,validation,69.0,28.0,30.5
Anuradhapura,2024-01-19,2024-02-10,4,validation,29.0,95.0,30.0
Anuradhapura,2024-01-26,2024-02-17,4,validation,53.0,34.0,48.25
Anuradhapura,2024-02-02,2024-02-24,4,validation,50.0,11.0,46.25
Anuradhapura,2024-02-09,2024-03-02,4,validation,42.0,69.0,42.0
Anuradhapura,2024-02-16,2024-03-09,4,validation,33.0,29.0,52.25
Anuradhapura,2024-02-23,2024-03-16,4,validation,18.0,53.0,35.75
Anuradhapura,2024-03-01,2024-03-23,4,validation,11.0,50.0,40.5
Anuradhapura,2024-03-08,2024-03-30,4,validation,5.0,42.0,50.25
Anuradhapura,2024-03-15,2024-04-06,4,validation,5.0,33.0,43.5
Anuradhapura,2024-03-22,2024-04-13,4,validation,4.0,18.0,44.5
Anuradhapura,2024-03-29,2024-04-20,4,validation,3.0,11.0,35.75
Anuradhapura,2024-04-05,2024-04-27,4,validation,4.0,5.0,26.0
Anuradhapura,2024-04-12,2024-05-04,4,validation,5.0,5.0,16.75
Anuradhapura,2024-04-19,2024-05-11,4,validation,7.0,4.0,9.75
Anuradhapura,2024-04-26,2024-05-18,4,validation,4.0,3.0,6.25
Anuradhapura,2024-05-03,2024-05-25,4,validation,5.0,4.0,4.25
Anuradhapura,2024-05-10,2024-06-01,4,validation,14.0,5.0,4.0
Anuradhapura,2024-05-17,2024-06-08,4,validation,8.0,7.0,4.0
Anuradhapura,2024-05-24,2024-06-15,4,validation,5.0,4.0,4.75
Anuradhapura,2024-05-31,2024-06-22,4,validation,3.0,5.0,5.0
Anuradhapura,2024-06-07,2024-06-29,4,validation,5.0,14.0,5.25
Anuradhapura,2024-06-14,2024-07-06,4,validation,6.0,8.0,7.5
Anuradhapura,2024-06-21,2024-07-13,4,validation,11.0,5.0,7.75
Anuradhapura,2024-06-28,2024-07-20,4,validation,23.0,3.0,8.0
Anuradhapura,2024-07-05,2024-07-27,4,validation,5.0,5.0,7.5
Anuradhapura,2024-07-12,2024-08-03,4,validation,10.0,6.0,5.25
Anuradhapura,2024-07-19,2024-08-10,4,validation,16.0,11.0,4.75
Anuradhapura,2024-07-26,2024-08-17,4,validation,7.0,23.0,6.25
Anuradhapura,2024-08-02,2024-08-24,4,validation,8.0,5.0,11.25
Anuradhapura,2024-08-09,2024-08-31,4,validation,7.0,10.0,11.25
Anuradhapura,2024-08-16,2024-09-07,4,validation,8.0,16.0,12.25
Anuradhapura,2024-08-23,2024-09-14,4,validation,3.0,7.0,13.5
Anuradhapura,2024-08-30,2024-09-21,4,validation,9.0,8.0,9.5
Anuradhapura,2024-09-06,2024-09-28,4,validation,4.0,7.0,10.25
Anuradhapura,2024-09-13,2024-10-05,4,validation,10.0,8.0,9.5
Anuradhapura,2024-09-20,2024-10-12,4,validation,5.0,3.0,7.5
Anuradhapura,2024-09-27,2024-10-19,4,validation,6.0,9.0,6.5
Anuradhapura,2024-10-04,2024-10-26,4,validation,9.0,4.0,6.75
Anuradhapura,2024-10-11,2024-11-02,4,validation,13.0,10.0,6.0
Anuradhapura,2024-10-18,2024-11-09,4,validation,13.0,5.0,6.5
Anuradhapura,2024-10-25,2024-11-16,4,validation,18.0,6.0,7.0
Anuradhapura,2024-11-01,2024-11-23,4,validation,12.0,9.0,6.25
Anuradhapura,2024-11-08,2024-11-30,4,validation,7.0,13.0,7.5
Anuradhapura,2024-11-15,2024-12-07,4,validation,18.0,13.0,8.25
Anuradhapura,2024-11-22,2024-12-14,4,validation,22.0,18.0,10.25
Anuradhapura,2024-11-29,2024-12-21,4,validation,12.0,12.0,13.25
Anuradhapura,2024-12-06,2024-12-28,4,validation,27.0,7.0,14.0
Badulla,2023-12-15,2024-01-06,4,validation,78.0,178.0,73.75
Badulla,2023-12-22,2024-01-13,4,validation,13.0,16.0,110.75
Badulla,2023-12-29,2024-01-20,4,validation,53.0,120.0,102.75
Badulla,2024-01-05,2024-01-27,4,validation,24.0,111.0,122.0
Badulla,2024-01-12,2024-02-03,4,validation,44.0,78.0,106.25
Badulla,2024-01-19,2024-02-10,4,validation,12.0,13.0,81.25
Badulla,2024-01-26,2024-02-17,4,validation,15.0,53.0,80.5
Badulla,2024-02-02,2024-02-24,4,validation,8.0,24.0,63.75
Badulla,2024-02-09,2024-03-02,4,validation,11.0,44.0,42.0
Badulla,2024-02-16,2024-03-09,4,validation,13.0,12.0,33.5
Badulla,2024-02-23,2024-03-16,4,validation,7.0,15.0,33.25
Badulla,2024-03-01,2024-03-23,4,validation,8.0,8.0,23.75
Badulla,2024-03-08,2024-03-30,4,validation,7.0,11.0,19.75
Badulla,2024-03-15,2024-04-06,4,validation,3.0,13.0,11.5
Badulla,2024-03-22,2024-04-13,4,validation,9.0,7.0,11.75
Badulla,2024-03-29,2024-04-20,4,validation,5.0,8.0,9.75
Badulla,2024-04-05,2024-04-27,4,validation,7.0,7.0,9.75
Badulla,2024-04-12,2024-05-04,4,validation,7.0,3.0,8.75
Badulla,2024-04-19,2024-05-11,4,validation,2.0,9.0,6.25
Badulla,2024-04-26,2024-05-18,4,validation,7.0,5.0,6.75
Badulla,2024-05-03,2024-05-25,4,validation,7.0,7.0,6.0
Badulla,2024-05-10,2024-06-01,4,validation,6.0,7.0,6.0
Badulla,2024-05-17,2024-06-08,4,validation,5.0,2.0,7.0
Badulla,2024-05-24,2024-06-15,4,validation,12.0,7.0,5.25
Badulla,2024-05-31,2024-06-22,4,validation,21.0,7.0,5.75
Badulla,2024-06-07,2024-06-29,4,validation,15.0,6.0,5.75
Badulla,2024-06-14,2024-07-06,4,validation,15.0,5.0,5.5
Badulla,2024-06-21,2024-07-13,4,validation,12.0,12.0,6.25
Badulla,2024-06-28,2024-07-20,4,validation,10.0,21.0,7.5
Badulla,2024-07-05,2024-07-27,4,validation,15.0,15.0,11.0
Badulla,2024-07-12,2024-08-03,4,validation,18.0,15.0,13.25
Badulla,2024-07-19,2024-08-10,4,validation,9.0,12.0,15.75
Badulla,2024-07-26,2024-08-17,4,validation,10.0,10.0,15.75
Badulla,2024-08-02,2024-08-24,4,validation,20.0,15.0,13.0
Badulla,2024-08-09,2024-08-31,4,validation,15.0,18.0,13.0
Badulla,2024-08-16,2024-09-07,4,validation,6.0,9.0,13.75
Badulla,2024-08-23,2024-09-14,4,validation,8.0,10.0,13.0
Badulla,2024-08-30,2024-09-21,4,validation,9.0,20.0,13.0
Badulla,2024-09-06,2024-09-28,4,validation,6.0,15.0,14.25
Badulla,2024-09-13,2024-10-05,4,validation,9.0,6.0,13.5
Badulla,2024-09-20,2024-10-12,4,validation,6.0,8.0,12.75
Badulla,2024-09-27,2024-10-19,4,validation,14.0,9.0,12.25
Badulla,2024-10-04,2024-10-26,4,validation,10.0,6.0,9.5
Badulla,2024-10-11,2024-11-02,4,validation,7.0,9.0,7.25
Badulla,2024-10-18,2024-11-09,4,validation,8.0,6.0,8.0
Badulla,2024-10-25,2024-11-16,4,validation,19.0,14.0,7.5
Badulla,2024-11-01,2024-11-23,4,validation,15.0,10.0,8.75
Badulla,2024-11-08,2024-11-30,4,validation,15.0,7.0,9.75
Badulla,2024-11-15,2024-12-07,4,validation,19.0,8.0,9.25
Badulla,2024-11-22,2024-12-14,4,validation,20.0,19.0,9.75
Badulla,2024-11-29,2024-12-21,4,validation,19.0,15.0,11.0
Badulla,2024-12-06,2024-12-28,4,validation,5.0,15.0,12.25
Batticaloa,2023-12-15,2024-01-06,4,validation,123.0,95.0,44.75
Batticaloa,2023-12-22,2024-01-13,4,validation,122.0,88.0,65.25
Batticaloa,2023-12-29,2024-01-20,4,validation,88.0,113.0,81.75
Batticaloa,2024-01-05,2024-01-27,4,validation,67.0,142.0,96.25
Batticaloa,2024-01-12,2024-02-03,4,validation,82.0,123.0,109.5
Batticaloa,2024-01-19,2024-02-10,4,validation,61.0,122.0,116.5
Batticaloa,2024-01-26,2024-02-17,4,validation,70.0,88.0,125.0
Batticaloa,2024-02-02,2024-02-24,4,validation,51.0,67.0,118.75
Batticaloa,2024-02-09,2024-03-02,4,validation,67.0,82.0,100.0
Batticaloa,2024-02-16,2024-03-09,4,validation,55.0,61.0,89.75
Batticaloa,2024-02-23,2024-03-16,4,validation,28.0,70.0,74.5
Batticaloa,2024-03-01,2024-03-23,4,validation,26.0,51.0,70.0
Batticaloa,2024-03-08,2024-03-30,4,validation,16.0,67.0,66.0
Batticaloa,2024-03-15,2024-04-06,4,validation,20.0,55.0,62.25
Batticaloa,2024-03-22,2024-04-13,4,validation,11.0,28.0,60.75
Batticaloa,2024-03-29,2024-04-20,4,validation,10.0,26.0,50.25
Batticaloa,2024-04-05,2024-04-27,4,validation,17.0,16.0,44.0
Batticaloa,2024-04-12,2024-05-04,4,validation,19.0,20.0,31.25
Batticaloa,2024-04-19,2024-05-11,4,validation,17.0,11.0,22.5
Batticaloa,2024-04-26,2024-05-18,4,validation,18.0,10.0,18.25
Batticaloa,2024-05-03,2024-05-25,4,validation,13.0,17.0,14.25
Batticaloa,2024-05-10,2024-06-01,4,validation,15.0,19.0,14.5
Batticaloa,2024-05-17,2024-06-08,4,validation,19.0,17.0,14.25
Batticaloa,2024-05-24,2024-06-15,4,validation,14.0,18.0,15.75
Batticaloa,2024-05-31,2024-06-22,4,validation,15.0,13.0,17.75
Batticaloa,2024-06-07,2024-06-29,4,validation,16.0,15.0,16.75
Batticaloa,2024-06-14,2024-07-06,4,validation,21.0,19.0,15.75
Batticaloa,2024-06-21,2024-07-13,4,validation,11.0,14.0,16.25
Batticaloa,2024-06-28,2024-07-20,4,validation,15.0,15.0,15.25
Batticaloa,2024-07-05,2024-07-27,4,validation,25.0,16.0,15.75
Batticaloa,2024-07-12,2024-08-03,4,validation,20.0,21.0,16.0
Batticaloa,2024-07-19,2024-08-10,4,validation,22.0,11.0,16.5
Batticaloa,2024-07-26,2024-08-17,4,validation,21.0,15.0,15.75
Batticaloa,2024-08-02,2024-08-24,4,validation,29.0,25.0,15.75
Batticaloa,2024-08-09,2024-08-31,4,validation,16.0,20.0,18.0
Batticaloa,2024-08-16,2024-09-07,4,validation,17.0,22.0,17.75
Batticaloa,2024-08-23,2024-09-14,4,validation,16.0,21.0,20.5
Batticaloa,2024-08-30,2024-09-21,4,validation,15.0,29.0,22.0
Batticaloa,2024-09-06,2024-09-28,4,validation,5.0,16.0,23.0
Batticaloa,2024-09-13,2024-10-05,4,validation,10.0,17.0,22.0
Batticaloa,2024-09-20,2024-10-12,4,validation,13.0,16.0,20.75
Batticaloa,2024-09-27,2024-10-19,4,validation,7.0,15.0,19.5
Batticaloa,2024-10-04,2024-10-26,4,validation,6.0,5.0,16.0
Batticaloa,2024-10-11,2024-11-02,4,validation,14.0,10.0,13.25
Batticaloa,2024-10-18,2024-11-09,4,validation,11.0,13.0,11.5
Batticaloa,2024-10-25,2024-11-16,4,validation,12.0,7.0,10.75
Batticaloa,2024-11-01,2024-11-23,4,validation,21.0,6.0,8.75
Batticaloa,2024-11-08,2024-11-30,4,validation,31.0,14.0,9.0
Batticaloa,2024-11-15,2024-12-07,4,validation,30.0,11.0,10.0
Batticaloa,2024-11-22,2024-12-14,4,validation,35.0,12.0,9.5
Batticaloa,2024-11-29,2024-12-21,4,validation,47.0,21.0,10.75
Batticaloa,2024-12-06,2024-12-28,4,validation,62.0,31.0,14.5
Colombo,2023-12-15,2024-01-06,4,validation,549.0,409.0,284.75
Colombo,2023-12-22,2024-01-13,4,validation,477.0,476.0,338.75
Colombo,2023-12-29,2024-01-20,4,validation,499.0,375.0,419.0
Colombo,2024-01-05,2024-01-27,4,validation,349.0,299.0,427.5
Colombo,2024-01-12,2024-02-03,4,validation,382.0,549.0,389.75
Colombo,2024-01-19,2024-02-10,4,validation,286.0,477.0,424.75
Colombo,2024-01-26,2024-02-17,4,validation,269.0,499.0,425.0
Colombo,2024-02-02,2024-02-24,4,validation,252.0,349.0,456.0
Colombo,2024-02-09,2024-03-02,4,validation,170.0,382.0,468.5
Colombo,2024-02-16,2024-03-09,4,validation,207.0,286.0,426.75
Colombo,2024-02-23,2024-03-16,4,validation,146.0,269.0,379.0
Colombo,2024-03-01,2024-03-23,4,validation,130.0,252.0,321.5
Colombo,2024-03-08,2024-03-30,4,validation,132.0,170.0,297.25
Colombo,2024-03-15,2024-04-06,4,validation,68.0,207.0,244.25
Colombo,2024-03-22,2024-04-13,4,validation,111.0,146.0,224.5
Colombo,2024-03-29,2024-04-20,4,validation,111.0,130.0,193.75
Colombo,2024-04-05,2024-04-27,4,validation,114.0,132.0,163.25
Colombo,2024-04-12,2024-05-04,4,validation,75.0,68.0,153.75
Colombo,2024-04-19,2024-05-11,4,validation,133.0,111.0,119.0
Colombo,2024-04-26,2024-05-18,4,validation,119.0,111.0,110.25
Colombo,2024-05-03,2024-05-25,4,validation,156.0,114.0,105.5
Colombo,2024-05-10,2024-06-01,4,validation,158.0,75.0,101.0
Colombo,2024-05-17,2024-06-08,4,validation,182.0,133.0,102.75
Colombo,2024-05-24,2024-06-15,4,validation,218.0,119.0,108.25
Colombo,2024-05-31,2024-06-22,4,validation,245.0,156.0,110.25
Colombo,2024-06-07,2024-06-29,4,validation,292.0,158.0,120.75
Colombo,2024-06-14,2024-07-06,4,validation,320.0,182.0,141.5
Colombo,2024-06-21,2024-07-13,4,validation,312.0,218.0,153.75
Colombo,2024-06-28,2024-07-20,4,validation,321.0,245.0,178.5
Colombo,2024-07-05,2024-07-27,4,validation,308.0,292.0,200.75
Colombo,2024-07-12,2024-08-03,4,validation,279.0,320.0,234.25
Colombo,2024-07-19,2024-08-10,4,validation,266.0,312.0,268.75
Colombo,2024-07-26,2024-08-17,4,validation,263.0,321.0,292.25
Colombo,2024-08-02,2024-08-24,4,validation,250.0,308.0,311.25
Colombo,2024-08-09,2024-08-31,4,validation,192.0,279.0,315.25
Colombo,2024-08-16,2024-09-07,4,validation,226.0,266.0,305.0
Colombo,2024-08-23,2024-09-14,4,validation,202.0,263.0,293.5
Colombo,2024-08-30,2024-09-21,4,validation,143.0,250.0,279.0
Colombo,2024-09-06,2024-09-28,4,validation,169.0,192.0,264.5
Colombo,2024-09-13,2024-10-05,4,validation,172.0,226.0,242.75
Colombo,2024-09-20,2024-10-12,4,validation,180.0,202.0,232.75
Colombo,2024-09-27,2024-10-19,4,validation,161.0,143.0,217.5
Colombo,2024-10-04,2024-10-26,4,validation,141.0,169.0,190.75
Colombo,2024-10-11,2024-11-02,4,validation,152.0,172.0,185.0
Colombo,2024-10-18,2024-11-09,4,validation,156.0,180.0,171.5
Colombo,2024-10-25,2024-11-16,4,validation,191.0,161.0,166.0
Colombo,2024-11-01,2024-11-23,4,validation,185.0,141.0,170.5
Colombo,2024-11-08,2024-11-30,4,validation,163.0,152.0,163.5
Colombo,2024-11-15,2024-12-07,4,validation,247.0,156.0,158.5
Colombo,2024-11-22,2024-12-14,4,validation,220.0,191.0,152.5
Colombo,2024-11-29,2024-12-21,4,validation,231.0,185.0,160.0
Colombo,2024-12-06,2024-12-28,4,validation,200.0,163.0,171.0
Galle,2023-12-15,2024-01-06,4,validation,84.0,113.0,111.75
Galle,2023-12-22,2024-01-13,4,validation,132.0,126.0,119.25
Galle,2023-12-29,2024-01-20,4,validation,119.0,93.0,128.5
Galle,2024-01-05,2024-01-27,4,validation,111.0,107.0,121.5
Galle,2024-01-12,2024-02-03,4,validation,103.0,84.0,109.75
Galle,2024-01-19,2024-02-10,4,validation,66.0,132.0,102.5
Galle,2024-01-26,2024-02-17,4,validation,42.0,119.0,104.0
Galle,2024-02-02,2024-02-24,4,validation,75.0,111.0,110.5
Galle,2024-02-09,2024-03-02,4,validation,40.0,103.0,111.5
Galle,2024-02-16,2024-03-09,4,validation,28.0,66.0,116.25
Galle,2024-02-23,2024-03-16,4,validation,30.0,42.0,99.75
Galle,2024-03-01,2024-03-23,4,validation,20.0,75.0,80.5
Galle,2024-03-08,2024-03-30,4,validation,32.0,40.0,71.5
Galle,2024-03-15,2024-04-06,4,validation,18.0,28.0,55.75
Galle,2024-03-22,2024-04-13,4,validation,19.0,30.0,46.25
Galle,2024-03-29,2024-04-20,4,validation,23.0,20.0,43.25
Galle,2024-04-05,2024-04-27,4,validation,24.0,32.0,29.5
Galle,2024-04-12,2024-05-04,4,validation,21.0,18.0,27.5
Galle,2024-04-19,2024-05-11,4,validation,24.0,19.0,25.0
Galle,2024-04-26,2024-05-18,4,validation,13.0,23.0,22.25
Galle,2024-05-03,2024-05-25,4,validation,26.0,24.0,23.0
Galle,2024-05-10,2024-06-01,4,validation,9.0,21.0,21.0
Galle,2024-05-17,2024-06-08,4,validation,21.0,24.0,21.75
Galle,2024-05-24,2024-06-15,4,validation,26.0,13.0,23.0
Galle,2024-05-31,2024-06-22,4,validation,32.0,26.0,20.5
Galle,2024-06-07,2024-06-29,4,validation,29.0,9.0,21.0
Galle,2024-06-14,2024-07-06,4,validation,34.0,21.0,18.0
Galle,2024-06-21,2024-07-13,4,validation,31.0,26.0,17.25
Galle,2024-06-28,2024-07-20,4,validation,33.0,32.0,20.5
Galle,2024-07-05,2024-07-27,4,validation,32.0,29.0,22.0
Galle,2024-07-12,2024-08-03,4,validation,46.0,34.0,27.0
Galle,2024-07-19,2024-08-10,4,validation,40.0,31.0,30.25
Galle,2024-07-26,2024-08-17,4,validation,27.0,33.0,31.5
Galle,2024-08-02,2024-08-24,4,validation,50.0,32.0,31.75
Galle,2024-08-09,2024-08-31,4,validation,38.0,46.0,32.5
Galle,2024-08-16,2024-09-07,4,validation,35.0,40.0,35.5
Galle,2024-08-23,2024-09-14,4,validation,32.0,27.0,37.75
Galle,2024-08-30,2024-09-21,4,validation,46.0,50.0,36.25
Galle,2024-09-06,2024-09-28,4,validation,35.0,38.0,40.75
Galle,2024-09-13,2024-10-05,4,validation,35.0,35.0,38.75
Galle,2024-09-20,2024-10-12,4,validation,27.0,32.0,37.5
Galle,2024-09-27,2024-10-19,4,validation,21.0,46.0,38.75
Galle,2024-10-04,2024-10-26,4,validation,26.0,35.0,37.75
Galle,2024-10-11,2024-11-02,4,validation,27.0,35.0,37.0
Galle,2024-10-18,2024-11-09,4,validation,25.0,27.0,37.0
Galle,2024-10-25,2024-11-16,4,validation,59.0,21.0,35.75
Galle,2024-11-01,2024-11-23,4,validation,26.0,26.0,29.5
Galle,2024-11-08,2024-11-30,4,validation,37.0,27.0,27.25
Galle,2024-11-15,2024-12-07,4,validation,34.0,25.0,25.25
Galle,2024-11-22,2024-12-14,4,validation,27.0,59.0,24.75
Galle,2024-11-29,2024-12-21,4,validation,25.0,26.0,34.25
Galle,2024-12-06,2024-12-28,4,validation,30.0,37.0,34.25
Gampaha,2023-12-15,2024-01-06,4,validation,111.0,130.0,88.5
Gampaha,2023-12-22,2024-01-13,4,validation,147.0,217.0,111.5
Gampaha,2023-12-29,2024-01-20,4,validation,150.0,146.0,157.75
Gampaha,2024-01-05,2024-01-27,4,validation,144.0,146.0,171.25
Gampaha,2024-01-12,2024-02-03,4,validation,165.0,111.0,159.75
Gampaha,2024-01-19,2024-02-10,4,validation,155.0,147.0,155.0
Gampaha,2024-01-26,2024-02-17,4,validation,111.0,150.0,137.5
Gampaha,2024-02-02,2024-02-24,4,validation,102.0,144.0,138.5
Gampaha,2024-02-09,2024-03-02,4,validation,68.0,165.0,138.0
Gampaha,2024-02-16,2024-03-09,4,validation,90.0,155.0,151.5
Gampaha,2024-02-23,2024-03-16,4,validation,80.0,111.0,153.5
Gampaha,2024-03-01,2024-03-23,4,validation,60.0,102.0,143.75
Gampaha,2024-03-08,2024-03-30,4,validation,66.0,68.0,133.25
Gampaha,2024-03-15,2024-04-06,4,validation,46.0,90.0,109.0
Gampaha,2024-03-22,2024-04-13,4,validation,68.0,80.0,92.75
Gampaha,2024-03-29,2024-04-20,4,validation,43.0,60.0,85.0
Gampaha,2024-04-05,2024-04-27,4,validation,48.0,66.0,74.5
Gampaha,2024-04-12,2024-05-04,4,validation,55.0,46.0,74.0
Gampaha,2024-04-19,2024-05-11,4,validation,70.0,68.0,63.0
Gampaha,2024-04-26,2024-05-18,4,validation,40.0,43.0,60.0
Gampaha,2024-05-03,2024-05-25,4,validation,48.0,48.0,55.75
Gampaha,2024-05-10,2024-06-01,4,validation,77.0,55.0,51.25
Gampaha,2024-05-17,2024-06-08,4,validation,105.0,70.0,53.5
Gampaha,2024-05-24,2024-06-15,4,validation,81.0,40.0,54.0
Gampaha,2024-05-31,2024-06-22,4,validation,103.0,48.0,53.25
Gampaha,2024-06-07,2024-06-29,4,validation,139.0,77.0,53.25
Gampaha,2024-06-14,2024-07-06,4,validation,125.0,105.0,58.75
Gampaha,2024-06-21,2024-07-13,4,validation,129.0,81.0,67.5
Gampaha,2024-06-28,2024-07-20,4,validation,157.0,103.0,77.75
Gampaha,2024-07-05,2024-07-27,4,validation,148.0,139.0,91.5
Gampaha,2024-07-12,2024-08-03,4,validation,174.0,125.0,107.0
Gampaha,2024-07-19,2024-08-10,4,validation,123.0,129.0,112.0
Gampaha,2024-07-26,2024-08-17,4,validation,124.0,157.0,124.0
Gampaha,2024-08-02,2024-08-24,4,validation,122.0,148.0,137.5
Gampaha,2024-08-09,2024-08-31,4,validation,128.0,174.0,139.75
Gampaha,2024-08-16,2024-09-07,4,validation,84.0,123.0,152.0
Gampaha,2024-08-23,2024-09-14,4,validation,96.0,124.0,150.5
Gampaha,2024-08-30,2024-09-21,4,validation,91.0,122.0,142.25
Gampaha,2024-09-06,2024-09-28,4,validation,101.0,128.0,135.75
Gampaha,2024-09-13,2024-10-05,4,validation,120.0,84.0,124.25
Gampaha,2024-09-20,2024-10-12,4,validation,95.0,96.0,114.5
Gampaha,2024-09-27,2024-10-19,4,validation,98.0,91.0,107.5
Gampaha,2024-10-04,2024-10-26,4,validation,103.0,101.0,99.75
Gampaha,2024-10-11,2024-11-02,4,validation,111.0,120.0,93.0
Gampaha,2024-10-18,2024-11-09,4,validation,95.0,95.0,102.0
Gampaha,2024-10-25,2024-11-16,4,validation,153.0,98.0,101.75
Gampaha,2024-11-01,2024-11-23,4,validation,186.0,103.0,103.5
Gampaha,2024-11-08,2024-11-30,4,validation,133.0,111.0,104.0
Gampaha,2024-11-15,2024-12-07,4,validation,161.0,95.0,101.75
Gampaha,2024-11-22,2024-12-14,4,validation,103.0,153.0,101.75
Gampaha,2024-11-29,2024-12-21,4,validation,131.0,186.0,115.5
Gampaha,2024-12-06,2024-12-28,4,validation,186.0,133.0,136.25
Hambantota,2023-12-15,2024-01-06,4,validation,55.0,43.0,27.75
Hambantota,2023-12-22,2024-01-13,4,validation,33.0,72.0,36.75
Hambantota,2023-12-29,2024-01-20,4,validation,50.0,18.0,53.0
Hambantota,2024-01-05,2024-01-27,4,validation,37.0,38.0,47.0
Hambantota,2024-01-12,2024-02-03,4,validation,29.0,55.0,42.75
Hambantota,2024-01-19,2024-02-10,4,validation,14.0,33.0,45.75
Hambantota,2024-01-26,2024-02-17,4,validation,35.0,50.0,36.0
Hambantota,2024-02-02,2024-02-24,4,validation,18.0,37.0,44.0
Hambantota,2024-02-09,2024-03-02,4,validation,22.0,29.0,43.75
Hambantota,2024-02-16,2024-03-09,4,validation,27.0,14.0,37.25
Hambantota,2024-02-23,2024-03-16,4,validation,17.0,35.0,32.5
Hambantota,2024-03-01,2024-03-23,4,validation,29.0,18.0,28.75
Hambantota,2024-03-08,2024-03-30,4,validation,13.0,22.0,24.0
Hambantota,2024-03-15,2024-04-06,4,validation,10.0,27.0,22.25
Hambantota,2024-03-22,2024-04-13,4,validation,32.0,17.0,25.5
Hambantota,2024-03-29,2024-04-20,4,validation,12.0,29.0,21.0
Hambantota,2024-04-05,2024-04-27,4,validation,15.0,13.0,23.75
Hambantota,2024-04-12,2024-05-04,4,validation,18.0,10.0,21.5
Hambantota,2024-04-19,2024-05-11,4,validation,9.0,32.0,17.25
Hambantota,2024-04-26,2024-05-18,4,validation,6.0,12.0,21.0
Hambantota,2024-05-03,2024-05-25,4,validation,12.0,15.0,16.75
Hambantota,2024-05-10,2024-06-01,4,validation,16.0,18.0,17.25
Hambantota,2024-05-17,2024-06-08,4,validation,9.0,9.0,19.25
Hambantota,2024-05-24,2024-06-15,4,validation,8.0,6.0,13.5
Hambantota,2024-05-31,2024-06-22,4,validation,10.0,12.0,12.0
Hambantota,2024-06-07,2024-06-29,4,validation,12.0,16.0,11.25
Hambantota,2024-06-14,2024-07-06,4,validation,5.0,9.0,10.75
Hambantota,2024-06-21,2024-07-13,4,validation,15.0,8.0,10.75
Hambantota,2024-06-28,2024-07-20,4,validation,14.0,10.0,11.25
Hambantota,2024-07-05,2024-07-27,4,validation,11.0,12.0,10.75
Hambantota,2024-07-12,2024-08-03,4,validation,5.0,5.0,9.75
Hambantota,2024-07-19,2024-08-10,4,validation,8.0,15.0,8.75
Hambantota,2024-07-26,2024-08-17,4,validation,11.0,14.0,10.5
Hambantota,2024-08-02,2024-08-24,4,validation,15.0,11.0,11.5
Hambantota,2024-08-09,2024-08-31,4,validation,10.0,5.0,11.25
Hambantota,2024-08-16,2024-09-07,4,validation,14.0,8.0,11.25
Hambantota,2024-08-23,2024-09-14,4,validation,10.0,11.0,9.5
Hambantota,2024-08-30,2024-09-21,4,validation,10.0,15.0,8.75
Hambantota,2024-09-06,2024-09-28,4,validation,10.0,10.0,9.75
Hambantota,2024-09-13,2024-10-05,4,validation,11.0,14.0,11.0
Hambantota,2024-09-20,2024-10-12,4,validation,14.0,10.0,12.5
Hambantota,2024-09-27,2024-10-19,4,validation,9.0,10.0,12.25
Hambantota,2024-10-04,2024-10-26,4,validation,10.0,10.0,11.0
Hambantota,2024-10-11,2024-11-02,4,validation,12.0,11.0,11.0
Hambantota,2024-10-18,2024-11-09,4,validation,4.0,14.0,10.25
Hambantota,2024-10-25,2024-11-16,4,validation,23.0,9.0,11.25
Hambantota,2024-11-01,2024-11-23,4,validation,6.0,10.0,11.0
Hambantota,2024-11-08,2024-11-30,4,validation,15.0,12.0,11.0
Hambantota,2024-11-15,2024-12-07,4,validation,12.0,4.0,11.25
Hambantota,2024-11-22,2024-12-14,4,validation,22.0,23.0,8.75
Hambantota,2024-11-29,2024-12-21,4,validation,21.0,6.0,12.25
Hambantota,2024-12-06,2024-12-28,4,validation,36.0,15.0,11.25
Jaffna,2023-12-15,2024-01-06,4,validation,805.0,423.0,187.0
Jaffna,2023-12-22,2024-01-13,4,validation,595.0,706.0,267.75
Jaffna,2023-12-29,2024-01-20,4,validation,746.0,746.0,409.0
Jaffna,2024-01-05,2024-01-27,4,validation,483.0,623.0,546.5
Jaffna,2024-01-12,2024-02-03,4,validation,410.0,805.0,624.5
Jaffna,2024-01-19,2024-02-10,4,validation,292.0,595.0,720.0
Jaffna,2024-01-26,2024-02-17,4,validation,224.0,746.0,692.25
Jaffna,2024-02-02,2024-02-24,4,validation,148.0,483.0,692.25
Jaffna,2024-02-09,2024-03-02,4,validation,143.0,410.0,657.25
Jaffna,2024-02-16,2024-03-09,4,validation,99.0,292.0,558.5
Jaffna,2024-02-23,2024-03-16,4,validation,67.0,224.0,482.75
Jaffna,2024-03-01,2024-03-23,4,validation,68.0,148.0,352.25
Jaffna,2024-03-08,2024-03-30,4,validation,60.0,143.0,268.5
Jaffna,2024-03-15,2024-04-06,4,validation,42.0,99.0,201.75
Jaffna,2024-03-22,2024-04-13,4,validation,34.0,67.0,153.5
Jaffna,2024-03-29,2024-04-20,4,validation,35.0,68.0,114.25
Jaffna,2024-04-05,2024-04-27,4,validation,28.0,60.0,94.25
Jaffna,2024-04-12,2024-05-04,4,validation,19.0,42.0,73.5
Jaffna,2024-04-19,2024-05-11,4,validation,16.0,34.0,59.25
Jaffna,2024-04-26,2024-05-18,4,validation,5.0,35.0,51.0
Jaffna,2024-05-03,2024-05-25,4,validation,23.0,28.0,42.75
Jaffna,2024-05-10,2024-06-01,4,validation,22.0,19.0,34.75
Jaffna,2024-05-17,2024-06-08,4,validation,18.0,16.0,29.0
Jaffna,2024-05-24,2024-06-15,4,validation,11.0,5.0,24.5
Jaffna,2024-05-31,2024-06-22,4,validation,20.0,23.0,17.0
Jaffna,2024-06-07,2024-06-29,4,validation,21.0,22.0,15.75
Jaffna,2024-06-14,2024-07-06,4,validation,15.0,18.0,16.5
Jaffna,2024-06-21,2024-07-13,4,validation,18.0,11.0,17.0
Jaffna,2024-06-28,2024-07-20,4,validation,10.0,20.0,18.5
Jaffna,2024-07-05,2024-07-27,4,validation,13.0,21.0,17.75
Jaffna,2024-07-12,2024-08-03,4,validation,6.0,15.0,17.5
Jaffna,2024-07-19,2024-08-10,4,validation,11.0,18.0,16.75
Jaffna,2024-07-26,2024-08-17,4,validation,16.0,10.0,18.5
Jaffna,2024-08-02,2024-08-24,4,validation,15.0,13.0,16.0
Jaffna,2024-08-09,2024-08-31,4,validation,8.0,6.0,14.0
Jaffna,2024-08-16,2024-09-07,4,validation,11.0,11.0,11.75
Jaffna,2024-08-23,2024-09-14,4,validation,8.0,16.0,10.0
Jaffna,2024-08-30,2024-09-21,4,validation,15.0,15.0,11.5
Jaffna,2024-09-06,2024-09-28,4,validation,11.0,8.0,12.0
Jaffna,2024-09-13,2024-10-05,4,validation,10.0,11.0,12.5
Jaffna,2024-09-20,2024-10-12,4,validation,11.0,8.0,12.5
Jaffna,2024-09-27,2024-10-19,4,validation,7.0,15.0,10.5
Jaffna,2024-10-04,2024-10-26,4,validation,30.0,11.0,10.5
Jaffna,2024-10-11,2024-11-02,4,validation,26.0,10.0,11.25
Jaffna,2024-10-18,2024-11-09,4,validation,25.0,11.0,11.0
Jaffna,2024-10-25,2024-11-16,4,validation,37.0,7.0,11.75
Jaffna,2024-11-01,2024-11-23,4,validation,47.0,30.0,9.75
Jaffna,2024-11-08,2024-11-30,4,validation,35.0,26.0,14.5
Jaffna,2024-11-15,2024-12-07,4,validation,60.0,25.0,18.5
Jaffna,2024-11-22,2024-12-14,4,validation,76.0,37.0,22.0
Jaffna,2024-11-29,2024-12-21,4,validation,76.0,47.0,29.5
Jaffna,2024-12-06,2024-12-28,4,validation,58.0,35.0,33.75
Kalutara,2023-12-15,2024-01-06,4,validation,103.0,104.0,30.0
Kalutara,2023-12-22,2024-01-13,4,validation,105.0,693.0,56.0
Kalutara,2023-12-29,2024-01-20,4,validation,96.0,89.0,229.0
Kalutara,2024-01-05,2024-01-27,4,validation,118.0,77.0,242.75
Kalutara,2024-01-12,2024-02-03,4,validation,113.0,103.0,240.75
Kalutara,2024-01-19,2024-02-10,4,validation,81.0,105.0,240.5
Kalutara,2024-01-26,2024-02-17,4,validation,77.0,96.0,93.5
Kalutara,2024-02-02,2024-02-24,4,validation,54.0,118.0,95.25
Kalutara,2024-02-09,2024-03-02,4,validation,43.0,113.0,105.5
Kalutara,2024-02-16,2024-03-09,4,validation,91.0,81.0,108.0
Kalutara,2024-02-23,2024-03-16,4,validation,78.0,77.0,102.0
Kalutara,2024-03-01,2024-03-23,4,validation,69.0,54.0,97.25
Kalutara,2024-03-08,2024-03-30,4,validation,50.0,43.0,81.25
Kalutara,2024-03-15,2024-04-06,4,validation,35.0,91.0,63.75
Kalutara,2024-03-22,2024-04-13,4,validation,37.0,78.0,66.25
Kalutara,2024-03-29,2024-04-20,4,validation,24.0,69.0,66.5
Kalutara,2024-04-05,2024-04-27,4,validation,41.0,50.0,70.25
Kalutara,2024-04-12,2024-05-04,4,validation,31.0,35.0,72.0
Kalutara,2024-04-19,2024-05-11,4,validation,50.0,37.0,58.0
Kalutara,2024-04-26,2024-05-18,4,validation,32.0,24.0,47.75
Kalutara,2024-05-03,2024-05-25,4,validation,41.0,41.0,36.5
Kalutara,2024-05-10,2024-06-01,4,validation,41.0,31.0,34.25
Kalutara,2024-05-17,2024-06-08,4,validation,50.0,50.0,33.25
Kalutara,2024-05-24,2024-06-15,4,validation,46.0,32.0,36.5
Kalutara,2024-05-31,2024-06-22,4,validation,63.0,41.0,38.5
Kalutara,2024-06-07,2024-06-29,4,validation,60.0,41.0,38.5
Kalutara,2024-06-14,2024-07-06,4,validation,68.0,50.0,41.0
Kalutara,2024-06-21,2024-07-13,4,validation,55.0,46.0,41.0
Kalutara,2024-06-28,2024-07-20,4,validation,65.0,63.0,44.5
Kalutara,2024-07-05,2024-07-27,4,validation,27.0,60.0,50.0
Kalutara,2024-07-12,2024-08-03,4,validation,50.0,68.0,54.75
Kalutara,2024-07-19,2024-08-10,4,validation,48.0,55.0,59.25
Kalutara,2024-07-26,2024-08-17,4,validation,43.0,65.0,61.5
Kalutara,2024-08-02,2024-08-24,4,validation,57.0,27.0,62.0
Kalutara,2024-08-09,2024-08-31,4,validation,39.0,50.0,53.75
Kalutara,2024-08-16,2024-09-07,4,validation,23.0,48.0,49.25
Kalutara,2024-08-23,2024-09-14,4,validation,34.0,43.0,47.5
Kalutara,2024-08-30,2024-09-21,4,validation,48.0,57.0,42.0
Kalutara,2024-09-06,2024-09-28,4,validation,44.0,39.0,49.5
Kalutara,2024-09-13,2024-10-05,4,validation,44.0,23.0,46.75
Kalutara,2024-09-20,2024-10-12,4,validation,36.0,34.0,40.5
Kalutara,2024-09-27,2024-10-19,4,validation,31.0,48.0,38.25
Kalutara,2024-10-04,2024-10-26,4,validation,40.0,44.0,36.0
Kalutara,2024-10-11,2024-11-02,4,validation,36.0,44.0,37.25
Kalutara,2024-10-18,2024-11-09,4,validation,23.0,36.0,42.5
Kalutara,2024-10-25,2024-11-16,4,validation,30.0,31.0,43.0
Kalutara,2024-11-01,2024-11-23,4,validation,34.0,40.0,38.75
Kalutara,2024-11-08,2024-11-30,4,validation,28.0,36.0,37.75
Kalutara,2024-11-15,2024-12-07,4,validation,32.0,23.0,35.75
Kalutara,2024-11-22,2024-12-14,4,validation,49.0,30.0,32.5
Kalutara,2024-11-29,2024-12-21,4,validation,34.0,34.0,32.25
Kalutara,2024-12-06,2024-12-28,4,validation,65.0,28.0,30.75
Kandy,2023-12-15,2024-01-06,4,validation,199.0,353.0,169.25
Kandy,2023-12-22,2024-01-13,4,validation,165.0,418.0,257.5
Kandy,2023-12-29,2024-01-20,4,validation,186.0,330.0,353.75
Kandy,2024-01-05,2024-01-27,4,validation,126.0,237.0,392.5
Kandy,2024-01-12,2024-02-03,4,validation,126.0,199.0,334.5
Kandy,2024-01-19,2024-02-10,4,validation,86.0,165.0,296.0
Kandy,2024-01-26,2024-02-17,4,validation,83.0,186.0,232.75
Kandy,2024-02-02,2024-02-24,4,validation,58.0,126.0,196.75
Kandy,2024-02-09,2024-03-02,4,validation,68.0,126.0,169.0
Kandy,2024-02-16,2024-03-09,4,validation,59.0,86.0,150.75
Kandy,2024-02-23,2024-03-16,4,validation,42.0,83.0,131.0
Kandy,2024-03-01,2024-03-23,4,validation,51.0,58.0,105.25
Kandy,2024-03-08,2024-03-30,4,validation,47.0,68.0,88.25
Kandy,2024-03-15,2024-04-06,4,validation,44.0,59.0,73.75
Kandy,2024-03-22,2024-04-13,4,validation,73.0,42.0,67.0
Kandy,2024-03-29,2024-04-20,4,validation,64.0,51.0,56.75
Kandy,2024-04-05,2024-04-27,4,validation,66.0,47.0,55.0
Kandy,2024-04-12,2024-05-04,4,validation,71.0,44.0,49.75
Kandy,2024-04-19,2024-05-11,4,validation,98.0,73.0,46.0
Kandy,2024-04-26,2024-05-18,4,validation,62.0,64.0,53.75
Kandy,2024-05-03,2024-05-25,4,validation,66.0,66.0,57.0
Kandy,2024-05-10,2024-06-01,4,validation,69.0,71.0,61.75
Kandy,2024-05-17,2024-06-08,4,validation,70.0,98.0,68.5
Kandy,2024-05-24,2024-06-15,4,validation,85.0,62.0,74.75
Kandy,2024-05-31,2024-06-22,4,validation,91.0,66.0,74.25
Kandy,2024-06-07,2024-06-29,4,validation,110.0,69.0,74.25
Kandy,2024-06-14,2024-07-06,4,validation,141.0,70.0,73.75
Kandy,2024-06-21,2024-07-13,4,validation,105.0,85.0,66.75
Kandy,2024-06-28,2024-07-20,4,validation,120.0,91.0,72.5
Kandy,2024-07-05,2024-07-27,4,validation,107.0,110.0,78.75
Kandy,2024-07-12,2024-08-03,4,validation,120.0,141.0,89.0
Kandy,2024-07-19,2024-08-10,4,validation,114.0,105.0,106.75
Kandy,2024-07-26,2024-08-17,4,validation,72.0,120.0,111.75
Kandy,2024-08-02,2024-08-24,4,validation,94.0,107.0,119.0
Kandy,2024-08-09,2024-08-31,4,validation,73.0,120.0,118.25
Kandy,2024-08-16,2024-09-07,4,validation,76.0,114.0,113.0
Kandy,2024-08-23,2024-09-14,4,validation,64.0,72.0,115.25
Kandy,2024-08-30,2024-09-21,4,validation,75.0,94.0,103.25
Kandy,2024-09-06,2024-09-28,4,validation,58.0,73.0,100.0
Kandy,2024-09-13,2024-10-05,4,validation,59.0,76.0,88.25
Kandy,2024-09-20,2024-10-12,4,validation,68.0,64.0,78.75
Kandy,2024-09-27,2024-10-19,4,validation,74.0,75.0,76.75
Kandy,2024-10-04,2024-10-26,4,validation,66.0,58.0,72.0
Kandy,2024-10-11,2024-11-02,4,validation,70.0,59.0,68.25
Kandy,2024-10-18,2024-11-09,4,validation,68.0,68.0,64.0
Kandy,2024-10-25,2024-11-16,4,validation,84.0,74.0,65.0
Kandy,2024-11-01,2024-11-23,4,validation,63.0,66.0,64.75
Kandy,2024-11-08,2024-11-30,4,validation,71.0,70.0,66.75
Kandy,2024-11-15,2024-12-07,4,validation,73.0,68.0,69.5
Kandy,2024-11-22,2024-12-14,4,validation,57.0,84.0,69.5
Kandy,2024-11-29,2024-12-21,4,validation,76.0,63.0,72.0
Kandy,2024-12-06,2024-12-28,4,validation,66.0,71.0,71.25
Kegalle,2023-12-15,2024-01-06,4,validation,104.0,63.0,56.5
Kegalle,2023-12-22,2024-01-13,4,validation,77.0,90.0,68.75
Kegalle,2023-12-29,2024-01-20,4,validation,91.0,119.0,90.0
Kegalle,2024-01-05,2024-01-27,4,validation,73.0,112.0,95.75
Kegalle,2024-01-12,2024-02-03,4,validation,89.0,104.0,96.0
Kegalle,2024-01-19,2024-02-10,4,validation,48.0,77.0,106.25
Kegalle,2024-01-26,2024-02-17,4,validation,71.0,91.0,103.0
Kegalle,2024-02-02,2024-02-24,4,validation,43.0,73.0,96.0
Kegalle,2024-02-09,2024-03-02,4,validation,34.0,89.0,86.25
Kegalle,2024-02-16,2024-03-09,4,validation,44.0,48.0,82.5
Kegalle,2024-02-23,2024-03-16,4,validation,35.0,71.0,75.25
Kegalle,2024-03-01,2024-03-23,4,validation,30.0,43.0,70.25
Kegalle,2024-03-08,2024-03-30,4,validation,25.0,34.0,62.75
Kegalle,2024-03-15,2024-04-06,4,validation,25.0,44.0,49.0
Kegalle,2024-03-22,2024-04-13,4,validation,23.0,35.0,48.0
Kegalle,2024-03-29,2024-04-20,4,validation,42.0,30.0,39.0
Kegalle,2024-04-05,2024-04-27,4,validation,36.0,25.0,35.75
Kegalle,2024-04-12,2024-05-04,4,validation,56.0,25.0,33.5
Kegalle,2024-04-19,2024-05-11,4,validation,48.0,23.0,28.75
Kegalle,2024-04-26,2024-05-18,4,validation,28.0,42.0,25.75
Kegalle,2024-05-03,2024-05-25,4,validation,49.0,36.0,28.75
Kegalle,2024-05-10,2024-06-01,4,validation,31.0,56.0,31.5
Kegalle,2024-05-17,2024-06-08,4,validation,36.0,48.0,39.25
Kegalle,2024-05-24,2024-06-15,4,validation,24.0,28.0,45.5
Kegalle,2024-05-31,2024-06-22,4,validation,40.0,49.0,42.0
Kegalle,2024-06-07,2024-06-29,4,validation,38.0,31.0,45.25
Kegalle,2024-06-14,2024-07-06,4,validation,35.0,36.0,39.0
Kegalle,2024-06-21,2024-07-13,4,validation,35.0,24.0,36.0
Kegalle,2024-06-28,2024-07-20,4,validation,19.0,40.0,35.0
Kegalle,2024-07-05,2024-07-27,4,validation,39.0,38.0,32.75
Kegalle,2024-07-12,2024-08-03,4,validation,20.0,35.0,34.5
Kegalle,2024-07-19,2024-08-10,4,validation,37.0,35.0,34.25
Kegalle,2024-07-26,2024-08-17,4,validation,77.0,19.0,37.0
Kegalle,2024-08-02,2024-08-24,4,validation,23.0,39.0,31.75
Kegalle,2024-08-09,2024-08-31,4,validation,38.0,20.0,32.0
Kegalle,2024-08-16,2024-09-07,4,validation,37.0,37.0,28.25
Kegalle,2024-08-23,2024-09-14,4,validation,26.0,77.0,28.75
Kegalle,2024-08-30,2024-09-21,4,validation,25.0,23.0,43.25
Kegalle,2024-09-06,2024-09-28,4,validation,15.0,38.0,39.25
Kegalle,2024-09-13,2024-10-05,4,validation,13.0,37.0,43.75
Kegalle,2024-09-20,2024-10-12,4,validation,20.0,26.0,43.75
Kegalle,2024-09-27,2024-10-19,4,validation,24.0,25.0,31.0
Kegalle,2024-10-04,2024-10-26,4,validation,8.0,15.0,31.5
Kegalle,2024-10-11,2024-11-02,4,validation,21.0,13.0,25.75
Kegalle,2024-10-18,2024-11-09,4,validation,16.0,20.0,19.75
Kegalle,2024-10-25,2024-11-16,4,validation,26.0,24.0,18.25
Kegalle,2024-11-01,2024-11-23,4,validation,23.0,8.0,18.0
Kegalle,2024-11-08,2024-11-30,4,validation,21.0,21.0,16.25
Kegalle,2024-11-15,2024-12-07,4,validation,14.0,16.0,18.25
Kegalle,2024-11-22,2024-12-14,4,validation,17.0,26.0,17.25
Kegalle,2024-11-29,2024-12-21,4,validation,44.0,23.0,17.75
Kegalle,2024-12-06,2024-12-28,4,validation,64.0,21.0,21.5
Kilinochchi,2023-12-15,2024-01-06,4,validation,52.0,11.0,5.75
Kilinochchi,2023-12-22,2024-01-13,4,validation,20.0,20.0,8.0
Kilinochchi,2023-12-29,2024-01-20,4,validation,41.0,17.0,11.25
Kilinochchi,2024-01-05,2024-01-27,4,validation,22.0,29.0,14.25
Kilinochchi,2024-01-12,2024-02-03,4,validation,26.0,52.0,19.25
Kilinochchi,2024-01-19,2024-02-10,4,validation,22.0,20.0,29.5
Kilinochchi,2024-01-26,2024-02-17,4,validation,12.0,41.0,29.5
Kilinochchi,2024-02-02,2024-02-24,4,validation,9.0,22.0,35.5
Kilinochchi,2024-02-09,2024-03-02,4,validation,8.0,26.0,33.75
Kilinochchi,2024-02-16,2024-03-09,4,validation,8.0,22.0,27.25
Kilinochchi,2024-02-23,2024-03-16,4,validation,7.0,12.0,27.75
Kilinochchi,2024-03-01,2024-03-23,4,validation,2.0,9.0,20.5
Kilinochchi,2024-03-08,2024-03-30,4,validation,3.0,8.0,17.25
Kilinochchi,2024-03-15,2024-04-06,4,validation,3.0,8.0,12.75
Kilinochchi,2024-03-22,2024-04-13,4,validation,4.0,7.0,9.25
Kilinochchi,2024-03-29,2024-04-20,4,validation,0.0,2.0,8.0
Kilinochchi,2024-04-05,2024-04-27,4,validation,0.0,3.0,6.25
Kilinochchi,2024-04-12,2024-05-04,4,validation,0.0,3.0,5.0
Kilinochchi,2024-04-19,2024-05-11,4,validation,1.0,4.0,3.75
Kilinochchi,2024-04-26,2024-05-18,4,validation,0.0,0.0,3.0
Kilinochchi,2024-05-03,2024-05-25,4,validation,0.0,0.0,2.5
Kilinochchi,2024-05-10,2024-06-01,4,validation,0.0,0.0,1.75
Kilinochchi,2024-05-17,2024-06-08,4,validation,0.0,1.0,1.0
Kilinochchi,2024-05-24,2024-06-15,4,validation,0.0,0.0,0.25
Kilinochchi,2024-05-31,2024-06-22,4,validation,0.0,0.0,0.25
Kilinochchi,2024-06-07,2024-06-29,4,validation,0.0,0.0,0.25
Kilinochchi,2024-06-14,2024-07-06,4,validation,0.0,0.0,0.25
Kilinochchi,2024-06-21,2024-07-13,4,validation,2.0,0.0,0.0
Kilinochchi,2024-06-28,2024-07-20,4,validation,1.0,0.0,0.0
Kilinochchi,2024-07-05,2024-07-27,4,validation,1.0,0.0,0.0
Kilinochchi,2024-07-12,2024-08-03,4,validation,6.0,0.0,0.0
Kilinochchi,2024-07-19,2024-08-10,4,validation,3.0,2.0,0.0
Kilinochchi,2024-07-26,2024-08-17,4,validation,3.0,1.0,0.5
Kilinochchi,2024-08-02,2024-08-24,4,validation,1.0,1.0,0.75
Kilinochchi,2024-08-09,2024-08-31,4,validation,0.0,6.0,1.0
Kilinochchi,2024-08-16,2024-09-07,4,validation,0.0,3.0,2.5
Kilinochchi,2024-08-23,2024-09-14,4,validation,0.0,3.0,2.75
Kilinochchi,2024-08-30,2024-09-21,4,validation,2.0,1.0,3.25
Kilinochchi,2024-09-06,2024-09-28,4,validation,2.0,0.0,3.25
Kilinochchi,2024-09-13,2024-10-05,4,validation,0.0,0.0,1.75
Kilinochchi,2024-09-20,2024-10-12,4,validation,1.0,0.0,1.0
Kilinochchi,2024-09-27,2024-10-19,4,validation,1.0,2.0,0.25
Kilinochchi,2024-10-04,2024-10-26,4,validation,3.0,2.0,0.5
Kilinochchi,2024-10-11,2024-11-02,4,validation,5.0,0.0,1.0
Kilinochchi,2024-10-18,2024-11-09,4,validation,3.0,1.0,1.0
Kilinochchi,2024-10-25,2024-11-16,4,validation,0.0,1.0,1.25
Kilinochchi,2024-11-01,2024-11-23,4,validation,1.0,3.0,1.0
Kilinochchi,2024-11-08,2024-11-30,4,validation,1.0,5.0,1.25
Kilinochchi,2024-11-15,2024-12-07,4,validation,8.0,3.0,2.5
Kilinochchi,2024-11-22,2024-12-14,4,validation,6.0,0.0,3.0
Kilinochchi,2024-11-29,2024-12-21,4,validation,5.0,1.0,2.75
Kilinochchi,2024-12-06,2024-12-28,4,validation,5.0,1.0,2.25
Kurunegala,2023-12-15,2024-01-06,4,validation,127.0,155.0,97.0
Kurunegala,2023-12-22,2024-01-13,4,validation,62.0,172.0,123.75
Kurunegala,2023-12-29,2024-01-20,4,validation,135.0,164.0,154.25
Kurunegala,2024-01-05,2024-01-27,4,validation,103.0,155.0,162.5
Kurunegala,2024-01-12,2024-02-03,4,validation,108.0,127.0,161.5
Kurunegala,2024-01-19,2024-02-10,4,validation,26.0,62.0,154.5
Kurunegala,2024-01-26,2024-02-17,4,validation,61.0,135.0,127.0
Kurunegala,2024-02-02,2024-02-24,4,validation,58.0,103.0,119.75
Kurunegala,2024-02-09,2024-03-02,4,validation,67.0,108.0,106.75
Kurunegala,2024-02-16,2024-03-09,4,validation,50.0,26.0,102.0
Kurunegala,2024-02-23,2024-03-16,4,validation,29.0,61.0,93.0
Kurunegala,2024-03-01,2024-03-23,4,validation,19.0,58.0,74.5
Kurunegala,2024-03-08,2024-03-30,4,validation,26.0,67.0,63.25
Kurunegala,2024-03-15,2024-04-06,4,validation,6.0,50.0,53.0
Kurunegala,2024-03-22,2024-04-13,4,validation,21.0,29.0,59.0
Kurunegala,2024-03-29,2024-04-20,4,validation,20.0,19.0,51.0
Kurunegala,2024-04-05,2024-04-27,4,validation,19.0,26.0,41.25
Kurunegala,2024-04-12,2024-05-04,4,validation,34.0,6.0,31.0
Kurunegala,2024-04-19,2024-05-11,4,validation,44.0,21.0,20.0
Kurunegala,2024-04-26,2024-05-18,4,validation,39.0,20.0,18.0
Kurunegala,2024-05-03,2024-05-25,4,validation,39.0,19.0,18.25
Kurunegala,2024-05-10,2024-06-01,4,validation,37.0,34.0,16.5
Kurunegala,2024-05-17,2024-06-08,4,validation,36.0,44.0,23.5
Kurunegala,2024-05-24,2024-06-15,4,validation,21.0,39.0,29.25
Kurunegala,2024-05-31,2024-06-22,4,validation,47.0,39.0,34.0
Kurunegala,2024-06-07,2024-06-29,4,validation,39.0,37.0,39.0
Kurunegala,2024-06-14,2024-07-06,4,validation,32.0,36.0,39.75
Kurunegala,2024-06-21,2024-07-13,4,validation,38.0,21.0,37.75
Kurunegala,2024-06-28,2024-07-20,4,validation,27.0,47.0,33.25
Kurunegala,2024-07-05,2024-07-27,4,validation,61.0,39.0,35.25
Kurunegala,2024-07-12,2024-08-03,4,validation,39.0,32.0,35.75
Kurunegala,2024-07-19,2024-08-10,4,validation,31.0,38.0,34.75
Kurunegala,2024-07-26,2024-08-17,4,validation,20.0,27.0,39.0
Kurunegala,2024-08-02,2024-08-24,4,validation,20.0,61.0,34.0
Kurunegala,2024-08-09,2024-08-31,4,validation,21.0,39.0,39.5
Kurunegala,2024-08-16,2024-09-07,4,validation,26.0,31.0,41.25
Kurunegala,2024-08-23,2024-09-14,4,validation,22.0,20.0,39.5
Kurunegala,2024-08-30,2024-09-21,4,validation,28.0,20.0,37.75
Kurunegala,2024-09-06,2024-09-28,4,validation,17.0,21.0,27.5
Kurunegala,2024-09-13,2024-10-05,4,validation,16.0,26.0,23.0
Kurunegala,2024-09-20,2024-10-12,4,validation,16.0,22.0,21.75
Kurunegala,2024-09-27,2024-10-19,4,validation,21.0,28.0,22.25
Kurunegala,2024-10-04,2024-10-26,4,validation,30.0,17.0,24.25
Kurunegala,2024-10-11,2024-11-02,4,validation,20.0,16.0,23.25
Kurunegala,2024-10-18,2024-11-09,4,validation,14.0,16.0,20.75
Kurunegala,2024-10-25,2024-11-16,4,validation,25.0,21.0,19.25
Kurunegala,2024-11-01,2024-11-23,4,validation,20.0,30.0,17.5
Kurunegala,2024-11-08,2024-11-30,4,validation,17.0,20.0,20.75
Kurunegala,2024-11-15,2024-12-07,4,validation,14.0,14.0,21.75
Kurunegala,2024-11-22,2024-12-14,4,validation,25.0,25.0,21.25
Kurunegala,2024-11-29,2024-12-21,4,validation,26.0,20.0,22.25
Kurunegala,2024-12-06,2024-12-28,4,validation,26.0,17.0,19.75
Mannar,2023-12-15,2024-01-06,4,validation,35.0,14.0,5.0
Mannar,2023-12-22,2024-01-13,4,validation,13.0,17.0,7.75
Mannar,2023-12-29,2024-01-20,4,validation,10.0,25.0,11.75
Mannar,2024-01-05,2024-01-27,4,validation,19.0,53.0,16.25
Mannar,2024-01-12,2024-02-03,4,validation,21.0,35.0,27.25
Mannar,2024-01-19,2024-02-10,4,validation,2.0,13.0,32.5
Mannar,2024-01-26,2024-02-17,4,validation,4.0,10.0,31.5
Mannar,2024-02-02,2024-02-24,4,validation,4.0,19.0,27.75
Mannar,2024-02-09,2024-03-02,4,validation,4.0,21.0,19.25
Mannar,2024-02-16,2024-03-09,4,validation,1.0,2.0,15.75
Mannar,2024-02-23,2024-03-16,4,validation,1.0,4.0,13.0
Mannar,2024-03-01,2024-03-23,4,validation,2.0,4.0,11.5
Mannar,2024-03-08,2024-03-30,4,validation,1.0,4.0,7.75
Mannar,2024-03-15,2024-04-06,4,validation,2.0,1.0,3.5
Mannar,2024-03-22,2024-04-13,4,validation,1.0,1.0,3.25
Mannar,2024-03-29,2024-04-20,4,validation,9.0,2.0,2.5
Mannar,2024-04-05,2024-04-27,4,validation,1.0,1.0,2.0
Mannar,2024-04-12,2024-05-04,4,validation,1.0,2.0,1.25
Mannar,2024-04-19,2024-05-11,4,validation,0.0,1.0,1.5
Mannar,2024-04-26,2024-05-18,4,validation,0.0,9.0,1.5
Mannar,2024-05-03,2024-05-25,4,validation,2.0,1.0,3.25
Mannar,2024-05-10,2024-06-01,4,validation,2.0,1.0,3.25
Mannar,2024-05-17,2024-06-08,4,validation,1.0,0.0,3.0
Mannar,2024-05-24,2024-06-15,4,validation,1.0,0.0,2.75
Mannar,2024-05-31,2024-06-22,4,validation,3.0,2.0,0.5
Mannar,2024-06-07,2024-06-29,4,validation,2.0,2.0,0.75
Mannar,2024-06-14,2024-07-06,4,validation,2.0,1.0,1.0
Mannar,2024-06-21,2024-07-13,4,validation,5.0,1.0,1.25
Mannar,2024-06-28,2024-07-20,4,validation,5.0,3.0,1.5
Mannar,2024-07-05,2024-07-27,4,validation,8.0,2.0,1.75
Mannar,2024-07-12,2024-08-03,4,validation,3.0,2.0,1.75
Mannar,2024-07-19,2024-08-10,4,validation,10.0,5.0,2.0
Mannar,2024-07-26,2024-08-17,4,validation,10.0,5.0,3.0
Mannar,2024-08-02,2024-08-24,4,validation,8.0,8.0,3.5
Mannar,2024-08-09,2024-08-31,4,validation,3.0,3.0,5.0
Mannar,2024-08-16,2024-09-07,4,validation,11.0,10.0,5.25
Mannar,2024-08-23,2024-09-14,4,validation,14.0,10.0,6.5
Mannar,2024-08-30,2024-09-21,4,validation,4.0,8.0,7.75
Mannar,2024-09-06,2024-09-28,4,validation,2.0,3.0,7.75
Mannar,2024-09-13,2024-10-05,4,validation,2.0,11.0,7.75
Mannar,2024-09-20,2024-10-12,4,validation,5.0,14.0,8.0
Mannar,2024-09-27,2024-10-19,4,validation,7.0,4.0,9.0
Mannar,2024-10-04,2024-10-26,4,validation,5.0,2.0,8.0
Mannar,2024-10-11,2024-11-02,4,validation,3.0,2.0,7.75
Mannar,2024-10-18,2024-11-09,4,validation,5.0,5.0,5.5
Mannar,2024-10-25,2024-11-16,4,validation,6.0,7.0,3.25
Mannar,2024-11-01,2024-11-23,4,validation,6.0,5.0,4.0
Mannar,2024-11-08,2024-11-30,4,validation,2.0,3.0,4.75
Mannar,2024-11-15,2024-12-07,4,validation,2.0,5.0,5.0
Mannar,2024-11-22,2024-12-14,4,validation,8.0,6.0,5.0
Mannar,2024-11-29,2024-12-21,4,validation,12.0,6.0,4.75
Mannar,2024-12-06,2024-12-28,4,validation,11.0,2.0,5.0
Matale,2023-12-15,2024-01-06,4,validation,39.0,74.0,54.75
Matale,2023-12-22,2024-01-13,4,validation,47.0,101.0,66.75
Matale,2023-12-29,2024-01-20,4,validation,28.0,71.0,82.5
Matale,2024-01-05,2024-01-27,4,validation,22.0,40.0,76.75
Matale,2024-01-12,2024-02-03,4,validation,27.0,39.0,71.5
Matale,2024-01-19,2024-02-10,4,validation,30.0,47.0,62.75
Matale,2024-01-26,2024-02-17,4,validation,18.0,28.0,49.25
Matale,2024-02-02,2024-02-24,4,validation,16.0,22.0,38.5
Matale,2024-02-09,2024-03-02,4,validation,11.0,27.0,34.0
Matale,2024-02-16,2024-03-09,4,validation,8.0,30.0,31.0
Matale,2024-02-23,2024-03-16,4,validation,6.0,18.0,26.75
Matale,2024-03-01,2024-03-23,4,validation,12.0,16.0,24.25
Matale,2024-03-08,2024-03-30,4,validation,3.0,11.0,22.75
Matale,2024-03-15,2024-04-06,4,validation,6.0,8.0,18.75
Matale,2024-03-22,2024-04-13,4,validation,16.0,6.0,13.25
Matale,2024-03-29,2024-04-20,4,validation,7.0,12.0,10.25
Matale,2024-04-05,2024-04-27,4,validation,6.0,3.0,9.25
Matale,2024-04-12,2024-05-04,4,validation,13.0,6.0,7.25
Matale,2024-04-19,2024-05-11,4,validation,9.0,16.0,6.75
Matale,2024-04-26,2024-05-18,4,validation,5.0,7.0,9.25
Matale,2024-05-03,2024-05-25,4,validation,7.0,6.0,8.0
Matale,2024-05-10,2024-06-01,4,validation,8.0,13.0,8.75
Matale,2024-05-17,2024-06-08,4,validation,3.0,9.0,10.5
Matale,2024-05-24,2024-06-15,4,validation,15.0,5.0,8.75
Matale,2024-05-31,2024-06-22,4,validation,13.0,7.0,8.25
Matale,2024-06-07,2024-06-29,4,validation,14.0,8.0,8.5
Matale,2024-06-14,2024-07-06,4,validation,24.0,3.0,7.25
Matale,2024-06-21,2024-07-13,4,validation,18.0,15.0,5.75
Matale,2024-06-28,2024-07-20,4,validation,19.0,13.0,8.25
Matale,2024-07-05,2024-07-27,4,validation,16.0,14.0,9.75
Matale,2024-07-12,2024-08-03,4,validation,14.0,24.0,11.25
Matale,2024-07-19,2024-08-10,4,validation,18.0,18.0,16.5
Matale,2024-07-26,2024-08-17,4,validation,21.0,19.0,17.25
Matale,2024-08-02,2024-08-24,4,validation,8.0,16.0,18.75
Matale,2024-08-09,2024-08-31,4,validation,17.0,14.0,19.25
Matale,2024-08-16,2024-09-07,4,validation,22.0,18.0,16.75
Matale,2024-08-23,2024-09-14,4,validation,16.0,21.0,16.75
Matale,2024-08-30,2024-09-21,4,validation,12.0,8.0,17.25
Matale,2024-09-06,2024-09-28,4,validation,26.0,17.0,15.25
Matale,2024-09-13,2024-10-05,4,validation,32.0,22.0,16.0
Matale,2024-09-20,2024-10-12,4,validation,7.0,16.0,17.0
Matale,2024-09-27,2024-10-19,4,validation,43.0,12.0,15.75
Matale,2024-10-04,2024-10-26,4,validation,35.0,26.0,16.75
Matale,2024-10-11,2024-11-02,4,validation,25.0,32.0,19.0
Matale,2024-10-18,2024-11-09,4,validation,41.0,7.0,21.5
Matale,2024-10-25,2024-11-16,4,validation,41.0,43.0,19.25
Matale,2024-11-01,2024-11-23,4,validation,31.0,35.0,27.0
Matale,2024-11-08,2024-11-30,4,validation,37.0,25.0,29.25
Matale,2024-11-15,2024-12-07,4,validation,38.0,41.0,27.5
Matale,2024-11-22,2024-12-14,4,validation,52.0,41.0,36.0
Matale,2024-11-29,2024-12-21,4,validation,34.0,31.0,35.5
Matale,2024-12-06,2024-12-28,4,validation,52.0,37.0,34.5
Matara,2023-12-15,2024-01-06,4,validation,35.0,38.0,19.75
Matara,2023-12-22,2024-01-13,4,validation,27.0,36.0,26.75
Matara,2023-12-29,2024-01-20,4,validation,32.0,20.0,34.75
Matara,2024-01-05,2024-01-27,4,validation,29.0,46.0,32.75
Matara,2024-01-12,2024-02-03,4,validation,26.0,35.0,35.0
Matara,2024-01-19,2024-02-10,4,validation,23.0,27.0,34.25
Matara,2024-01-26,2024-02-17,4,validation,29.0,32.0,32.0
Matara,2024-02-02,2024-02-24,4,validation,15.0,29.0,35.0
Matara,2024-02-09,2024-03-02,4,validation,28.0,26.0,30.75
Matara,2024-02-16,2024-03-09,4,validation,23.0,23.0,28.5
Matara,2024-02-23,2024-03-16,4,validation,14.0,29.0,27.5
Matara,2024-03-01,2024-03-23,4,validation,14.0,15.0,26.75
Matara,2024-03-08,2024-03-30,4,validation,17.0,28.0,23.25
Matara,2024-03-15,2024-04-06,4,validation,11.0,23.0,23.75
Matara,2024-03-22,2024-04-13,4,validation,3.0,14.0,23.75
Matara,2024-03-29,2024-04-20,4,validation,10.0,14.0,20.0
Matara,2024-04-05,2024-04-27,4,validation,14.0,17.0,19.75
Matara,2024-04-12,2024-05-04,4,validation,16.0,11.0,17.0
Matara,2024-04-19,2024-05-11,4,validation,13.0,3.0,14.0
Matara,2024-04-26,2024-05-18,4,validation,7.0,10.0,11.25
Matara,2024-05-03,2024-05-25,4,validation,17.0,14.0,10.25
Matara,2024-05-10,2024-06-01,4,validation,16.0,16.0,9.5
Matara,2024-05-17,2024-06-08,4,validation,11.0,13.0,10.75
Matara,2024-05-24,2024-06-15,4,validation,5.0,7.0,13.25
Matara,2024-05-31,2024-06-22,4,validation,13.0,17.0,12.5
Matara,2024-06-07,2024-06-29,4,validation,22.0,16.0,13.25
Matara,2024-06-14,2024-07-06,4,validation,19.0,11.0,13.25
Matara,2024-06-21,2024-07-13,4,validation,27.0,5.0,12.75
Matara,2024-06-28,2024-07-20,4,validation,44.0,13.0,12.25
Matara,2024-07-05,2024-07-27,4,validation,31.0,22.0,11.25
Matara,2024-07-12,2024-08-03,4,validation,29.0,19.0,12.75
Matara,2024-07-19,2024-08-10,4,validation,38.0,27.0,14.75
Matara,2024-07-26,2024-08-17,4,validation,22.0,44.0,20.25
Matara,2024-08-02,2024-08-24,4,validation,13.0,31.0,28.0
Matara,2024-08-09,2024-08-31,4,validation,31.0,29.0,30.25
Matara,2024-08-16,2024-09-07,4,validation,22.0,38.0,32.75
Matara,2024-08-23,2024-09-14,4,validation,28.0,22.0,35.5
Matara,2024-08-30,2024-09-21,4,validation,22.0,13.0,30.0
Matara,2024-09-06,2024-09-28,4,validation,75.0,31.0,25.5
Matara,2024-09-13,2024-10-05,4,validation,46.0,22.0,26.0
Matara,2024-09-20,2024-10-12,4,validation,36.0,28.0,22.0
Matara,2024-09-27,2024-10-19,4,validation,29.0,22.0,23.5
Matara,2024-10-04,2024-10-26,4,validation,18.0,75.0,25.75
Matara,2024-10-11,2024-11-02,4,validation,19.0,46.0,36.75
Matara,2024-10-18,2024-11-09,4,validation,14.0,36.0,42.75
Matara,2024-10-25,2024-11-16,4,validation,20.0,29.0,44.75
Matara,2024-11-01,2024-11-23,4,validation,20.0,18.0,46.5
Matara,2024-11-08,2024-11-30,4,validation,15.0,19.0,32.25
Matara,2024-11-15,2024-12-07,4,validation,11.0,14.0,25.5
Matara,2024-11-22,2024-12-14,4,validation,12.0,20.0,20.0
Matara,2024-11-29,2024-12-21,4,validation,26.0,20.0,17.75
Matara,2024-12-06,2024-12-28,4,validation,28.0,15.0,18.25
Monaragala,2023-12-15,2024-01-06,4,validation,29.0,30.0,17.75
Monaragala,2023-12-22,2024-01-13,4,validation,87.0,172.0,24.75
Monaragala,2023-12-29,2024-01-20,4,validation,48.0,29.0,67.5
Monaragala,2024-01-05,2024-01-27,4,validation,36.0,42.0,69.25
Monaragala,2024-01-12,2024-02-03,4,validation,21.0,29.0,68.25
Monaragala,2024-01-19,2024-02-10,4,validation,15.0,87.0,68.0
Monaragala,2024-01-26,2024-02-17,4,validation,27.0,48.0,46.75
Monaragala,2024-02-02,2024-02-24,4,validation,25.0,36.0,51.5
Monaragala,2024-02-09,2024-03-02,4,validation,17.0,21.0,50.0
Monaragala,2024-02-16,2024-03-09,4,validation,19.0,15.0,48.0
Monaragala,2024-02-23,2024-03-16,4,validation,12.0,27.0,30.0
Monaragala,2024-03-01,2024-03-23,4,validation,10.0,25.0,24.75
Monaragala,2024-03-08,2024-03-30,4,validation,8.0,17.0,22.0
Monaragala,2024-03-15,2024-04-06,4,validation,12.0,19.0,21.0
Monaragala,2024-03-22,2024-04-13,4,validation,10.0,12.0,22.0
Monaragala,2024-03-29,2024-04-20,4,validation,15.0,10.0,18.25
Monaragala,2024-04-05,2024-04-27,4,validation,7.0,8.0,14.5
Monaragala,2024-04-12,2024-05-04,4,validation,12.0,12.0,12.25
Monaragala,2024-04-19,2024-05-11,4,validation,14.0,10.0,10.5
Monaragala,2024-04-26,2024-05-18,4,validation,5.0,15.0,10.0
Monaragala,2024-05-03,2024-05-25,4,validation,15.0,7.0,11.25
Monaragala,2024-05-10,2024-06-01,4,validation,20.0,12.0,11.0
Monaragala,2024-05-17,2024-06-08,4,validation,14.0,14.0,11.0
Monaragala,2024-05-24,2024-06-15,4,validation,16.0,5.0,12.0
Monaragala,2024-05-31,2024-06-22,4,validation,13.0,15.0,9.5
Monaragala,2024-06-07,2024-06-29,4,validation,11.0,20.0,11.5
Monaragala,2024-06-14,2024-07-06,4,validation,15.0,14.0,13.5
Monaragala,2024-06-21,2024-07-13,4,validation,12.0,16.0,13.5
Monaragala,2024-06-28,2024-07-20,4,validation,15.0,13.0,16.25
Monaragala,2024-07-05,2024-07-27,4,validation,12.0,11.0,15.75
Monaragala,2024-07-12,2024-08-03,4,validation,12.0,15.0,13.5
Monaragala,2024-07-19,2024-08-10,4,validation,13.0,12.0,13.75
Monaragala,2024-07-26,2024-08-17,4,validation,15.0,15.0,12.75
Monaragala,2024-08-02,2024-08-24,4,validation,18.0,12.0,13.25
Monaragala,2024-08-09,2024-08-31,4,validation,17.0,12.0,13.5
Monaragala,2024-08-16,2024-09-07,4,validation,4.0,13.0,12.75
Monaragala,2024-08-23,2024-09-14,4,validation,19.0,15.0,13.0
Monaragala,2024-08-30,2024-09-21,4,validation,21.0,18.0,13.0
Monaragala,2024-09-06,2024-09-28,4,validation,30.0,17.0,14.5
Monaragala,2024-09-13,2024-10-05,4,validation,34.0,4.0,15.75
Monaragala,2024-09-20,2024-10-12,4,validation,40.0,19.0,13.5
Monaragala,2024-09-27,2024-10-19,4,validation,28.0,21.0,14.5
Monaragala,2024-10-04,2024-10-26,4,validation,26.0,30.0,15.25
Monaragala,2024-10-11,2024-11-02,4,validation,19.0,34.0,18.5
Monaragala,2024-10-18,2024-11-09,4,validation,15.0,40.0,26.0
Monaragala,2024-10-25,2024-11-16,4,validation,45.0,28.0,31.25
Monaragala,2024-11-01,2024-11-23,4,validation,20.0,26.0,33.0
Monaragala,2024-11-08,2024-11-30,4,validation,13.0,19.0,32.0
Monaragala,2024-11-15,2024-12-07,4,validation,22.0,15.0,28.25
Monaragala,2024-11-22,2024-12-14,4,validation,13.0,45.0,22.0
Monaragala,2024-11-29,2024-12-21,4,validation,13.0,20.0,26.25
Monaragala,2024-12-06,2024-12-28,4,validation,25.0,13.0,24.75
Mullaitivu,2023-12-15,2024-01-06,4,validation,26.0,4.0,1.0
Mullaitivu,2023-12-22,2024-01-13,4,validation,31.0,13.0,2.0
Mullaitivu,2023-12-29,2024-01-20,4,validation,23.0,24.0,5.25
Mullaitivu,2024-01-05,2024-01-27,4,validation,11.0,25.0,10.5
Mullaitivu,2024-01-12,2024-02-03,4,validation,22.0,26.0,16.5
Mullaitivu,2024-01-19,2024-02-10,4,validation,8.0,31.0,22.0
Mullaitivu,2024-01-26,2024-02-17,4,validation,9.0,23.0,26.5
Mullaitivu,2024-02-02,2024-02-24,4,validation,2.0,11.0,26.25
Mullaitivu,2024-02-09,2024-03-02,4,validation,5.0,22.0,22.75
Mullaitivu,2024-02-16,2024-03-09,4,validation,7.0,8.0,21.75
Mullaitivu,2024-02-23,2024-03-16,4,validation,1.0,9.0,16.0
Mullaitivu,2024-03-01,2024-03-23,4,validation,1.0,2.0,12.5
Mullaitivu,2024-03-08,2024-03-30,4,validation,3.0,5.0,10.25
Mullaitivu,2024-03-15,2024-04-06,4,validation,2.0,7.0,6.0
Mullaitivu,2024-03-22,2024-04-13,4,validation,2.0,1.0,5.75
Mullaitivu,2024-03-29,2024-04-20,4,validation,1.0,1.0,3.75
Mullaitivu,2024-04-05,2024-04-27,4,validation,2.0,3.0,3.5
Mullaitivu,2024-04-12,2024-05-04,4,validation,2.0,2.0,3.0
Mullaitivu,2024-04-19,2024-05-11,4,validation,0.0,2.0,1.75
Mullaitivu,2024-04-26,2024-05-18,4,validation,0.0,1.0,2.0
Mullaitivu,2024-05-03,2024-05-25,4,validation,1.0,2.0,2.0
Mullaitivu,2024-05-10,2024-06-01,4,validation,0.0,2.0,1.75
Mullaitivu,2024-05-17,2024-06-08,4,validation,0.0,0.0,1.75
Mullaitivu,2024-05-24,2024-06-15,4,validation,1.0,0.0,1.25
Mullaitivu,2024-05-31,2024-06-22,4,validation,1.0,1.0,1.0
Mullaitivu,2024-06-07,2024-06-29,4,validation,1.0,0.0,0.75
Mullaitivu,2024-06-14,2024-07-06,4,validation,3.0,0.0,0.25
Mullaitivu,2024-06-21,2024-07-13,4,validation,0.0,1.0,0.25
Mullaitivu,2024-06-28,2024-07-20,4,validation,1.0,1.0,0.5
Mullaitivu,2024-07-05,2024-07-27,4,validation,1.0,1.0,0.5
Mullaitivu,2024-07-12,2024-08-03,4,validation,1.0,3.0,0.75
Mullaitivu,2024-07-19,2024-08-10,4,validation,1.0,0.0,1.5
Mullaitivu,2024-07-26,2024-08-17,4,validation,0.0,1.0,1.25
Mullaitivu,2024-08-02,2024-08-24,4,validation,2.0,1.0,1.25
Mullaitivu,2024-08-09,2024-08-31,4,validation,2.0,1.0,1.25
Mullaitivu,2024-08-16,2024-09-07,4,validation,2.0,1.0,0.75
Mullaitivu,2024-08-23,2024-09-14,4,validation,4.0,0.0,1.0
Mullaitivu,2024-08-30,2024-09-21,4,validation,1.0,2.0,0.75
Mullaitivu,2024-09-06,2024-09-28,4,validation,1.0,2.0,1.0
Mullaitivu,2024-09-13,2024-10-05,4,validation,1.0,2.0,1.25
Mullaitivu,2024-09-20,2024-10-12,4,validation,0.0,4.0,1.5
Mullaitivu,2024-09-27,2024-10-19,4,validation,1.0,1.0,2.5
Mullaitivu,2024-10-04,2024-10-26,4,validation,1.0,1.0,2.25
Mullaitivu,2024-10-11,2024-11-02,4,validation,3.0,1.0,2.0
Mullaitivu,2024-10-18,2024-11-09,4,validation,1.0,0.0,1.75
Mullaitivu,2024-10-25,2024-11-16,4,validation,3.0,1.0,0.75
Mullaitivu,2024-11-01,2024-11-23,4,validation,3.0,1.0,0.75
Mullaitivu,2024-11-08,2024-11-30,4,validation,0.0,3.0,0.75
Mullaitivu,2024-11-15,2024-12-07,4,validation,5.0,1.0,1.25
Mullaitivu,2024-11-22,2024-12-14,4,validation,2.0,3.0,1.5
Mullaitivu,2024-11-29,2024-12-21,4,validation,4.0,3.0,2.0
Mullaitivu,2024-12-06,2024-12-28,4,validation,3.0,0.0,2.5
Nuwara Eliya,2023-12-15,2024-01-06,4,validation,28.0,25.0,18.0
Nuwara Eliya,2023-12-22,2024-01-13,4,validation,22.0,36.0,21.0
Nuwara Eliya,2023-12-29,2024-01-20,4,validation,18.0,13.0,25.75
Nuwara Eliya,2024-01-05,2024-01-27,4,validation,13.0,19.0,25.0
Nuwara Eliya,2024-01-12,2024-02-03,4,validation,18.0,28.0,23.25
Nuwara Eliya,2024-01-19,2024-02-10,4,validation,9.0,22.0,24.0
Nuwara Eliya,2024-01-26,2024-02-17,4,validation,9.0,18.0,20.5
Nuwara Eliya,2024-02-02,2024-02-24,4,validation,6.0,13.0,21.75
Nuwara Eliya,2024-02-09,2024-03-02,4,validation,10.0,18.0,20.25
Nuwara Eliya,2024-02-16,2024-03-09,4,validation,4.0,9.0,17.75
Nuwara Eliya,2024-02-23,2024-03-16,4,validation,6.0,9.0,14.5
Nuwara Eliya,2024-03-01,2024-03-23,4,validation,7.0,6.0,12.25
Nuwara Eliya,2024-03-08,2024-03-30,4,validation,3.0,10.0,10.5
Nuwara Eliya,2024-03-15,2024-04-06,4,validation,1.0,4.0,8.5
Nuwara Eliya,2024-03-22,2024-04-13,4,validation,7.0,6.0,7.25
Nuwara Eliya,2024-03-29,2024-04-20,4,validation,3.0,7.0,6.5
Nuwara Eliya,2024-04-05,2024-04-27,4,validation,3.0,3.0,6.75
Nuwara Eliya,2024-04-12,2024-05-04,4,validation,4.0,1.0,5.0
Nuwara Eliya,2024-04-19,2024-05-11,4,validation,2.0,7.0,4.25
Nuwara Eliya,2024-04-26,2024-05-18,4,validation,1.0,3.0,4.5
Nuwara Eliya,2024-05-03,2024-05-25,4,validation,2.0,3.0,3.5
Nuwara Eliya,2024-05-10,2024-06-01,4,validation,5.0,4.0,3.5
Nuwara Eliya,2024-05-17,2024-06-08,4,validation,4.0,2.0,4.25
Nuwara Eliya,2024-05-24,2024-06-15,4,validation,2.0,1.0,3.0
Nuwara Eliya,2024-05-31,2024-06-22,4,validation,10.0,2.0,2.5
Nuwara Eliya,2024-06-07,2024-06-29,4,validation,7.0,5.0,2.25
Nuwara Eliya,2024-06-14,2024-07-06,4,validation,10.0,4.0,2.5
Nuwara Eliya,2024-06-21,2024-07-13,4,validation,6.0,2.0,3.0
Nuwara Eliya,2024-06-28,2024-07-20,4,validation,5.0,10.0,3.25
Nuwara Eliya,2024-07-05,2024-07-27,4,validation,9.0,7.0,5.25
Nuwara Eliya,2024-07-12,2024-08-03,4,validation,5.0,10.0,5.75
Nuwara Eliya,2024-07-19,2024-08-10,4,validation,10.0,6.0,7.25
Nuwara Eliya,2024-07-26,2024-08-17,4,validation,7.0,5.0,8.25
Nuwara Eliya,2024-08-02,2024-08-24,4,validation,4.0,9.0,7.0
Nuwara Eliya,2024-08-09,2024-08-31,4,validation,1.0,5.0,7.5
Nuwara Eliya,2024-08-16,2024-09-07,4,validation,5.0,10.0,6.25
Nuwara Eliya,2024-08-23,2024-09-14,4,validation,6.0,7.0,7.25
Nuwara Eliya,2024-08-30,2024-09-21,4,validation,8.0,4.0,7.75
Nuwara Eliya,2024-09-06,2024-09-28,4,validation,7.0,1.0,6.5
Nuwara Eliya,2024-09-13,2024-10-05,4,validation,4.0,5.0,5.5
Nuwara Eliya,2024-09-20,2024-10-12,4,validation,5.0,6.0,4.25
Nuwara Eliya,2024-09-27,2024-10-19,4,validation,4.0,8.0,4.0
Nuwara Eliya,2024-10-04,2024-10-26,4,validation,6.0,7.0,5.0
Nuwara Eliya,2024-10-11,2024-11-02,4,validation,5.0,4.0,6.5
Nuwara Eliya,2024-10-18,2024-11-09,4,validation,0.0,5.0,6.25
Nuwara Eliya,2024-10-25,2024-11-16,4,validation,4.0,4.0,6.0
Nuwara Eliya,2024-11-01,2024-11-23,4,validation,3.0,6.0,5.0
Nuwara Eliya,2024-11-08,2024-11-30,4,validation,2.0,5.0,4.75
Nuwara Eliya,2024-11-15,2024-12-07,4,validation,1.0,0.0,5.0
Nuwara Eliya,2024-11-22,2024-12-14,4,validation,3.0,4.0,3.75
Nuwara Eliya,2024-11-29,2024-12-21,4,validation,10.0,3.0,3.75
Nuwara Eliya,2024-12-06,2024-12-28,4,validation,5.0,2.0,3.0
Polonnaruwa,2023-12-15,2024-01-06,4,validation,12.0,16.0,12.75
Polonnaruwa,2023-12-22,2024-01-13,4,validation,42.0,33.0,14.75
Polonnaruwa,2023-12-29,2024-01-20,4,validation,12.0,8.0,19.75
Polonnaruwa,2024-01-05,2024-01-27,4,validation,10.0,21.0,19.25
Polonnaruwa,2024-01-12,2024-02-03,4,validation,19.0,12.0,19.5
Polonnaruwa,2024-01-19,2024-02-10,4,validation,41.0,42.0,18.5
Polonnaruwa,2024-01-26,2024-02-17,4,validation,17.0,12.0,20.75
Polonnaruwa,2024-02-02,2024-02-24,4,validation,7.0,10.0,21.75
Polonnaruwa,2024-02-09,2024-03-02,4,validation,11.0,19.0,19.0
Polonnaruwa,2024-02-16,2024-03-09,4,validation,10.0,41.0,20.75
Polonnaruwa,2024-02-23,2024-03-16,4,validation,15.0,17.0,20.5
Polonnaruwa,2024-03-01,2024-03-23,4,validation,7.0,7.0,21.75
Polonnaruwa,2024-03-08,2024-03-30,4,validation,7.0,11.0,21.0
Polonnaruwa,2024-03-15,2024-04-06,4,validation,4.0,10.0,19.0
Polonnaruwa,2024-03-22,2024-04-13,4,validation,3.0,15.0,11.25
Polonnaruwa,2024-03-29,2024-04-20,4,validation,5.0,7.0,10.75
Polonnaruwa,2024-04-05,2024-04-27,4,validation,7.0,7.0,10.75
Polonnaruwa,2024-04-12,2024-05-04,4,validation,6.0,4.0,9.75
Polonnaruwa,2024-04-19,2024-05-11,4,validation,3.0,3.0,8.25
Polonnaruwa,2024-04-26,2024-05-18,4,validation,6.0,5.0,5.25
Polonnaruwa,2024-05-03,2024-05-25,4,validation,2.0,7.0,4.75
Polonnaruwa,2024-05-10,2024-06-01,4,validation,2.0,6.0,4.75
Polonnaruwa,2024-05-17,2024-06-08,4,validation,6.0,3.0,5.25
Polonnaruwa,2024-05-24,2024-06-15,4,validation,5.0,6.0,5.25
Polonnaruwa,2024-05-31,2024-06-22,4,validation,13.0,2.0,5.5
Polonnaruwa,2024-06-07,2024-06-29,4,validation,3.0,2.0,4.25
Polonnaruwa,2024-06-14,2024-07-06,4,validation,7.0,6.0,3.25
Polonnaruwa,2024-06-21,2024-07-13,4,validation,14.0,5.0,4.0
Polonnaruwa,2024-06-28,2024-07-20,4,validation,6.0,13.0,3.75
Polonnaruwa,2024-07-05,2024-07-27,4,validation,11.0,3.0,6.5
Polonnaruwa,2024-07-12,2024-08-03,4,validation,4.0,7.0,6.75
Polonnaruwa,2024-07-19,2024-08-10,4,validation,8.0,14.0,7.0
Polonnaruwa,2024-07-26,2024-08-17,4,validation,10.0,6.0,9.25
Polonnaruwa,2024-08-02,2024-08-24,4,validation,7.0,11.0,7.5
Polonnaruwa,2024-08-09,2024-08-31,4,validation,3.0,4.0,9.5
Polonnaruwa,2024-08-16,2024-09-07,4,validation,5.0,8.0,8.75
Polonnaruwa,2024-08-23,2024-09-14,4,validation,5.0,10.0,7.25
Polonnaruwa,2024-08-30,2024-09-21,4,validation,8.0,7.0,8.25
Polonnaruwa,2024-09-06,2024-09-28,4,validation,8.0,3.0,7.25
Polonnaruwa,2024-09-13,2024-10-05,4,validation,10.0,5.0,7.0
Polonnaruwa,2024-09-20,2024-10-12,4,validation,1.0,5.0,6.25
Polonnaruwa,2024-09-27,2024-10-19,4,validation,6.0,8.0,5.0
Polonnaruwa,2024-10-04,2024-10-26,4,validation,3.0,8.0,5.25
Polonnaruwa,2024-10-11,2024-11-02,4,validation,8.0,10.0,6.5
Polonnaruwa,2024-10-18,2024-11-09,4,validation,7.0,1.0,7.75
Polonnaruwa,2024-10-25,2024-11-16,4,validation,6.0,6.0,6.75
Polonnaruwa,2024-11-01,2024-11-23,4,validation,17.0,3.0,6.25
Polonnaruwa,2024-11-08,2024-11-30,4,validation,6.0,8.0,5.0
Polonnaruwa,2024-11-15,2024-12-07,4,validation,5.0,7.0,4.5
Polonnaruwa,2024-11-22,2024-12-14,4,validation,3.0,6.0,6.0
Polonnaruwa,2024-11-29,2024-12-21,4,validation,6.0,17.0,6.0
Polonnaruwa,2024-12-06,2024-12-28,4,validation,14.0,6.0,9.5
Puttalam,2023-12-15,2024-01-06,4,validation,92.0,107.0,62.5
Puttalam,2023-12-22,2024-01-13,4,validation,127.0,96.0,81.5
Puttalam,2023-12-29,2024-01-20,4,validation,76.0,63.0,98.5
Puttalam,2024-01-05,2024-01-27,4,validation,52.0,90.0,88.75
Puttalam,2024-01-12,2024-02-03,4,validation,34.0,92.0,89.0
Puttalam,2024-01-19,2024-02-10,4,validation,102.0,127.0,85.25
Puttalam,2024-01-26,2024-02-17,4,validation,29.0,76.0,93.0
Puttalam,2024-02-02,2024-02-24,4,validation,21.0,52.0,96.25
Puttalam,2024-02-09,2024-03-02,4,validation,14.0,34.0,86.75
Puttalam,2024-02-16,2024-03-09,4,validation,9.0,102.0,72.25
Puttalam,2024-02-23,2024-03-16,4,validation,12.0,29.0,66.0
Puttalam,2024-03-01,2024-03-23,4,validation,9.0,21.0,54.25
Puttalam,2024-03-08,2024-03-30,4,validation,18.0,14.0,46.5
Puttalam,2024-03-15,2024-04-06,4,validation,8.0,9.0,41.5
Puttalam,2024-03-22,2024-04-13,4,validation,19.0,12.0,18.25
Puttalam,2024-03-29,2024-04-20,4,validation,7.0,9.0,14.0
Puttalam,2024-04-05,2024-04-27,4,validation,7.0,18.0,11.0
Puttalam,2024-04-12,2024-05-04,4,validation,7.0,8.0,12.0
Puttalam,2024-04-19,2024-05-11,4,validation,13.0,19.0,11.75
Puttalam,2024-04-26,2024-05-18,4,validation,11.0,7.0,13.5
Puttalam,2024-05-03,2024-05-25,4,validation,11.0,7.0,13.0
Puttalam,2024-05-10,2024-06-01,4,validation,7.0,7.0,10.25
Puttalam,2024-05-17,2024-06-08,4,validation,10.0,13.0,10.0
Puttalam,2024-05-24,2024-06-15,4,validation,9.0,11.0,8.5
Puttalam,2024-05-31,2024-06-22,4,validation,27.0,11.0,9.5
Puttalam,2024-06-07,2024-06-29,4,validation,21.0,7.0,10.5
Puttalam,2024-06-14,2024-07-06,4,validation,13.0,10.0,10.5
Puttalam,2024-06-21,2024-07-13,4,validation,28.0,9.0,9.75
Puttalam,2024-06-28,2024-07-20,4,validation,24.0,27.0,9.25
Puttalam,2024-07-05,2024-07-27,4,validation,19.0,21.0,13.25
Puttalam,2024-07-12,2024-08-03,4,validation,24.0,13.0,16.75
Puttalam,2024-07-19,2024-08-10,4,validation,16.0,28.0,17.5
Puttalam,2024-07-26,2024-08-17,4,validation,9.0,24.0,22.25
Puttalam,2024-08-02,2024-08-24,4,validation,17.0,19.0,21.5
Puttalam,2024-08-09,2024-08-31,4,validation,11.0,24.0,21.0
Puttalam,2024-08-16,2024-09-07,4,validation,11.0,16.0,23.75
Puttalam,2024-08-23,2024-09-14,4,validation,16.0,9.0,20.75
Puttalam,2024-08-30,2024-09-21,4,validation,16.0,17.0,17.0
Puttalam,2024-09-06,2024-09-28,4,validation,23.0,11.0,16.5
Puttalam,2024-09-13,2024-10-05,4,validation,11.0,11.0,13.25
Puttalam,2024-09-20,2024-10-12,4,validation,28.0,16.0,12.0
Puttalam,2024-09-27,2024-10-19,4,validation,15.0,16.0,13.75
Puttalam,2024-10-04,2024-10-26,4,validation,21.0,23.0,13.5
Puttalam,2024-10-11,2024-11-02,4,validation,28.0,11.0,16.5
Puttalam,2024-10-18,2024-11-09,4,validation,19.0,28.0,16.5
Puttalam,2024-10-25,2024-11-16,4,validation,30.0,15.0,19.5
Puttalam,2024-11-01,2024-11-23,4,validation,23.0,21.0,19.25
Puttalam,2024-11-08,2024-11-30,4,validation,28.0,28.0,18.75
Puttalam,2024-11-15,2024-12-07,4,validation,31.0,19.0,23.0
Puttalam,2024-11-22,2024-12-14,4,validation,39.0,30.0,20.75
Puttalam,2024-11-29,2024-12-21,4,validation,23.0,23.0,24.5
Puttalam,2024-12-06,2024-12-28,4,validation,30.0,28.0,25.0
Ratnapura,2023-12-15,2024-01-06,4,validation,77.0,106.0,61.0
Ratnapura,2023-12-22,2024-01-13,4,validation,43.0,44.0,83.25
Ratnapura,2023-12-29,2024-01-20,4,validation,67.0,54.0,88.75
Ratnapura,2024-01-05,2024-01-27,4,validation,72.0,76.0,63.5
Ratnapura,2024-01-12,2024-02-03,4,validation,82.0,77.0,70.0
Ratnapura,2024-01-19,2024-02-10,4,validation,14.0,43.0,62.75
Ratnapura,2024-01-26,2024-02-17,4,validation,57.0,67.0,62.5
Ratnapura,2024-02-02,2024-02-24,4,validation,57.0,72.0,65.75
Ratnapura,2024-02-09,2024-03-02,4,validation,38.0,82.0,64.75
Ratnapura,2024-02-16,2024-03-09,4,validation,56.0,14.0,66.0
Ratnapura,2024-02-23,2024-03-16,4,validation,48.0,57.0,58.75
Ratnapura,2024-03-01,2024-03-23,4,validation,53.0,57.0,56.25
Ratnapura,2024-03-08,2024-03-30,4,validation,49.0,38.0,52.5
Ratnapura,2024-03-15,2024-04-06,4,validation,39.0,56.0,41.5
Ratnapura,2024-03-22,2024-04-13,4,validation,44.0,48.0,52.0
Ratnapura,2024-03-29,2024-04-20,4,validation,67.0,53.0,49.75
Ratnapura,2024-04-05,2024-04-27,4,validation,74.0,49.0,48.75
Ratnapura,2024-04-12,2024-05-04,4,validation,88.0,39.0,51.5
Ratnapura,2024-04-19,2024-05-11,4,validation,72.0,44.0,47.25
Ratnapura,2024-04-26,2024-05-18,4,validation,76.0,67.0,46.25
Ratnapura,2024-05-03,2024-05-25,4,validation,84.0,74.0,49.75
Ratnapura,2024-05-10,2024-06-01,4,validation,60.0,88.0,56.0
Ratnapura,2024-05-17,2024-06-08,4,validation,47.0,72.0,68.25
Ratnapura,2024-05-24,2024-06-15,4,validation,57.0,76.0,75.25
Ratnapura,2024-05-31,2024-06-22,4,validation,58.0,84.0,77.5
Ratnapura,2024-06-07,2024-06-29,4,validation,52.0,60.0,80.0
Ratnapura,2024-06-14,2024-07-06,4,validation,51.0,47.0,73.0
Ratnapura,2024-06-21,2024-07-13,4,validation,81.0,57.0,66.75
Ratnapura,2024-06-28,2024-07-20,4,validation,76.0,58.0,62.0
Ratnapura,2024-07-05,2024-07-27,4,validation,72.0,52.0,55.5
Ratnapura,2024-07-12,2024-08-03,4,validation,51.0,51.0,53.5
Ratnapura,2024-07-19,2024-08-10,4,validation,38.0,81.0,54.5
Ratnapura,2024-07-26,2024-08-17,4,validation,25.0,76.0,60.5
Ratnapura,2024-08-02,2024-08-24,4,validation,48.0,72.0,65.0
Ratnapura,2024-08-09,2024-08-31,4,validation,51.0,51.0,70.0
Ratnapura,2024-08-16,2024-09-07,4,validation,18.0,38.0,70.0
Ratnapura,2024-08-23,2024-09-14,4,validation,32.0,25.0,59.25
Ratnapura,2024-08-30,2024-09-21,4,validation,40.0,48.0,46.5
Ratnapura,2024-09-06,2024-09-28,4,validation,31.0,51.0,40.5
Ratnapura,2024-09-13,2024-10-05,4,validation,45.0,18.0,40.5
Ratnapura,2024-09-20,2024-10-12,4,validation,42.0,32.0,35.5
Ratnapura,2024-09-27,2024-10-19,4,validation,54.0,40.0,37.25
Ratnapura,2024-10-04,2024-10-26,4,validation,61.0,31.0,35.25
Ratnapura,2024-10-11,2024-11-02,4,validation,48.0,45.0,30.25
Ratnapura,2024-10-18,2024-11-09,4,validation,41.0,42.0,37.0
Ratnapura,2024-10-25,2024-11-16,4,validation,54.0,54.0,39.5
Ratnapura,2024-11-01,2024-11-23,4,validation,53.0,61.0,43.0
Ratnapura,2024-11-08,2024-11-30,4,validation,38.0,48.0,50.5
Ratnapura,2024-11-15,2024-12-07,4,validation,44.0,41.0,51.25
Ratnapura,2024-11-22,2024-12-14,4,validation,20.0,54.0,51.0
Ratnapura,2024-11-29,2024-12-21,4,validation,47.0,53.0,51.0
Ratnapura,2024-12-06,2024-12-28,4,validation,30.0,38.0,49.0
Trincomalee,2023-12-15,2024-01-06,4,validation,50.0,21.0,13.0
Trincomalee,2023-12-22,2024-01-13,4,validation,33.0,28.0,16.75
Trincomalee,2023-12-29,2024-01-20,4,validation,42.0,23.0,22.5
Trincomalee,2024-01-05,2024-01-27,4,validation,29.0,42.0,23.0
Trincomalee,2024-01-12,2024-02-03,4,validation,31.0,50.0,28.5
Trincomalee,2024-01-19,2024-02-10,4,validation,33.0,33.0,35.75
Trincomalee,2024-01-26,2024-02-17,4,validation,26.0,42.0,37.0
Trincomalee,2024-02-02,2024-02-24,4,validation,26.0,29.0,41.75
Trincomalee,2024-02-09,2024-03-02,4,validation,13.0,31.0,38.5
Trincomalee,2024-02-16,2024-03-09,4,validation,23.0,33.0,33.75
Trincomalee,2024-02-23,2024-03-16,4,validation,21.0,26.0,33.75
Trincomalee,2024-03-01,2024-03-23,4,validation,12.0,26.0,29.75
Trincomalee,2024-03-08,2024-03-30,4,validation,7.0,13.0,29.0
Trincomalee,2024-03-15,2024-04-06,4,validation,9.0,23.0,24.5
Trincomalee,2024-03-22,2024-04-13,4,validation,17.0,21.0,22.0
Trincomalee,2024-03-29,2024-04-20,4,validation,9.0,12.0,20.75
Trincomalee,2024-04-05,2024-04-27,4,validation,19.0,7.0,17.25
Trincomalee,2024-04-12,2024-05-04,4,validation,18.0,9.0,15.75
Trincomalee,2024-04-19,2024-05-11,4,validation,12.0,17.0,12.25
Trincomalee,2024-04-26,2024-05-18,4,validation,6.0,9.0,11.25
Trincomalee,2024-05-03,2024-05-25,4,validation,7.0,19.0,10.5
Trincomalee,2024-05-10,2024-06-01,4,validation,10.0,18.0,13.5
Trincomalee,2024-05-17,2024-06-08,4,validation,7.0,12.0,15.75
Trincomalee,2024-05-24,2024-06-15,4,validation,12.0,6.0,14.5
Trincomalee,2024-05-31,2024-06-22,4,validation,10.0,7.0,13.75
Trincomalee,2024-06-07,2024-06-29,4,validation,11.0,10.0,10.75
Trincomalee,2024-06-14,2024-07-06,4,validation,7.0,7.0,8.75
Trincomalee,2024-06-21,2024-07-13,4,validation,14.0,12.0,7.5
Trincomalee,2024-06-28,2024-07-20,4,validation,8.0,10.0,9.0
Trincomalee,2024-07-05,2024-07-27,4,validation,12.0,11.0,9.75
Trincomalee,2024-07-12,2024-08-03,4,validation,12.0,7.0,10.0
Trincomalee,2024-07-19,2024-08-10,4,validation,10.0,14.0,10.0
Trincomalee,2024-07-26,2024-08-17,4,validation,3.0,8.0,10.5
Trincomalee,2024-08-02,2024-08-24,4,validation,8.0,12.0,10.0
Trincomalee,2024-08-09,2024-08-31,4,validation,2.0,12.0,10.25
Trincomalee,2024-08-16,2024-09-07,4,validation,6.0,10.0,11.5
Trincomalee,2024-08-23,2024-09-14,4,validation,3.0,3.0,10.5
Trincomalee,2024-08-30,2024-09-21,4,validation,2.0,8.0,9.25
Trincomalee,2024-09-06,2024-09-28,4,validation,2.0,2.0,8.25
Trincomalee,2024-09-13,2024-10-05,4,validation,5.0,6.0,5.75
Trincomalee,2024-09-20,2024-10-12,4,validation,3.0,3.0,4.75
Trincomalee,2024-09-27,2024-10-19,4,validation,4.0,2.0,4.75
Trincomalee,2024-10-04,2024-10-26,4,validation,9.0,2.0,3.25
Trincomalee,2024-10-11,2024-11-02,4,validation,8.0,5.0,3.25
Trincomalee,2024-10-18,2024-11-09,4,validation,16.0,3.0,3.0
Trincomalee,2024-10-25,2024-11-16,4,validation,13.0,4.0,3.0
Trincomalee,2024-11-01,2024-11-23,4,validation,9.0,9.0,3.5
Trincomalee,2024-11-08,2024-11-30,4,validation,14.0,8.0,5.25
Trincomalee,2024-11-15,2024-12-07,4,validation,20.0,16.0,6.0
Trincomalee,2024-11-22,2024-12-14,4,validation,19.0,13.0,9.25
Trincomalee,2024-11-29,2024-12-21,4,validation,30.0,9.0,11.5
Trincomalee,2024-12-06,2024-12-28,4,validation,28.0,14.0,11.5
Vavuniya,2023-12-15,2024-01-06,4,validation,27.0,5.0,3.0
Vavuniya,2023-12-22,2024-01-13,4,validation,14.0,22.0,3.5
Vavuniya,2023-12-29,2024-01-20,4,validation,19.0,19.0,8.0
Vavuniya,2024-01-05,2024-01-27,4,validation,5.0,20.0,11.75
Vavuniya,2024-01-12,2024-02-03,4,validation,7.0,27.0,16.5
Vavuniya,2024-01-19,2024-02-10,4,validation,3.0,14.0,22.0
Vavuniya,2024-01-26,2024-02-17,4,validation,4.0,19.0,20.0
Vavuniya,2024-02-02,2024-02-24,4,validation,3.0,5.0,20.0
Vavuniya,2024-02-09,2024-03-02,4,validation,5.0,7.0,16.25
Vavuniya,2024-02-16,2024-03-09,4,validation,5.0,3.0,11.25
Vavuniya,2024-02-23,2024-03-16,4,validation,2.0,4.0,8.5
Vavuniya,2024-03-01,2024-03-23,4,validation,2.0,3.0,4.75
Vavuniya,2024-03-08,2024-03-30,4,validation,1.0,5.0,4.25
Vavuniya,2024-03-15,2024-04-06,4,validation,0.0,5.0,3.75
Vavuniya,2024-03-22,2024-04-13,4,validation,0.0,2.0,4.25
Vavuniya,2024-03-29,2024-04-20,4,validation,0.0,2.0,3.75
Vavuniya,2024-04-05,2024-04-27,4,validation,0.0,1.0,3.5
Vavuniya,2024-04-12,2024-05-04,4,validation,4.0,0.0,2.5
Vavuniya,2024-04-19,2024-05-11,4,validation,2.0,0.0,1.25
Vavuniya,2024-04-26,2024-05-18,4,validation,0.0,0.0,0.75
Vavuniya,2024-05-03,2024-05-25,4,validation,1.0,0.0,0.25
Vavuniya,2024-05-10,2024-06-01,4,validation,4.0,4.0,0.0
Vavuniya,2024-05-17,2024-06-08,4,validation,2.0,2.0,1.0
Vavuniya,2024-05-24,2024-06-15,4,validation,1.0,0.0,1.5
Vavuniya,2024-05-31,2024-06-22,4,validation,1.0,1.0,1.5
Vavuniya,2024-06-07,2024-06-29,4,validation,4.0,4.0,1.75
Vavuniya,2024-06-14,2024-07-06,4,validation,3.0,2.0,1.75
Vavuniya,2024-06-21,2024-07-13,4,validation,1.0,1.0,1.75
Vavuniya,2024-06-28,2024-07-20,4,validation,5.0,1.0,2.0
Vavuniya,2024-07-05,2024-07-27,4,validation,1.0,4.0,2.0
Vavuniya,2024-07-12,2024-08-03,4,validation,0.0,3.0,2.0
Vavuniya,2024-07-19,2024-08-10,4,validation,5.0,1.0,2.25
Vavuniya,2024-07-26,2024-08-17,4,validation,3.0,5.0,2.25
Vavuniya,2024-08-02,2024-08-24,4,validation,0.0,1.0,3.25
Vavuniya,2024-08-09,2024-08-31,4,validation,1.0,0.0,2.5
Vavuniya,2024-08-16,2024-09-07,4,validation,1.0,5.0,1.75
Vavuniya,2024-08-23,2024-09-14,4,validation,2.0,3.0,2.75
Vavuniya,2024-08-30,2024-09-21,4,validation,0.0,0.0,2.25
Vavuniya,2024-09-06,2024-09-28,4,validation,0.0,1.0,2.0
Vavuniya,2024-09-13,2024-10-05,4,validation,1.0,1.0,2.25
Vavuniya,2024-09-20,2024-10-12,4,validation,3.0,2.0,1.25
Vavuniya,2024-09-27,2024-10-19,4,validation,1.0,0.0,1.0
Vavuniya,2024-10-04,2024-10-26,4,validation,1.0,0.0,1.0
Vavuniya,2024-10-11,2024-11-02,4,validation,2.0,1.0,0.75
Vavuniya,2024-10-18,2024-11-09,4,validation,0.0,3.0,0.75
Vavuniya,2024-10-25,2024-11-16,4,validation,5.0,1.0,1.0
Vavuniya,2024-11-01,2024-11-23,4,validation,3.0,1.0,1.25
Vavuniya,2024-11-08,2024-11-30,4,validation,2.0,2.0,1.5
Vavuniya,2024-11-15,2024-12-07,4,validation,4.0,0.0,1.75
Vavuniya,2024-11-22,2024-12-14,4,validation,4.0,5.0,1.0
Vavuniya,2024-11-29,2024-12-21,4,validation,2.0,3.0,2.0
Vavuniya,2024-12-06,2024-12-28,4,validation,4.0,2.0,2.5
Ampara,2024-12-13,2025-01-04,4,test,20.0,10.0,6.25
Ampara,2024-12-20,2025-01-11,4,test,27.0,6.0,7.25
Ampara,2024-12-27,2025-01-18,4,test,16.0,15.0,6.5
Ampara,2025-01-03,2025-01-25,4,test,13.0,58.0,9.0
Ampara,2025-01-10,2025-02-01,4,test,17.0,20.0,22.25
Ampara,2025-01-17,2025-02-08,4,test,17.0,27.0,24.75
Ampara,2025-01-24,2025-02-15,4,test,15.0,16.0,30.0
Ampara,2025-01-31,2025-02-22,4,test,11.0,13.0,30.25
Ampara,2025-02-07,2025-03-01,4,test,16.0,17.0,19.0
Ampara,2025-02-14,2025-03-08,4,test,11.0,17.0,18.25
Ampara,2025-02-21,2025-03-15,4,test,9.0,15.0,15.75
Ampara,2025-02-28,2025-03-22,4,test,12.0,11.0,15.5
Ampara,2025-03-07,2025-03-29,4,test,15.0,16.0,15.0
Ampara,2025-03-14,2025-04-05,4,test,22.0,11.0,14.75
Ampara,2025-03-21,2025-04-12,4,test,13.0,9.0,13.25
Ampara,2025-03-28,2025-04-19,4,test,15.0,12.0,11.75
Ampara,2025-04-04,2025-04-26,4,test,24.0,15.0,12.0
Ampara,2025-04-11,2025-05-03,4,test,17.0,22.0,11.75
Ampara,2025-04-18,2025-05-10,4,test,16.0,13.0,14.5
Ampara,2025-04-25,2025-05-17,4,test,14.0,15.0,15.5
Ampara,2025-05-02,2025-05-24,4,test,14.0,24.0,16.25
Ampara,2025-05-09,2025-05-31,4,test,28.0,17.0,18.5
Ampara,2025-05-16,2025-06-07,4,test,11.0,16.0,17.25
Ampara,2025-05-23,2025-06-14,4,test,12.0,14.0,18.0
Ampara,2025-05-30,2025-06-21,4,test,12.0,14.0,17.75
Ampara,2025-06-06,2025-06-28,4,test,22.0,28.0,15.25
Ampara,2025-06-13,2025-07-05,4,test,16.0,11.0,18.0
Ampara,2025-06-20,2025-07-12,4,test,17.0,12.0,16.75
Ampara,2025-06-27,2025-07-19,4,test,8.0,12.0,16.25
Ampara,2025-07-04,2025-07-26,4,test,11.0,22.0,15.75
Ampara,2025-07-11,2025-08-02,4,test,3.0,16.0,14.25
Ampara,2025-07-18,2025-08-09,4,test,6.0,17.0,15.5
Ampara,2025-07-25,2025-08-16,4,test,7.0,8.0,16.75
Ampara,2025-08-01,2025-08-23,4,test,7.0,11.0,15.75
Ampara,2025-08-08,2025-08-30,4,test,6.0,3.0,13.0
Ampara,2025-08-15,2025-09-06,4,test,17.0,6.0,9.75
Ampara,2025-08-22,2025-09-13,4,test,15.0,7.0,7.0
Ampara,2025-08-29,2025-09-20,4,test,4.0,7.0,6.75
Ampara,2025-09-05,2025-09-27,4,test,6.0,6.0,5.75
Ampara,2025-09-12,2025-10-04,4,test,9.0,17.0,6.5
Ampara,2025-09-19,2025-10-11,4,test,14.0,15.0,9.25
Ampara,2025-09-26,2025-10-18,4,test,9.0,4.0,11.25
Ampara,2025-10-03,2025-10-25,4,test,15.0,6.0,10.5
Ampara,2025-10-10,2025-11-01,4,test,10.0,9.0,10.5
Ampara,2025-10-17,2025-11-08,4,test,17.0,14.0,8.5
Ampara,2025-10-24,2025-11-15,4,test,24.0,9.0,8.25
Ampara,2025-10-31,2025-11-22,4,test,11.0,15.0,9.5
Ampara,2025-11-07,2025-11-29,4,test,7.0,10.0,11.75
Ampara,2025-11-14,2025-12-06,4,test,22.0,17.0,12.0
Ampara,2025-11-21,2025-12-13,4,test,18.0,24.0,12.75
Anuradhapura,2024-12-13,2025-01-04,4,test,20.0,18.0,12.5
Anuradhapura,2024-12-20,2025-01-11,4,test,29.0,22.0,13.75
Anuradhapura,2024-12-27,2025-01-18,4,test,16.0,12.0,14.75
Anuradhapura,2025-01-03,2025-01-25,4,test,22.0,27.0,14.75
Anuradhapura,2025-01-10,2025-02-01,4,test,39.0,20.0,19.75
Anuradhapura,2025-01-17,2025-02-08,4,test,39.0,29.0,20.25
Anuradhapura,2025-01-24,2025-02-15,4,test,24.0,16.0,22.0
Anuradhapura,2025-01-31,2025-02-22,4,test,18.0,22.0,23.0
Anuradhapura,2025-02-07,2025-03-01,4,test,25.0,39.0,21.75
Anuradhapura,2025-02-14,2025-03-08,4,test,12.0,39.0,26.5
Anuradhapura,2025-02-21,2025-03-15,4,test,8.0,24.0,29.0
Anuradhapura,2025-02-28,2025-03-22,4,test,9.0,18.0,31.0
Anuradhapura,2025-03-07,2025-03-29,4,test,6.0,25.0,30.0
Anuradhapura,2025-03-14,2025-04-05,4,test,3.0,12.0,26.5
Anuradhapura,2025-03-21,2025-04-12,4,test,4.0,8.0,19.75
Anuradhapura,2025-03-28,2025-04-19,4,test,8.0,9.0,15.75
Anuradhapura,2025-04-04,2025-04-26,4,test,10.0,6.0,13.5
Anuradhapura,2025-04-11,2025-05-03,4,test,11.0,3.0,8.75
Anuradhapura,2025-04-18,2025-05-10,4,test,11.0,4.0,6.5
Anuradhapura,2025-04-25,2025-05-17,4,test,13.0,8.0,5.5
Anuradhapura,2025-05-02,2025-05-24,4,test,11.0,10.0,5.25
Anuradhapura,2025-05-09,2025-05-31,4,test,10.0,11.0,6.25
Anuradhapura,2025-05-16,2025-06-07,4,test,7.0,11.0,8.25
Anuradhapura,2025-05-23,2025-06-14,4,test,8.0,13.0,10.0
Anuradhapura,2025-05-30,2025-06-21,4,test,17.0,11.0,11.25
Anuradhapura,2025-06-06,2025-06-28,4,test,8.0,10.0,11.5
Anuradhapura,2025-06-13,2025-07-05,4,test,8.0,7.0,11.25
Anuradhapura,2025-06-20,2025-07-12,4,test,12.0,8.0,10.25
Anuradhapura,2025-06-27,2025-07-19,4,test,11.0,17.0,9.0
Anuradhapura,2025-07-04,2025-07-26,4,test,3.0,8.0,10.5
Anuradhapura,2025-07-11,2025-08-02,4,test,6.0,8.0,10.0
Anuradhapura,2025-07-18,2025-08-09,4,test,11.0,12.0,10.25
Anuradhapura,2025-07-25,2025-08-16,4,test,6.0,11.0,11.25
Anuradhapura,2025-08-01,2025-08-23,4,test,9.0,3.0,9.75
Anuradhapura,2025-08-08,2025-08-30,4,test,2.0,6.0,8.5
Anuradhapura,2025-08-15,2025-09-06,4,test,6.0,11.0,8.0
Anuradhapura,2025-08-22,2025-09-13,4,test,3.0,6.0,7.75
Anuradhapura,2025-08-29,2025-09-20,4,test,2.0,9.0,6.5
Anuradhapura,2025-09-05,2025-09-27,4,test,0.0,2.0,8.0
Anuradhapura,2025-09-12,2025-10-04,4,test,7.0,6.0,7.0
Anuradhapura,2025-09-19,2025-10-11,4,test,9.0,3.0,5.75
Anuradhapura,2025-09-26,2025-10-18,4,test,4.0,2.0,5.0
Anuradhapura,2025-10-03,2025-10-25,4,test,9.0,0.0,3.25
Anuradhapura,2025-10-10,2025-11-01,4,test,3.0,7.0,2.75
Anuradhapura,2025-10-17,2025-11-08,4,test,8.0,9.0,3.0
Anuradhapura,2025-10-24,2025-11-15,4,test,10.0,4.0,4.5
Anuradhapura,2025-10-31,2025-11-22,4,test,8.0,9.0,5.0
Anuradhapura,2025-11-07,2025-11-29,4,test,11.0,3.0,7.25
Anuradhapura,2025-11-14,2025-12-06,4,test,12.0,8.0,6.25
Anuradhapura,2025-11-21,2025-12-13,4,test,13.0,10.0,6.0
Badulla,2024-12-13,2025-01-04,4,test,17.0,19.0,14.25
Badulla,2024-12-20,2025-01-11,4,test,28.0,20.0,17.0
Badulla,2024-12-27,2025-01-18,4,test,27.0,19.0,17.25
Badulla,2025-01-03,2025-01-25,4,test,26.0,5.0,18.25
Badulla,2025-01-10,2025-02-01,4,test,17.0,17.0,15.75
Badulla,2025-01-17,2025-02-08,4,test,17.0,28.0,15.25
Badulla,2025-01-24,2025-02-15,4,test,8.0,27.0,17.25
Badulla,2025-01-31,2025-02-22,4,test,11.0,26.0,19.25
Badulla,2025-02-07,2025-03-01,4,test,3.0,17.0,24.5
Badulla,2025-02-14,2025-03-08,4,test,17.0,17.0,24.5
Badulla,2025-02-21,2025-03-15,4,test,6.0,8.0,21.75
Badulla,2025-02-28,2025-03-22,4,test,12.0,11.0,17.0
Badulla,2025-03-07,2025-03-29,4,test,9.0,3.0,13.25
Badulla,2025-03-14,2025-04-05,4,test,18.0,17.0,9.75
Badulla,2025-03-21,2025-04-12,4,test,11.0,6.0,9.75
Badulla,2025-03-28,2025-04-19,4,test,19.0,12.0,9.25
Badulla,2025-04-04,2025-04-26,4,test,12.0,9.0,9.5
Badulla,2025-04-11,2025-05-03,4,test,7.0,18.0,11.0
Badulla,2025-04-18,2025-05-10,4,test,7.0,11.0,11.25
Badulla,2025-04-25,2025-05-17,4,test,25.0,19.0,12.5
Badulla,2025-05-02,2025-05-24,4,test,26.0,12.0,14.25
Badulla,2025-05-09,2025-05-31,4,test,24.0,7.0,15.0
Badulla,2025-05-16,2025-06-07,4,test,24.0,7.0,12.25
Badulla,2025-05-23,2025-06-14,4,test,31.0,25.0,11.25
Badulla,2025-05-30,2025-06-21,4,test,17.0,26.0,12.75
Badulla,2025-06-06,2025-06-28,4,test,17.0,24.0,16.25
Badulla,2025-06-13,2025-07-05,4,test,16.0,24.0,20.5
Badulla,2025-06-20,2025-07-12,4,test,37.0,31.0,24.75
Badulla,2025-06-27,2025-07-19,4,test,20.0,17.0,26.25
Badulla,2025-07-04,2025-07-26,4,test,16.0,17.0,24.0
Badulla,2025-07-11,2025-08-02,4,test,13.0,16.0,22.25
Badulla,2025-07-18,2025-08-09,4,test,12.0,37.0,20.25
Badulla,2025-07-25,2025-08-16,4,test,14.0,20.0,21.75
Badulla,2025-08-01,2025-08-23,4,test,18.0,16.0,22.5
Badulla,2025-08-08,2025-08-30,4,test,8.0,13.0,22.25
Badulla,2025-08-15,2025-09-06,4,test,11.0,12.0,21.5
Badulla,2025-08-22,2025-09-13,4,test,19.0,14.0,15.25
Badulla,2025-08-29,2025-09-20,4,test,8.0,18.0,13.75
Badulla,2025-09-05,2025-09-27,4,test,13.0,8.0,14.25
Badulla,2025-09-12,2025-10-04,4,test,4.0,11.0,13.0
Badulla,2025-09-19,2025-10-11,4,test,8.0,19.0,12.75
Badulla,2025-09-26,2025-10-18,4,test,11.0,8.0,14.0
Badulla,2025-10-03,2025-10-25,4,test,7.0,13.0,11.5
Badulla,2025-10-10,2025-11-01,4,test,14.0,4.0,12.75
Badulla,2025-10-17,2025-11-08,4,test,17.0,8.0,11.0
Badulla,2025-10-24,2025-11-15,4,test,18.0,11.0,8.25
Badulla,2025-10-31,2025-11-22,4,test,14.0,7.0,9.0
Badulla,2025-11-07,2025-11-29,4,test,10.0,14.0,7.5
Badulla,2025-11-14,2025-12-06,4,test,18.0,17.0,10.0
Badulla,2025-11-21,2025-12-13,4,test,25.0,18.0,12.25
Batticaloa,2024-12-13,2025-01-04,4,test,55.0,30.0,18.75
Batticaloa,2024-12-20,2025-01-11,4,test,65.0,35.0,23.5
Batticaloa,2024-12-27,2025-01-18,4,test,64.0,47.0,29.25
Batticaloa,2025-01-03,2025-01-25,4,test,53.0,62.0,35.75
Batticaloa,2025-01-10,2025-02-01,4,test,60.0,55.0,43.5
Batticaloa,2025-01-17,2025-02-08,4,test,60.0,65.0,49.75
Batticaloa,2025-01-24,2025-02-15,4,test,81.0,64.0,57.25
Batticaloa,2025-01-31,2025-02-22,4,test,59.0,53.0,61.5
Batticaloa,2025-02-07,2025-03-01,4,test,56.0,60.0,59.25
Batticaloa,2025-02-14,2025-03-08,4,test,31.0,60.0,60.5
Batticaloa,2025-02-21,2025-03-15,4,test,28.0,81.0,59.25
Batticaloa,2025-02-28,2025-03-22,4,test,28.0,59.0,63.5
Batticaloa,2025-03-07,2025-03-29,4,test,46.0,56.0,65.0
Batticaloa,2025-03-14,2025-04-05,4,test,70.0,31.0,64.0
Batticaloa,2025-03-21,2025-04-12,4,test,62.0,28.0,56.75
Batticaloa,2025-03-28,2025-04-19,4,test,94.0,28.0,43.5
Batticaloa,2025-04-04,2025-04-26,4,test,84.0,46.0,35.75
Batticaloa,2025-04-11,2025-05-03,4,test,59.0,70.0,33.25
Batticaloa,2025-04-18,2025-05-10,4,test,58.0,62.0,43.0
Batticaloa,2025-04-25,2025-05-17,4,test,53.0,94.0,51.5
Batticaloa,2025-05-02,2025-05-24,4,test,52.0,84.0,68.0
Batticaloa,2025-05-09,2025-05-31,4,test,59.0,59.0,77.5
Batticaloa,2025-05-16,2025-06-07,4,test,30.0,58.0,74.75
Batticaloa,2025-05-23,2025-06-14,4,test,40.0,53.0,73.75
Batticaloa,2025-05-30,2025-06-21,4,test,16.0,52.0,63.5
Batticaloa,2025-06-06,2025-06-28,4,test,20.0,59.0,55.5
Batticaloa,2025-06-13,2025-07-05,4,test,13.0,30.0,55.5
Batticaloa,2025-06-20,2025-07-12,4,test,19.0,40.0,48.5
Batticaloa,2025-06-27,2025-07-19,4,test,6.0,16.0,45.25
Batticaloa,2025-07-04,2025-07-26,4,test,6.0,20.0,36.25
Batticaloa,2025-07-11,2025-08-02,4,test,12.0,13.0,26.5
Batticaloa,2025-07-18,2025-08-09,4,test,5.0,19.0,22.25
Batticaloa,2025-07-25,2025-08-16,4,test,6.0,6.0,17.0
Batticaloa,2025-08-01,2025-08-23,4,test,9.0,6.0,14.5
Batticaloa,2025-08-08,2025-08-30,4,test,8.0,12.0,11.0
Batticaloa,2025-08-15,2025-09-06,4,test,8.0,5.0,10.75
Batticaloa,2025-08-22,2025-09-13,4,test,9.0,6.0,7.25
Batticaloa,2025-08-29,2025-09-20,4,test,9.0,9.0,7.25
Batticaloa,2025-09-05,2025-09-27,4,test,14.0,8.0,8.0
Batticaloa,2025-09-12,2025-10-04,4,test,16.0,8.0,7.0
Batticaloa,2025-09-19,2025-10-11,4,test,17.0,9.0,7.75
Batticaloa,2025-09-26,2025-10-18,4,test,13.0,9.0,8.5
Batticaloa,2025-10-03,2025-10-25,4,test,19.0,14.0,8.5
Batticaloa,2025-10-10,2025-11-01,4,test,29.0,16.0,10.0
Batticaloa,2025-10-17,2025-11-08,4,test,21.0,17.0,12.0
Batticaloa,2025-10-24,2025-11-15,4,test,21.0,13.0,14.0
Batticaloa,2025-10-31,2025-11-22,4,test,10.0,19.0,15.0
Batticaloa,2025-11-07,2025-11-29,4,test,16.0,29.0,16.25
Batticaloa,2025-11-14,2025-12-06,4,test,14.0,21.0,19.5
Batticaloa,2025-11-21,2025-12-13,4,test,20.0,21.0,20.5
Colombo,2024-12-13,2025-01-04,4,test,245.0,247.0,173.75
Colombo,2024-12-20,2025-01-11,4,test,247.0,220.0,196.5
Colombo,2024-12-27,2025-01-18,4,test,284.0,231.0,203.75
Colombo,2025-01-03,2025-01-25,4,test,225.0,200.0,215.25
Colombo,2025-01-10,2025-02-01,4,test,252.0,245.0,224.5
Colombo,2025-01-17,2025-02-08,4,test,252.0,247.0,224.0
Colombo,2025-01-24,2025-02-15,4,test,217.0,284.0,230.75
Colombo,2025-01-31,2025-02-22,4,test,219.0,225.0,244.0
Colombo,2025-02-07,2025-03-01,4,test,262.0,252.0,250.25
Colombo,2025-02-14,2025-03-08,4,test,214.0,252.0,252.0
Colombo,2025-02-21,2025-03-15,4,test,242.0,217.0,253.25
Colombo,2025-02-28,2025-03-22,4,test,239.0,219.0,236.5
Colombo,2025-03-07,2025-03-29,4,test,204.0,262.0,235.0
Colombo,2025-03-14,2025-04-05,4,test,277.0,214.0,237.5
Colombo,2025-03-21,2025-04-12,4,test,230.0,242.0,228.0
Colombo,2025-03-28,2025-04-19,4,test,306.0,239.0,234.25
Colombo,2025-04-04,2025-04-26,4,test,276.0,204.0,239.25
Colombo,2025-04-11,2025-05-03,4,test,310.0,277.0,224.75
Colombo,2025-04-18,2025-05-10,4,test,359.0,230.0,240.5
Colombo,2025-04-25,2025-05-17,4,test,336.0,306.0,237.5
Colombo,2025-05-02,2025-05-24,4,test,302.0,276.0,254.25
Colombo,2025-05-09,2025-05-31,4,test,245.0,310.0,272.25
Colombo,2025-05-16,2025-06-07,4,test,279.0,359.0,280.5
Colombo,2025-05-23,2025-06-14,4,test,316.0,336.0,312.75
Colombo,2025-05-30,2025-06-21,4,test,276.0,302.0,320.25
Colombo,2025-06-06,2025-06-28,4,test,285.0,245.0,326.75
Colombo,2025-06-13,2025-07-05,4,test,222.0,279.0,310.5
Colombo,2025-06-20,2025-07-12,4,test,226.0,316.0,290.5
Colombo,2025-06-27,2025-07-19,4,test,237.0,276.0,285.5
Colombo,2025-07-04,2025-07-26,4,test,246.0,285.0,279.0
Colombo,2025-07-11,2025-08-02,4,test,156.0,222.0,289.0
Colombo,2025-07-18,2025-08-09,4,test,87.0,226.0,274.75
Colombo,2025-07-25,2025-08-16,4,test,137.0,237.0,252.25
Colombo,2025-08-01,2025-08-23,4,test,104.0,246.0,242.5
Colombo,2025-08-08,2025-08-30,4,test,103.0,156.0,232.75
Colombo,2025-08-15,2025-09-06,4,test,117.0,87.0,216.25
Colombo,2025-08-22,2025-09-13,4,test,120.0,137.0,181.5
Colombo,2025-08-29,2025-09-20,4,test,155.0,104.0,156.5
Colombo,2025-09-05,2025-09-27,4,test,129.0,103.0,121.0
Colombo,2025-09-12,2025-10-04,4,test,130.0,117.0,107.75
Colombo,2025-09-19,2025-10-11,4,test,157.0,120.0,115.25
Colombo,2025-09-26,2025-10-18,4,test,214.0,155.0,111.0
Colombo,2025-10-03,2025-10-25,4,test,153.0,129.0,123.75
Colombo,2025-10-10,2025-11-01,4,test,184.0,130.0,130.25
Colombo,2025-10-17,2025-11-08,4,test,266.0,157.0,133.5
Colombo,2025-10-24,2025-11-15,4,test,226.0,214.0,142.75
Colombo,2025-10-31,2025-11-22,4,test,286.0,153.0,157.5
Colombo,2025-11-07,2025-11-29,4,test,272.0,184.0,163.5
Colombo,2025-11-14,2025-12-06,4,test,318.0,266.0,177.0
Colombo,2025-11-21,2025-12-13,4,test,340.0,226.0,204.25
Galle,2024-12-13,2025-01-04,4,test,82.0,34.0,36.75
Galle,2024-12-20,2025-01-11,4,test,51.0,27.0,39.0
Galle,2024-12-27,2025-01-18,4,test,48.0,25.0,31.0
Galle,2025-01-03,2025-01-25,4,test,53.0,30.0,30.75
Galle,2025-01-10,2025-02-01,4,test,44.0,82.0,29.0
Galle,2025-01-17,2025-02-08,4,test,44.0,51.0,41.0
Galle,2025-01-24,2025-02-15,4,test,43.0,48.0,47.0
Galle,2025-01-31,2025-02-22,4,test,21.0,53.0,52.75
Galle,2025-02-07,2025-03-01,4,test,40.0,44.0,58.5
Galle,2025-02-14,2025-03-08,4,test,24.0,44.0,49.0
Galle,2025-02-21,2025-03-15,4,test,35.0,43.0,47.25
Galle,2025-02-28,2025-03-22,4,test,31.0,21.0,46.0
Galle,2025-03-07,2025-03-29,4,test,34.0,40.0,38.0
Galle,2025-03-14,2025-04-05,4,test,29.0,24.0,37.0
Galle,2025-03-21,2025-04-12,4,test,23.0,35.0,32.0
Galle,2025-03-28,2025-04-19,4,test,55.0,31.0,30.0
Galle,2025-04-04,2025-04-26,4,test,29.0,34.0,32.5
Galle,2025-04-11,2025-05-03,4,test,32.0,29.0,31.0
Galle,2025-04-18,2025-05-10,4,test,44.0,23.0,32.25
Galle,2025-04-25,2025-05-17,4,test,56.0,55.0,29.25
Galle,2025-05-02,2025-05-24,4,test,44.0,29.0,35.25
Galle,2025-05-09,2025-05-31,4,test,49.0,32.0,34.0
Galle,2025-05-16,2025-06-07,4,test,44.0,44.0,34.75
Galle,2025-05-23,2025-06-14,4,test,73.0,56.0,40.0
Galle,2025-05-30,2025-06-21,4,test,79.0,44.0,40.25
Galle,2025-06-06,2025-06-28,4,test,47.0,49.0,44.0
Galle,2025-06-13,2025-07-05,4,test,56.0,44.0,48.25
Galle,2025-06-20,2025-07-12,4,test,43.0,73.0,48.25
Galle,2025-06-27,2025-07-19,4,test,66.0,79.0,52.5
Galle,2025-07-04,2025-07-26,4,test,44.0,47.0,61.25
Galle,2025-07-11,2025-08-02,4,test,37.0,56.0,60.75
Galle,2025-07-18,2025-08-09,4,test,48.0,43.0,63.75
Galle,2025-07-25,2025-08-16,4,test,27.0,66.0,56.25
Galle,2025-08-01,2025-08-23,4,test,37.0,44.0,53.0
Galle,2025-08-08,2025-08-30,4,test,33.0,37.0,52.25
Galle,2025-08-15,2025-09-06,4,test,44.0,48.0,47.5
Galle,2025-08-22,2025-09-13,4,test,29.0,27.0,48.75
Galle,2025-08-29,2025-09-20,4,test,35.0,37.0,39.0
Galle,2025-09-05,2025-09-27,4,test,30.0,33.0,37.25
Galle,2025-09-12,2025-10-04,4,test,34.0,44.0,36.25
Galle,2025-09-19,2025-10-11,4,test,40.0,29.0,35.25
Galle,2025-09-26,2025-10-18,4,test,29.0,35.0,35.75
Galle,2025-10-03,2025-10-25,4,test,30.0,30.0,35.25
Galle,2025-10-10,2025-11-01,4,test,27.0,34.0,34.5
Galle,2025-10-17,2025-11-08,4,test,36.0,40.0,32.0
Galle,2025-10-24,2025-11-15,4,test,48.0,29.0,34.75
Galle,2025-10-31,2025-11-22,4,test,68.0,30.0,33.25
Galle,2025-11-07,2025-11-29,4,test,68.0,27.0,33.25
Galle,2025-11-14,2025-12-06,4,test,81.0,36.0,31.5
Galle,2025-11-21,2025-12-13,4,test,82.0,48.0,30.5
Gampaha,2024-12-13,2025-01-04,4,test,191.0,161.0,141.75
Gampaha,2024-12-20,2025-01-11,4,test,157.0,103.0,158.25
Gampaha,2024-12-27,2025-01-18,4,test,184.0,131.0,145.75
Gampaha,2025-01-03,2025-01-25,4,test,162.0,186.0,132.0
Gampaha,2025-01-10,2025-02-01,4,test,131.0,191.0,145.25
Gampaha,2025-01-17,2025-02-08,4,test,131.0,157.0,152.75
Gampaha,2025-01-24,2025-02-15,4,test,132.0,184.0,166.25
Gampaha,2025-01-31,2025-02-22,4,test,119.0,162.0,179.5
Gampaha,2025-02-07,2025-03-01,4,test,142.0,131.0,173.5
Gampaha,2025-02-14,2025-03-08,4,test,132.0,131.0,158.5
Gampaha,2025-02-21,2025-03-15,4,test,125.0,132.0,152.0
Gampaha,2025-02-28,2025-03-22,4,test,135.0,119.0,139.0
Gampaha,2025-03-07,2025-03-29,4,test,135.0,142.0,128.25
Gampaha,2025-03-14,2025-04-05,4,test,137.0,132.0,131.0
Gampaha,2025-03-21,2025-04-12,4,test,171.0,125.0,131.25
Gampaha,2025-03-28,2025-04-19,4,test,166.0,135.0,129.5
Gampaha,2025-04-04,2025-04-26,4,test,158.0,135.0,133.5
Gampaha,2025-04-11,2025-05-03,4,test,194.0,137.0,131.75
Gampaha,2025-04-18,2025-05-10,4,test,224.0,171.0,133.0
Gampaha,2025-04-25,2025-05-17,4,test,208.0,166.0,144.5
Gampaha,2025-05-02,2025-05-24,4,test,197.0,158.0,152.25
Gampaha,2025-05-09,2025-05-31,4,test,228.0,194.0,158.0
Gampaha,2025-05-16,2025-06-07,4,test,207.0,224.0,172.25
Gampaha,2025-05-23,2025-06-14,4,test,217.0,208.0,185.5
Gampaha,2025-05-30,2025-06-21,4,test,167.0,197.0,196.0
Gampaha,2025-06-06,2025-06-28,4,test,181.0,228.0,205.75
Gampaha,2025-06-13,2025-07-05,4,test,154.0,207.0,214.25
Gampaha,2025-06-20,2025-07-12,4,test,193.0,217.0,210.0
Gampaha,2025-06-27,2025-07-19,4,test,175.0,167.0,212.25
Gampaha,2025-07-04,2025-07-26,4,test,148.0,181.0,204.75
Gampaha,2025-07-11,2025-08-02,4,test,96.0,154.0,193.0
Gampaha,2025-07-18,2025-08-09,4,test,91.0,193.0,179.75
Gampaha,2025-07-25,2025-08-16,4,test,108.0,175.0,173.75
Gampaha,2025-08-01,2025-08-23,4,test,63.0,148.0,175.75
Gampaha,2025-08-08,2025-08-30,4,test,58.0,96.0,167.5
Gampaha,2025-08-15,2025-09-06,4,test,92.0,91.0,153.0
Gampaha,2025-08-22,2025-09-13,4,test,93.0,108.0,127.5
Gampaha,2025-08-29,2025-09-20,4,test,78.0,63.0,110.75
Gampaha,2025-09-05,2025-09-27,4,test,56.0,58.0,89.5
Gampaha,2025-09-12,2025-10-04,4,test,82.0,92.0,80.0
Gampaha,2025-09-19,2025-10-11,4,test,83.0,93.0,80.25
Gampaha,2025-09-26,2025-10-18,4,test,95.0,78.0,76.5
Gampaha,2025-10-03,2025-10-25,4,test,112.0,56.0,80.25
Gampaha,2025-10-10,2025-11-01,4,test,128.0,82.0,79.75
Gampaha,2025-10-17,2025-11-08,4,test,131.0,83.0,77.25
Gampaha,2025-10-24,2025-11-15,4,test,159.0,95.0,74.75
Gampaha,2025-10-31,2025-11-22,4,test,138.0,112.0,79.0
Gampaha,2025-11-07,2025-11-29,4,test,186.0,128.0,93.0
Gampaha,2025-11-14,2025-12-06,4,test,202.0,131.0,104.5
Gampaha,2025-11-21,2025-12-13,4,test,214.0,159.0,116.5
Hambantota,2024-12-13,2025-01-04,4,test,35.0,12.0,12.0
Hambantota,2024-12-20,2025-01-11,4,test,32.0,22.0,14.0
Hambantota,2024-12-27,2025-01-18,4,test,24.0,21.0,13.75
Hambantota,2025-01-03,2025-01-25,4,test,22.0,36.0,17.5
Hambantota,2025-01-10,2025-02-01,4,test,15.0,35.0,22.75
Hambantota,2025-01-17,2025-02-08,4,test,15.0,32.0,28.5
Hambantota,2025-01-24,2025-02-15,4,test,10.0,24.0,31.0
Hambantota,2025-01-31,2025-02-22,4,test,12.0,22.0,31.75
Hambantota,2025-02-07,2025-03-01,4,test,17.0,15.0,28.25
Hambantota,2025-02-14,2025-03-08,4,test,14.0,15.0,23.25
Hambantota,2025-02-21,2025-03-15,4,test,18.0,10.0,19.0
Hambantota,2025-02-28,2025-03-22,4,test,12.0,12.0,15.5
Hambantota,2025-03-07,2025-03-29,4,test,13.0,17.0,13.0
Hambantota,2025-03-14,2025-04-05,4,test,10.0,14.0,13.5
Hambantota,2025-03-21,2025-04-12,4,test,12.0,18.0,13.25
Hambantota,2025-03-28,2025-04-19,4,test,23.0,12.0,15.25
Hambantota,2025-04-04,2025-04-26,4,test,24.0,13.0,15.25
Hambantota,2025-04-11,2025-05-03,4,test,16.0,10.0,14.25
Hambantota,2025-04-18,2025-05-10,4,test,20.0,12.0,13.25
Hambantota,2025-04-25,2025-05-17,4,test,20.0,23.0,11.75
Hambantota,2025-05-02,2025-05-24,4,test,8.0,24.0,14.5
Hambantota,2025-05-09,2025-05-31,4,test,24.0,16.0,17.25
Hambantota,2025-05-16,2025-06-07,4,test,15.0,20.0,18.75
Hambantota,2025-05-23,2025-06-14,4,test,22.0,20.0,20.75
Hambantota,2025-05-30,2025-06-21,4,test,21.0,8.0,20.0
Hambantota,2025-06-06,2025-06-28,4,test,24.0,24.0,16.0
Hambantota,2025-06-13,2025-07-05,4,test,31.0,15.0,18.0
Hambantota,2025-06-20,2025-07-12,4,test,46.0,22.0,16.75
Hambantota,2025-06-27,2025-07-19,4,test,31.0,21.0,17.25
Hambantota,2025-07-04,2025-07-26,4,test,24.0,24.0,20.5
Hambantota,2025-07-11,2025-08-02,4,test,17.0,31.0,20.5
Hambantota,2025-07-18,2025-08-09,4,test,15.0,46.0,24.5
Hambantota,2025-07-25,2025-08-16,4,test,7.0,31.0,30.5
Hambantota,2025-08-01,2025-08-23,4,test,18.0,24.0,33.0
Hambantota,2025-08-08,2025-08-30,4,test,9.0,17.0,33.0
Hambantota,2025-08-15,2025-09-06,4,test,9.0,15.0,29.5
Hambantota,2025-08-22,2025-09-13,4,test,7.0,7.0,21.75
Hambantota,2025-08-29,2025-09-20,4,test,19.0,18.0,15.75
Hambantota,2025-09-05,2025-09-27,4,test,15.0,9.0,14.25
Hambantota,2025-09-12,2025-10-04,4,test,10.0,9.0,12.25
Hambantota,2025-09-19,2025-10-11,4,test,10.0,7.0,10.75
Hambantota,2025-09-26,2025-10-18,4,test,6.0,19.0,10.75
Hambantota,2025-10-03,2025-10-25,4,test,14.0,15.0,11.0
Hambantota,2025-10-10,2025-11-01,4,test,18.0,10.0,12.5
Hambantota,2025-10-17,2025-11-08,4,test,14.0,10.0,12.75
Hambantota,2025-10-24,2025-11-15,4,test,15.0,6.0,13.5
Hambantota,2025-10-31,2025-11-22,4,test,13.0,14.0,10.25
Hambantota,2025-11-07,2025-11-29,4,test,24.0,18.0,10.0
Hambantota,2025-11-14,2025-12-06,4,test,28.0,14.0,12.0
Hambantota,2025-11-21,2025-12-13,4,test,42.0,15.0,13.0
Jaffna,2024-12-13,2025-01-04,4,test,52.0,60.0,36.0
Jaffna,2024-12-20,2025-01-11,4,test,37.0,76.0,44.75
Jaffna,2024-12-27,2025-01-18,4,test,57.0,76.0,54.5
Jaffna,2025-01-03,2025-01-25,4,test,39.0,58.0,61.75
Jaffna,2025-01-10,2025-02-01,4,test,35.0,52.0,67.5
Jaffna,2025-01-17,2025-02-08,4,test,35.0,37.0,65.5
Jaffna,2025-01-24,2025-02-15,4,test,30.0,57.0,55.75
Jaffna,2025-01-31,2025-02-22,4,test,28.0,39.0,51.0
Jaffna,2025-02-07,2025-03-01,4,test,15.0,35.0,46.25
Jaffna,2025-02-14,2025-03-08,4,test,23.0,35.0,42.0
Jaffna,2025-02-21,2025-03-15,4,test,25.0,30.0,41.5
Jaffna,2025-02-28,2025-03-22,4,test,24.0,28.0,34.75
Jaffna,2025-03-07,2025-03-29,4,test,15.0,15.0,32.0
Jaffna,2025-03-14,2025-04-05,4,test,11.0,23.0,27.0
Jaffna,2025-03-21,2025-04-12,4,test,18.0,25.0,24.0
Jaffna,2025-03-28,2025-04-19,4,test,44.0,24.0,22.75
Jaffna,2025-04-04,2025-04-26,4,test,20.0,15.0,21.75
Jaffna,2025-04-11,2025-05-03,4,test,18.0,11.0,21.75
Jaffna,2025-04-18,2025-05-10,4,test,27.0,18.0,18.75
Jaffna,2025-04-25,2025-05-17,4,test,35.0,44.0,17.0
Jaffna,2025-05-02,2025-05-24,4,test,20.0,20.0,22.0
Jaffna,2025-05-09,2025-05-31,4,test,26.0,18.0,23.25
Jaffna,2025-05-16,2025-06-07,4,test,25.0,27.0,25.0
Jaffna,2025-05-23,2025-06-14,4,test,24.0,35.0,27.25
Jaffna,2025-05-30,2025-06-21,4,test,12.0,20.0,25.0
Jaffna,2025-06-06,2025-06-28,4,test,17.0,26.0,25.0
Jaffna,2025-06-13,2025-07-05,4,test,26.0,25.0,27.0
Jaffna,2025-06-20,2025-07-12,4,test,31.0,24.0,26.5
Jaffna,2025-06-27,2025-07-19,4,test,19.0,12.0,23.75
Jaffna,2025-07-04,2025-07-26,4,test,15.0,17.0,21.75
Jaffna,2025-07-11,2025-08-02,4,test,9.0,26.0,19.5
Jaffna,2025-07-18,2025-08-09,4,test,20.0,31.0,19.75
Jaffna,2025-07-25,2025-08-16,4,test,6.0,19.0,21.5
Jaffna,2025-08-01,2025-08-23,4,test,12.0,15.0,23.25
Jaffna,2025-08-08,2025-08-30,4,test,22.0,9.0,22.75
Jaffna,2025-08-15,2025-09-06,4,test,14.0,20.0,18.5
Jaffna,2025-08-22,2025-09-13,4,test,5.0,6.0,15.75
Jaffna,2025-08-29,2025-09-20,4,test,14.0,12.0,12.5
Jaffna,2025-09-05,2025-09-27,4,test,18.0,22.0,11.75
Jaffna,2025-09-12,2025-10-04,4,test,19.0,14.0,15.0
Jaffna,2025-09-19,2025-10-11,4,test,26.0,5.0,13.5
Jaffna,2025-09-26,2025-10-18,4,test,26.0,14.0,13.25
Jaffna,2025-10-03,2025-10-25,4,test,55.0,18.0,13.75
Jaffna,2025-10-10,2025-11-01,4,test,54.0,19.0,12.75
Jaffna,2025-10-17,2025-11-08,4,test,54.0,26.0,14.0
Jaffna,2025-10-24,2025-11-15,4,test,57.0,26.0,19.25
Jaffna,2025-10-31,2025-11-22,4,test,49.0,55.0,22.25
Jaffna,2025-11-07,2025-11-29,4,test,58.0,54.0,31.5
Jaffna,2025-11-14,2025-12-06,4,test,78.0,54.0,40.25
Jaffna,2025-11-21,2025-12-13,4,test,76.0,57.0,47.25
Kalutara,2024-12-13,2025-01-04,4,test,24.0,32.0,28.75
Kalutara,2024-12-20,2025-01-11,4,test,51.0,49.0,31.0
Kalutara,2024-12-27,2025-01-18,4,test,38.0,34.0,35.75
Kalutara,2025-01-03,2025-01-25,4,test,29.0,65.0,35.75
Kalutara,2025-01-10,2025-02-01,4,test,29.0,24.0,45.0
Kalutara,2025-01-17,2025-02-08,4,test,29.0,51.0,43.0
Kalutara,2025-01-24,2025-02-15,4,test,44.0,38.0,43.5
Kalutara,2025-01-31,2025-02-22,4,test,31.0,29.0,44.5
Kalutara,2025-02-07,2025-03-01,4,test,43.0,29.0,35.5
Kalutara,2025-02-14,2025-03-08,4,test,37.0,29.0,36.75
Kalutara,2025-02-21,2025-03-15,4,test,35.0,44.0,31.25
Kalutara,2025-02-28,2025-03-22,4,test,30.0,31.0,32.75
Kalutara,2025-03-07,2025-03-29,4,test,39.0,43.0,33.25
Kalutara,2025-03-14,2025-04-05,4,test,36.0,37.0,36.75
Kalutara,2025-03-21,2025-04-12,4,test,42.0,35.0,38.75
Kalutara,2025-03-28,2025-04-19,4,test,64.0,30.0,36.5
Kalutara,2025-04-04,2025-04-26,4,test,59.0,39.0,36.25
Kalutara,2025-04-11,2025-05-03,4,test,63.0,36.0,35.25
Kalutara,2025-04-18,2025-05-10,4,test,35.0,42.0,35.0
Kalutara,2025-04-25,2025-05-17,4,test,92.0,64.0,36.75
Kalutara,2025-05-02,2025-05-24,4,test,71.0,59.0,45.25
Kalutara,2025-05-09,2025-05-31,4,test,68.0,63.0,50.25
Kalutara,2025-05-16,2025-06-07,4,test,74.0,35.0,57.0
Kalutara,2025-05-23,2025-06-14,4,test,62.0,92.0,55.25
Kalutara,2025-05-30,2025-06-21,4,test,92.0,71.0,62.25
Kalutara,2025-06-06,2025-06-28,4,test,57.0,68.0,65.25
Kalutara,2025-06-13,2025-07-05,4,test,66.0,74.0,66.5
Kalutara,2025-06-20,2025-07-12,4,test,80.0,62.0,76.25
Kalutara,2025-06-27,2025-07-19,4,test,53.0,92.0,68.75
Kalutara,2025-07-04,2025-07-26,4,test,30.0,57.0,74.0
Kalutara,2025-07-11,2025-08-02,4,test,47.0,66.0,71.25
Kalutara,2025-07-18,2025-08-09,4,test,56.0,80.0,69.25
Kalutara,2025-07-25,2025-08-16,4,test,39.0,53.0,73.75
Kalutara,2025-08-01,2025-08-23,4,test,40.0,30.0,64.0
Kalutara,2025-08-08,2025-08-30,4,test,34.0,47.0,57.25
Kalutara,2025-08-15,2025-09-06,4,test,32.0,56.0,52.5
Kalutara,2025-08-22,2025-09-13,4,test,27.0,39.0,46.5
Kalutara,2025-08-29,2025-09-20,4,test,43.0,40.0,43.0
Kalutara,2025-09-05,2025-09-27,4,test,32.0,34.0,45.5
Kalutara,2025-09-12,2025-10-04,4,test,35.0,32.0,42.25
Kalutara,2025-09-19,2025-10-11,4,test,24.0,27.0,36.25
Kalutara,2025-09-26,2025-10-18,4,test,35.0,43.0,33.25
Kalutara,2025-10-03,2025-10-25,4,test,32.0,32.0,34.0
Kalutara,2025-10-10,2025-11-01,4,test,27.0,35.0,33.5
Kalutara,2025-10-17,2025-11-08,4,test,35.0,24.0,34.25
Kalutara,2025-10-24,2025-11-15,4,test,34.0,35.0,33.5
Kalutara,2025-10-31,2025-11-22,4,test,57.0,32.0,31.5
Kalutara,2025-11-07,2025-11-29,4,test,63.0,27.0,31.5
Kalutara,2025-11-14,2025-12-06,4,test,53.0,35.0,29.5
Kalutara,2025-11-21,2025-12-13,4,test,85.0,34.0,32.25
Kandy,2024-12-13,2025-01-04,4,test,65.0,73.0,71.5
Kandy,2024-12-20,2025-01-11,4,test,77.0,57.0,72.75
Kandy,2024-12-27,2025-01-18,4,test,62.0,76.0,66.0
Kandy,2025-01-03,2025-01-25,4,test,80.0,66.0,69.25
Kandy,2025-01-10,2025-02-01,4,test,50.0,65.0,68.0
Kandy,2025-01-17,2025-02-08,4,test,50.0,77.0,66.0
Kandy,2025-01-24,2025-02-15,4,test,63.0,62.0,71.0
Kandy,2025-01-31,2025-02-22,4,test,58.0,80.0,67.5
Kandy,2025-02-07,2025-03-01,4,test,49.0,50.0,71.0
Kandy,2025-02-14,2025-03-08,4,test,59.0,50.0,67.25
Kandy,2025-02-21,2025-03-15,4,test,59.0,63.0,60.5
Kandy,2025-02-28,2025-03-22,4,test,56.0,58.0,60.75
Kandy,2025-03-07,2025-03-29,4,test,65.0,49.0,55.25
Kandy,2025-03-14,2025-04-05,4,test,50.0,59.0,55.0
Kandy,2025-03-21,2025-04-12,4,test,53.0,59.0,57.25
Kandy,2025-03-28,2025-04-19,4,test,73.0,56.0,56.25
Kandy,2025-04-04,2025-04-26,4,test,60.0,65.0,55.75
Kandy,2025-04-11,2025-05-03,4,test,77.0,50.0,59.75
Kandy,2025-04-18,2025-05-10,4,test,98.0,53.0,57.5
Kandy,2025-04-25,2025-05-17,4,test,126.0,73.0,56.0
Kandy,2025-05-02,2025-05-24,4,test,105.0,60.0,60.25
Kandy,2025-05-09,2025-05-31,4,test,126.0,77.0,59.0
Kandy,2025-05-16,2025-06-07,4,test,118.0,98.0,65.75
Kandy,2025-05-23,2025-06-14,4,test,192.0,126.0,77.0
Kandy,2025-05-30,2025-06-21,4,test,161.0,105.0,90.25
Kandy,2025-06-06,2025-06-28,4,test,174.0,126.0,101.5
Kandy,2025-06-13,2025-07-05,4,test,141.0,118.0,113.75
Kandy,2025-06-20,2025-07-12,4,test,184.0,192.0,118.75
Kandy,2025-06-27,2025-07-19,4,test,168.0,161.0,135.25
Kandy,2025-07-04,2025-07-26,4,test,107.0,174.0,149.25
Kandy,2025-07-11,2025-08-02,4,test,145.0,141.0,161.25
Kandy,2025-07-18,2025-08-09,4,test,80.0,184.0,167.0
Kandy,2025-07-25,2025-08-16,4,test,92.0,168.0,165.0
Kandy,2025-08-01,2025-08-23,4,test,94.0,107.0,166.75
Kandy,2025-08-08,2025-08-30,4,test,87.0,145.0,150.0
Kandy,2025-08-15,2025-09-06,4,test,60.0,80.0,151.0
Kandy,2025-08-22,2025-09-13,4,test,79.0,92.0,125.0
Kandy,2025-08-29,2025-09-20,4,test,37.0,94.0,106.0
Kandy,2025-09-05,2025-09-27,4,test,39.0,87.0,102.75
Kandy,2025-09-12,2025-10-04,4,test,44.0,60.0,88.25
Kandy,2025-09-19,2025-10-11,4,test,44.0,79.0,83.25
Kandy,2025-09-26,2025-10-18,4,test,52.0,37.0,80.0
Kandy,2025-10-03,2025-10-25,4,test,58.0,39.0,65.75
Kandy,2025-10-10,2025-11-01,4,test,56.0,44.0,53.75
Kandy,2025-10-17,2025-11-08,4,test,71.0,44.0,49.75
Kandy,2025-10-24,2025-11-15,4,test,88.0,52.0,41.0
Kandy,2025-10-31,2025-11-22,4,test,60.0,58.0,44.75
Kandy,2025-11-07,2025-11-29,4,test,50.0,56.0,49.5
Kandy,2025-11-14,2025-12-06,4,test,82.0,71.0,52.5
Kandy,2025-11-21,2025-12-13,4,test,85.0,88.0,59.25
Kegalle,2024-12-13,2025-01-04,4,test,40.0,14.0,21.5
Kegalle,2024-12-20,2025-01-11,4,test,34.0,17.0,21.0
Kegalle,2024-12-27,2025-01-18,4,test,26.0,44.0,18.75
Kegalle,2025-01-03,2025-01-25,4,test,24.0,64.0,24.0
Kegalle,2025-01-10,2025-02-01,4,test,29.0,40.0,34.75
Kegalle,2025-01-17,2025-02-08,4,test,29.0,34.0,41.25
Kegalle,2025-01-24,2025-02-15,4,test,35.0,26.0,45.5
Kegalle,2025-01-31,2025-02-22,4,test,22.0,24.0,41.0
Kegalle,2025-02-07,2025-03-01,4,test,43.0,29.0,31.0
Kegalle,2025-02-14,2025-03-08,4,test,20.0,29.0,28.25
Kegalle,2025-02-21,2025-03-15,4,test,32.0,35.0,27.0
Kegalle,2025-02-28,2025-03-22,4,test,24.0,22.0,29.25
Kegalle,2025-03-07,2025-03-29,4,test,20.0,43.0,28.75
Kegalle,2025-03-14,2025-04-05,4,test,29.0,20.0,32.25
Kegalle,2025-03-21,2025-04-12,4,test,13.0,32.0,30.0
Kegalle,2025-03-28,2025-04-19,4,test,35.0,24.0,29.25
Kegalle,2025-04-04,2025-04-26,4,test,38.0,20.0,29.75
Kegalle,2025-04-11,2025-05-03,4,test,43.0,29.0,24.0
Kegalle,2025-04-18,2025-05-10,4,test,45.0,13.0,26.25
Kegalle,2025-04-25,2025-05-17,4,test,43.0,35.0,21.5
Kegalle,2025-05-02,2025-05-24,4,test,61.0,38.0,24.25
Kegalle,2025-05-09,2025-05-31,4,test,54.0,43.0,28.75
Kegalle,2025-05-16,2025-06-07,4,test,46.0,45.0,32.25
Kegalle,2025-05-23,2025-06-14,4,test,48.0,43.0,40.25
Kegalle,2025-05-30,2025-06-21,4,test,35.0,61.0,42.25
Kegalle,2025-06-06,2025-06-28,4,test,39.0,54.0,48.0
Kegalle,2025-06-13,2025-07-05,4,test,30.0,46.0,50.75
Kegalle,2025-06-20,2025-07-12,4,test,41.0,48.0,51.0
Kegalle,2025-06-27,2025-07-19,4,test,33.0,35.0,52.25
Kegalle,2025-07-04,2025-07-26,4,test,29.0,39.0,45.75
Kegalle,2025-07-11,2025-08-02,4,test,31.0,30.0,42.0
Kegalle,2025-07-18,2025-08-09,4,test,19.0,41.0,38.0
Kegalle,2025-07-25,2025-08-16,4,test,24.0,33.0,36.25
Kegalle,2025-08-01,2025-08-23,4,test,27.0,29.0,35.75
Kegalle,2025-08-08,2025-08-30,4,test,19.0,31.0,33.25
Kegalle,2025-08-15,2025-09-06,4,test,67.0,19.0,33.5
Kegalle,2025-08-22,2025-09-13,4,test,20.0,24.0,28.0
Kegalle,2025-08-29,2025-09-20,4,test,18.0,27.0,25.75
Kegalle,2025-09-05,2025-09-27,4,test,19.0,19.0,25.25
Kegalle,2025-09-12,2025-10-04,4,test,18.0,67.0,22.25
Kegalle,2025-09-19,2025-10-11,4,test,11.0,20.0,34.25
Kegalle,2025-09-26,2025-10-18,4,test,17.0,18.0,33.25
Kegalle,2025-10-03,2025-10-25,4,test,19.0,19.0,31.0
Kegalle,2025-10-10,2025-11-01,4,test,17.0,18.0,31.0
Kegalle,2025-10-17,2025-11-08,4,test,18.0,11.0,18.75
Kegalle,2025-10-24,2025-11-15,4,test,34.0,17.0,16.5
Kegalle,2025-10-31,2025-11-22,4,test,30.0,19.0,16.25
Kegalle,2025-11-07,2025-11-29,4,test,18.0,17.0,16.25
Kegalle,2025-11-14,2025-12-06,4,test,36.0,18.0,16.0
Kegalle,2025-11-21,2025-12-13,4,test,37.0,34.0,17.75
Kilinochchi,2024-12-13,2025-01-04,4,test,8.0,8.0,1.25
Kilinochchi,2024-12-20,2025-01-11,4,test,3.0,6.0,2.5
Kilinochchi,2024-12-27,2025-01-18,4,test,6.0,5.0,4.0
Kilinochchi,2025-01-03,2025-01-25,4,test,3.0,5.0,5.0
Kilinochchi,2025-01-10,2025-02-01,4,test,2.0,8.0,6.0
Kilinochchi,2025-01-17,2025-02-08,4,test,2.0,3.0,6.0
Kilinochchi,2025-01-24,2025-02-15,4,test,2.0,6.0,5.25
Kilinochchi,2025-01-31,2025-02-22,4,test,1.0,3.0,5.5
Kilinochchi,2025-02-07,2025-03-01,4,test,3.0,2.0,5.0
Kilinochchi,2025-02-14,2025-03-08,4,test,6.0,2.0,3.5
Kilinochchi,2025-02-21,2025-03-15,4,test,0.0,2.0,3.25
Kilinochchi,2025-02-28,2025-03-22,4,test,2.0,1.0,2.25
Kilinochchi,2025-03-07,2025-03-29,4,test,0.0,3.0,1.75
Kilinochchi,2025-03-14,2025-04-05,4,test,1.0,6.0,2.0
Kilinochchi,2025-03-21,2025-04-12,4,test,1.0,0.0,3.0
Kilinochchi,2025-03-28,2025-04-19,4,test,7.0,2.0,2.5
Kilinochchi,2025-04-04,2025-04-26,4,test,1.0,0.0,2.75
Kilinochchi,2025-04-11,2025-05-03,4,test,1.0,1.0,2.0
Kilinochchi,2025-04-18,2025-05-10,4,test,4.0,1.0,0.75
Kilinochchi,2025-04-25,2025-05-17,4,test,2.0,7.0,1.0
Kilinochchi,2025-05-02,2025-05-24,4,test,2.0,1.0,2.25
Kilinochchi,2025-05-09,2025-05-31,4,test,1.0,1.0,2.5
Kilinochchi,2025-05-16,2025-06-07,4,test,2.0,4.0,2.5
Kilinochchi,2025-05-23,2025-06-14,4,test,0.0,2.0,3.25
Kilinochchi,2025-05-30,2025-06-21,4,test,1.0,2.0,2.0
Kilinochchi,2025-06-06,2025-06-28,4,test,2.0,1.0,2.25
Kilinochchi,2025-06-13,2025-07-05,4,test,0.0,2.0,2.25
Kilinochchi,2025-06-20,2025-07-12,4,test,3.0,0.0,1.75
Kilinochchi,2025-06-27,2025-07-19,4,test,1.0,1.0,1.25
Kilinochchi,2025-07-04,2025-07-26,4,test,0.0,2.0,1.0
Kilinochchi,2025-07-11,2025-08-02,4,test,0.0,0.0,1.25
Kilinochchi,2025-07-18,2025-08-09,4,test,2.0,3.0,0.75
Kilinochchi,2025-07-25,2025-08-16,4,test,0.0,1.0,1.5
Kilinochchi,2025-08-01,2025-08-23,4,test,0.0,0.0,1.5
Kilinochchi,2025-08-08,2025-08-30,4,test,2.0,0.0,1.0
Kilinochchi,2025-08-15,2025-09-06,4,test,1.0,2.0,1.0
Kilinochchi,2025-08-22,2025-09-13,4,test,1.0,0.0,0.75
Kilinochchi,2025-08-29,2025-09-20,4,test,0.0,0.0,0.5
Kilinochchi,2025-09-05,2025-09-27,4,test,3.0,2.0,0.5
Kilinochchi,2025-09-12,2025-10-04,4,test,4.0,1.0,1.0
Kilinochchi,2025-09-19,2025-10-11,4,test,2.0,1.0,0.75
Kilinochchi,2025-09-26,2025-10-18,4,test,2.0,0.0,1.0
Kilinochchi,2025-10-03,2025-10-25,4,test,2.0,3.0,1.0
Kilinochchi,2025-10-10,2025-11-01,4,test,6.0,4.0,1.25
Kilinochchi,2025-10-17,2025-11-08,4,test,5.0,2.0,2.0
Kilinochchi,2025-10-24,2025-11-15,4,test,3.0,2.0,2.25
Kilinochchi,2025-10-31,2025-11-22,4,test,1.0,2.0,2.75
Kilinochchi,2025-11-07,2025-11-29,4,test,4.0,6.0,2.5
Kilinochchi,2025-11-14,2025-12-06,4,test,10.0,5.0,3.0
Kilinochchi,2025-11-21,2025-12-13,4,test,5.0,3.0,3.75
Kurunegala,2024-12-13,2025-01-04,4,test,39.0,14.0,19.0
Kurunegala,2024-12-20,2025-01-11,4,test,30.0,25.0,19.0
Kurunegala,2024-12-27,2025-01-18,4,test,34.0,26.0,19.0
Kurunegala,2025-01-03,2025-01-25,4,test,18.0,26.0,20.5
Kurunegala,2025-01-10,2025-02-01,4,test,27.0,39.0,22.75
Kurunegala,2025-01-17,2025-02-08,4,test,27.0,30.0,29.0
Kurunegala,2025-01-24,2025-02-15,4,test,20.0,34.0,30.25
Kurunegala,2025-01-31,2025-02-22,4,test,25.0,18.0,32.25
Kurunegala,2025-02-07,2025-03-01,4,test,17.0,27.0,30.25
Kurunegala,2025-02-14,2025-03-08,4,test,23.0,27.0,27.25
Kurunegala,2025-02-21,2025-03-15,4,test,21.0,20.0,26.5
Kurunegala,2025-02-28,2025-03-22,4,test,19.0,25.0,23.0
Kurunegala,2025-03-07,2025-03-29,4,test,19.0,17.0,24.75
Kurunegala,2025-03-14,2025-04-05,4,test,17.0,23.0,22.25
Kurunegala,2025-03-21,2025-04-12,4,test,13.0,21.0,21.25
Kurunegala,2025-03-28,2025-04-19,4,test,53.0,19.0,21.5
Kurunegala,2025-04-04,2025-04-26,4,test,34.0,19.0,20.0
Kurunegala,2025-04-11,2025-05-03,4,test,30.0,17.0,20.5
Kurunegala,2025-04-18,2025-05-10,4,test,44.0,13.0,19.0
Kurunegala,2025-04-25,2025-05-17,4,test,47.0,53.0,17.0
Kurunegala,2025-05-02,2025-05-24,4,test,60.0,34.0,25.5
Kurunegala,2025-05-09,2025-05-31,4,test,43.0,30.0,29.25
Kurunegala,2025-05-16,2025-06-07,4,test,68.0,44.0,32.5
Kurunegala,2025-05-23,2025-06-14,4,test,77.0,47.0,40.25
Kurunegala,2025-05-30,2025-06-21,4,test,70.0,60.0,38.75
Kurunegala,2025-06-06,2025-06-28,4,test,51.0,43.0,45.25
Kurunegala,2025-06-13,2025-07-05,4,test,50.0,68.0,48.5
Kurunegala,2025-06-20,2025-07-12,4,test,49.0,77.0,54.5
Kurunegala,2025-06-27,2025-07-19,4,test,84.0,70.0,62.0
Kurunegala,2025-07-04,2025-07-26,4,test,39.0,51.0,64.5
Kurunegala,2025-07-11,2025-08-02,4,test,37.0,50.0,66.5
Kurunegala,2025-07-18,2025-08-09,4,test,23.0,49.0,62.0
Kurunegala,2025-07-25,2025-08-16,4,test,24.0,84.0,55.0
Kurunegala,2025-08-01,2025-08-23,4,test,24.0,39.0,58.5
Kurunegala,2025-08-08,2025-08-30,4,test,8.0,37.0,55.5
Kurunegala,2025-08-15,2025-09-06,4,test,19.0,23.0,52.25
Kurunegala,2025-08-22,2025-09-13,4,test,15.0,24.0,45.75
Kurunegala,2025-08-29,2025-09-20,4,test,19.0,24.0,30.75
Kurunegala,2025-09-05,2025-09-27,4,test,8.0,8.0,27.0
Kurunegala,2025-09-12,2025-10-04,4,test,15.0,19.0,19.75
Kurunegala,2025-09-19,2025-10-11,4,test,24.0,15.0,18.75
Kurunegala,2025-09-26,2025-10-18,4,test,17.0,19.0,16.5
Kurunegala,2025-10-03,2025-10-25,4,test,15.0,8.0,15.25
Kurunegala,2025-10-10,2025-11-01,4,test,13.0,15.0,15.25
Kurunegala,2025-10-17,2025-11-08,4,test,20.0,24.0,14.25
Kurunegala,2025-10-24,2025-11-15,4,test,23.0,17.0,16.5
Kurunegala,2025-10-31,2025-11-22,4,test,21.0,15.0,16.0
Kurunegala,2025-11-07,2025-11-29,4,test,19.0,13.0,17.75
Kurunegala,2025-11-14,2025-12-06,4,test,24.0,20.0,17.25
Kurunegala,2025-11-21,2025-12-13,4,test,32.0,23.0,16.25
Mannar,2024-12-13,2025-01-04,4,test,15.0,2.0,4.75
Mannar,2024-12-20,2025-01-11,4,test,12.0,8.0,4.0
Mannar,2024-12-27,2025-01-18,4,test,7.0,12.0,4.5
Mannar,2025-01-03,2025-01-25,4,test,12.0,11.0,6.0
Mannar,2025-01-10,2025-02-01,4,test,3.0,15.0,8.25
Mannar,2025-01-17,2025-02-08,4,test,3.0,12.0,11.5
Mannar,2025-01-24,2025-02-15,4,test,4.0,7.0,12.5
Mannar,2025-01-31,2025-02-22,4,test,3.0,12.0,11.25
Mannar,2025-02-07,2025-03-01,4,test,0.0,3.0,11.5
Mannar,2025-02-14,2025-03-08,4,test,2.0,3.0,8.5
Mannar,2025-02-21,2025-03-15,4,test,2.0,4.0,6.25
Mannar,2025-02-28,2025-03-22,4,test,4.0,3.0,5.5
Mannar,2025-03-07,2025-03-29,4,test,2.0,0.0,3.25
Mannar,2025-03-14,2025-04-05,4,test,1.0,2.0,2.5
Mannar,2025-03-21,2025-04-12,4,test,2.0,2.0,2.25
Mannar,2025-03-28,2025-04-19,4,test,1.0,4.0,1.75
Mannar,2025-04-04,2025-04-26,4,test,6.0,2.0,2.0
Mannar,2025-04-11,2025-05-03,4,test,1.0,1.0,2.5
Mannar,2025-04-18,2025-05-10,4,test,3.0,2.0,2.25
Mannar,2025-04-25,2025-05-17,4,test,4.0,1.0,2.25
Mannar,2025-05-02,2025-05-24,4,test,2.0,6.0,1.5
Mannar,2025-05-09,2025-05-31,4,test,3.0,1.0,2.5
Mannar,2025-05-16,2025-06-07,4,test,2.0,3.0,2.5
Mannar,2025-05-23,2025-06-14,4,test,4.0,4.0,2.75
Mannar,2025-05-30,2025-06-21,4,test,0.0,2.0,3.5
Mannar,2025-06-06,2025-06-28,4,test,2.0,3.0,2.5
Mannar,2025-06-13,2025-07-05,4,test,1.0,2.0,3.0
Mannar,2025-06-20,2025-07-12,4,test,2.0,4.0,2.75
Mannar,2025-06-27,2025-07-19,4,test,4.0,0.0,2.75
Mannar,2025-07-04,2025-07-26,4,test,2.0,2.0,2.25
Mannar,2025-07-11,2025-08-02,4,test,3.0,1.0,2.0
Mannar,2025-07-18,2025-08-09,4,test,1.0,2.0,1.75
Mannar,2025-07-25,2025-08-16,4,test,1.0,4.0,1.25
Mannar,2025-08-01,2025-08-23,4,test,2.0,2.0,2.25
Mannar,2025-08-08,2025-08-30,4,test,2.0,3.0,2.25
Mannar,2025-08-15,2025-09-06,4,test,2.0,1.0,2.75
Mannar,2025-08-22,2025-09-13,4,test,3.0,1.0,2.5
Mannar,2025-08-29,2025-09-20,4,test,2.0,2.0,1.75
Mannar,2025-09-05,2025-09-27,4,test,0.0,2.0,1.75
Mannar,2025-09-12,2025-10-04,4,test,1.0,2.0,1.5
Mannar,2025-09-19,2025-10-11,4,test,3.0,3.0,1.75
Mannar,2025-09-26,2025-10-18,4,test,5.0,2.0,2.25
Mannar,2025-10-03,2025-10-25,4,test,7.0,0.0,2.25
Mannar,2025-10-10,2025-11-01,4,test,6.0,1.0,1.75
Mannar,2025-10-17,2025-11-08,4,test,12.0,3.0,1.5
Mannar,2025-10-24,2025-11-15,4,test,5.0,5.0,1.5
Mannar,2025-10-31,2025-11-22,4,test,5.0,7.0,2.25
Mannar,2025-11-07,2025-11-29,4,test,0.0,6.0,4.0
Mannar,2025-11-14,2025-12-06,4,test,5.0,12.0,5.25
Mannar,2025-11-21,2025-12-13,4,test,0.0,5.0,7.5
Matale,2024-12-13,2025-01-04,4,test,39.0,38.0,37.5
Matale,2024-12-20,2025-01-11,4,test,44.0,52.0,36.75
Matale,2024-12-27,2025-01-18,4,test,39.0,34.0,39.5
Matale,2025-01-03,2025-01-25,4,test,45.0,52.0,40.25
Matale,2025-01-10,2025-02-01,4,test,38.0,39.0,44.0
Matale,2025-01-17,2025-02-08,4,test,38.0,44.0,44.25
Matale,2025-01-24,2025-02-15,4,test,40.0,39.0,42.25
Matale,2025-01-31,2025-02-22,4,test,28.0,45.0,43.5
Matale,2025-02-07,2025-03-01,4,test,39.0,38.0,41.75
Matale,2025-02-14,2025-03-08,4,test,22.0,38.0,41.5
Matale,2025-02-21,2025-03-15,4,test,20.0,40.0,40.0
Matale,2025-02-28,2025-03-22,4,test,32.0,28.0,40.25
Matale,2025-03-07,2025-03-29,4,test,21.0,39.0,36.0
Matale,2025-03-14,2025-04-05,4,test,30.0,22.0,36.25
Matale,2025-03-21,2025-04-12,4,test,28.0,20.0,32.25
Matale,2025-03-28,2025-04-19,4,test,42.0,32.0,27.25
Matale,2025-04-04,2025-04-26,4,test,28.0,21.0,28.25
Matale,2025-04-11,2025-05-03,4,test,23.0,30.0,23.75
Matale,2025-04-18,2025-05-10,4,test,16.0,28.0,25.75
Matale,2025-04-25,2025-05-17,4,test,20.0,42.0,27.75
Matale,2025-05-02,2025-05-24,4,test,20.0,28.0,30.25
Matale,2025-05-09,2025-05-31,4,test,24.0,23.0,32.0
Matale,2025-05-16,2025-06-07,4,test,17.0,16.0,30.25
Matale,2025-05-23,2025-06-14,4,test,24.0,20.0,27.25
Matale,2025-05-30,2025-06-21,4,test,23.0,20.0,21.75
Matale,2025-06-06,2025-06-28,4,test,14.0,24.0,19.75
Matale,2025-06-13,2025-07-05,4,test,12.0,17.0,20.0
Matale,2025-06-20,2025-07-12,4,test,19.0,24.0,20.25
Matale,2025-06-27,2025-07-19,4,test,27.0,23.0,21.25
Matale,2025-07-04,2025-07-26,4,test,19.0,14.0,22.0
Matale,2025-07-11,2025-08-02,4,test,17.0,12.0,19.5
Matale,2025-07-18,2025-08-09,4,test,13.0,19.0,18.25
Matale,2025-07-25,2025-08-16,4,test,17.0,27.0,17.0
Matale,2025-08-01,2025-08-23,4,test,11.0,19.0,18.0
Matale,2025-08-08,2025-08-30,4,test,31.0,17.0,19.25
Matale,2025-08-15,2025-09-06,4,test,22.0,13.0,20.5
Matale,2025-08-22,2025-09-13,4,test,34.0,17.0,19.0
Matale,2025-08-29,2025-09-20,4,test,24.0,11.0,16.5
Matale,2025-09-05,2025-09-27,4,test,19.0,31.0,14.5
Matale,2025-09-12,2025-10-04,4,test,9.0,22.0,18.0
Matale,2025-09-19,2025-10-11,4,test,15.0,34.0,20.25
Matale,2025-09-26,2025-10-18,4,test,24.0,24.0,24.5
Matale,2025-10-03,2025-10-25,4,test,22.0,19.0,27.75
Matale,2025-10-10,2025-11-01,4,test,12.0,9.0,24.75
Matale,2025-10-17,2025-11-08,4,test,22.0,15.0,21.5
Matale,2025-10-24,2025-11-15,4,test,20.0,24.0,16.75
Matale,2025-10-31,2025-11-22,4,test,15.0,22.0,16.75
Matale,2025-11-07,2025-11-29,4,test,21.0,12.0,17.5
Matale,2025-11-14,2025-12-06,4,test,25.0,22.0,18.25
Matale,2025-11-21,2025-12-13,4,test,16.0,20.0,20.0
Matara,2024-12-13,2025-01-04,4,test,23.0,11.0,17.25
Matara,2024-12-20,2025-01-11,4,test,45.0,12.0,16.5
Matara,2024-12-27,2025-01-18,4,test,32.0,26.0,14.5
Matara,2025-01-03,2025-01-25,4,test,59.0,28.0,16.0
Matara,2025-01-10,2025-02-01,4,test,34.0,23.0,19.25
Matara,2025-01-17,2025-02-08,4,test,34.0,45.0,22.25
Matara,2025-01-24,2025-02-15,4,test,35.0,32.0,30.5
Matara,2025-01-31,2025-02-22,4,test,24.0,59.0,32.0
Matara,2025-02-07,2025-03-01,4,test,50.0,34.0,39.75
Matara,2025-02-14,2025-03-08,4,test,32.0,34.0,42.5
Matara,2025-02-21,2025-03-15,4,test,30.0,35.0,39.75
Matara,2025-02-28,2025-03-22,4,test,44.0,24.0,40.5
Matara,2025-03-07,2025-03-29,4,test,38.0,50.0,31.75
Matara,2025-03-14,2025-04-05,4,test,32.0,32.0,35.75
Matara,2025-03-21,2025-04-12,4,test,35.0,30.0,35.25
Matara,2025-03-28,2025-04-19,4,test,38.0,44.0,34.0
Matara,2025-04-04,2025-04-26,4,test,38.0,38.0,39.0
Matara,2025-04-11,2025-05-03,4,test,17.0,32.0,36.0
Matara,2025-04-18,2025-05-10,4,test,27.0,35.0,36.0
Matara,2025-04-25,2025-05-17,4,test,21.0,38.0,37.25
Matara,2025-05-02,2025-05-24,4,test,26.0,38.0,35.75
Matara,2025-05-09,2025-05-31,4,test,34.0,17.0,35.75
Matara,2025-05-16,2025-06-07,4,test,70.0,27.0,32.0
Matara,2025-05-23,2025-06-14,4,test,39.0,21.0,30.0
Matara,2025-05-30,2025-06-21,4,test,58.0,26.0,25.75
Matara,2025-06-06,2025-06-28,4,test,39.0,34.0,22.75
Matara,2025-06-13,2025-07-05,4,test,28.0,70.0,27.0
Matara,2025-06-20,2025-07-12,4,test,41.0,39.0,37.75
Matara,2025-06-27,2025-07-19,4,test,42.0,58.0,42.25
Matara,2025-07-04,2025-07-26,4,test,30.0,39.0,50.25
Matara,2025-07-11,2025-08-02,4,test,20.0,28.0,51.5
Matara,2025-07-18,2025-08-09,4,test,35.0,41.0,41.0
Matara,2025-07-25,2025-08-16,4,test,26.0,42.0,41.5
Matara,2025-08-01,2025-08-23,4,test,26.0,30.0,37.5
Matara,2025-08-08,2025-08-30,4,test,16.0,20.0,35.25
Matara,2025-08-15,2025-09-06,4,test,18.0,35.0,33.25
Matara,2025-08-22,2025-09-13,4,test,12.0,26.0,31.75
Matara,2025-08-29,2025-09-20,4,test,12.0,26.0,27.75
Matara,2025-09-05,2025-09-27,4,test,12.0,16.0,26.75
Matara,2025-09-12,2025-10-04,4,test,20.0,18.0,25.75
Matara,2025-09-19,2025-10-11,4,test,22.0,12.0,21.5
Matara,2025-09-26,2025-10-18,4,test,10.0,12.0,18.0
Matara,2025-10-03,2025-10-25,4,test,23.0,12.0,14.5
Matara,2025-10-10,2025-11-01,4,test,17.0,20.0,13.5
Matara,2025-10-17,2025-11-08,4,test,36.0,22.0,14.0
Matara,2025-10-24,2025-11-15,4,test,22.0,10.0,16.5
Matara,2025-10-31,2025-11-22,4,test,37.0,23.0,16.0
Matara,2025-11-07,2025-11-29,4,test,45.0,17.0,18.75
Matara,2025-11-14,2025-12-06,4,test,67.0,36.0,18.0
Matara,2025-11-21,2025-12-13,4,test,44.0,22.0,21.5
Monaragala,2024-12-13,2025-01-04,4,test,26.0,22.0,23.25
Monaragala,2024-12-20,2025-01-11,4,test,23.0,13.0,25.0
Monaragala,2024-12-27,2025-01-18,4,test,24.0,13.0,17.0
Monaragala,2025-01-03,2025-01-25,4,test,20.0,25.0,15.25
Monaragala,2025-01-10,2025-02-01,4,test,6.0,26.0,18.25
Monaragala,2025-01-17,2025-02-08,4,test,6.0,23.0,19.25
Monaragala,2025-01-24,2025-02-15,4,test,15.0,24.0,21.75
Monaragala,2025-01-31,2025-02-22,4,test,10.0,20.0,24.5
Monaragala,2025-02-07,2025-03-01,4,test,17.0,6.0,23.25
Monaragala,2025-02-14,2025-03-08,4,test,23.0,6.0,18.25
Monaragala,2025-02-21,2025-03-15,4,test,24.0,15.0,14.0
Monaragala,2025-02-28,2025-03-22,4,test,21.0,10.0,11.75
Monaragala,2025-03-07,2025-03-29,4,test,15.0,17.0,9.25
Monaragala,2025-03-14,2025-04-05,4,test,29.0,23.0,12.0
Monaragala,2025-03-21,2025-04-12,4,test,27.0,24.0,16.25
Monaragala,2025-03-28,2025-04-19,4,test,12.0,21.0,18.5
Monaragala,2025-04-04,2025-04-26,4,test,22.0,15.0,21.25
Monaragala,2025-04-11,2025-05-03,4,test,10.0,29.0,20.75
Monaragala,2025-04-18,2025-05-10,4,test,17.0,27.0,22.25
Monaragala,2025-04-25,2025-05-17,4,test,15.0,12.0,23.0
Monaragala,2025-05-02,2025-05-24,4,test,26.0,22.0,20.75
Monaragala,2025-05-09,2025-05-31,4,test,29.0,10.0,22.5
Monaragala,2025-05-16,2025-06-07,4,test,26.0,17.0,17.75
Monaragala,2025-05-23,2025-06-14,4,test,24.0,15.0,15.25
Monaragala,2025-05-30,2025-06-21,4,test,27.0,26.0,16.0
Monaragala,2025-06-06,2025-06-28,4,test,12.0,29.0,17.0
Monaragala,2025-06-13,2025-07-05,4,test,13.0,26.0,21.75
Monaragala,2025-06-20,2025-07-12,4,test,19.0,24.0,24.0
Monaragala,2025-06-27,2025-07-19,4,test,17.0,27.0,26.25
Monaragala,2025-07-04,2025-07-26,4,test,17.0,12.0,26.5
Monaragala,2025-07-11,2025-08-02,4,test,11.0,13.0,22.25
Monaragala,2025-07-18,2025-08-09,4,test,17.0,19.0,19.0
Monaragala,2025-07-25,2025-08-16,4,test,8.0,17.0,17.75
Monaragala,2025-08-01,2025-08-23,4,test,16.0,17.0,15.25
Monaragala,2025-08-08,2025-08-30,4,test,3.0,11.0,16.5
Monaragala,2025-08-15,2025-09-06,4,test,16.0,17.0,16.0
Monaragala,2025-08-22,2025-09-13,4,test,10.0,8.0,15.5
Monaragala,2025-08-29,2025-09-20,4,test,8.0,16.0,13.25
Monaragala,2025-09-05,2025-09-27,4,test,9.0,3.0,13.0
Monaragala,2025-09-12,2025-10-04,4,test,4.0,16.0,11.0
Monaragala,2025-09-19,2025-10-11,4,test,11.0,10.0,10.75
Monaragala,2025-09-26,2025-10-18,4,test,17.0,8.0,11.25
Monaragala,2025-10-03,2025-10-25,4,test,16.0,9.0,9.25
Monaragala,2025-10-10,2025-11-01,4,test,7.0,4.0,10.75
Monaragala,2025-10-17,2025-11-08,4,test,10.0,11.0,7.75
Monaragala,2025-10-24,2025-11-15,4,test,15.0,17.0,8.0
Monaragala,2025-10-31,2025-11-22,4,test,15.0,16.0,10.25
Monaragala,2025-11-07,2025-11-29,4,test,10.0,7.0,12.0
Monaragala,2025-11-14,2025-12-06,4,test,14.0,10.0,12.75
Monaragala,2025-11-21,2025-12-13,4,test,24.0,15.0,12.5
Mullaitivu,2024-12-13,2025-01-04,4,test,1.0,5.0,1.75
Mullaitivu,2024-12-20,2025-01-11,4,test,1.0,2.0,2.75
Mullaitivu,2024-12-27,2025-01-18,4,test,4.0,4.0,2.5
Mullaitivu,2025-01-03,2025-01-25,4,test,1.0,3.0,2.75
Mullaitivu,2025-01-10,2025-02-01,4,test,2.0,1.0,3.5
Mullaitivu,2025-01-17,2025-02-08,4,test,2.0,1.0,2.5
Mullaitivu,2025-01-24,2025-02-15,4,test,0.0,4.0,2.25
Mullaitivu,2025-01-31,2025-02-22,4,test,1.0,1.0,2.25
Mullaitivu,2025-02-07,2025-03-01,4,test,1.0,2.0,1.75
Mullaitivu,2025-02-14,2025-03-08,4,test,3.0,2.0,2.0
Mullaitivu,2025-02-21,2025-03-15,4,test,0.0,0.0,2.25
Mullaitivu,2025-02-28,2025-03-22,4,test,0.0,1.0,1.25
Mullaitivu,2025-03-07,2025-03-29,4,test,2.0,1.0,1.25
Mullaitivu,2025-03-14,2025-04-05,4,test,2.0,3.0,1.0
Mullaitivu,2025-03-21,2025-04-12,4,test,1.0,0.0,1.25
Mullaitivu,2025-03-28,2025-04-19,4,test,0.0,0.0,1.25
Mullaitivu,2025-04-04,2025-04-26,4,test,2.0,2.0,1.0
Mullaitivu,2025-04-11,2025-05-03,4,test,1.0,2.0,1.25
Mullaitivu,2025-04-18,2025-05-10,4,test,2.0,1.0,1.0
Mullaitivu,2025-04-25,2025-05-17,4,test,1.0,0.0,1.25
Mullaitivu,2025-05-02,2025-05-24,4,test,1.0,2.0,1.25
Mullaitivu,2025-05-09,2025-05-31,4,test,4.0,1.0,1.25
Mullaitivu,2025-05-16,2025-06-07,4,test,2.0,2.0,1.0
Mullaitivu,2025-05-23,2025-06-14,4,test,1.0,1.0,1.25
Mullaitivu,2025-05-30,2025-06-21,4,test,3.0,1.0,1.5
Mullaitivu,2025-06-06,2025-06-28,4,test,2.0,4.0,1.25
Mullaitivu,2025-06-13,2025-07-05,4,test,0.0,2.0,2.0
Mullaitivu,2025-06-20,2025-07-12,4,test,0.0,1.0,2.0
Mullaitivu,2025-06-27,2025-07-19,4,test,0.0,3.0,2.0
Mullaitivu,2025-07-04,2025-07-26,4,test,0.0,2.0,2.5
Mullaitivu,2025-07-11,2025-08-02,4,test,0.0,0.0,2.0
Mullaitivu,2025-07-18,2025-08-09,4,test,0.0,0.0,1.5
Mullaitivu,2025-07-25,2025-08-16,4,test,0.0,0.0,1.25
Mullaitivu,2025-08-01,2025-08-23,4,test,1.0,0.0,0.5
Mullaitivu,2025-08-08,2025-08-30,4,test,0.0,0.0,0.0
Mullaitivu,2025-08-15,2025-09-06,4,test,2.0,0.0,0.0
Mullaitivu,2025-08-22,2025-09-13,4,test,2.0,0.0,0.0
Mullaitivu,2025-08-29,2025-09-20,4,test,0.0,1.0,0.0
Mullaitivu,2025-09-05,2025-09-27,4,test,1.0,0.0,0.25
Mullaitivu,2025-09-12,2025-10-04,4,test,0.0,2.0,0.25
Mullaitivu,2025-09-19,2025-10-11,4,test,0.0,2.0,0.75
Mullaitivu,2025-09-26,2025-10-18,4,test,0.0,0.0,1.25
Mullaitivu,2025-10-03,2025-10-25,4,test,1.0,1.0,1.0
Mullaitivu,2025-10-10,2025-11-01,4,test,0.0,0.0,1.25
Mullaitivu,2025-10-17,2025-11-08,4,test,2.0,0.0,0.75
Mullaitivu,2025-10-24,2025-11-15,4,test,4.0,0.0,0.25
Mullaitivu,2025-10-31,2025-11-22,4,test,2.0,1.0,0.25
Mullaitivu,2025-11-07,2025-11-29,4,test,0.0,0.0,0.25
Mullaitivu,2025-11-14,2025-12-06,4,test,2.0,2.0,0.25
Mullaitivu,2025-11-21,2025-12-13,4,test,3.0,4.0,0.75
Nuwara Eliya,2024-12-13,2025-01-04,4,test,8.0,1.0,2.25
Nuwara Eliya,2024-12-20,2025-01-11,4,test,1.0,3.0,2.5
Nuwara Eliya,2024-12-27,2025-01-18,4,test,10.0,10.0,2.25
Nuwara Eliya,2025-01-03,2025-01-25,4,test,6.0,5.0,4.0
Nuwara Eliya,2025-01-10,2025-02-01,4,test,4.0,8.0,4.75
Nuwara Eliya,2025-01-17,2025-02-08,4,test,4.0,1.0,6.5
Nuwara Eliya,2025-01-24,2025-02-15,4,test,6.0,10.0,6.0
Nuwara Eliya,2025-01-31,2025-02-22,4,test,2.0,6.0,6.0
Nuwara Eliya,2025-02-07,2025-03-01,4,test,2.0,4.0,6.25
Nuwara Eliya,2025-02-14,2025-03-08,4,test,1.0,4.0,5.25
Nuwara Eliya,2025-02-21,2025-03-15,4,test,6.0,6.0,6.0
Nuwara Eliya,2025-02-28,2025-03-22,4,test,4.0,2.0,5.0
Nuwara Eliya,2025-03-07,2025-03-29,4,test,3.0,2.0,4.0
Nuwara Eliya,2025-03-14,2025-04-05,4,test,1.0,1.0,3.5
Nuwara Eliya,2025-03-21,2025-04-12,4,test,3.0,6.0,2.75
Nuwara Eliya,2025-03-28,2025-04-19,4,test,6.0,4.0,2.75
Nuwara Eliya,2025-04-04,2025-04-26,4,test,6.0,3.0,3.25
Nuwara Eliya,2025-04-11,2025-05-03,4,test,7.0,1.0,3.5
Nuwara Eliya,2025-04-18,2025-05-10,4,test,9.0,3.0,3.5
Nuwara Eliya,2025-04-25,2025-05-17,4,test,4.0,6.0,2.75
Nuwara Eliya,2025-05-02,2025-05-24,4,test,7.0,6.0,3.25
Nuwara Eliya,2025-05-09,2025-05-31,4,test,9.0,7.0,4.0
Nuwara Eliya,2025-05-16,2025-06-07,4,test,17.0,9.0,5.5
Nuwara Eliya,2025-05-23,2025-06-14,4,test,20.0,4.0,7.0
Nuwara Eliya,2025-05-30,2025-06-21,4,test,6.0,7.0,6.5
Nuwara Eliya,2025-06-06,2025-06-28,4,test,8.0,9.0,6.75
Nuwara Eliya,2025-06-13,2025-07-05,4,test,10.0,17.0,7.25
Nuwara Eliya,2025-06-20,2025-07-12,4,test,24.0,20.0,9.25
Nuwara Eliya,2025-06-27,2025-07-19,4,test,18.0,6.0,13.25
Nuwara Eliya,2025-07-04,2025-07-26,4,test,9.0,8.0,13.0
Nuwara Eliya,2025-07-11,2025-08-02,4,test,10.0,10.0,12.75
Nuwara Eliya,2025-07-18,2025-08-09,4,test,3.0,24.0,11.0
Nuwara Eliya,2025-07-25,2025-08-16,4,test,8.0,18.0,12.0
Nuwara Eliya,2025-08-01,2025-08-23,4,test,5.0,9.0,15.0
Nuwara Eliya,2025-08-08,2025-08-30,4,test,7.0,10.0,15.25
Nuwara Eliya,2025-08-15,2025-09-06,4,test,5.0,3.0,15.25
Nuwara Eliya,2025-08-22,2025-09-13,4,test,6.0,8.0,10.0
Nuwara Eliya,2025-08-29,2025-09-20,4,test,6.0,5.0,7.5
Nuwara Eliya,2025-09-05,2025-09-27,4,test,10.0,7.0,6.5
Nuwara Eliya,2025-09-12,2025-10-04,4,test,10.0,5.0,5.75
Nuwara Eliya,2025-09-19,2025-10-11,4,test,5.0,6.0,6.25
Nuwara Eliya,2025-09-26,2025-10-18,4,test,2.0,6.0,5.75
Nuwara Eliya,2025-10-03,2025-10-25,4,test,5.0,10.0,6.0
Nuwara Eliya,2025-10-10,2025-11-01,4,test,5.0,10.0,6.75
Nuwara Eliya,2025-10-17,2025-11-08,4,test,5.0,5.0,8.0
Nuwara Eliya,2025-10-24,2025-11-15,4,test,8.0,2.0,7.75
Nuwara Eliya,2025-10-31,2025-11-22,4,test,8.0,5.0,6.75
Nuwara Eliya,2025-11-07,2025-11-29,4,test,1.0,5.0,5.5
Nuwara Eliya,2025-11-14,2025-12-06,4,test,3.0,5.0,4.25
Nuwara Eliya,2025-11-21,2025-12-13,4,test,7.0,8.0,4.25
Polonnaruwa,2024-12-13,2025-01-04,4,test,6.0,5.0,9.0
Polonnaruwa,2024-12-20,2025-01-11,4,test,7.0,3.0,8.5
Polonnaruwa,2024-12-27,2025-01-18,4,test,3.0,6.0,7.75
Polonnaruwa,2025-01-03,2025-01-25,4,test,8.0,14.0,5.0
Polonnaruwa,2025-01-10,2025-02-01,4,test,10.0,6.0,7.0
Polonnaruwa,2025-01-17,2025-02-08,4,test,10.0,7.0,7.25
Polonnaruwa,2025-01-24,2025-02-15,4,test,9.0,3.0,8.25
Polonnaruwa,2025-01-31,2025-02-22,4,test,6.0,8.0,7.5
Polonnaruwa,2025-02-07,2025-03-01,4,test,18.0,10.0,6.0
Polonnaruwa,2025-02-14,2025-03-08,4,test,3.0,10.0,7.0
Polonnaruwa,2025-02-21,2025-03-15,4,test,6.0,9.0,7.75
Polonnaruwa,2025-02-28,2025-03-22,4,test,4.0,6.0,9.25
Polonnaruwa,2025-03-07,2025-03-29,4,test,5.0,18.0,8.75
Polonnaruwa,2025-03-14,2025-04-05,4,test,6.0,3.0,10.75
Polonnaruwa,2025-03-21,2025-04-12,4,test,5.0,6.0,9.0
Polonnaruwa,2025-03-28,2025-04-19,4,test,8.0,4.0,8.25
Polonnaruwa,2025-04-04,2025-04-26,4,test,10.0,5.0,7.75
Polonnaruwa,2025-04-11,2025-05-03,4,test,10.0,6.0,4.5
Polonnaruwa,2025-04-18,2025-05-10,4,test,7.0,5.0,5.25
Polonnaruwa,2025-04-25,2025-05-17,4,test,6.0,8.0,5.0
Polonnaruwa,2025-05-02,2025-05-24,4,test,12.0,10.0,6.0
Polonnaruwa,2025-05-09,2025-05-31,4,test,15.0,10.0,7.25
Polonnaruwa,2025-05-16,2025-06-07,4,test,12.0,7.0,8.25
Polonnaruwa,2025-05-23,2025-06-14,4,test,21.0,6.0,8.75
Polonnaruwa,2025-05-30,2025-06-21,4,test,10.0,12.0,8.25
Polonnaruwa,2025-06-06,2025-06-28,4,test,14.0,15.0,8.75
Polonnaruwa,2025-06-13,2025-07-05,4,test,11.0,12.0,10.0
Polonnaruwa,2025-06-20,2025-07-12,4,test,14.0,21.0,11.25
Polonnaruwa,2025-06-27,2025-07-19,4,test,15.0,10.0,15.0
Polonnaruwa,2025-07-04,2025-07-26,4,test,8.0,14.0,14.5
Polonnaruwa,2025-07-11,2025-08-02,4,test,2.0,11.0,14.25
Polonnaruwa,2025-07-18,2025-08-09,4,test,3.0,14.0,14.0
Polonnaruwa,2025-07-25,2025-08-16,4,test,5.0,15.0,12.25
Polonnaruwa,2025-08-01,2025-08-23,4,test,2.0,8.0,13.5
Polonnaruwa,2025-08-08,2025-08-30,4,test,4.0,2.0,12.0
Polonnaruwa,2025-08-15,2025-09-06,4,test,2.0,3.0,9.75
Polonnaruwa,2025-08-22,2025-09-13,4,test,2.0,5.0,7.0
Polonnaruwa,2025-08-29,2025-09-20,4,test,3.0,2.0,4.5
Polonnaruwa,2025-09-05,2025-09-27,4,test,7.0,4.0,3.0
Polonnaruwa,2025-09-12,2025-10-04,4,test,6.0,2.0,3.5
Polonnaruwa,2025-09-19,2025-10-11,4,test,4.0,2.0,3.25
Polonnaruwa,2025-09-26,2025-10-18,4,test,3.0,3.0,2.5
Polonnaruwa,2025-10-03,2025-10-25,4,test,3.0,7.0,2.75
Polonnaruwa,2025-10-10,2025-11-01,4,test,3.0,6.0,3.5
Polonnaruwa,2025-10-17,2025-11-08,4,test,15.0,4.0,4.5
Polonnaruwa,2025-10-24,2025-11-15,4,test,15.0,3.0,5.0
Polonnaruwa,2025-10-31,2025-11-22,4,test,8.0,3.0,5.0
Polonnaruwa,2025-11-07,2025-11-29,4,test,5.0,3.0,4.0
Polonnaruwa,2025-11-14,2025-12-06,4,test,6.0,15.0,3.25
Polonnaruwa,2025-11-21,2025-12-13,4,test,14.0,15.0,6.0
Puttalam,2024-12-13,2025-01-04,4,test,45.0,31.0,25.0
Puttalam,2024-12-20,2025-01-11,4,test,17.0,39.0,28.0
Puttalam,2024-12-27,2025-01-18,4,test,16.0,23.0,30.25
Puttalam,2025-01-03,2025-01-25,4,test,22.0,30.0,30.25
Puttalam,2025-01-10,2025-02-01,4,test,16.0,45.0,30.75
Puttalam,2025-01-17,2025-02-08,4,test,16.0,17.0,34.25
Puttalam,2025-01-24,2025-02-15,4,test,24.0,16.0,28.75
Puttalam,2025-01-31,2025-02-22,4,test,23.0,22.0,27.0
Puttalam,2025-02-07,2025-03-01,4,test,24.0,16.0,25.0
Puttalam,2025-02-14,2025-03-08,4,test,15.0,16.0,17.75
Puttalam,2025-02-21,2025-03-15,4,test,10.0,24.0,17.5
Puttalam,2025-02-28,2025-03-22,4,test,14.0,23.0,19.5
Puttalam,2025-03-07,2025-03-29,4,test,11.0,24.0,19.75
Puttalam,2025-03-14,2025-04-05,4,test,8.0,15.0,21.75
Puttalam,2025-03-21,2025-04-12,4,test,7.0,10.0,21.5
Puttalam,2025-03-28,2025-04-19,4,test,10.0,14.0,18.0
Puttalam,2025-04-04,2025-04-26,4,test,9.0,11.0,15.75
Puttalam,2025-04-11,2025-05-03,4,test,12.0,8.0,12.5
Puttalam,2025-04-18,2025-05-10,4,test,8.0,7.0,10.75
Puttalam,2025-04-25,2025-05-17,4,test,13.0,10.0,10.0
Puttalam,2025-05-02,2025-05-24,4,test,11.0,9.0,9.0
Puttalam,2025-05-09,2025-05-31,4,test,17.0,12.0,8.5
Puttalam,2025-05-16,2025-06-07,4,test,10.0,8.0,9.5
Puttalam,2025-05-23,2025-06-14,4,test,10.0,13.0,9.75
Puttalam,2025-05-30,2025-06-21,4,test,7.0,11.0,10.5
Puttalam,2025-06-06,2025-06-28,4,test,12.0,17.0,11.0
Puttalam,2025-06-13,2025-07-05,4,test,7.0,10.0,12.25
Puttalam,2025-06-20,2025-07-12,4,test,12.0,10.0,12.75
Puttalam,2025-06-27,2025-07-19,4,test,12.0,7.0,12.0
Puttalam,2025-07-04,2025-07-26,4,test,15.0,12.0,11.0
Puttalam,2025-07-11,2025-08-02,4,test,17.0,7.0,9.75
Puttalam,2025-07-18,2025-08-09,4,test,11.0,12.0,9.0
Puttalam,2025-07-25,2025-08-16,4,test,4.0,12.0,9.5
Puttalam,2025-08-01,2025-08-23,4,test,9.0,15.0,10.75
Puttalam,2025-08-08,2025-08-30,4,test,5.0,17.0,11.5
Puttalam,2025-08-15,2025-09-06,4,test,10.0,11.0,14.0
Puttalam,2025-08-22,2025-09-13,4,test,6.0,4.0,13.75
Puttalam,2025-08-29,2025-09-20,4,test,4.0,9.0,11.75
Puttalam,2025-09-05,2025-09-27,4,test,5.0,5.0,10.25
Puttalam,2025-09-12,2025-10-04,4,test,5.0,10.0,7.25
Puttalam,2025-09-19,2025-10-11,4,test,12.0,6.0,7.0
Puttalam,2025-09-26,2025-10-18,4,test,5.0,4.0,7.5
Puttalam,2025-10-03,2025-10-25,4,test,11.0,5.0,6.25
Puttalam,2025-10-10,2025-11-01,4,test,23.0,5.0,6.25
Puttalam,2025-10-17,2025-11-08,4,test,20.0,12.0,5.0
Puttalam,2025-10-24,2025-11-15,4,test,18.0,5.0,6.5
Puttalam,2025-10-31,2025-11-22,4,test,10.0,11.0,6.75
Puttalam,2025-11-07,2025-11-29,4,test,13.0,23.0,8.25
Puttalam,2025-11-14,2025-12-06,4,test,30.0,20.0,12.75
Puttalam,2025-11-21,2025-12-13,4,test,22.0,18.0,14.75
Ratnapura,2024-12-13,2025-01-04,4,test,56.0,44.0,46.5
Ratnapura,2024-12-20,2025-01-11,4,test,46.0,20.0,47.25
Ratnapura,2024-12-27,2025-01-18,4,test,70.0,47.0,38.75
Ratnapura,2025-01-03,2025-01-25,4,test,58.0,30.0,37.25
Ratnapura,2025-01-10,2025-02-01,4,test,47.0,56.0,35.25
Ratnapura,2025-01-17,2025-02-08,4,test,47.0,46.0,38.25
Ratnapura,2025-01-24,2025-02-15,4,test,50.0,70.0,44.75
Ratnapura,2025-01-31,2025-02-22,4,test,47.0,58.0,50.5
Ratnapura,2025-02-07,2025-03-01,4,test,13.0,47.0,57.5
Ratnapura,2025-02-14,2025-03-08,4,test,46.0,47.0,55.25
Ratnapura,2025-02-21,2025-03-15,4,test,56.0,50.0,55.5
Ratnapura,2025-02-28,2025-03-22,4,test,45.0,47.0,50.5
Ratnapura,2025-03-07,2025-03-29,4,test,54.0,13.0,47.75
Ratnapura,2025-03-14,2025-04-05,4,test,146.0,46.0,39.25
Ratnapura,2025-03-21,2025-04-12,4,test,146.0,56.0,39.0
Ratnapura,2025-03-28,2025-04-19,4,test,319.0,45.0,40.5
Ratnapura,2025-04-04,2025-04-26,4,test,273.0,54.0,40.0
Ratnapura,2025-04-11,2025-05-03,4,test,242.0,146.0,50.25
Ratnapura,2025-04-18,2025-05-10,4,test,251.0,146.0,75.25
Ratnapura,2025-04-25,2025-05-17,4,test,203.0,319.0,97.75
Ratnapura,2025-05-02,2025-05-24,4,test,197.0,273.0,166.25
Ratnapura,2025-05-09,2025-05-31,4,test,172.0,242.0,221.0
Ratnapura,2025-05-16,2025-06-07,4,test,145.0,251.0,245.0
Ratnapura,2025-05-23,2025-06-14,4,test,118.0,203.0,271.25
Ratnapura,2025-05-30,2025-06-21,4,test,120.0,197.0,242.25
Ratnapura,2025-06-06,2025-06-28,4,test,104.0,172.0,223.25
Ratnapura,2025-06-13,2025-07-05,4,test,97.0,145.0,205.75
Ratnapura,2025-06-20,2025-07-12,4,test,93.0,118.0,179.25
Ratnapura,2025-06-27,2025-07-19,4,test,99.0,120.0,158.0
Ratnapura,2025-07-04,2025-07-26,4,test,91.0,104.0,138.75
Ratnapura,2025-07-11,2025-08-02,4,test,64.0,97.0,121.75
Ratnapura,2025-07-18,2025-08-09,4,test,79.0,93.0,109.75
Ratnapura,2025-07-25,2025-08-16,4,test,62.0,99.0,103.5
Ratnapura,2025-08-01,2025-08-23,4,test,60.0,91.0,98.25
Ratnapura,2025-08-08,2025-08-30,4,test,59.0,64.0,95.0
Ratnapura,2025-08-15,2025-09-06,4,test,15.0,79.0,86.75
Ratnapura,2025-08-22,2025-09-13,4,test,65.0,62.0,83.25
Ratnapura,2025-08-29,2025-09-20,4,test,63.0,60.0,74.0
Ratnapura,2025-09-05,2025-09-27,4,test,70.0,59.0,66.25
Ratnapura,2025-09-12,2025-10-04,4,test,41.0,15.0,65.0
Ratnapura,2025-09-19,2025-10-11,4,test,42.0,65.0,49.0
Ratnapura,2025-09-26,2025-10-18,4,test,36.0,63.0,49.75
Ratnapura,2025-10-03,2025-10-25,4,test,57.0,70.0,50.5
Ratnapura,2025-10-10,2025-11-01,4,test,47.0,41.0,53.25
Ratnapura,2025-10-17,2025-11-08,4,test,43.0,42.0,59.75
Ratnapura,2025-10-24,2025-11-15,4,test,54.0,36.0,54.0
Ratnapura,2025-10-31,2025-11-22,4,test,54.0,57.0,47.25
Ratnapura,2025-11-07,2025-11-29,4,test,64.0,47.0,44.0
Ratnapura,2025-11-14,2025-12-06,4,test,43.0,43.0,45.5
Ratnapura,2025-11-21,2025-12-13,4,test,60.0,54.0,45.75
Trincomalee,2024-12-13,2025-01-04,4,test,34.0,20.0,13.0
Trincomalee,2024-12-20,2025-01-11,4,test,34.0,19.0,14.0
Trincomalee,2024-12-27,2025-01-18,4,test,23.0,30.0,15.5
Trincomalee,2025-01-03,2025-01-25,4,test,22.0,28.0,20.75
Trincomalee,2025-01-10,2025-02-01,4,test,28.0,34.0,24.25
Trincomalee,2025-01-17,2025-02-08,4,test,28.0,34.0,27.75
Trincomalee,2025-01-24,2025-02-15,4,test,29.0,23.0,31.5
Trincomalee,2025-01-31,2025-02-22,4,test,25.0,22.0,29.75
Trincomalee,2025-02-07,2025-03-01,4,test,17.0,28.0,28.25
Trincomalee,2025-02-14,2025-03-08,4,test,25.0,28.0,26.75
Trincomalee,2025-02-21,2025-03-15,4,test,23.0,29.0,25.25
Trincomalee,2025-02-28,2025-03-22,4,test,28.0,25.0,26.75
Trincomalee,2025-03-07,2025-03-29,4,test,36.0,17.0,27.5
Trincomalee,2025-03-14,2025-04-05,4,test,33.0,25.0,24.75
Trincomalee,2025-03-21,2025-04-12,4,test,44.0,23.0,24.0
Trincomalee,2025-03-28,2025-04-19,4,test,46.0,28.0,22.5
Trincomalee,2025-04-04,2025-04-26,4,test,64.0,36.0,23.25
Trincomalee,2025-04-11,2025-05-03,4,test,55.0,33.0,28.0
Trincomalee,2025-04-18,2025-05-10,4,test,45.0,44.0,30.0
Trincomalee,2025-04-25,2025-05-17,4,test,43.0,46.0,35.25
Trincomalee,2025-05-02,2025-05-24,4,test,39.0,64.0,39.75
Trincomalee,2025-05-09,2025-05-31,4,test,40.0,55.0,46.75
Trincomalee,2025-05-16,2025-06-07,4,test,16.0,45.0,52.25
Trincomalee,2025-05-23,2025-06-14,4,test,16.0,43.0,52.5
Trincomalee,2025-05-30,2025-06-21,4,test,12.0,39.0,51.75
Trincomalee,2025-06-06,2025-06-28,4,test,8.0,40.0,45.5
Trincomalee,2025-06-13,2025-07-05,4,test,11.0,16.0,41.75
Trincomalee,2025-06-20,2025-07-12,4,test,11.0,16.0,34.5
Trincomalee,2025-06-27,2025-07-19,4,test,7.0,12.0,27.75
Trincomalee,2025-07-04,2025-07-26,4,test,9.0,8.0,21.0
Trincomalee,2025-07-11,2025-08-02,4,test,4.0,11.0,13.0
Trincomalee,2025-07-18,2025-08-09,4,test,2.0,11.0,11.75
Trincomalee,2025-07-25,2025-08-16,4,test,4.0,7.0,10.5
Trincomalee,2025-08-01,2025-08-23,4,test,4.0,9.0,9.25
Trincomalee,2025-08-08,2025-08-30,4,test,3.0,4.0,9.5
Trincomalee,2025-08-15,2025-09-06,4,test,5.0,2.0,7.75
Trincomalee,2025-08-22,2025-09-13,4,test,2.0,4.0,5.5
Trincomalee,2025-08-29,2025-09-20,4,test,6.0,4.0,4.75
Trincomalee,2025-09-05,2025-09-27,4,test,8.0,3.0,3.5
Trincomalee,2025-09-12,2025-10-04,4,test,1.0,5.0,3.25
Trincomalee,2025-09-19,2025-10-11,4,test,5.0,2.0,4.0
Trincomalee,2025-09-26,2025-10-18,4,test,7.0,6.0,3.5
Trincomalee,2025-10-03,2025-10-25,4,test,15.0,8.0,4.0
Trincomalee,2025-10-10,2025-11-01,4,test,12.0,1.0,5.25
Trincomalee,2025-10-17,2025-11-08,4,test,11.0,5.0,4.25
Trincomalee,2025-10-24,2025-11-15,4,test,19.0,7.0,5.0
Trincomalee,2025-10-31,2025-11-22,4,test,16.0,15.0,5.25
Trincomalee,2025-11-07,2025-11-29,4,test,8.0,12.0,7.0
Trincomalee,2025-11-14,2025-12-06,4,test,26.0,11.0,9.75
Trincomalee,2025-11-21,2025-12-13,4,test,9.0,19.0,11.25
Vavuniya,2024-12-13,2025-01-04,4,test,2.0,4.0,2.5
Vavuniya,2024-12-20,2025-01-11,4,test,2.0,4.0,3.5
Vavuniya,2024-12-27,2025-01-18,4,test,2.0,2.0,3.25
Vavuniya,2025-01-03,2025-01-25,4,test,3.0,4.0,3.0
Vavuniya,2025-01-10,2025-02-01,4,test,2.0,2.0,3.5
Vavuniya,2025-01-17,2025-02-08,4,test,2.0,2.0,3.0
Vavuniya,2025-01-24,2025-02-15,4,test,0.0,2.0,2.5
Vavuniya,2025-01-31,2025-02-22,4,test,5.0,3.0,2.5
Vavuniya,2025-02-07,2025-03-01,4,test,0.0,2.0,2.25
Vavuniya,2025-02-14,2025-03-08,4,test,1.0,2.0,2.25
Vavuniya,2025-02-21,2025-03-15,4,test,1.0,0.0,2.25
Vavuniya,2025-02-28,2025-03-22,4,test,1.0,5.0,1.75
Vavuniya,2025-03-07,2025-03-29,4,test,3.0,0.0,2.25
Vavuniya,2025-03-14,2025-04-05,4,test,0.0,1.0,1.75
Vavuniya,2025-03-21,2025-04-12,4,test,5.0,1.0,1.5
Vavuniya,2025-03-28,2025-04-19,4,test,1.0,1.0,1.75
Vavuniya,2025-04-04,2025-04-26,4,test,3.0,3.0,0.75
Vavuniya,2025-04-11,2025-05-03,4,test,0.0,0.0,1.5
Vavuniya,2025-04-18,2025-05-10,4,test,2.0,5.0,1.25
Vavuniya,2025-04-25,2025-05-17,4,test,2.0,1.0,2.25
Vavuniya,2025-05-02,2025-05-24,4,test,1.0,3.0,2.25
Vavuniya,2025-05-09,2025-05-31,4,test,5.0,0.0,2.25
Vavuniya,2025-05-16,2025-06-07,4,test,2.0,2.0,2.25
Vavuniya,2025-05-23,2025-06-14,4,test,4.0,2.0,1.5
Vavuniya,2025-05-30,2025-06-21,4,test,3.0,1.0,1.75
Vavuniya,2025-06-06,2025-06-28,4,test,3.0,5.0,1.25
Vavuniya,2025-06-13,2025-07-05,4,test,2.0,2.0,2.5
Vavuniya,2025-06-20,2025-07-12,4,test,3.0,4.0,2.5
Vavuniya,2025-06-27,2025-07-19,4,test,0.0,3.0,3.0
Vavuniya,2025-07-04,2025-07-26,4,test,1.0,3.0,3.5
Vavuniya,2025-07-11,2025-08-02,4,test,0.0,2.0,3.0
Vavuniya,2025-07-18,2025-08-09,4,test,2.0,3.0,3.0
Vavuniya,2025-07-25,2025-08-16,4,test,3.0,0.0,2.75
Vavuniya,2025-08-01,2025-08-23,4,test,0.0,1.0,2.0
Vavuniya,2025-08-08,2025-08-30,4,test,0.0,0.0,1.5
Vavuniya,2025-08-15,2025-09-06,4,test,2.0,2.0,1.0
Vavuniya,2025-08-22,2025-09-13,4,test,1.0,3.0,0.75
Vavuniya,2025-08-29,2025-09-20,4,test,0.0,0.0,1.5
Vavuniya,2025-09-05,2025-09-27,4,test,0.0,0.0,1.25
Vavuniya,2025-09-12,2025-10-04,4,test,4.0,2.0,1.25
Vavuniya,2025-09-19,2025-10-11,4,test,2.0,1.0,1.25
Vavuniya,2025-09-26,2025-10-18,4,test,0.0,0.0,0.75
Vavuniya,2025-10-03,2025-10-25,4,test,1.0,0.0,0.75
Vavuniya,2025-10-10,2025-11-01,4,test,1.0,4.0,0.75
Vavuniya,2025-10-17,2025-11-08,4,test,2.0,2.0,1.25
Vavuniya,2025-10-24,2025-11-15,4,test,0.0,0.0,1.5
Vavuniya,2025-10-31,2025-11-22,4,test,0.0,1.0,1.5
Vavuniya,2025-11-07,2025-11-29,4,test,1.0,1.0,1.75
Vavuniya,2025-11-14,2025-12-06,4,test,2.0,2.0,1.0
Vavuniya,2025-11-21,2025-12-13,4,test,3.0,0.0,1.0
