district,forecast_origin_date,target_date,horizon_weeks,split,training_stage,actual,prediction_lightgbm,prediction_persistence
Ampara,2024-01-05,2024-01-06,1,validation,train_only,45.0,65.73773795635826,78.0
Ampara,2024-01-12,2024-01-13,1,validation,train_only,101.0,56.184361239500106,45.0
Ampara,2024-01-19,2024-01-20,1,validation,train_only,71.0,93.969805199743,101.0
Ampara,2024-01-26,2024-01-27,1,validation,train_only,56.0,76.22282087035825,71.0
Ampara,2024-02-02,2024-02-03,1,validation,train_only,80.0,59.32319160411274,56.0
Ampara,2024-02-09,2024-02-10,1,validation,train_only,75.0,71.49384264179946,80.0
Ampara,2024-02-16,2024-02-17,1,validation,train_only,25.0,64.73400104872124,75.0
Ampara,2024-02-23,2024-02-24,1,validation,train_only,28.0,46.40578103074586,25.0
Ampara,2024-03-01,2024-03-02,1,validation,train_only,36.0,28.82380418928071,28.0
Ampara,2024-03-08,2024-03-09,1,validation,train_only,35.0,31.423410128215938,36.0
Ampara,2024-03-15,2024-03-16,1,validation,train_only,25.0,30.325842365234124,35.0
Ampara,2024-03-22,2024-03-23,1,validation,train_only,12.0,26.41877378521154,25.0
Ampara,2024-03-29,2024-03-30,1,validation,train_only,15.0,21.162812197557724,12.0
Ampara,2024-04-05,2024-04-06,1,validation,train_only,8.0,16.111730558510423,15.0
Ampara,2024-04-12,2024-04-13,1,validation,train_only,8.0,13.278743193187786,8.0
Ampara,2024-04-19,2024-04-20,1,validation,train_only,12.0,10.896411898827811,8.0
Ampara,2024-04-26,2024-04-27,1,validation,train_only,12.0,10.8539037117997,12.0
Ampara,2024-05-03,2024-05-04,1,validation,train_only,7.0,11.742048817155661,12.0
Ampara,2024-05-10,2024-05-11,1,validation,train_only,4.0,8.968419906200381,7.0
Ampara,2024-05-17,2024-05-18,1,validation,train_only,3.0,5.930930045573769,4.0
Ampara,2024-05-24,2024-05-25,1,validation,train_only,14.0,4.803225459170861,3.0
Ampara,2024-05-31,2024-06-01,1,validation,train_only,11.0,9.301356003553412,14.0
Ampara,2024-06-07,2024-06-08,1,validation,train_only,13.0,11.646587286159992,11.0
Ampara,2024-06-14,2024-06-15,1,validation,train_only,8.0,13.077669157928279,13.0
Ampara,2024-06-21,2024-06-22,1,validation,train_only,23.0,9.958247621385672,8.0
Ampara,2024-06-28,2024-06-29,1,validation,train_only,11.0,20.28321340095956,23.0
Ampara,2024-07-05,2024-07-06,1,validation,train_only,18.0,14.50232635863398,11.0
Ampara,2024-07-12,2024-07-13,1,validation,train_only,12.0,14.911465256350036,18.0
Ampara,2024-07-19,2024-07-20,1,validation,train_only,8.0,13.577651192459454,12.0
Ampara,2024-07-26,2024-07-27,1,validation,train_only,20.0,11.679702427373519,8.0
Ampara,2024-08-02,2024-08-03,1,validation,train_only,12.0,15.05789176723349,20.0
Ampara,2024-08-09,2024-08-10,1,validation,train_only,16.0,13.11551595684315,12.0
Ampara,2024-08-16,2024-08-17,1,validation,train_only,38.0,14.200707230978255,16.0
Ampara,2024-08-23,2024-08-24,1,validation,train_only,17.0,27.04432290653503,38.0
Ampara,2024-08-30,2024-08-31,1,validation,train_only,9.0,23.759447990532788,17.0
Ampara,2024-09-06,2024-09-07,1,validation,train_only,24.0,16.177886574165758,9.0
Ampara,2024-09-13,2024-09-14,1,validation,train_only,5.0,20.37256841351334,24.0
Ampara,2024-09-20,2024-09-21,1,validation,train_only,7.0,13.978347171568924,5.0
Ampara,2024-09-27,2024-09-28,1,validation,train_only,4.0,9.677919182755105,7.0
Ampara,2024-10-04,2024-10-05,1,validation,train_only,7.0,4.790553568906365,4.0
Ampara,2024-10-11,2024-10-12,1,validation,train_only,6.0,5.762895500909126,7.0
Ampara,2024-10-18,2024-10-19,1,validation,train_only,6.0,6.271614166283066,6.0
Ampara,2024-10-25,2024-10-26,1,validation,train_only,1.0,6.590897188392883,6.0
Ampara,2024-11-01,2024-11-02,1,validation,train_only,14.0,5.2498627223697305,1.0
Ampara,2024-11-08,2024-11-09,1,validation,train_only,6.0,10.423497294412098,14.0
Ampara,2024-11-15,2024-11-16,1,validation,train_only,9.0,8.656495481270152,6.0
Ampara,2024-11-22,2024-11-23,1,validation,train_only,5.0,10.764539049369052,9.0
Ampara,2024-11-29,2024-11-30,1,validation,train_only,5.0,8.505896206384193,5.0
Ampara,2024-12-06,2024-12-07,1,validation,train_only,10.0,6.828318844166577,5.0
Ampara,2024-12-13,2024-12-14,1,validation,train_only,6.0,10.442880858538237,10.0
Ampara,2024-12-20,2024-12-21,1,validation,train_only,15.0,9.237534969773572,6.0
Ampara,2024-12-27,2024-12-28,1,validation,train_only,58.0,16.4831314356512,15.0
Anuradhapura,2024-01-05,2024-01-06,1,validation,train_only,28.0,36.219605897376084,28.0
Anuradhapura,2024-01-12,2024-01-13,1,validation,train_only,95.0,30.006570040530907,28.0
Anuradhapura,2024-01-19,2024-01-20,1,validation,train_only,34.0,71.26607206906418,95.0
Anuradhapura,2024-01-26,2024-01-27,1,validation,train_only,11.0,52.235067585661106,34.0
Anuradhapura,2024-02-02,2024-02-03,1,validation,train_only,69.0,27.96522728587178,11.0
Anuradhapura,2024-02-09,2024-02-10,1,validation,train_only,29.0,48.51918347243046,69.0
Anuradhapura,2024-02-16,2024-02-17,1,validation,train_only,53.0,36.170537809156,29.0
Anuradhapura,2024-02-23,2024-02-24,1,validation,train_only,50.0,40.43740978859337,53.0
Anuradhapura,2024-03-01,2024-03-02,1,validation,train_only,42.0,42.94486351832128,50.0
Anuradhapura,2024-03-08,2024-03-09,1,validation,train_only,33.0,39.57290985108574,42.0
Anuradhapura,2024-03-15,2024-03-16,1,validation,train_only,18.0,31.311896562210727,33.0
Anuradhapura,2024-03-22,2024-03-23,1,validation,train_only,11.0,22.55403369954346,18.0
Anuradhapura,2024-03-29,2024-03-30,1,validation,train_only,5.0,16.970274095568648,11.0
Anuradhapura,2024-04-05,2024-04-06,1,validation,train_only,5.0,11.80529489123532,5.0
Anuradhapura,2024-04-12,2024-04-13,1,validation,train_only,4.0,9.174978778353678,5.0
Anuradhapura,2024-04-19,2024-04-20,1,validation,train_only,3.0,4.600062208089629,4.0
Anuradhapura,2024-04-26,2024-04-27,1,validation,train_only,4.0,4.18062384716545,3.0
Anuradhapura,2024-05-03,2024-05-04,1,validation,train_only,5.0,3.0733371865041006,4.0
Anuradhapura,2024-05-10,2024-05-11,1,validation,train_only,7.0,4.579514187784116,5.0
Anuradhapura,2024-05-17,2024-05-18,1,validation,train_only,4.0,5.455957464655533,7.0
Anuradhapura,2024-05-24,2024-05-25,1,validation,train_only,5.0,5.100886549067467,4.0
Anuradhapura,2024-05-31,2024-06-01,1,validation,train_only,14.0,6.020953047547435,5.0
Anuradhapura,2024-06-07,2024-06-08,1,validation,train_only,8.0,10.704329658933787,14.0
Anuradhapura,2024-06-14,2024-06-15,1,validation,train_only,5.0,10.781808974839985,8.0
Anuradhapura,2024-06-21,2024-06-22,1,validation,train_only,3.0,8.581032860540956,5.0
Anuradhapura,2024-06-28,2024-06-29,1,validation,train_only,5.0,7.8188934605531815,3.0
Anuradhapura,2024-07-05,2024-07-06,1,validation,train_only,6.0,5.372727025238836,5.0
Anuradhapura,2024-07-12,2024-07-13,1,validation,train_only,11.0,5.281435322466826,6.0
Anuradhapura,2024-07-19,2024-07-20,1,validation,train_only,23.0,8.427199709204318,11.0
Anuradhapura,2024-07-26,2024-07-27,1,validation,train_only,5.0,15.865108035327665,23.0
Anuradhapura,2024-08-02,2024-08-03,1,validation,train_only,10.0,9.53771543037377,5.0
Anuradhapura,2024-08-09,2024-08-10,1,validation,train_only,16.0,10.739332207915822,10.0
Anuradhapura,2024-08-16,2024-08-17,1,validation,train_only,7.0,11.062050461972527,16.0
Anuradhapura,2024-08-23,2024-08-24,1,validation,train_only,8.0,10.358972355017556,7.0
Anuradhapura,2024-08-30,2024-08-31,1,validation,train_only,7.0,7.937029708029574,8.0
Anuradhapura,2024-09-06,2024-09-07,1,validation,train_only,8.0,6.549301316378963,7.0
Anuradhapura,2024-09-13,2024-09-14,1,validation,train_only,3.0,7.711605328624679,8.0
Anuradhapura,2024-09-20,2024-09-21,1,validation,train_only,9.0,5.014788436275279,3.0
Anuradhapura,2024-09-27,2024-09-28,1,validation,train_only,4.0,6.7599094292953765,9.0
Anuradhapura,2024-10-04,2024-10-05,1,validation,train_only,10.0,4.901626392669531,4.0
Anuradhapura,2024-10-11,2024-10-12,1,validation,train_only,5.0,9.668895717649379,10.0
Anuradhapura,2024-10-18,2024-10-19,1,validation,train_only,6.0,7.0195580407678815,5.0
Anuradhapura,2024-10-25,2024-10-26,1,validation,train_only,9.0,6.793584292846692,6.0
Anuradhapura,2024-11-01,2024-11-02,1,validation,train_only,13.0,8.815207019570602,9.0
Anuradhapura,2024-11-08,2024-11-09,1,validation,train_only,13.0,12.114282540771882,13.0
Anuradhapura,2024-11-15,2024-11-16,1,validation,train_only,18.0,13.393300042310916,13.0
Anuradhapura,2024-11-22,2024-11-23,1,validation,train_only,12.0,15.700688619632581,18.0
Anuradhapura,2024-11-29,2024-11-30,1,validation,train_only,7.0,16.19921313799192,12.0
Anuradhapura,2024-12-06,2024-12-07,1,validation,train_only,18.0,12.415696886994203,7.0
Anuradhapura,2024-12-13,2024-12-14,1,validation,train_only,22.0,15.813784363921394,18.0
Anuradhapura,2024-12-20,2024-12-21,1,validation,train_only,12.0,22.533162174981538,22.0
Anuradhapura,2024-12-27,2024-12-28,1,validation,train_only,27.0,20.384579740526565,12.0
Badulla,2024-01-05,2024-01-06,1,validation,train_only,78.0,133.13952153900286,111.0
Badulla,2024-01-12,2024-01-13,1,validation,train_only,13.0,94.92460067084903,78.0
Badulla,2024-01-19,2024-01-20,1,validation,train_only,53.0,56.73632666033437,13.0
Badulla,2024-01-26,2024-01-27,1,validation,train_only,24.0,52.45397630810393,53.0
Badulla,2024-02-02,2024-02-03,1,validation,train_only,44.0,40.931998203504264,24.0
Badulla,2024-02-09,2024-02-10,1,validation,train_only,12.0,41.17782550368346,44.0
Badulla,2024-02-16,2024-02-17,1,validation,train_only,15.0,28.182871879270788,12.0
Badulla,2024-02-23,2024-02-24,1,validation,train_only,8.0,19.768627299379308,15.0
Badulla,2024-03-01,2024-03-02,1,validation,train_only,11.0,12.802185575452043,8.0
Badulla,2024-03-08,2024-03-09,1,validation,train_only,13.0,13.20126197899887,11.0
Badulla,2024-03-15,2024-03-16,1,validation,train_only,7.0,10.890891375613403,13.0
Badulla,2024-03-22,2024-03-23,1,validation,train_only,8.0,8.34840548239549,7.0
Badulla,2024-03-29,2024-03-30,1,validation,train_only,7.0,6.8583799222848,8.0
Badulla,2024-04-05,2024-04-06,1,validation,train_only,3.0,6.14484764137181,7.0
Badulla,2024-04-12,2024-04-13,1,validation,train_only,9.0,5.112996553384832,3.0
Badulla,2024-04-19,2024-04-20,1,validation,train_only,5.0,7.250990681312763,9.0
Badulla,2024-04-26,2024-04-27,1,validation,train_only,7.0,6.673860984907493,5.0
Badulla,2024-05-03,2024-05-04,1,validation,train_only,7.0,6.521984899535225,7.0
Badulla,2024-05-10,2024-05-11,1,validation,train_only,2.0,6.707011746351111,7.0
Badulla,2024-05-17,2024-05-18,1,validation,train_only,7.0,5.528966403711007,2.0
Badulla,2024-05-24,2024-05-25,1,validation,train_only,7.0,5.9741497316688,7.0
Badulla,2024-05-31,2024-06-01,1,validation,train_only,6.0,6.329928150446605,7.0
Badulla,2024-06-07,2024-06-08,1,validation,train_only,5.0,8.08630168825021,6.0
Badulla,2024-06-14,2024-06-15,1,validation,train_only,12.0,7.997556961734063,5.0
Badulla,2024-06-21,2024-06-22,1,validation,train_only,21.0,11.338783430693404,12.0
Badulla,2024-06-28,2024-06-29,1,validation,train_only,15.0,22.48768808918745,21.0
Badulla,2024-07-05,2024-07-06,1,validation,train_only,15.0,14.870565495008726,15.0
Badulla,2024-07-12,2024-07-13,1,validation,train_only,12.0,14.737464527672905,15.0
Badulla,2024-07-19,2024-07-20,1,validation,train_only,10.0,13.63144255847579,12.0
Badulla,2024-07-26,2024-07-27,1,validation,train_only,15.0,13.96942056415547,10.0
Badulla,2024-08-02,2024-08-03,1,validation,train_only,18.0,11.84011848839204,15.0
Badulla,2024-08-09,2024-08-10,1,validation,train_only,9.0,13.84357860197348,18.0
Badulla,2024-08-16,2024-08-17,1,validation,train_only,10.0,11.363747602379954,9.0
Badulla,2024-08-23,2024-08-24,1,validation,train_only,20.0,12.416110531134926,10.0
Badulla,2024-08-30,2024-08-31,1,validation,train_only,15.0,15.707889992097822,20.0
Badulla,2024-09-06,2024-09-07,1,validation,train_only,6.0,14.812195426136476,15.0
Badulla,2024-09-13,2024-09-14,1,validation,train_only,8.0,12.04715745244941,6.0
Badulla,2024-09-20,2024-09-21,1,validation,train_only,9.0,10.209539251071847,8.0
Badulla,2024-09-27,2024-09-28,1,validation,train_only,6.0,7.709250778227183,9.0
Badulla,2024-10-04,2024-10-05,1,validation,train_only,9.0,6.79256959251492,6.0
Badulla,2024-10-11,2024-10-12,1,validation,train_only,6.0,7.455124553862457,9.0
Badulla,2024-10-18,2024-10-19,1,validation,train_only,14.0,6.9994033694320565,6.0
Badulla,2024-10-25,2024-10-26,1,validation,train_only,10.0,9.875252222086889,14.0
Badulla,2024-11-01,2024-11-02,1,validation,train_only,7.0,12.897625668723919,10.0
Badulla,2024-11-08,2024-11-09,1,validation,train_only,8.0,9.87055905029177,7.0
Badulla,2024-11-15,2024-11-16,1,validation,train_only,19.0,7.677148374059989,8.0
Badulla,2024-11-22,2024-11-23,1,validation,train_only,15.0,16.20616622188354,19.0
Badulla,2024-11-29,2024-11-30,1,validation,train_only,15.0,15.651575164039267,15.0
Badulla,2024-12-06,2024-12-07,1,validation,train_only,19.0,15.072797578028958,15.0
Badulla,2024-12-13,2024-12-14,1,validation,train_only,20.0,19.750514689147806,19.0
Badulla,2024-12-20,2024-12-21,1,validation,train_only,19.0,21.217731794330106,20.0
Badulla,2024-12-27,2024-12-28,1,validation,train_only,5.0,25.228714391490783,19.0
Batticaloa,2024-01-05,2024-01-06,1,validation,train_only,123.0,138.88478003448333,142.0
Batticaloa,2024-01-12,2024-01-13,1,validation,train_only,122.0,141.46921753498717,123.0
Batticaloa,2024-01-19,2024-01-20,1,validation,train_only,88.0,130.8206386658304,122.0
Batticaloa,2024-01-26,2024-01-27,1,validation,train_only,67.0,98.2198469842439,88.0
Batticaloa,2024-02-02,2024-02-03,1,validation,train_only,82.0,68.12496359727936,67.0
Batticaloa,2024-02-09,2024-02-10,1,validation,train_only,61.0,77.5141942931381,82.0
Batticaloa,2024-02-16,2024-02-17,1,validation,train_only,70.0,60.83656807570966,61.0
Batticaloa,2024-02-23,2024-02-24,1,validation,train_only,51.0,59.548669087932474,70.0
Batticaloa,2024-03-01,2024-03-02,1,validation,train_only,67.0,51.55674074544816,51.0
Batticaloa,2024-03-08,2024-03-09,1,validation,train_only,55.0,54.5273805547667,67.0
Batticaloa,2024-03-15,2024-03-16,1,validation,train_only,28.0,48.45081069353945,55.0
Batticaloa,2024-03-22,2024-03-23,1,validation,train_only,26.0,34.596453311096255,28.0
Batticaloa,2024-03-29,2024-03-30,1,validation,train_only,16.0,25.831092108562082,26.0
Batticaloa,2024-04-05,2024-04-06,1,validation,train_only,20.0,21.69334848218603,16.0
Batticaloa,2024-04-12,2024-04-13,1,validation,train_only,11.0,21.509886077716423,20.0
Batticaloa,2024-04-19,2024-04-20,1,validation,train_only,10.0,16.6209968987511,11.0
Batticaloa,2024-04-26,2024-04-27,1,validation,train_only,17.0,15.71287274235086,10.0
Batticaloa,2024-05-03,2024-05-04,1,validation,train_only,19.0,12.93476115016246,17.0
Batticaloa,2024-05-10,2024-05-11,1,validation,train_only,17.0,16.87238468630566,19.0
Batticaloa,2024-05-17,2024-05-18,1,validation,train_only,18.0,15.041662169624807,17.0
Batticaloa,2024-05-24,2024-05-25,1,validation,train_only,13.0,16.166550881279733,18.0
Batticaloa,2024-05-31,2024-06-01,1,validation,train_only,15.0,16.01923927431629,13.0
Batticaloa,2024-06-07,2024-06-08,1,validation,train_only,19.0,16.295595657652022,15.0
Batticaloa,2024-06-14,2024-06-15,1,validation,train_only,14.0,19.35314088054614,19.0
Batticaloa,2024-06-21,2024-06-22,1,validation,train_only,15.0,16.245012779054175,14.0
Batticaloa,2024-06-28,2024-06-29,1,validation,train_only,16.0,16.71995582738127,15.0
Batticaloa,2024-07-05,2024-07-06,1,validation,train_only,21.0,15.38377936303749,16.0
Batticaloa,2024-07-12,2024-07-13,1,validation,train_only,11.0,18.267447608919653,21.0
Batticaloa,2024-07-19,2024-07-20,1,validation,train_only,15.0,14.615646442207895,11.0
Batticaloa,2024-07-26,2024-07-27,1,validation,train_only,25.0,13.160312350071907,15.0
Batticaloa,2024-08-02,2024-08-03,1,validation,train_only,20.0,18.541801995446168,25.0
Batticaloa,2024-08-09,2024-08-10,1,validation,train_only,22.0,17.61330583222125,20.0
Batticaloa,2024-08-16,2024-08-17,1,validation,train_only,21.0,20.086973492972344,22.0
Batticaloa,2024-08-23,2024-08-24,1,validation,train_only,29.0,19.38229170862178,21.0
Batticaloa,2024-08-30,2024-08-31,1,validation,train_only,16.0,24.014408150871084,29.0
Batticaloa,2024-09-06,2024-09-07,1,validation,train_only,17.0,20.028855534350193,16.0
Batticaloa,2024-09-13,2024-09-14,1,validation,train_only,16.0,19.1658271821803,17.0
Batticaloa,2024-09-20,2024-09-21,1,validation,train_only,15.0,17.50758592009167,16.0
Batticaloa,2024-09-27,2024-09-28,1,validation,train_only,5.0,14.335574520833154,15.0
Batticaloa,2024-10-04,2024-10-05,1,validation,train_only,10.0,12.062517365110796,5.0
Batticaloa,2024-10-11,2024-10-12,1,validation,train_only,13.0,11.266031052083097,10.0
Batticaloa,2024-10-18,2024-10-19,1,validation,train_only,7.0,10.99543109093134,13.0
Batticaloa,2024-10-25,2024-10-26,1,validation,train_only,6.0,9.300904439199194,7.0
Batticaloa,2024-11-01,2024-11-02,1,validation,train_only,14.0,8.53072983063077,6.0
Batticaloa,2024-11-08,2024-11-09,1,validation,train_only,11.0,11.396577829972655,14.0
Batticaloa,2024-11-15,2024-11-16,1,validation,train_only,12.0,13.282835152819043,11.0
Batticaloa,2024-11-22,2024-11-23,1,validation,train_only,21.0,14.328011497006086,12.0
Batticaloa,2024-11-29,2024-11-30,1,validation,train_only,31.0,20.21341836466166,21.0
Batticaloa,2024-12-06,2024-12-07,1,validation,train_only,30.0,26.51360702123165,31.0
Batticaloa,2024-12-13,2024-12-14,1,validation,train_only,35.0,37.61803213702885,30.0
Batticaloa,2024-12-20,2024-12-21,1,validation,train_only,47.0,36.174899477833414,35.0
Batticaloa,2024-12-27,2024-12-28,1,validation,train_only,62.0,54.742721500686926,47.0
Colombo,2024-01-05,2024-01-06,1,validation,train_only,549.0,344.1367587703169,299.0
Colombo,2024-01-12,2024-01-13,1,validation,train_only,477.0,442.66011220433114,549.0
Colombo,2024-01-19,2024-01-20,1,validation,train_only,499.0,528.879590328727,477.0
Colombo,2024-01-26,2024-01-27,1,validation,train_only,349.0,475.11790663665306,499.0
Colombo,2024-02-02,2024-02-03,1,validation,train_only,382.0,426.6661237461594,349.0
Colombo,2024-02-09,2024-02-10,1,validation,train_only,286.0,379.8126483154678,382.0
Colombo,2024-02-16,2024-02-17,1,validation,train_only,269.0,306.79573823305986,286.0
Colombo,2024-02-23,2024-02-24,1,validation,train_only,252.0,247.54603345975423,269.0
Colombo,2024-03-01,2024-03-02,1,validation,train_only,170.0,195.45011580970458,252.0
Colombo,2024-03-08,2024-03-09,1,validation,train_only,207.0,158.65248985238992,170.0
Colombo,2024-03-15,2024-03-16,1,validation,train_only,146.0,148.54598067270024,207.0
Colombo,2024-03-22,2024-03-23,1,validation,train_only,130.0,120.85909976490684,146.0
Colombo,2024-03-29,2024-03-30,1,validation,train_only,132.0,111.28538713950167,130.0
Colombo,2024-04-05,2024-04-06,1,validation,train_only,68.0,124.6697585260239,132.0
Colombo,2024-04-12,2024-04-13,1,validation,train_only,111.0,92.6601575327908,68.0
Colombo,2024-04-19,2024-04-20,1,validation,train_only,111.0,91.34217128220712,111.0
Colombo,2024-04-26,2024-04-27,1,validation,train_only,114.0,101.66294778611929,111.0
Colombo,2024-05-03,2024-05-04,1,validation,train_only,75.0,104.55358541328289,114.0
Colombo,2024-05-10,2024-05-11,1,validation,train_only,133.0,98.35854921397608,75.0
Colombo,2024-05-17,2024-05-18,1,validation,train_only,119.0,120.64990761611611,133.0
Colombo,2024-05-24,2024-05-25,1,validation,train_only,156.0,126.97492595166648,119.0
Colombo,2024-05-31,2024-06-01,1,validation,train_only,158.0,163.90781972883659,156.0
Colombo,2024-06-07,2024-06-08,1,validation,train_only,182.0,184.84593905474324,158.0
Colombo,2024-06-14,2024-06-15,1,validation,train_only,218.0,221.75017552321393,182.0
Colombo,2024-06-21,2024-06-22,1,validation,train_only,245.0,242.68623351292104,218.0
Colombo,2024-06-28,2024-06-29,1,validation,train_only,292.0,321.2316424556681,245.0
Colombo,2024-07-05,2024-07-06,1,validation,train_only,320.0,332.57467825787757,292.0
Colombo,2024-07-12,2024-07-13,1,validation,train_only,312.0,356.6538938735941,320.0
Colombo,2024-07-19,2024-07-20,1,validation,train_only,321.0,352.9214230837288,312.0
Colombo,2024-07-26,2024-07-27,1,validation,train_only,308.0,320.9191940067086,321.0
Colombo,2024-08-02,2024-08-03,1,validation,train_only,279.0,298.75709371625743,308.0
Colombo,2024-08-09,2024-08-10,1,validation,train_only,266.0,259.3617628403984,279.0
Colombo,2024-08-16,2024-08-17,1,validation,train_only,263.0,259.39549551039914,266.0
Colombo,2024-08-23,2024-08-24,1,validation,train_only,250.0,260.09278401765675,263.0
Colombo,2024-08-30,2024-08-31,1,validation,train_only,192.0,255.65952539103995,250.0
Colombo,2024-09-06,2024-09-07,1,validation,train_only,226.0,216.13135763507424,192.0
Colombo,2024-09-13,2024-09-14,1,validation,train_only,202.0,237.29127519810635,226.0
Colombo,2024-09-20,2024-09-21,1,validation,train_only,143.0,216.46975838770632,202.0
Colombo,2024-09-27,2024-09-28,1,validation,train_only,169.0,162.15668188117945,143.0
Colombo,2024-10-04,2024-10-05,1,validation,train_only,172.0,167.5779757314959,169.0
Colombo,2024-10-11,2024-10-12,1,validation,train_only,180.0,159.96317248560527,172.0
Colombo,2024-10-18,2024-10-19,1,validation,train_only,161.0,167.20504777770606,180.0
Colombo,2024-10-25,2024-10-26,1,validation,train_only,141.0,181.0727160047198,161.0
Colombo,2024-11-01,2024-11-02,1,validation,train_only,152.0,187.80307525808402,141.0
Colombo,2024-11-08,2024-11-09,1,validation,train_only,156.0,190.940680707631,152.0
Colombo,2024-11-15,2024-11-16,1,validation,train_only,191.0,165.67858470060372,156.0
Colombo,2024-11-22,2024-11-23,1,validation,train_only,185.0,193.2924906586287,191.0
Colombo,2024-11-29,2024-11-30,1,validation,train_only,163.0,214.53578810237067,185.0
Colombo,2024-12-06,2024-12-07,1,validation,train_only,247.0,169.9475217297855,163.0
Colombo,2024-12-13,2024-12-14,1,validation,train_only,220.0,245.51492840857895,247.0
Colombo,2024-12-20,2024-12-21,1,validation,train_only,231.0,240.61699314195263,220.0
Colombo,2024-12-27,2024-12-28,1,validation,train_only,200.0,218.36212368601872,231.0
Galle,2024-01-05,2024-01-06,1,validation,train_only,84.0,114.89558813838467,107.0
Galle,2024-01-12,2024-01-13,1,validation,train_only,132.0,104.41570645413495,84.0
Galle,2024-01-19,2024-01-20,1,validation,train_only,119.0,127.660920204074,132.0
Galle,2024-01-26,2024-01-27,1,validation,train_only,111.0,116.53002937834255,119.0
Galle,2024-02-02,2024-02-03,1,validation,train_only,103.0,113.97017226209464,111.0
Galle,2024-02-09,2024-02-10,1,validation,train_only,66.0,103.26609461994211,103.0
Galle,2024-02-16,2024-02-17,1,validation,train_only,42.0,74.0276835002903,66.0
Galle,2024-02-23,2024-02-24,1,validation,train_only,75.0,50.66611342914978,42.0
Galle,2024-03-01,2024-03-02,1,validation,train_only,40.0,59.812193002377164,75.0
Galle,2024-03-08,2024-03-09,1,validation,train_only,28.0,48.10238034836688,40.0
Galle,2024-03-15,2024-03-16,1,validation,train_only,30.0,30.90217960877051,28.0
Galle,2024-03-22,2024-03-23,1,validation,train_only,20.0,25.904425263906365,30.0
Galle,2024-03-29,2024-03-30,1,validation,train_only,32.0,23.14885300684258,20.0
Galle,2024-04-05,2024-04-06,1,validation,train_only,18.0,27.132241930097322,32.0
Galle,2024-04-12,2024-04-13,1,validation,train_only,19.0,24.6896466085906,18.0
Galle,2024-04-19,2024-04-20,1,validation,train_only,23.0,21.717429142441084,19.0
Galle,2024-04-26,2024-04-27,1,validation,train_only,24.0,22.09358404772223,23.0
Galle,2024-05-03,2024-05-04,1,validation,train_only,21.0,22.253727037871997,24.0
Galle,2024-05-10,2024-05-11,1,validation,train_only,24.0,24.24736148970313,21.0
Galle,2024-05-17,2024-05-18,1,validation,train_only,13.0,26.052105828561558,24.0
Galle,2024-05-24,2024-05-25,1,validation,train_only,26.0,19.87386508869667,13.0
Galle,2024-05-31,2024-06-01,1,validation,train_only,9.0,27.02637290522143,26.0
Galle,2024-06-07,2024-06-08,1,validation,train_only,21.0,17.648117793094208,9.0
Galle,2024-06-14,2024-06-15,1,validation,train_only,26.0,27.502646480760596,21.0
Galle,2024-06-21,2024-06-22,1,validation,train_only,32.0,33.07584697274816,26.0
Galle,2024-06-28,2024-06-29,1,validation,train_only,29.0,56.08747569720486,32.0
Galle,2024-07-05,2024-07-06,1,validation,train_only,34.0,43.89120586249499,29.0
Galle,2024-07-12,2024-07-13,1,validation,train_only,31.0,31.718140561922187,34.0
Galle,2024-07-19,2024-07-20,1,validation,train_only,33.0,32.272730734060616,31.0
Galle,2024-07-26,2024-07-27,1,validation,train_only,32.0,35.82033201936318,33.0
Galle,2024-08-02,2024-08-03,1,validation,train_only,46.0,32.587296641032836,32.0
Galle,2024-08-09,2024-08-10,1,validation,train_only,40.0,45.65578104421523,46.0
Galle,2024-08-16,2024-08-17,1,validation,train_only,27.0,40.707684459937326,40.0
Galle,2024-08-23,2024-08-24,1,validation,train_only,50.0,34.50769721688697,27.0
Galle,2024-08-30,2024-08-31,1,validation,train_only,38.0,44.87907113432625,50.0
Galle,2024-09-06,2024-09-07,1,validation,train_only,35.0,41.347617397139864,38.0
Galle,2024-09-13,2024-09-14,1,validation,train_only,32.0,41.86000303383752,35.0
Galle,2024-09-20,2024-09-21,1,validation,train_only,46.0,37.59886316342476,32.0
Galle,2024-09-27,2024-09-28,1,validation,train_only,35.0,45.845028809120706,46.0
Galle,2024-10-04,2024-10-05,1,validation,train_only,35.0,37.94516972008775,35.0
Galle,2024-10-11,2024-10-12,1,validation,train_only,27.0,36.11979742329076,35.0
Galle,2024-10-18,2024-10-19,1,validation,train_only,21.0,32.774401357412955,27.0
Galle,2024-10-25,2024-10-26,1,validation,train_only,26.0,26.940916692848425,21.0
Galle,2024-11-01,2024-11-02,1,validation,train_only,27.0,28.355764290657227,26.0
Galle,2024-11-08,2024-11-09,1,validation,train_only,25.0,28.65387582155657,27.0
Galle,2024-11-15,2024-11-16,1,validation,train_only,59.0,27.843351215361555,25.0
Galle,2024-11-22,2024-11-23,1,validation,train_only,26.0,47.29811911344222,59.0
Galle,2024-11-29,2024-11-30,1,validation,train_only,37.0,36.63339295399944,26.0
Galle,2024-12-06,2024-12-07,1,validation,train_only,34.0,35.365400702104324,37.0
Galle,2024-12-13,2024-12-14,1,validation,train_only,27.0,35.26835623991843,34.0
Galle,2024-12-20,2024-12-21,1,validation,train_only,25.0,32.48714515362878,27.0
Galle,2024-12-27,2024-12-28,1,validation,train_only,30.0,31.945400483548035,25.0
Gampaha,2024-01-05,2024-01-06,1,validation,train_only,111.0,170.27779930804206,146.0
Gampaha,2024-01-12,2024-01-13,1,validation,train_only,147.0,150.4353647275679,111.0
Gampaha,2024-01-19,2024-01-20,1,validation,train_only,150.0,138.1263455593734,147.0
Gampaha,2024-01-26,2024-01-27,1,validation,train_only,144.0,151.63353455099244,150.0
Gampaha,2024-02-02,2024-02-03,1,validation,train_only,165.0,164.4579975243171,144.0
Gampaha,2024-02-09,2024-02-10,1,validation,train_only,155.0,166.09054060500694,165.0
Gampaha,2024-02-16,2024-02-17,1,validation,train_only,111.0,146.33524342208625,155.0
Gampaha,2024-02-23,2024-02-24,1,validation,train_only,102.0,104.68879485003784,111.0
Gampaha,2024-03-01,2024-03-02,1,validation,train_only,68.0,92.23807187117889,102.0
Gampaha,2024-03-08,2024-03-09,1,validation,train_only,90.0,69.96543076925883,68.0
Gampaha,2024-03-15,2024-03-16,1,validation,train_only,80.0,71.96668793211512,90.0
Gampaha,2024-03-22,2024-03-23,1,validation,train_only,60.0,68.66071065952048,80.0
Gampaha,2024-03-29,2024-03-30,1,validation,train_only,66.0,61.73749411424089,60.0
Gampaha,2024-04-05,2024-04-06,1,validation,train_only,46.0,59.82448770177258,66.0
Gampaha,2024-04-12,2024-04-13,1,validation,train_only,68.0,53.65482172501138,46.0
Gampaha,2024-04-19,2024-04-20,1,validation,train_only,43.0,57.96073264300398,68.0
Gampaha,2024-04-26,2024-04-27,1,validation,train_only,48.0,52.487465030735784,43.0
Gampaha,2024-05-03,2024-05-04,1,validation,train_only,55.0,48.15836919340898,48.0
Gampaha,2024-05-10,2024-05-11,1,validation,train_only,70.0,54.320420843373796,55.0
Gampaha,2024-05-17,2024-05-18,1,validation,train_only,40.0,59.23092781657045,70.0
Gampaha,2024-05-24,2024-05-25,1,validation,train_only,48.0,53.34459764437167,40.0
Gampaha,2024-05-31,2024-06-01,1,validation,train_only,77.0,53.98804550236928,48.0
Gampaha,2024-06-07,2024-06-08,1,validation,train_only,105.0,74.37218503623967,77.0
Gampaha,2024-06-14,2024-06-15,1,validation,train_only,81.0,118.67839465768412,105.0
Gampaha,2024-06-21,2024-06-22,1,validation,train_only,103.0,108.911690426077,81.0
Gampaha,2024-06-28,2024-06-29,1,validation,train_only,139.0,157.0497171884516,103.0
Gampaha,2024-07-05,2024-07-06,1,validation,train_only,125.0,146.82893909463817,139.0
Gampaha,2024-07-12,2024-07-13,1,validation,train_only,129.0,126.10792006162082,125.0
Gampaha,2024-07-19,2024-07-20,1,validation,train_only,157.0,142.50045194849537,129.0
Gampaha,2024-07-26,2024-07-27,1,validation,train_only,148.0,155.20361639376557,157.0
Gampaha,2024-08-02,2024-08-03,1,validation,train_only,174.0,152.2758241936429,148.0
Gampaha,2024-08-09,2024-08-10,1,validation,train_only,123.0,160.55021522732903,174.0
Gampaha,2024-08-16,2024-08-17,1,validation,train_only,124.0,144.9844997103891,123.0
Gampaha,2024-08-23,2024-08-24,1,validation,train_only,122.0,136.5657220562094,124.0
Gampaha,2024-08-30,2024-08-31,1,validation,train_only,128.0,122.6337857032647,122.0
Gampaha,2024-09-06,2024-09-07,1,validation,train_only,84.0,134.17486339316812,128.0
Gampaha,2024-09-13,2024-09-14,1,validation,train_only,96.0,138.9659018087322,84.0
Gampaha,2024-09-20,2024-09-21,1,validation,train_only,91.0,114.07327855363144,96.0
Gampaha,2024-09-27,2024-09-28,1,validation,train_only,101.0,85.32771293608778,91.0
Gampaha,2024-10-04,2024-10-05,1,validation,train_only,120.0,99.84766465542695,101.0
Gampaha,2024-10-11,2024-10-12,1,validation,train_only,95.0,109.4104236418136,120.0
Gampaha,2024-10-18,2024-10-19,1,validation,train_only,98.0,103.47698339845225,95.0
Gampaha,2024-10-25,2024-10-26,1,validation,train_only,103.0,95.34815592860369,98.0
Gampaha,2024-11-01,2024-11-02,1,validation,train_only,111.0,116.42276471567149,103.0
Gampaha,2024-11-08,2024-11-09,1,validation,train_only,95.0,130.61222064046464,111.0
Gampaha,2024-11-15,2024-11-16,1,validation,train_only,153.0,103.11934417212815,95.0
Gampaha,2024-11-22,2024-11-23,1,validation,train_only,186.0,145.76326097758866,153.0
Gampaha,2024-11-29,2024-11-30,1,validation,train_only,133.0,192.04087479124965,186.0
Gampaha,2024-12-06,2024-12-07,1,validation,train_only,161.0,146.88046174082845,133.0
Gampaha,2024-12-13,2024-12-14,1,validation,train_only,103.0,166.5977172423737,161.0
Gampaha,2024-12-20,2024-12-21,1,validation,train_only,131.0,168.8735350260867,103.0
Gampaha,2024-12-27,2024-12-28,1,validation,train_only,186.0,127.32754890811212,131.0
Hambantota,2024-01-05,2024-01-06,1,validation,train_only,55.0,37.847138811789364,38.0
Hambantota,2024-01-12,2024-01-13,1,validation,train_only,33.0,48.26120296122695,55.0
Hambantota,2024-01-19,2024-01-20,1,validation,train_only,50.0,41.55894274696075,33.0
Hambantota,2024-01-26,2024-01-27,1,validation,train_only,37.0,42.98016626835644,50.0
Hambantota,2024-02-02,2024-02-03,1,validation,train_only,29.0,37.779534463887416,37.0
Hambantota,2024-02-09,2024-02-10,1,validation,train_only,14.0,33.36458096739806,29.0
Hambantota,2024-02-16,2024-02-17,1,validation,train_only,35.0,19.755306997272157,14.0
Hambantota,2024-02-23,2024-02-24,1,validation,train_only,18.0,26.97059078560838,35.0
Hambantota,2024-03-01,2024-03-02,1,validation,train_only,22.0,20.868552787612476,18.0
Hambantota,2024-03-08,2024-03-09,1,validation,train_only,27.0,20.643462292745326,22.0
Hambantota,2024-03-15,2024-03-16,1,validation,train_only,17.0,21.09272234629144,27.0
Hambantota,2024-03-22,2024-03-23,1,validation,train_only,29.0,18.006125056754154,17.0
Hambantota,2024-03-29,2024-03-30,1,validation,train_only,13.0,21.852616822485583,29.0
Hambantota,2024-04-05,2024-04-06,1,validation,train_only,10.0,16.71518947532975,13.0
Hambantota,2024-04-12,2024-04-13,1,validation,train_only,32.0,15.42465684403535,10.0
Hambantota,2024-04-19,2024-04-20,1,validation,train_only,12.0,24.60635014462783,32.0
Hambantota,2024-04-26,2024-04-27,1,validation,train_only,15.0,20.735812298237967,12.0
Hambantota,2024-05-03,2024-05-04,1,validation,train_only,18.0,17.115834221030923,15.0
Hambantota,2024-05-10,2024-05-11,1,validation,train_only,9.0,17.546807314223827,18.0
Hambantota,2024-05-17,2024-05-18,1,validation,train_only,6.0,13.860925889246765,9.0
Hambantota,2024-05-24,2024-05-25,1,validation,train_only,12.0,10.547150578170879,6.0
Hambantota,2024-05-31,2024-06-01,1,validation,train_only,16.0,11.277753183475053,12.0
Hambantota,2024-06-07,2024-06-08,1,validation,train_only,9.0,14.163352141929826,16.0
Hambantota,2024-06-14,2024-06-15,1,validation,train_only,8.0,12.45438861950243,9.0
Hambantota,2024-06-21,2024-06-22,1,validation,train_only,10.0,10.27433055909998,8.0
Hambantota,2024-06-28,2024-06-29,1,validation,train_only,12.0,18.152690958794274,10.0
Hambantota,2024-07-05,2024-07-06,1,validation,train_only,5.0,11.384328425232098,12.0
Hambantota,2024-07-12,2024-07-13,1,validation,train_only,15.0,8.146999822925142,5.0
Hambantota,2024-07-19,2024-07-20,1,validation,train_only,14.0,8.931537221873358,15.0
Hambantota,2024-07-26,2024-07-27,1,validation,train_only,11.0,10.734231303529393,14.0
Hambantota,2024-08-02,2024-08-03,1,validation,train_only,5.0,11.791373040436469,11.0
Hambantota,2024-08-09,2024-08-10,1,validation,train_only,8.0,7.982302129968674,5.0
Hambantota,2024-08-16,2024-08-17,1,validation,train_only,11.0,6.098188628606763,8.0
Hambantota,2024-08-23,2024-08-24,1,validation,train_only,15.0,9.482777308779212,11.0
Hambantota,2024-08-30,2024-08-31,1,validation,train_only,10.0,11.100983431602222,15.0
Hambantota,2024-09-06,2024-09-07,1,validation,train_only,14.0,11.822619517765373,10.0
Hambantota,2024-09-13,2024-09-14,1,validation,train_only,10.0,13.19193713429811,14.0
Hambantota,2024-09-20,2024-09-21,1,validation,train_only,10.0,15.494106297874508,10.0
Hambantota,2024-09-27,2024-09-28,1,validation,train_only,10.0,11.415265896124916,10.0
Hambantota,2024-10-04,2024-10-05,1,validation,train_only,11.0,10.979932018634612,10.0
Hambantota,2024-10-11,2024-10-12,1,validation,train_only,14.0,11.119885192976305,11.0
Hambantota,2024-10-18,2024-10-19,1,validation,train_only,9.0,12.120397679739414,14.0
Hambantota,2024-10-25,2024-10-26,1,validation,train_only,10.0,10.439131641172311,9.0
Hambantota,2024-11-01,2024-11-02,1,validation,train_only,12.0,12.56542186225421,10.0
Hambantota,2024-11-08,2024-11-09,1,validation,train_only,4.0,11.744855514155617,12.0
Hambantota,2024-11-15,2024-11-16,1,validation,train_only,23.0,8.625477590219822,4.0
Hambantota,2024-11-22,2024-11-23,1,validation,train_only,6.0,17.585739016836126,23.0
Hambantota,2024-11-29,2024-11-30,1,validation,train_only,15.0,11.494910360859295,6.0
Hambantota,2024-12-06,2024-12-07,1,validation,train_only,12.0,13.630203818440952,15.0
Hambantota,2024-12-13,2024-12-14,1,validation,train_only,22.0,13.602089693709178,12.0
Hambantota,2024-12-20,2024-12-21,1,validation,train_only,21.0,20.364343942129,22.0
Hambantota,2024-12-27,2024-12-28,1,validation,train_only,36.0,22.70652886250572,21.0
Jaffna,2024-01-05,2024-01-06,1,validation,train_only,805.0,593.3446183399176,623.0
Jaffna,2024-01-12,2024-01-13,1,validation,train_only,595.0,719.8320067518501,805.0
Jaffna,2024-01-19,2024-01-20,1,validation,train_only,746.0,535.0427285508465,595.0
Jaffna,2024-01-26,2024-01-27,1,validation,train_only,483.0,528.8642607175797,746.0
Jaffna,2024-02-02,2024-02-03,1,validation,train_only,410.0,330.87343826374104,483.0
Jaffna,2024-02-09,2024-02-10,1,validation,train_only,292.0,332.80594399485443,410.0
Jaffna,2024-02-16,2024-02-17,1,validation,train_only,224.0,170.42514852929554,292.0
Jaffna,2024-02-23,2024-02-24,1,validation,train_only,148.0,164.38571295906897,224.0
Jaffna,2024-03-01,2024-03-02,1,validation,train_only,143.0,124.99124096533609,148.0
Jaffna,2024-03-08,2024-03-09,1,validation,train_only,99.0,120.95600315494507,143.0
Jaffna,2024-03-15,2024-03-16,1,validation,train_only,67.0,85.59026497433494,99.0
Jaffna,2024-03-22,2024-03-23,1,validation,train_only,68.0,65.15577633632206,67.0
Jaffna,2024-03-29,2024-03-30,1,validation,train_only,60.0,57.169704559038834,68.0
Jaffna,2024-04-05,2024-04-06,1,validation,train_only,42.0,56.01482174307692,60.0
Jaffna,2024-04-12,2024-04-13,1,validation,train_only,34.0,42.960254140905896,42.0
Jaffna,2024-04-19,2024-04-20,1,validation,train_only,35.0,34.37157030721635,34.0
Jaffna,2024-04-26,2024-04-27,1,validation,train_only,28.0,31.61550796753917,35.0
Jaffna,2024-05-03,2024-05-04,1,validation,train_only,19.0,27.803590406786505,28.0
Jaffna,2024-05-10,2024-05-11,1,validation,train_only,16.0,21.61801886155453,19.0
Jaffna,2024-05-17,2024-05-18,1,validation,train_only,5.0,20.482001479869865,16.0
Jaffna,2024-05-24,2024-05-25,1,validation,train_only,23.0,17.71931152163274,5.0
Jaffna,2024-05-31,2024-06-01,1,validation,train_only,22.0,22.179120673941583,23.0
Jaffna,2024-06-07,2024-06-08,1,validation,train_only,18.0,27.537839848621438,22.0
Jaffna,2024-06-14,2024-06-15,1,validation,train_only,11.0,32.62936360470214,18.0
Jaffna,2024-06-21,2024-06-22,1,validation,train_only,20.0,21.860883260614855,11.0
Jaffna,2024-06-28,2024-06-29,1,validation,train_only,21.0,26.5965235659312,20.0
Jaffna,2024-07-05,2024-07-06,1,validation,train_only,15.0,27.14222560384917,21.0
Jaffna,2024-07-12,2024-07-13,1,validation,train_only,18.0,16.37021154763322,15.0
Jaffna,2024-07-19,2024-07-20,1,validation,train_only,10.0,16.699042277322192,18.0
Jaffna,2024-07-26,2024-07-27,1,validation,train_only,13.0,14.462192458181605,10.0
Jaffna,2024-08-02,2024-08-03,1,validation,train_only,6.0,13.643874944096705,13.0
Jaffna,2024-08-09,2024-08-10,1,validation,train_only,11.0,10.251832967553476,6.0
Jaffna,2024-08-16,2024-08-17,1,validation,train_only,16.0,11.194353426083298,11.0
Jaffna,2024-08-23,2024-08-24,1,validation,train_only,15.0,12.885464153748053,16.0
Jaffna,2024-08-30,2024-08-31,1,validation,train_only,8.0,13.323120261482917,15.0
Jaffna,2024-09-06,2024-09-07,1,validation,train_only,11.0,11.207443527776762,8.0
Jaffna,2024-09-13,2024-09-14,1,validation,train_only,8.0,13.722803695719834,11.0
Jaffna,2024-09-20,2024-09-21,1,validation,train_only,15.0,9.9641406820977,8.0
Jaffna,2024-09-27,2024-09-28,1,validation,train_only,11.0,10.496753947091138,15.0
Jaffna,2024-10-04,2024-10-05,1,validation,train_only,10.0,12.213311533109952,11.0
Jaffna,2024-10-11,2024-10-12,1,validation,train_only,11.0,14.77421986141573,10.0
Jaffna,2024-10-18,2024-10-19,1,validation,train_only,7.0,13.901537044169467,11.0
Jaffna,2024-10-25,2024-10-26,1,validation,train_only,30.0,12.823396796117786,7.0
Jaffna,2024-11-01,2024-11-02,1,validation,train_only,26.0,28.882306061523163,30.0
Jaffna,2024-11-08,2024-11-09,1,validation,train_only,25.0,35.830795456164914,26.0
Jaffna,2024-11-15,2024-11-16,1,validation,train_only,37.0,36.88331607327567,25.0
Jaffna,2024-11-22,2024-11-23,1,validation,train_only,47.0,38.52003650676466,37.0
Jaffna,2024-11-29,2024-11-30,1,validation,train_only,35.0,55.95099968439797,47.0
Jaffna,2024-12-06,2024-12-07,1,validation,train_only,60.0,49.83248653981406,35.0
Jaffna,2024-12-13,2024-12-14,1,validation,train_only,76.0,67.9539702574152,60.0
Jaffna,2024-12-20,2024-12-21,1,validation,train_only,76.0,77.35751543901125,76.0
Jaffna,2024-12-27,2024-12-28,1,validation,train_only,58.0,83.73725755104977,76.0
Kalutara,2024-01-05,2024-01-06,1,validation,train_only,103.0,82.3825991824967,77.0
Kalutara,2024-01-12,2024-01-13,1,validation,train_only,105.0,112.88621604912018,103.0
Kalutara,2024-01-19,2024-01-20,1,validation,train_only,96.0,98.0081708265508,105.0
Kalutara,2024-01-26,2024-01-27,1,validation,train_only,118.0,86.11893834369552,96.0
Kalutara,2024-02-02,2024-02-03,1,validation,train_only,113.0,107.61073468891954,118.0
Kalutara,2024-02-09,2024-02-10,1,validation,train_only,81.0,112.94766801171633,113.0
Kalutara,2024-02-16,2024-02-17,1,validation,train_only,77.0,82.42871020676596,81.0
Kalutara,2024-02-23,2024-02-24,1,validation,train_only,54.0,68.05129089772251,77.0
Kalutara,2024-03-01,2024-03-02,1,validation,train_only,43.0,51.39630413551971,54.0
Kalutara,2024-03-08,2024-03-09,1,validation,train_only,91.0,46.72708727933687,43.0
Kalutara,2024-03-15,2024-03-16,1,validation,train_only,78.0,69.48733233785549,91.0
Kalutara,2024-03-22,2024-03-23,1,validation,train_only,69.0,68.31601360306544,78.0
Kalutara,2024-03-29,2024-03-30,1,validation,train_only,50.0,60.957380695906444,69.0
Kalutara,2024-04-05,2024-04-06,1,validation,train_only,35.0,53.96702495918397,50.0
Kalutara,2024-04-12,2024-04-13,1,validation,train_only,37.0,43.14025498649647,35.0
Kalutara,2024-04-19,2024-04-20,1,validation,train_only,24.0,37.46588802256851,37.0
Kalutara,2024-04-26,2024-04-27,1,validation,train_only,41.0,33.11854254660182,24.0
Kalutara,2024-05-03,2024-05-04,1,validation,train_only,31.0,35.85296388261684,41.0
Kalutara,2024-05-10,2024-05-11,1,validation,train_only,50.0,33.265731346035864,31.0
Kalutara,2024-05-17,2024-05-18,1,validation,train_only,32.0,45.381249019847694,50.0
Kalutara,2024-05-24,2024-05-25,1,validation,train_only,41.0,40.409635163629254,32.0
Kalutara,2024-05-31,2024-06-01,1,validation,train_only,41.0,44.88771149816835,41.0
Kalutara,2024-06-07,2024-06-08,1,validation,train_only,50.0,46.098784894871876,41.0
Kalutara,2024-06-14,2024-06-15,1,validation,train_only,46.0,55.798145031104724,50.0
Kalutara,2024-06-21,2024-06-22,1,validation,train_only,63.0,59.47473434904457,46.0
Kalutara,2024-06-28,2024-06-29,1,validation,train_only,60.0,92.67291711016699,63.0
Kalutara,2024-07-05,2024-07-06,1,validation,train_only,68.0,78.51587575837692,60.0
Kalutara,2024-07-12,2024-07-13,1,validation,train_only,55.0,56.34738690636215,68.0
Kalutara,2024-07-19,2024-07-20,1,validation,train_only,65.0,55.43489592386497,55.0
Kalutara,2024-07-26,2024-07-27,1,validation,train_only,27.0,58.16951785122184,65.0
Kalutara,2024-08-02,2024-08-03,1,validation,train_only,50.0,42.836724627034016,27.0
Kalutara,2024-08-09,2024-08-10,1,validation,train_only,48.0,44.22910382362207,50.0
Kalutara,2024-08-16,2024-08-17,1,validation,train_only,43.0,49.93296825160501,48.0
Kalutara,2024-08-23,2024-08-24,1,validation,train_only,57.0,50.09552330685454,43.0
Kalutara,2024-08-30,2024-08-31,1,validation,train_only,39.0,53.10170500611099,57.0
Kalutara,2024-09-06,2024-09-07,1,validation,train_only,23.0,43.83721769862605,39.0
Kalutara,2024-09-13,2024-09-14,1,validation,train_only,34.0,40.16347397324099,23.0
Kalutara,2024-09-20,2024-09-21,1,validation,train_only,48.0,37.75096997446685,34.0
Kalutara,2024-09-27,2024-09-28,1,validation,train_only,44.0,45.49621613248239,48.0
Kalutara,2024-10-04,2024-10-05,1,validation,train_only,44.0,47.56228936348378,44.0
Kalutara,2024-10-11,2024-10-12,1,validation,train_only,36.0,45.515286547334604,44.0
Kalutara,2024-10-18,2024-10-19,1,validation,train_only,31.0,38.49362334573643,36.0
Kalutara,2024-10-25,2024-10-26,1,validation,train_only,40.0,34.41506738316525,31.0
Kalutara,2024-11-01,2024-11-02,1,validation,train_only,36.0,39.75883801488472,40.0
Kalutara,2024-11-08,2024-11-09,1,validation,train_only,23.0,40.27059285060743,36.0
Kalutara,2024-11-15,2024-11-16,1,validation,train_only,30.0,31.864209778174974,23.0
Kalutara,2024-11-22,2024-11-23,1,validation,train_only,34.0,29.4288190910955,30.0
Kalutara,2024-11-29,2024-11-30,1,validation,train_only,28.0,36.03118929107297,34.0
Kalutara,2024-12-06,2024-12-07,1,validation,train_only,32.0,33.00958735060526,28.0
Kalutara,2024-12-13,2024-12-14,1,validation,train_only,49.0,34.72703889500398,32.0
Kalutara,2024-12-20,2024-12-21,1,validation,train_only,34.0,52.581235023833166,49.0
Kalutara,2024-12-27,2024-12-28,1,validation,train_only,65.0,42.434027259964,34.0
Kandy,2024-01-05,2024-01-06,1,validation,train_only,199.0,239.26498642254288,237.0
Kandy,2024-01-12,2024-01-13,1,validation,train_only,165.0,190.66825943819813,199.0
Kandy,2024-01-19,2024-01-20,1,validation,train_only,186.0,169.21632385312589,165.0
Kandy,2024-01-26,2024-01-27,1,validation,train_only,126.0,157.00019143483274,186.0
Kandy,2024-02-02,2024-02-03,1,validation,train_only,126.0,123.10314955937028,126.0
Kandy,2024-02-09,2024-02-10,1,validation,train_only,86.0,112.04829834196816,126.0
Kandy,2024-02-16,2024-02-17,1,validation,train_only,83.0,83.27376311269461,86.0
Kandy,2024-02-23,2024-02-24,1,validation,train_only,58.0,75.30149745443185,83.0
Kandy,2024-03-01,2024-03-02,1,validation,train_only,68.0,58.38735372788941,58.0
Kandy,2024-03-08,2024-03-09,1,validation,train_only,59.0,55.45496936718198,68.0
Kandy,2024-03-15,2024-03-16,1,validation,train_only,42.0,54.663370360637494,59.0
Kandy,2024-03-22,2024-03-23,1,validation,train_only,51.0,43.89870328921147,42.0
Kandy,2024-03-29,2024-03-30,1,validation,train_only,47.0,47.64602210250872,51.0
Kandy,2024-04-05,2024-04-06,1,validation,train_only,44.0,51.438689596952806,47.0
Kandy,2024-04-12,2024-04-13,1,validation,train_only,73.0,45.271237006761844,44.0
Kandy,2024-04-19,2024-04-20,1,validation,train_only,64.0,62.36032759383082,73.0
Kandy,2024-04-26,2024-04-27,1,validation,train_only,66.0,63.289649658879014,64.0
Kandy,2024-05-03,2024-05-04,1,validation,train_only,71.0,57.221748405344805,66.0
Kandy,2024-05-10,2024-05-11,1,validation,train_only,98.0,60.15048673769218,71.0
Kandy,2024-05-17,2024-05-18,1,validation,train_only,62.0,93.46219395830596,98.0
Kandy,2024-05-24,2024-05-25,1,validation,train_only,66.0,80.69618136477494,62.0
Kandy,2024-05-31,2024-06-01,1,validation,train_only,69.0,64.37356987701031,66.0
Kandy,2024-06-07,2024-06-08,1,validation,train_only,70.0,63.030755966557365,69.0
Kandy,2024-06-14,2024-06-15,1,validation,train_only,85.0,73.98008681997263,70.0
Kandy,2024-06-21,2024-06-22,1,validation,train_only,91.0,78.75829218389184,85.0
Kandy,2024-06-28,2024-06-29,1,validation,train_only,110.0,116.98723453613363,91.0
Kandy,2024-07-05,2024-07-06,1,validation,train_only,141.0,112.67178368927388,110.0
Kandy,2024-07-12,2024-07-13,1,validation,train_only,105.0,130.1036641679944,141.0
Kandy,2024-07-19,2024-07-20,1,validation,train_only,120.0,108.23173869136615,105.0
Kandy,2024-07-26,2024-07-27,1,validation,train_only,107.0,108.19676485793175,120.0
Kandy,2024-08-02,2024-08-03,1,validation,train_only,120.0,97.75731847679545,107.0
Kandy,2024-08-09,2024-08-10,1,validation,train_only,114.0,101.79775323656271,120.0
Kandy,2024-08-16,2024-08-17,1,validation,train_only,72.0,107.47828552251268,114.0
Kandy,2024-08-23,2024-08-24,1,validation,train_only,94.0,91.49430116247511,72.0
Kandy,2024-08-30,2024-08-31,1,validation,train_only,73.0,81.73136271463086,94.0
Kandy,2024-09-06,2024-09-07,1,validation,train_only,76.0,73.91889155977715,73.0
Kandy,2024-09-13,2024-09-14,1,validation,train_only,64.0,75.1399828343453,76.0
Kandy,2024-09-20,2024-09-21,1,validation,train_only,75.0,64.71352187983697,64.0
Kandy,2024-09-27,2024-09-28,1,validation,train_only,58.0,63.80624362377374,75.0
Kandy,2024-10-04,2024-10-05,1,validation,train_only,59.0,55.46396955529909,58.0
Kandy,2024-10-11,2024-10-12,1,validation,train_only,68.0,60.2507621502025,59.0
Kandy,2024-10-18,2024-10-19,1,validation,train_only,74.0,58.59915876886587,68.0
Kandy,2024-10-25,2024-10-26,1,validation,train_only,66.0,66.1678621961768,74.0
Kandy,2024-11-01,2024-11-02,1,validation,train_only,70.0,61.58618395036833,66.0
Kandy,2024-11-08,2024-11-09,1,validation,train_only,68.0,62.66349882603634,70.0
Kandy,2024-11-15,2024-11-16,1,validation,train_only,84.0,61.26661748300232,68.0
Kandy,2024-11-22,2024-11-23,1,validation,train_only,63.0,72.12766264352415,84.0
Kandy,2024-11-29,2024-11-30,1,validation,train_only,71.0,74.26850664357148,63.0
Kandy,2024-12-06,2024-12-07,1,validation,train_only,73.0,71.92815693443558,71.0
Kandy,2024-12-13,2024-12-14,1,validation,train_only,57.0,63.720794415281844,73.0
Kandy,2024-12-20,2024-12-21,1,validation,train_only,76.0,60.0554981466288,57.0
Kandy,2024-12-27,2024-12-28,1,validation,train_only,66.0,76.27557932556904,76.0
Kegalle,2024-01-05,2024-01-06,1,validation,train_only,104.0,115.50900169614492,112.0
Kegalle,2024-01-12,2024-01-13,1,validation,train_only,77.0,102.92688822436347,104.0
Kegalle,2024-01-19,2024-01-20,1,validation,train_only,91.0,82.32498026032955,77.0
Kegalle,2024-01-26,2024-01-27,1,validation,train_only,73.0,75.86833097929383,91.0
Kegalle,2024-02-02,2024-02-03,1,validation,train_only,89.0,69.11183333733548,73.0
Kegalle,2024-02-09,2024-02-10,1,validation,train_only,48.0,79.49525078385632,89.0
Kegalle,2024-02-16,2024-02-17,1,validation,train_only,71.0,51.35278394176932,48.0
Kegalle,2024-02-23,2024-02-24,1,validation,train_only,43.0,52.33704075717918,71.0
Kegalle,2024-03-01,2024-03-02,1,validation,train_only,34.0,44.32788814541203,43.0
Kegalle,2024-03-08,2024-03-09,1,validation,train_only,44.0,32.798705916086426,34.0
Kegalle,2024-03-15,2024-03-16,1,validation,train_only,35.0,35.677775796104555,44.0
Kegalle,2024-03-22,2024-03-23,1,validation,train_only,30.0,29.60636530805998,35.0
Kegalle,2024-03-29,2024-03-30,1,validation,train_only,25.0,29.29912239013332,30.0
Kegalle,2024-04-05,2024-04-06,1,validation,train_only,25.0,24.057679294311132,25.0
Kegalle,2024-04-12,2024-04-13,1,validation,train_only,23.0,25.408517240283302,25.0
Kegalle,2024-04-19,2024-04-20,1,validation,train_only,42.0,24.301675739579117,23.0
Kegalle,2024-04-26,2024-04-27,1,validation,train_only,36.0,35.43751512320263,42.0
Kegalle,2024-05-03,2024-05-04,1,validation,train_only,56.0,32.559877364911436,36.0
Kegalle,2024-05-10,2024-05-11,1,validation,train_only,48.0,49.99447269063137,56.0
Kegalle,2024-05-17,2024-05-18,1,validation,train_only,28.0,50.41540038672338,48.0
Kegalle,2024-05-24,2024-05-25,1,validation,train_only,49.0,39.26396783627666,28.0
Kegalle,2024-05-31,2024-06-01,1,validation,train_only,31.0,46.14440867597943,49.0
Kegalle,2024-06-07,2024-06-08,1,validation,train_only,36.0,44.07952830279501,31.0
Kegalle,2024-06-14,2024-06-15,1,validation,train_only,24.0,38.83267724365111,36.0
Kegalle,2024-06-21,2024-06-22,1,validation,train_only,40.0,38.47004355655558,24.0
Kegalle,2024-06-28,2024-06-29,1,validation,train_only,38.0,57.52881719818404,40.0
Kegalle,2024-07-05,2024-07-06,1,validation,train_only,35.0,36.803979542577245,38.0
Kegalle,2024-07-12,2024-07-13,1,validation,train_only,35.0,35.32484245746528,35.0
Kegalle,2024-07-19,2024-07-20,1,validation,train_only,19.0,35.53316387698434,35.0
Kegalle,2024-07-26,2024-07-27,1,validation,train_only,39.0,29.750407102569238,19.0
Kegalle,2024-08-02,2024-08-03,1,validation,train_only,20.0,31.458031186976967,39.0
Kegalle,2024-08-09,2024-08-10,1,validation,train_only,37.0,29.09151294943351,20.0
Kegalle,2024-08-16,2024-08-17,1,validation,train_only,77.0,32.3865643628289,37.0
Kegalle,2024-08-23,2024-08-24,1,validation,train_only,23.0,62.82897918493771,77.0
Kegalle,2024-08-30,2024-08-31,1,validation,train_only,38.0,44.291559984106826,23.0
Kegalle,2024-09-06,2024-09-07,1,validation,train_only,37.0,35.38056843356299,38.0
Kegalle,2024-09-13,2024-09-14,1,validation,train_only,26.0,44.42699324091021,37.0
Kegalle,2024-09-20,2024-09-21,1,validation,train_only,25.0,35.58100775349072,26.0
Kegalle,2024-09-27,2024-09-28,1,validation,train_only,15.0,27.676935263227982,25.0
Kegalle,2024-10-04,2024-10-05,1,validation,train_only,13.0,22.2798891268809,15.0
Kegalle,2024-10-11,2024-10-12,1,validation,train_only,20.0,17.9383743521928,13.0
Kegalle,2024-10-18,2024-10-19,1,validation,train_only,24.0,19.696626595797955,20.0
Kegalle,2024-10-25,2024-10-26,1,validation,train_only,8.0,23.414923433661354,24.0
Kegalle,2024-11-01,2024-11-02,1,validation,train_only,21.0,17.00076293593406,8.0
Kegalle,2024-11-08,2024-11-09,1,validation,train_only,16.0,22.435021790159748,21.0
Kegalle,2024-11-15,2024-11-16,1,validation,train_only,26.0,18.25872374789305,16.0
Kegalle,2024-11-22,2024-11-23,1,validation,train_only,23.0,24.211737549497848,26.0
Kegalle,2024-11-29,2024-11-30,1,validation,train_only,21.0,24.684462804801584,23.0
Kegalle,2024-12-06,2024-12-07,1,validation,train_only,14.0,26.991227088439725,21.0
Kegalle,2024-12-13,2024-12-14,1,validation,train_only,17.0,19.490157365081302,14.0
Kegalle,2024-12-20,2024-12-21,1,validation,train_only,44.0,21.10404413019433,17.0
Kegalle,2024-12-27,2024-12-28,1,validation,train_only,64.0,42.5668908285842,44.0
Kilinochchi,2024-01-05,2024-01-06,1,validation,train_only,52.0,26.986465849788644,29.0
Kilinochchi,2024-01-12,2024-01-13,1,validation,train_only,20.0,44.06238655034415,52.0
Kilinochchi,2024-01-19,2024-01-20,1,validation,train_only,41.0,34.843393812509255,20.0
Kilinochchi,2024-01-26,2024-01-27,1,validation,train_only,22.0,35.70034370935128,41.0
Kilinochchi,2024-02-02,2024-02-03,1,validation,train_only,26.0,24.976759211150874,22.0
Kilinochchi,2024-02-09,2024-02-10,1,validation,train_only,22.0,24.45433662632287,26.0
Kilinochchi,2024-02-16,2024-02-17,1,validation,train_only,12.0,20.657464550322295,22.0
Kilinochchi,2024-02-23,2024-02-24,1,validation,train_only,9.0,16.671760055350447,12.0
Kilinochchi,2024-03-01,2024-03-02,1,validation,train_only,8.0,12.355789528338583,9.0
Kilinochchi,2024-03-08,2024-03-09,1,validation,train_only,8.0,10.300834330300288,8.0
Kilinochchi,2024-03-15,2024-03-16,1,validation,train_only,7.0,7.666475008140173,8.0
Kilinochchi,2024-03-22,2024-03-23,1,validation,train_only,2.0,6.0692554028934715,7.0
Kilinochchi,2024-03-29,2024-03-30,1,validation,train_only,3.0,4.459101619226733,2.0
Kilinochchi,2024-04-05,2024-04-06,1,validation,train_only,3.0,3.7304493175469973,3.0
Kilinochchi,2024-04-12,2024-04-13,1,validation,train_only,4.0,3.8769121756037475,3.0
Kilinochchi,2024-04-19,2024-04-20,1,validation,train_only,0.0,2.9443387889393033,4.0
Kilinochchi,2024-04-26,2024-04-27,1,validation,train_only,0.0,2.6835359873095253,0.0
Kilinochchi,2024-05-03,2024-05-04,1,validation,train_only,0.0,2.3423488769351914,0.0
Kilinochchi,2024-05-10,2024-05-11,1,validation,train_only,1.0,1.916159359331098,0.0
Kilinochchi,2024-05-17,2024-05-18,1,validation,train_only,0.0,1.8195764785547817,1.0
Kilinochchi,2024-05-24,2024-05-25,1,validation,train_only,0.0,2.435412649327313,0.0
Kilinochchi,2024-05-31,2024-06-01,1,validation,train_only,0.0,2.586879138838848,0.0
Kilinochchi,2024-06-07,2024-06-08,1,validation,train_only,0.0,2.6790669157405134,0.0
Kilinochchi,2024-06-14,2024-06-15,1,validation,train_only,0.0,3.3436629042498804,0.0
Kilinochchi,2024-06-21,2024-06-22,1,validation,train_only,0.0,2.938689295223682,0.0
Kilinochchi,2024-06-28,2024-06-29,1,validation,train_only,0.0,4.545518848648297,0.0
Kilinochchi,2024-07-05,2024-07-06,1,validation,train_only,0.0,2.2273673149355195,0.0
Kilinochchi,2024-07-12,2024-07-13,1,validation,train_only,2.0,1.6248418836140845,0.0
Kilinochchi,2024-07-19,2024-07-20,1,validation,train_only,1.0,1.4737978517539676,2.0
Kilinochchi,2024-07-26,2024-07-27,1,validation,train_only,1.0,1.3611338051016448,1.0
Kilinochchi,2024-08-02,2024-08-03,1,validation,train_only,6.0,1.2509033797581681,1.0
Kilinochchi,2024-08-09,2024-08-10,1,validation,train_only,3.0,2.8629419934913716,6.0
Kilinochchi,2024-08-16,2024-08-17,1,validation,train_only,3.0,2.3230700114158265,3.0
Kilinochchi,2024-08-23,2024-08-24,1,validation,train_only,1.0,2.121066396953036,3.0
Kilinochchi,2024-08-30,2024-08-31,1,validation,train_only,0.0,2.2491003058524504,1.0
Kilinochchi,2024-09-06,2024-09-07,1,validation,train_only,0.0,2.1800203015707047,0.0
Kilinochchi,2024-09-13,2024-09-14,1,validation,train_only,0.0,1.9719338832187578,0.0
Kilinochchi,2024-09-20,2024-09-21,1,validation,train_only,2.0,1.745911324165761,0.0
Kilinochchi,2024-09-27,2024-09-28,1,validation,train_only,2.0,1.6520303626852666,2.0
Kilinochchi,2024-10-04,2024-10-05,1,validation,train_only,0.0,1.7435298913545527,2.0
Kilinochchi,2024-10-11,2024-10-12,1,validation,train_only,1.0,1.9036821509408164,0.0
Kilinochchi,2024-10-18,2024-10-19,1,validation,train_only,1.0,2.5165223421479497,1.0
Kilinochchi,2024-10-25,2024-10-26,1,validation,train_only,3.0,2.7176475870976176,1.0
Kilinochchi,2024-11-01,2024-11-02,1,validation,train_only,5.0,2.75434670018518,3.0
Kilinochchi,2024-11-08,2024-11-09,1,validation,train_only,3.0,4.566118461046365,5.0
Kilinochchi,2024-11-15,2024-11-16,1,validation,train_only,0.0,4.028690780381885,3.0
Kilinochchi,2024-11-22,2024-11-23,1,validation,train_only,1.0,4.356939693567521,0.0
Kilinochchi,2024-11-29,2024-11-30,1,validation,train_only,1.0,3.9888573615567924,1.0
Kilinochchi,2024-12-06,2024-12-07,1,validation,train_only,8.0,4.484081359238665,1.0
Kilinochchi,2024-12-13,2024-12-14,1,validation,train_only,6.0,6.923843224062521,8.0
Kilinochchi,2024-12-20,2024-12-21,1,validation,train_only,5.0,7.056805225377336,6.0
Kilinochchi,2024-12-27,2024-12-28,1,validation,train_only,5.0,11.177972387642486,5.0
Kurunegala,2024-01-05,2024-01-06,1,validation,train_only,127.0,160.03292853986673,155.0
Kurunegala,2024-01-12,2024-01-13,1,validation,train_only,62.0,130.09699738617306,127.0
Kurunegala,2024-01-19,2024-01-20,1,validation,train_only,135.0,92.33714452197313,62.0
Kurunegala,2024-01-26,2024-01-27,1,validation,train_only,103.0,104.36783814497822,135.0
Kurunegala,2024-02-02,2024-02-03,1,validation,train_only,108.0,95.62792135716012,103.0
Kurunegala,2024-02-09,2024-02-10,1,validation,train_only,26.0,90.38585770724782,108.0
Kurunegala,2024-02-16,2024-02-17,1,validation,train_only,61.0,52.91566202672029,26.0
Kurunegala,2024-02-23,2024-02-24,1,validation,train_only,58.0,50.23858545478061,61.0
Kurunegala,2024-03-01,2024-03-02,1,validation,train_only,67.0,48.78214544761465,58.0
Kurunegala,2024-03-08,2024-03-09,1,validation,train_only,50.0,48.96100539155853,67.0
Kurunegala,2024-03-15,2024-03-16,1,validation,train_only,29.0,46.808760888862416,50.0
Kurunegala,2024-03-22,2024-03-23,1,validation,train_only,19.0,32.374309304124914,29.0
Kurunegala,2024-03-29,2024-03-30,1,validation,train_only,26.0,22.558820770051984,19.0
Kurunegala,2024-04-05,2024-04-06,1,validation,train_only,6.0,23.314143693359966,26.0
Kurunegala,2024-04-12,2024-04-13,1,validation,train_only,21.0,16.427725430786573,6.0
Kurunegala,2024-04-19,2024-04-20,1,validation,train_only,20.0,18.909586638467783,21.0
Kurunegala,2024-04-26,2024-04-27,1,validation,train_only,19.0,19.622167962236784,20.0
Kurunegala,2024-05-03,2024-05-04,1,validation,train_only,34.0,18.88167450879662,19.0
Kurunegala,2024-05-10,2024-05-11,1,validation,train_only,44.0,27.465200017717912,34.0
Kurunegala,2024-05-17,2024-05-18,1,validation,train_only,39.0,41.68537614537559,44.0
Kurunegala,2024-05-24,2024-05-25,1,validation,train_only,39.0,38.62008477046811,39.0
Kurunegala,2024-05-31,2024-06-01,1,validation,train_only,37.0,38.729169746435424,39.0
Kurunegala,2024-06-07,2024-06-08,1,validation,train_only,36.0,41.03540104265526,37.0
Kurunegala,2024-06-14,2024-06-15,1,validation,train_only,21.0,43.624814516725245,36.0
Kurunegala,2024-06-21,2024-06-22,1,validation,train_only,47.0,38.641057058171086,21.0
Kurunegala,2024-06-28,2024-06-29,1,validation,train_only,39.0,60.834394140834405,47.0
Kurunegala,2024-07-05,2024-07-06,1,validation,train_only,32.0,36.856385190038075,39.0
Kurunegala,2024-07-12,2024-07-13,1,validation,train_only,38.0,34.771834796215806,32.0
Kurunegala,2024-07-19,2024-07-20,1,validation,train_only,27.0,36.11808082932458,38.0
Kurunegala,2024-07-26,2024-07-27,1,validation,train_only,61.0,32.4955529210298,27.0
Kurunegala,2024-08-02,2024-08-03,1,validation,train_only,39.0,47.12669027374795,61.0
Kurunegala,2024-08-09,2024-08-10,1,validation,train_only,31.0,42.53965293849683,39.0
Kurunegala,2024-08-16,2024-08-17,1,validation,train_only,20.0,37.730168106891256,31.0
Kurunegala,2024-08-23,2024-08-24,1,validation,train_only,20.0,29.015854899960512,20.0
Kurunegala,2024-08-30,2024-08-31,1,validation,train_only,21.0,30.641608475344768,20.0
Kurunegala,2024-09-06,2024-09-07,1,validation,train_only,26.0,22.443054889662573,21.0
Kurunegala,2024-09-13,2024-09-14,1,validation,train_only,22.0,32.57193956077002,26.0
Kurunegala,2024-09-20,2024-09-21,1,validation,train_only,28.0,24.86055059490631,22.0
Kurunegala,2024-09-27,2024-09-28,1,validation,train_only,17.0,24.535688868480218,28.0
Kurunegala,2024-10-04,2024-10-05,1,validation,train_only,16.0,21.507586521124107,17.0
Kurunegala,2024-10-11,2024-10-12,1,validation,train_only,16.0,20.51631612454619,16.0
Kurunegala,2024-10-18,2024-10-19,1,validation,train_only,21.0,17.791629297714866,16.0
Kurunegala,2024-10-25,2024-10-26,1,validation,train_only,30.0,21.232029909837316,21.0
Kurunegala,2024-11-01,2024-11-02,1,validation,train_only,20.0,26.59965486871855,30.0
Kurunegala,2024-11-08,2024-11-09,1,validation,train_only,14.0,24.665536791873343,20.0
Kurunegala,2024-11-15,2024-11-16,1,validation,train_only,25.0,19.38785670512563,14.0
Kurunegala,2024-11-22,2024-11-23,1,validation,train_only,20.0,24.049867297321406,25.0
Kurunegala,2024-11-29,2024-11-30,1,validation,train_only,17.0,23.959363484423307,20.0
Kurunegala,2024-12-06,2024-12-07,1,validation,train_only,14.0,22.335980273020013,17.0
Kurunegala,2024-12-13,2024-12-14,1,validation,train_only,25.0,18.345212384094772,14.0
Kurunegala,2024-12-20,2024-12-21,1,validation,train_only,26.0,26.552219814782227,25.0
Kurunegala,2024-12-27,2024-12-28,1,validation,train_only,26.0,30.19391004381397,26.0
Mannar,2024-01-05,2024-01-06,1,validation,train_only,35.0,42.74114149030813,53.0
Mannar,2024-01-12,2024-01-13,1,validation,train_only,13.0,39.949127730519585,35.0
Mannar,2024-01-19,2024-01-20,1,validation,train_only,10.0,28.333632892201006,13.0
Mannar,2024-01-26,2024-01-27,1,validation,train_only,19.0,19.79519867262537,10.0
Mannar,2024-02-02,2024-02-03,1,validation,train_only,21.0,17.707049403355402,19.0
Mannar,2024-02-09,2024-02-10,1,validation,train_only,2.0,21.000587916513336,21.0
Mannar,2024-02-16,2024-02-17,1,validation,train_only,4.0,10.79041731288082,2.0
Mannar,2024-02-23,2024-02-24,1,validation,train_only,4.0,7.484670468258567,4.0
Mannar,2024-03-01,2024-03-02,1,validation,train_only,4.0,4.409615541809284,4.0
Mannar,2024-03-08,2024-03-09,1,validation,train_only,1.0,4.368013152609738,4.0
Mannar,2024-03-15,2024-03-16,1,validation,train_only,1.0,2.75416800676586,1.0
Mannar,2024-03-22,2024-03-23,1,validation,train_only,2.0,2.553633557824309,1.0
Mannar,2024-03-29,2024-03-30,1,validation,train_only,1.0,2.1338520631131894,2.0
Mannar,2024-04-05,2024-04-06,1,validation,train_only,2.0,1.6855721699594168,1.0
Mannar,2024-04-12,2024-04-13,1,validation,train_only,1.0,2.297001763036914,2.0
Mannar,2024-04-19,2024-04-20,1,validation,train_only,9.0,2.1125002127843455,1.0
Mannar,2024-04-26,2024-04-27,1,validation,train_only,1.0,4.739186633859721,9.0
Mannar,2024-05-03,2024-05-04,1,validation,train_only,1.0,3.305391871307377,1.0
Mannar,2024-05-10,2024-05-11,1,validation,train_only,0.0,2.742136838687386,1.0
Mannar,2024-05-17,2024-05-18,1,validation,train_only,0.0,2.7521536383321306,0.0
Mannar,2024-05-24,2024-05-25,1,validation,train_only,2.0,3.249749517852592,0.0
Mannar,2024-05-31,2024-06-01,1,validation,train_only,2.0,2.586879138838848,2.0
Mannar,2024-06-07,2024-06-08,1,validation,train_only,1.0,3.024036370326933,2.0
Mannar,2024-06-14,2024-06-15,1,validation,train_only,1.0,3.9652378687062737,1.0
Mannar,2024-06-21,2024-06-22,1,validation,train_only,3.0,3.5056975415806346,1.0
Mannar,2024-06-28,2024-06-29,1,validation,train_only,2.0,5.380352770055778,3.0
Mannar,2024-07-05,2024-07-06,1,validation,train_only,2.0,2.758065899392702,2.0
Mannar,2024-07-12,2024-07-13,1,validation,train_only,5.0,1.9907893676674944,2.0
Mannar,2024-07-19,2024-07-20,1,validation,train_only,5.0,2.8776298118506864,5.0
Mannar,2024-07-26,2024-07-27,1,validation,train_only,8.0,3.4486344728289255,5.0
Mannar,2024-08-02,2024-08-03,1,validation,train_only,3.0,3.9957428860685225,8.0
Mannar,2024-08-09,2024-08-10,1,validation,train_only,10.0,3.7976470686500754,3.0
Mannar,2024-08-16,2024-08-17,1,validation,train_only,10.0,7.916567590323531,10.0
Mannar,2024-08-23,2024-08-24,1,validation,train_only,8.0,9.551545362192183,10.0
Mannar,2024-08-30,2024-08-31,1,validation,train_only,3.0,7.715524131200508,8.0
Mannar,2024-09-06,2024-09-07,1,validation,train_only,11.0,5.177465159213058,3.0
Mannar,2024-09-13,2024-09-14,1,validation,train_only,14.0,9.954873642426763,11.0
Mannar,2024-09-20,2024-09-21,1,validation,train_only,4.0,10.205067471671981,14.0
Mannar,2024-09-27,2024-09-28,1,validation,train_only,2.0,7.2679800166259625,4.0
Mannar,2024-10-04,2024-10-05,1,validation,train_only,2.0,5.038439051204353,2.0
Mannar,2024-10-11,2024-10-12,1,validation,train_only,5.0,4.215521696110602,2.0
Mannar,2024-10-18,2024-10-19,1,validation,train_only,7.0,5.855421889971673,5.0
Mannar,2024-10-25,2024-10-26,1,validation,train_only,5.0,5.276429974053068,7.0
Mannar,2024-11-01,2024-11-02,1,validation,train_only,3.0,6.086210938534456,5.0
Mannar,2024-11-08,2024-11-09,1,validation,train_only,5.0,6.988508392378388,3.0
Mannar,2024-11-15,2024-11-16,1,validation,train_only,6.0,6.603381250818637,5.0
Mannar,2024-11-22,2024-11-23,1,validation,train_only,6.0,7.197858906056575,6.0
Mannar,2024-11-29,2024-11-30,1,validation,train_only,2.0,7.6769281244881356,6.0
Mannar,2024-12-06,2024-12-07,1,validation,train_only,2.0,6.014579983772419,2.0
Mannar,2024-12-13,2024-12-14,1,validation,train_only,8.0,5.319504997082353,2.0
Mannar,2024-12-20,2024-12-21,1,validation,train_only,12.0,6.879166955372663,8.0
Mannar,2024-12-27,2024-12-28,1,validation,train_only,11.0,15.50488409215755,12.0
Matale,2024-01-05,2024-01-06,1,validation,train_only,39.0,56.33916856993514,40.0
Matale,2024-01-12,2024-01-13,1,validation,train_only,47.0,43.82430292118952,39.0
Matale,2024-01-19,2024-01-20,1,validation,train_only,28.0,48.932623370567875,47.0
Matale,2024-01-26,2024-01-27,1,validation,train_only,22.0,32.10426014593584,28.0
Matale,2024-02-02,2024-02-03,1,validation,train_only,27.0,25.994713481279025,22.0
Matale,2024-02-09,2024-02-10,1,validation,train_only,30.0,26.275998190496118,27.0
Matale,2024-02-16,2024-02-17,1,validation,train_only,18.0,23.566803785582675,30.0
Matale,2024-02-23,2024-02-24,1,validation,train_only,16.0,19.638313388456762,18.0
Matale,2024-03-01,2024-03-02,1,validation,train_only,11.0,17.796045005468223,16.0
Matale,2024-03-08,2024-03-09,1,validation,train_only,8.0,14.86200315540617,11.0
Matale,2024-03-15,2024-03-16,1,validation,train_only,6.0,11.527464882201128,8.0
Matale,2024-03-22,2024-03-23,1,validation,train_only,12.0,8.084689401015082,6.0
Matale,2024-03-29,2024-03-30,1,validation,train_only,3.0,8.979712080297773,12.0
Matale,2024-04-05,2024-04-06,1,validation,train_only,6.0,6.356126226181389,3.0
Matale,2024-04-12,2024-04-13,1,validation,train_only,16.0,6.773971192246593,6.0
Matale,2024-04-19,2024-04-20,1,validation,train_only,7.0,11.479181780601891,16.0
Matale,2024-04-26,2024-04-27,1,validation,train_only,6.0,9.406605088808806,7.0
Matale,2024-05-03,2024-05-04,1,validation,train_only,13.0,8.3058586688989,6.0
Matale,2024-05-10,2024-05-11,1,validation,train_only,9.0,10.489069694246794,13.0
Matale,2024-05-17,2024-05-18,1,validation,train_only,5.0,10.387286928048436,9.0
Matale,2024-05-24,2024-05-25,1,validation,train_only,7.0,8.30482651391086,5.0
Matale,2024-05-31,2024-06-01,1,validation,train_only,8.0,7.324195810876202,7.0
Matale,2024-06-07,2024-06-08,1,validation,train_only,3.0,9.052062497624693,8.0
Matale,2024-06-14,2024-06-15,1,validation,train_only,15.0,7.965181523365435,3.0
Matale,2024-06-21,2024-06-22,1,validation,train_only,13.0,11.960742579687677,15.0
Matale,2024-06-28,2024-06-29,1,validation,train_only,14.0,19.997801735710798,13.0
Matale,2024-07-05,2024-07-06,1,validation,train_only,24.0,12.923396700501025,14.0
Matale,2024-07-12,2024-07-13,1,validation,train_only,18.0,19.984754036001867,24.0
Matale,2024-07-19,2024-07-20,1,validation,train_only,19.0,17.51187098306488,18.0
Matale,2024-07-26,2024-07-27,1,validation,train_only,16.0,19.63739715605896,19.0
Matale,2024-08-02,2024-08-03,1,validation,train_only,14.0,16.7265820403546,16.0
Matale,2024-08-09,2024-08-10,1,validation,train_only,18.0,15.735329331668732,14.0
Matale,2024-08-16,2024-08-17,1,validation,train_only,21.0,17.972522392331694,18.0
Matale,2024-08-23,2024-08-24,1,validation,train_only,8.0,20.068896905710986,21.0
Matale,2024-08-30,2024-08-31,1,validation,train_only,17.0,13.828587466747052,8.0
Matale,2024-09-06,2024-09-07,1,validation,train_only,22.0,14.556401148084941,17.0
Matale,2024-09-13,2024-09-14,1,validation,train_only,16.0,22.883301788220617,22.0
Matale,2024-09-20,2024-09-21,1,validation,train_only,12.0,18.299406533342545,16.0
Matale,2024-09-27,2024-09-28,1,validation,train_only,26.0,14.439924964557795,12.0
Matale,2024-10-04,2024-10-05,1,validation,train_only,32.0,22.60862557195521,26.0
Matale,2024-10-11,2024-10-12,1,validation,train_only,7.0,25.85687579296562,32.0
Matale,2024-10-18,2024-10-19,1,validation,train_only,43.0,20.62945113784229,7.0
Matale,2024-10-25,2024-10-26,1,validation,train_only,35.0,33.60416390021741,43.0
Matale,2024-11-01,2024-11-02,1,validation,train_only,25.0,34.72077472753868,35.0
Matale,2024-11-08,2024-11-09,1,validation,train_only,41.0,31.758475844453464,25.0
Matale,2024-11-15,2024-11-16,1,validation,train_only,41.0,36.93249287813766,41.0
Matale,2024-11-22,2024-11-23,1,validation,train_only,31.0,40.25521959740851,41.0
Matale,2024-11-29,2024-11-30,1,validation,train_only,37.0,37.296516940233246,31.0
Matale,2024-12-06,2024-12-07,1,validation,train_only,38.0,38.95067982875078,37.0
Matale,2024-12-13,2024-12-14,1,validation,train_only,52.0,39.03140850875821,38.0
Matale,2024-12-20,2024-12-21,1,validation,train_only,34.0,47.542497258645106,52.0
Matale,2024-12-27,2024-12-28,1,validation,train_only,52.0,47.57918673438466,34.0
Matara,2024-01-05,2024-01-06,1,validation,train_only,35.0,48.535260711673864,46.0
Matara,2024-01-12,2024-01-13,1,validation,train_only,27.0,41.90989276487071,35.0
Matara,2024-01-19,2024-01-20,1,validation,train_only,32.0,33.329262133632966,27.0
Matara,2024-01-26,2024-01-27,1,validation,train_only,29.0,29.293051942455637,32.0
Matara,2024-02-02,2024-02-03,1,validation,train_only,26.0,30.606459611746054,29.0
Matara,2024-02-09,2024-02-10,1,validation,train_only,23.0,27.785480272156324,26.0
Matara,2024-02-16,2024-02-17,1,validation,train_only,29.0,22.09116846407584,23.0
Matara,2024-02-23,2024-02-24,1,validation,train_only,15.0,22.409354932751313,29.0
Matara,2024-03-01,2024-03-02,1,validation,train_only,28.0,18.254067382379763,15.0
Matara,2024-03-08,2024-03-09,1,validation,train_only,23.0,21.477779029266372,28.0
Matara,2024-03-15,2024-03-16,1,validation,train_only,14.0,20.867973074155664,23.0
Matara,2024-03-22,2024-03-23,1,validation,train_only,14.0,16.54481741653464,14.0
Matara,2024-03-29,2024-03-30,1,validation,train_only,17.0,14.348478162177516,14.0
Matara,2024-04-05,2024-04-06,1,validation,train_only,11.0,16.628589006225866,17.0
Matara,2024-04-12,2024-04-13,1,validation,train_only,3.0,15.948714494995372,11.0
Matara,2024-04-19,2024-04-20,1,validation,train_only,10.0,10.233836401392777,3.0
Matara,2024-04-26,2024-04-27,1,validation,train_only,14.0,11.091556109132352,10.0
Matara,2024-05-03,2024-05-04,1,validation,train_only,16.0,10.482454907233409,14.0
Matara,2024-05-10,2024-05-11,1,validation,train_only,13.0,14.814115928473568,16.0
Matara,2024-05-17,2024-05-18,1,validation,train_only,7.0,14.619496196170411,13.0
Matara,2024-05-24,2024-05-25,1,validation,train_only,17.0,12.189124368072038,7.0
Matara,2024-05-31,2024-06-01,1,validation,train_only,16.0,16.67146673444388,17.0
Matara,2024-06-07,2024-06-08,1,validation,train_only,11.0,18.016078482214013,16.0
Matara,2024-06-14,2024-06-15,1,validation,train_only,5.0,17.004784861866714,11.0
Matara,2024-06-21,2024-06-22,1,validation,train_only,13.0,16.346264488830965,5.0
Matara,2024-06-28,2024-06-29,1,validation,train_only,22.0,30.407138792572233,13.0
Matara,2024-07-05,2024-07-06,1,validation,train_only,19.0,29.922939092962547,22.0
Matara,2024-07-12,2024-07-13,1,validation,train_only,27.0,19.645275046789646,19.0
Matara,2024-07-19,2024-07-20,1,validation,train_only,44.0,22.08861090027535,27.0
Matara,2024-07-26,2024-07-27,1,validation,train_only,31.0,39.42000985410478,44.0
Matara,2024-08-02,2024-08-03,1,validation,train_only,29.0,31.77822243469454,31.0
Matara,2024-08-09,2024-08-10,1,validation,train_only,38.0,29.91999917654427,29.0
Matara,2024-08-16,2024-08-17,1,validation,train_only,22.0,32.77600798291807,38.0
Matara,2024-08-23,2024-08-24,1,validation,train_only,13.0,31.430307070468753,22.0
Matara,2024-08-30,2024-08-31,1,validation,train_only,31.0,21.256733041046612,13.0
Matara,2024-09-06,2024-09-07,1,validation,train_only,22.0,26.107736281289604,31.0
Matara,2024-09-13,2024-09-14,1,validation,train_only,28.0,30.89908067833896,22.0
Matara,2024-09-20,2024-09-21,1,validation,train_only,22.0,31.475092083153545,28.0
Matara,2024-09-27,2024-09-28,1,validation,train_only,75.0,24.696332805336766,22.0
Matara,2024-10-04,2024-10-05,1,validation,train_only,46.0,54.52358971200101,75.0
Matara,2024-10-11,2024-10-12,1,validation,train_only,36.0,52.93146159458484,46.0
Matara,2024-10-18,2024-10-19,1,validation,train_only,29.0,39.500940021410536,36.0
Matara,2024-10-25,2024-10-26,1,validation,train_only,18.0,34.25867544072624,29.0
Matara,2024-11-01,2024-11-02,1,validation,train_only,19.0,28.34174361425675,18.0
Matara,2024-11-08,2024-11-09,1,validation,train_only,14.0,24.804167131887468,19.0
Matara,2024-11-15,2024-11-16,1,validation,train_only,20.0,17.160676315987317,14.0
Matara,2024-11-22,2024-11-23,1,validation,train_only,20.0,21.456745655994762,20.0
Matara,2024-11-29,2024-11-30,1,validation,train_only,15.0,21.646420543478065,20.0
Matara,2024-12-06,2024-12-07,1,validation,train_only,11.0,17.88609498616105,15.0
Matara,2024-12-13,2024-12-14,1,validation,train_only,12.0,16.930301207062413,11.0
Matara,2024-12-20,2024-12-21,1,validation,train_only,26.0,16.902443766417374,12.0
Matara,2024-12-27,2024-12-28,1,validation,train_only,28.0,25.981360390531368,26.0
Monaragala,2024-01-05,2024-01-06,1,validation,train_only,29.0,42.90069351638237,42.0
Monaragala,2024-01-12,2024-01-13,1,validation,train_only,87.0,39.29836091879545,29.0
Monaragala,2024-01-19,2024-01-20,1,validation,train_only,48.0,76.77489869441338,87.0
Monaragala,2024-01-26,2024-01-27,1,validation,train_only,36.0,57.10575754418702,48.0
Monaragala,2024-02-02,2024-02-03,1,validation,train_only,21.0,41.364149321161065,36.0
Monaragala,2024-02-09,2024-02-10,1,validation,train_only,15.0,31.69704013941009,21.0
Monaragala,2024-02-16,2024-02-17,1,validation,train_only,27.0,22.08581916437944,15.0
Monaragala,2024-02-23,2024-02-24,1,validation,train_only,25.0,22.436784366235077,27.0
Monaragala,2024-03-01,2024-03-02,1,validation,train_only,17.0,22.987844098331458,25.0
Monaragala,2024-03-08,2024-03-09,1,validation,train_only,19.0,18.752202760207563,17.0
Monaragala,2024-03-15,2024-03-16,1,validation,train_only,12.0,17.44575829202981,19.0
Monaragala,2024-03-22,2024-03-23,1,validation,train_only,10.0,14.692154277340926,12.0
Monaragala,2024-03-29,2024-03-30,1,validation,train_only,8.0,14.630991594564023,10.0
Monaragala,2024-04-05,2024-04-06,1,validation,train_only,12.0,9.961111439383082,8.0
Monaragala,2024-04-12,2024-04-13,1,validation,train_only,10.0,11.622782504333976,12.0
Monaragala,2024-04-19,2024-04-20,1,validation,train_only,15.0,12.455019747571287,10.0
Monaragala,2024-04-26,2024-04-27,1,validation,train_only,7.0,12.915351552216267,15.0
Monaragala,2024-05-03,2024-05-04,1,validation,train_only,12.0,9.33976285098843,7.0
Monaragala,2024-05-10,2024-05-11,1,validation,train_only,14.0,12.562923466904147,12.0
Monaragala,2024-05-17,2024-05-18,1,validation,train_only,5.0,12.530287853918779,14.0
Monaragala,2024-05-24,2024-05-25,1,validation,train_only,15.0,10.32547477896378,5.0
Monaragala,2024-05-31,2024-06-01,1,validation,train_only,20.0,11.27585520822239,15.0
Monaragala,2024-06-07,2024-06-08,1,validation,train_only,14.0,18.18616663028571,20.0
Monaragala,2024-06-14,2024-06-15,1,validation,train_only,16.0,15.614605740190438,14.0
Monaragala,2024-06-21,2024-06-22,1,validation,train_only,13.0,16.463149065829196,16.0
Monaragala,2024-06-28,2024-06-29,1,validation,train_only,11.0,21.674919891093232,13.0
Monaragala,2024-07-05,2024-07-06,1,validation,train_only,15.0,14.072139946315604,11.0
Monaragala,2024-07-12,2024-07-13,1,validation,train_only,12.0,12.17605876237994,15.0
Monaragala,2024-07-19,2024-07-20,1,validation,train_only,15.0,13.603359980020539,12.0
Monaragala,2024-07-26,2024-07-27,1,validation,train_only,12.0,13.33058538032231,15.0
Monaragala,2024-08-02,2024-08-03,1,validation,train_only,12.0,13.600610210131546,12.0
Monaragala,2024-08-09,2024-08-10,1,validation,train_only,13.0,14.093838747602033,12.0
Monaragala,2024-08-16,2024-08-17,1,validation,train_only,15.0,13.131852823805517,13.0
Monaragala,2024-08-23,2024-08-24,1,validation,train_only,18.0,13.111367295202461,15.0
Monaragala,2024-08-30,2024-08-31,1,validation,train_only,17.0,15.347068190962146,18.0
Monaragala,2024-09-06,2024-09-07,1,validation,train_only,4.0,16.278862453814128,17.0
Monaragala,2024-09-13,2024-09-14,1,validation,train_only,19.0,11.841376958298799,4.0
Monaragala,2024-09-20,2024-09-21,1,validation,train_only,21.0,17.32952522732098,19.0
Monaragala,2024-09-27,2024-09-28,1,validation,train_only,30.0,17.472377222806518,21.0
Monaragala,2024-10-04,2024-10-05,1,validation,train_only,34.0,23.07586155324751,30.0
Monaragala,2024-10-11,2024-10-12,1,validation,train_only,40.0,30.258637447558414,34.0
Monaragala,2024-10-18,2024-10-19,1,validation,train_only,28.0,37.81971718746067,40.0
Monaragala,2024-10-25,2024-10-26,1,validation,train_only,26.0,31.0008306844127,28.0
Monaragala,2024-11-01,2024-11-02,1,validation,train_only,19.0,28.39192507954986,26.0
Monaragala,2024-11-08,2024-11-09,1,validation,train_only,15.0,26.24982315594119,19.0
Monaragala,2024-11-15,2024-11-16,1,validation,train_only,45.0,19.70709606695194,15.0
Monaragala,2024-11-22,2024-11-23,1,validation,train_only,20.0,39.01352852786669,45.0
Monaragala,2024-11-29,2024-11-30,1,validation,train_only,13.0,32.15579226472723,20.0
Monaragala,2024-12-06,2024-12-07,1,validation,train_only,22.0,21.46065433045561,13.0
Monaragala,2024-12-13,2024-12-14,1,validation,train_only,13.0,26.04487275172122,22.0
Monaragala,2024-12-20,2024-12-21,1,validation,train_only,13.0,19.00929037647318,13.0
Monaragala,2024-12-27,2024-12-28,1,validation,train_only,25.0,20.41886207703229,13.0
Mullaitivu,2024-01-05,2024-01-06,1,validation,train_only,26.0,30.399942409775143,25.0
Mullaitivu,2024-01-12,2024-01-13,1,validation,train_only,31.0,29.062519177525633,26.0
Mullaitivu,2024-01-19,2024-01-20,1,validation,train_only,23.0,30.906483326458297,31.0
Mullaitivu,2024-01-26,2024-01-27,1,validation,train_only,11.0,28.177143641609504,23.0
Mullaitivu,2024-02-02,2024-02-03,1,validation,train_only,22.0,18.795262384154906,11.0
Mullaitivu,2024-02-09,2024-02-10,1,validation,train_only,8.0,20.30797858478506,22.0
Mullaitivu,2024-02-16,2024-02-17,1,validation,train_only,9.0,12.531958148806453,8.0
Mullaitivu,2024-02-23,2024-02-24,1,validation,train_only,2.0,11.821935676731536,9.0
Mullaitivu,2024-03-01,2024-03-02,1,validation,train_only,5.0,6.294556092158031,2.0
Mullaitivu,2024-03-08,2024-03-09,1,validation,train_only,7.0,5.26556457300288,5.0
Mullaitivu,2024-03-15,2024-03-16,1,validation,train_only,1.0,5.44169120391326,7.0
Mullaitivu,2024-03-22,2024-03-23,1,validation,train_only,1.0,3.879819012672432,1.0
Mullaitivu,2024-03-29,2024-03-30,1,validation,train_only,3.0,2.5302805459898963,1.0
Mullaitivu,2024-04-05,2024-04-06,1,validation,train_only,2.0,2.3621059639188533,3.0
Mullaitivu,2024-04-12,2024-04-13,1,validation,train_only,2.0,2.7757110464868275,2.0
Mullaitivu,2024-04-19,2024-04-20,1,validation,train_only,1.0,2.1125002127843455,2.0
Mullaitivu,2024-04-26,2024-04-27,1,validation,train_only,2.0,2.0152467829135605,1.0
Mullaitivu,2024-05-03,2024-05-04,1,validation,train_only,2.0,1.8750089382693669,2.0
Mullaitivu,2024-05-10,2024-05-11,1,validation,train_only,0.0,1.9665084669386517,2.0
Mullaitivu,2024-05-17,2024-05-18,1,validation,train_only,0.0,2.0153822438012448,0.0
Mullaitivu,2024-05-24,2024-05-25,1,validation,train_only,1.0,2.628222435008379,0.0
Mullaitivu,2024-05-31,2024-06-01,1,validation,train_only,0.0,2.586879138838848,1.0
Mullaitivu,2024-06-07,2024-06-08,1,validation,train_only,0.0,2.6300283087749476,0.0
Mullaitivu,2024-06-14,2024-06-15,1,validation,train_only,1.0,3.1155422448615866,0.0
Mullaitivu,2024-06-21,2024-06-22,1,validation,train_only,1.0,2.938689295223682,1.0
Mullaitivu,2024-06-28,2024-06-29,1,validation,train_only,1.0,4.5992274351313425,1.0
Mullaitivu,2024-07-05,2024-07-06,1,validation,train_only,3.0,1.8976505159267925,1.0
Mullaitivu,2024-07-12,2024-07-13,1,validation,train_only,0.0,1.67855047009713,3.0
Mullaitivu,2024-07-19,2024-07-20,1,validation,train_only,1.0,1.7169567450425882,0.0
Mullaitivu,2024-07-26,2024-07-27,1,validation,train_only,1.0,1.604292698390265,1.0
Mullaitivu,2024-08-02,2024-08-03,1,validation,train_only,1.0,1.4848635865009656,1.0
Mullaitivu,2024-08-09,2024-08-10,1,validation,train_only,1.0,1.4848635865009656,1.0
Mullaitivu,2024-08-16,2024-08-17,1,validation,train_only,0.0,1.3305330327213434,1.0
Mullaitivu,2024-08-23,2024-08-24,1,validation,train_only,2.0,1.7793219811742924,0.0
Mullaitivu,2024-08-30,2024-08-31,1,validation,train_only,2.0,1.7969274637315304,2.0
Mullaitivu,2024-09-06,2024-09-07,1,validation,train_only,2.0,2.147083618010684,2.0
Mullaitivu,2024-09-13,2024-09-14,1,validation,train_only,4.0,2.1670444008308096,2.0
Mullaitivu,2024-09-20,2024-09-21,1,validation,train_only,1.0,2.1631058963240926,4.0
Mullaitivu,2024-09-27,2024-09-28,1,validation,train_only,1.0,2.483029111304018,1.0
Mullaitivu,2024-10-04,2024-10-05,1,validation,train_only,1.0,2.4853177854045034,1.0
Mullaitivu,2024-10-11,2024-10-12,1,validation,train_only,0.0,2.0461428290143266,1.0
Mullaitivu,2024-10-18,2024-10-19,1,validation,train_only,1.0,2.668608980132052,0.0
Mullaitivu,2024-10-25,2024-10-26,1,validation,train_only,1.0,2.3537613436136904,1.0
Mullaitivu,2024-11-01,2024-11-02,1,validation,train_only,3.0,2.8125691144900613,1.0
Mullaitivu,2024-11-08,2024-11-09,1,validation,train_only,1.0,3.1875097973609736,3.0
Mullaitivu,2024-11-15,2024-11-16,1,validation,train_only,3.0,3.1380606213271225,1.0
Mullaitivu,2024-11-22,2024-11-23,1,validation,train_only,3.0,3.692647700226244,3.0
Mullaitivu,2024-11-29,2024-11-30,1,validation,train_only,0.0,3.6435954360271627,3.0
Mullaitivu,2024-12-06,2024-12-07,1,validation,train_only,5.0,4.548253074613428,0.0
Mullaitivu,2024-12-13,2024-12-14,1,validation,train_only,2.0,6.313287087091002,5.0
Mullaitivu,2024-12-20,2024-12-21,1,validation,train_only,4.0,5.286469109473865,2.0
Mullaitivu,2024-12-27,2024-12-28,1,validation,train_only,3.0,9.289447614542187,4.0
Nuwara Eliya,2024-01-05,2024-01-06,1,validation,train_only,28.0,35.97995234466702,19.0
Nuwara Eliya,2024-01-12,2024-01-13,1,validation,train_only,22.0,28.45722302925494,28.0
Nuwara Eliya,2024-01-19,2024-01-20,1,validation,train_only,18.0,25.7554201220095,22.0
Nuwara Eliya,2024-01-26,2024-01-27,1,validation,train_only,13.0,21.074918202480944,18.0
Nuwara Eliya,2024-02-02,2024-02-03,1,validation,train_only,18.0,16.82497724435179,13.0
Nuwara Eliya,2024-02-09,2024-02-10,1,validation,train_only,9.0,17.705763544077247,18.0
Nuwara Eliya,2024-02-16,2024-02-17,1,validation,train_only,9.0,13.228527736397691,9.0
Nuwara Eliya,2024-02-23,2024-02-24,1,validation,train_only,6.0,10.75977472209183,9.0
Nuwara Eliya,2024-03-01,2024-03-02,1,validation,train_only,10.0,8.682883215975862,6.0
Nuwara Eliya,2024-03-08,2024-03-09,1,validation,train_only,4.0,8.942138611535084,10.0
Nuwara Eliya,2024-03-15,2024-03-16,1,validation,train_only,6.0,4.946442126661731,4.0
Nuwara Eliya,2024-03-22,2024-03-23,1,validation,train_only,7.0,5.2834898412288975,6.0
Nuwara Eliya,2024-03-29,2024-03-30,1,validation,train_only,3.0,5.189246805589885,7.0
Nuwara Eliya,2024-04-05,2024-04-06,1,validation,train_only,1.0,4.380937038697712,3.0
Nuwara Eliya,2024-04-12,2024-04-13,1,validation,train_only,7.0,4.175362999711327,1.0
Nuwara Eliya,2024-04-19,2024-04-20,1,validation,train_only,3.0,4.962824646708618,7.0
Nuwara Eliya,2024-04-26,2024-04-27,1,validation,train_only,3.0,4.648816058290346,3.0
Nuwara Eliya,2024-05-03,2024-05-04,1,validation,train_only,4.0,2.9010353120918877,3.0
Nuwara Eliya,2024-05-10,2024-05-11,1,validation,train_only,2.0,3.670020938694866,4.0
Nuwara Eliya,2024-05-17,2024-05-18,1,validation,train_only,1.0,3.6247808821419887,2.0
Nuwara Eliya,2024-05-24,2024-05-25,1,validation,train_only,2.0,3.12738820138995,1.0
Nuwara Eliya,2024-05-31,2024-06-01,1,validation,train_only,5.0,6.464360412043639,2.0
Nuwara Eliya,2024-06-07,2024-06-08,1,validation,train_only,4.0,5.160130125632377,5.0
Nuwara Eliya,2024-06-14,2024-06-15,1,validation,train_only,2.0,11.43720821173631,4.0
Nuwara Eliya,2024-06-21,2024-06-22,1,validation,train_only,10.0,6.712533087559542,2.0
Nuwara Eliya,2024-06-28,2024-06-29,1,validation,train_only,7.0,27.654431988760262,10.0
Nuwara Eliya,2024-07-05,2024-07-06,1,validation,train_only,10.0,10.198759926655317,7.0
Nuwara Eliya,2024-07-12,2024-07-13,1,validation,train_only,6.0,9.231693646338226,10.0
Nuwara Eliya,2024-07-19,2024-07-20,1,validation,train_only,5.0,7.075341062702324,6.0
Nuwara Eliya,2024-07-26,2024-07-27,1,validation,train_only,9.0,6.970057137466664,5.0
Nuwara Eliya,2024-08-02,2024-08-03,1,validation,train_only,5.0,7.180481435289361,9.0
Nuwara Eliya,2024-08-09,2024-08-10,1,validation,train_only,10.0,6.1160526310547745,5.0
Nuwara Eliya,2024-08-16,2024-08-17,1,validation,train_only,7.0,10.305358067245235,10.0
Nuwara Eliya,2024-08-23,2024-08-24,1,validation,train_only,4.0,6.514725761655188,7.0
Nuwara Eliya,2024-08-30,2024-08-31,1,validation,train_only,1.0,5.7666040908537965,4.0
Nuwara Eliya,2024-09-06,2024-09-07,1,validation,train_only,5.0,5.397658985963776,1.0
Nuwara Eliya,2024-09-13,2024-09-14,1,validation,train_only,6.0,6.902937729415192,5.0
Nuwara Eliya,2024-09-20,2024-09-21,1,validation,train_only,8.0,5.883105694194015,6.0
Nuwara Eliya,2024-09-27,2024-09-28,1,validation,train_only,7.0,5.6401900285467015,8.0
Nuwara Eliya,2024-10-04,2024-10-05,1,validation,train_only,4.0,6.78819626459002,7.0
Nuwara Eliya,2024-10-11,2024-10-12,1,validation,train_only,5.0,5.696743229033137,4.0
Nuwara Eliya,2024-10-18,2024-10-19,1,validation,train_only,4.0,6.130956669292102,5.0
Nuwara Eliya,2024-10-25,2024-10-26,1,validation,train_only,6.0,5.166674864253659,4.0
Nuwara Eliya,2024-11-01,2024-11-02,1,validation,train_only,5.0,7.584053450388952,6.0
Nuwara Eliya,2024-11-08,2024-11-09,1,validation,train_only,0.0,7.618128734477954,5.0
Nuwara Eliya,2024-11-15,2024-11-16,1,validation,train_only,4.0,5.280915711647236,0.0
Nuwara Eliya,2024-11-22,2024-11-23,1,validation,train_only,3.0,4.5403606513547174,4.0
Nuwara Eliya,2024-11-29,2024-11-30,1,validation,train_only,2.0,4.880651688713147,3.0
Nuwara Eliya,2024-12-06,2024-12-07,1,validation,train_only,1.0,12.536786147442424,2.0
Nuwara Eliya,2024-12-13,2024-12-14,1,validation,train_only,3.0,4.22773150855817,1.0
Nuwara Eliya,2024-12-20,2024-12-21,1,validation,train_only,10.0,3.9159663619577194,3.0
Nuwara Eliya,2024-12-27,2024-12-28,1,validation,train_only,5.0,10.601052341335906,10.0
Polonnaruwa,2024-01-05,2024-01-06,1,validation,train_only,12.0,25.740058913081068,21.0
Polonnaruwa,2024-01-12,2024-01-13,1,validation,train_only,42.0,20.26175427946425,12.0
Polonnaruwa,2024-01-19,2024-01-20,1,validation,train_only,12.0,36.31484721285518,42.0
Polonnaruwa,2024-01-26,2024-01-27,1,validation,train_only,10.0,27.555623065323697,12.0
Polonnaruwa,2024-02-02,2024-02-03,1,validation,train_only,19.0,20.090763095903053,10.0
Polonnaruwa,2024-02-09,2024-02-10,1,validation,train_only,41.0,19.221501793817097,19.0
Polonnaruwa,2024-02-16,2024-02-17,1,validation,train_only,17.0,31.247535964108703,41.0
Polonnaruwa,2024-02-23,2024-02-24,1,validation,train_only,7.0,22.66042990714229,17.0
Polonnaruwa,2024-03-01,2024-03-02,1,validation,train_only,11.0,15.147849096872285,7.0
Polonnaruwa,2024-03-08,2024-03-09,1,validation,train_only,10.0,13.10566710106102,11.0
Polonnaruwa,2024-03-15,2024-03-16,1,validation,train_only,15.0,12.698118274007909,10.0
Polonnaruwa,2024-03-22,2024-03-23,1,validation,train_only,7.0,10.631218581410677,15.0
Polonnaruwa,2024-03-29,2024-03-30,1,validation,train_only,7.0,8.49270893154889,7.0
Polonnaruwa,2024-04-05,2024-04-06,1,validation,train_only,4.0,7.6909197465806285,7.0
Polonnaruwa,2024-04-12,2024-04-13,1,validation,train_only,3.0,5.07522281739103,4.0
Polonnaruwa,2024-04-19,2024-04-20,1,validation,train_only,5.0,4.795036568980243,3.0
Polonnaruwa,2024-04-26,2024-04-27,1,validation,train_only,7.0,5.271303091289718,5.0
Polonnaruwa,2024-05-03,2024-05-04,1,validation,train_only,6.0,5.203445835254937,7.0
Polonnaruwa,2024-05-10,2024-05-11,1,validation,train_only,3.0,5.497818071535055,6.0
Polonnaruwa,2024-05-17,2024-05-18,1,validation,train_only,6.0,4.581487197310456,3.0
Polonnaruwa,2024-05-24,2024-05-25,1,validation,train_only,2.0,6.311393334759404,6.0
Polonnaruwa,2024-05-31,2024-06-01,1,validation,train_only,2.0,4.758778003573717,2.0
Polonnaruwa,2024-06-07,2024-06-08,1,validation,train_only,6.0,5.217973134375735,2.0
Polonnaruwa,2024-06-14,2024-06-15,1,validation,train_only,5.0,7.324547670040464,6.0
Polonnaruwa,2024-06-21,2024-06-22,1,validation,train_only,13.0,5.692701062861524,5.0
Polonnaruwa,2024-06-28,2024-06-29,1,validation,train_only,3.0,10.750283936196654,13.0
Polonnaruwa,2024-07-05,2024-07-06,1,validation,train_only,7.0,6.231259343643444,3.0
Polonnaruwa,2024-07-12,2024-07-13,1,validation,train_only,14.0,5.877961644918852,7.0
Polonnaruwa,2024-07-19,2024-07-20,1,validation,train_only,6.0,8.419840914214651,14.0
Polonnaruwa,2024-07-26,2024-07-27,1,validation,train_only,11.0,7.3931178380679325,6.0
Polonnaruwa,2024-08-02,2024-08-03,1,validation,train_only,4.0,9.48815202936925,11.0
Polonnaruwa,2024-08-09,2024-08-10,1,validation,train_only,8.0,5.489249257860821,4.0
Polonnaruwa,2024-08-16,2024-08-17,1,validation,train_only,10.0,5.703084978888833,8.0
Polonnaruwa,2024-08-23,2024-08-24,1,validation,train_only,7.0,8.319370883356262,10.0
Polonnaruwa,2024-08-30,2024-08-31,1,validation,train_only,3.0,6.954760317643779,7.0
Polonnaruwa,2024-09-06,2024-09-07,1,validation,train_only,5.0,4.794271393690701,3.0
Polonnaruwa,2024-09-13,2024-09-14,1,validation,train_only,5.0,5.724281183861662,5.0
Polonnaruwa,2024-09-20,2024-09-21,1,validation,train_only,8.0,5.527760924160163,5.0
Polonnaruwa,2024-09-27,2024-09-28,1,validation,train_only,8.0,5.49211508264956,8.0
Polonnaruwa,2024-10-04,2024-10-05,1,validation,train_only,10.0,5.984623894929218,8.0
Polonnaruwa,2024-10-11,2024-10-12,1,validation,train_only,1.0,9.39100933286424,10.0
Polonnaruwa,2024-10-18,2024-10-19,1,validation,train_only,6.0,6.106076757120942,1.0
Polonnaruwa,2024-10-25,2024-10-26,1,validation,train_only,3.0,6.212176363999993,6.0
Polonnaruwa,2024-11-01,2024-11-02,1,validation,train_only,8.0,5.5513303489712635,3.0
Polonnaruwa,2024-11-08,2024-11-09,1,validation,train_only,7.0,7.657062907617478,8.0
Polonnaruwa,2024-11-15,2024-11-16,1,validation,train_only,6.0,6.484016433662408,7.0
Polonnaruwa,2024-11-22,2024-11-23,1,validation,train_only,17.0,9.293776764630076,6.0
Polonnaruwa,2024-11-29,2024-11-30,1,validation,train_only,6.0,17.306545698590607,17.0
Polonnaruwa,2024-12-06,2024-12-07,1,validation,train_only,5.0,10.336072425418681,6.0
Polonnaruwa,2024-12-13,2024-12-14,1,validation,train_only,3.0,9.280848406324848,5.0
Polonnaruwa,2024-12-20,2024-12-21,1,validation,train_only,6.0,7.18893295655381,3.0
Polonnaruwa,2024-12-27,2024-12-28,1,validation,train_only,14.0,13.765964904767293,6.0
Puttalam,2024-01-05,2024-01-06,1,validation,train_only,92.0,81.36676032140396,90.0
Puttalam,2024-01-12,2024-01-13,1,validation,train_only,127.0,88.50233738313844,92.0
Puttalam,2024-01-19,2024-01-20,1,validation,train_only,76.0,109.82007389117042,127.0
Puttalam,2024-01-26,2024-01-27,1,validation,train_only,52.0,91.19635248752905,76.0
Puttalam,2024-02-02,2024-02-03,1,validation,train_only,34.0,53.18477571039927,52.0
Puttalam,2024-02-09,2024-02-10,1,validation,train_only,102.0,46.92179121774344,34.0
Puttalam,2024-02-16,2024-02-17,1,validation,train_only,29.0,79.60009205954563,102.0
Puttalam,2024-02-23,2024-02-24,1,validation,train_only,21.0,51.68525930456441,29.0
Puttalam,2024-03-01,2024-03-02,1,validation,train_only,14.0,23.99014170633366,21.0
Puttalam,2024-03-08,2024-03-09,1,validation,train_only,9.0,19.622135531516214,14.0
Puttalam,2024-03-15,2024-03-16,1,validation,train_only,12.0,23.645039859736382,9.0
Puttalam,2024-03-22,2024-03-23,1,validation,train_only,9.0,12.855130911547795,12.0
Puttalam,2024-03-29,2024-03-30,1,validation,train_only,18.0,10.191259292760062,9.0
Puttalam,2024-04-05,2024-04-06,1,validation,train_only,8.0,12.061509388710279,18.0
Puttalam,2024-04-12,2024-04-13,1,validation,train_only,19.0,10.76885550730704,8.0
Puttalam,2024-04-19,2024-04-20,1,validation,train_only,7.0,16.249458974112912,19.0
Puttalam,2024-04-26,2024-04-27,1,validation,train_only,7.0,10.89752818208065,7.0
Puttalam,2024-05-03,2024-05-04,1,validation,train_only,7.0,9.60896310409619,7.0
Puttalam,2024-05-10,2024-05-11,1,validation,train_only,13.0,6.672882088507685,7.0
Puttalam,2024-05-17,2024-05-18,1,validation,train_only,11.0,10.53511150433351,13.0
Puttalam,2024-05-24,2024-05-25,1,validation,train_only,11.0,12.388526392545707,11.0
Puttalam,2024-05-31,2024-06-01,1,validation,train_only,7.0,12.679977371720566,11.0
Puttalam,2024-06-07,2024-06-08,1,validation,train_only,10.0,11.07952306343618,7.0
Puttalam,2024-06-14,2024-06-15,1,validation,train_only,9.0,14.513197123060026,10.0
Puttalam,2024-06-21,2024-06-22,1,validation,train_only,27.0,10.899898557562269,9.0
Puttalam,2024-06-28,2024-06-29,1,validation,train_only,21.0,22.806002650540876,27.0
Puttalam,2024-07-05,2024-07-06,1,validation,train_only,13.0,20.53429832498028,21.0
Puttalam,2024-07-12,2024-07-13,1,validation,train_only,28.0,17.81378555020539,13.0
Puttalam,2024-07-19,2024-07-20,1,validation,train_only,24.0,22.377849785458128,28.0
Puttalam,2024-07-26,2024-07-27,1,validation,train_only,19.0,23.467017271196923,24.0
Puttalam,2024-08-02,2024-08-03,1,validation,train_only,24.0,20.847031270182846,19.0
Puttalam,2024-08-09,2024-08-10,1,validation,train_only,16.0,22.480479492757645,24.0
Puttalam,2024-08-16,2024-08-17,1,validation,train_only,9.0,19.493715443931563,16.0
Puttalam,2024-08-23,2024-08-24,1,validation,train_only,17.0,13.354876465562585,9.0
Puttalam,2024-08-30,2024-08-31,1,validation,train_only,11.0,15.991015243840751,17.0
Puttalam,2024-09-06,2024-09-07,1,validation,train_only,11.0,15.401888831020521,11.0
Puttalam,2024-09-13,2024-09-14,1,validation,train_only,16.0,15.082738636871234,11.0
Puttalam,2024-09-20,2024-09-21,1,validation,train_only,16.0,15.271872384944158,16.0
Puttalam,2024-09-27,2024-09-28,1,validation,train_only,23.0,14.983523716016517,16.0
Puttalam,2024-10-04,2024-10-05,1,validation,train_only,11.0,19.66988823942201,23.0
Puttalam,2024-10-11,2024-10-12,1,validation,train_only,28.0,16.23542961631574,11.0
Puttalam,2024-10-18,2024-10-19,1,validation,train_only,15.0,22.83624645726257,28.0
Puttalam,2024-10-25,2024-10-26,1,validation,train_only,21.0,16.872837546149842,15.0
Puttalam,2024-11-01,2024-11-02,1,validation,train_only,28.0,22.84542835547603,21.0
Puttalam,2024-11-08,2024-11-09,1,validation,train_only,19.0,25.28394940999168,28.0
Puttalam,2024-11-15,2024-11-16,1,validation,train_only,30.0,24.008438702290636,19.0
Puttalam,2024-11-22,2024-11-23,1,validation,train_only,23.0,27.824170950409307,30.0
Puttalam,2024-11-29,2024-11-30,1,validation,train_only,28.0,26.793801158938304,23.0
Puttalam,2024-12-06,2024-12-07,1,validation,train_only,31.0,28.759164706322096,28.0
Puttalam,2024-12-13,2024-12-14,1,validation,train_only,39.0,29.701512146945205,31.0
Puttalam,2024-12-20,2024-12-21,1,validation,train_only,23.0,35.95508938281929,39.0
Puttalam,2024-12-27,2024-12-28,1,validation,train_only,30.0,34.22159095590021,23.0
Ratnapura,2024-01-05,2024-01-06,1,validation,train_only,77.0,73.41669010967851,76.0
Ratnapura,2024-01-12,2024-01-13,1,validation,train_only,43.0,93.77306337991716,77.0
Ratnapura,2024-01-19,2024-01-20,1,validation,train_only,67.0,58.83161427274409,43.0
Ratnapura,2024-01-26,2024-01-27,1,validation,train_only,72.0,54.3741805516032,67.0
Ratnapura,2024-02-02,2024-02-03,1,validation,train_only,82.0,75.66926014939095,72.0
Ratnapura,2024-02-09,2024-02-10,1,validation,train_only,14.0,80.33393847902435,82.0
Ratnapura,2024-02-16,2024-02-17,1,validation,train_only,57.0,48.006256695862156,14.0
Ratnapura,2024-02-23,2024-02-24,1,validation,train_only,57.0,46.585700727826264,57.0
Ratnapura,2024-03-01,2024-03-02,1,validation,train_only,38.0,53.22080039162837,57.0
Ratnapura,2024-03-08,2024-03-09,1,validation,train_only,56.0,42.868170277463946,38.0
Ratnapura,2024-03-15,2024-03-16,1,validation,train_only,48.0,50.488150203582315,56.0
Ratnapura,2024-03-22,2024-03-23,1,validation,train_only,53.0,49.68544944627797,48.0
Ratnapura,2024-03-29,2024-03-30,1,validation,train_only,49.0,50.42661171346073,53.0
Ratnapura,2024-04-05,2024-04-06,1,validation,train_only,39.0,50.27699682739638,49.0
Ratnapura,2024-04-12,2024-04-13,1,validation,train_only,44.0,46.326150192667434,39.0
Ratnapura,2024-04-19,2024-04-20,1,validation,train_only,67.0,50.26446427231366,44.0
Ratnapura,2024-04-26,2024-04-27,1,validation,train_only,74.0,62.36416344091157,67.0
Ratnapura,2024-05-03,2024-05-04,1,validation,train_only,88.0,73.67153699480872,74.0
Ratnapura,2024-05-10,2024-05-11,1,validation,train_only,72.0,106.11905738050984,88.0
Ratnapura,2024-05-17,2024-05-18,1,validation,train_only,76.0,83.06202893007084,72.0
Ratnapura,2024-05-24,2024-05-25,1,validation,train_only,84.0,84.26630151534802,76.0
Ratnapura,2024-05-31,2024-06-01,1,validation,train_only,60.0,94.61122401736925,84.0
Ratnapura,2024-06-07,2024-06-08,1,validation,train_only,47.0,85.56940319570266,60.0
Ratnapura,2024-06-14,2024-06-15,1,validation,train_only,57.0,73.18857931897884,47.0
Ratnapura,2024-06-21,2024-06-22,1,validation,train_only,58.0,76.86275140000994,57.0
Ratnapura,2024-06-28,2024-06-29,1,validation,train_only,52.0,99.61809040783787,58.0
Ratnapura,2024-07-05,2024-07-06,1,validation,train_only,51.0,78.32306520688493,52.0
Ratnapura,2024-07-12,2024-07-13,1,validation,train_only,81.0,52.851514130126006,51.0
Ratnapura,2024-07-19,2024-07-20,1,validation,train_only,76.0,68.07100645145293,81.0
Ratnapura,2024-07-26,2024-07-27,1,validation,train_only,72.0,70.41500101347239,76.0
Ratnapura,2024-08-02,2024-08-03,1,validation,train_only,51.0,62.93072790377165,72.0
Ratnapura,2024-08-09,2024-08-10,1,validation,train_only,38.0,56.22230841386199,51.0
Ratnapura,2024-08-16,2024-08-17,1,validation,train_only,25.0,49.511097710620824,38.0
Ratnapura,2024-08-23,2024-08-24,1,validation,train_only,48.0,36.974435311852645,25.0
Ratnapura,2024-08-30,2024-08-31,1,validation,train_only,51.0,50.970809558767364,48.0
Ratnapura,2024-09-06,2024-09-07,1,validation,train_only,18.0,53.37128239589072,51.0
Ratnapura,2024-09-13,2024-09-14,1,validation,train_only,32.0,50.16959979108033,18.0
Ratnapura,2024-09-20,2024-09-21,1,validation,train_only,40.0,44.380332746862635,32.0
Ratnapura,2024-09-27,2024-09-28,1,validation,train_only,31.0,40.27598177010561,40.0
Ratnapura,2024-10-04,2024-10-05,1,validation,train_only,45.0,44.128541755067985,31.0
Ratnapura,2024-10-11,2024-10-12,1,validation,train_only,42.0,44.269026315050695,45.0
Ratnapura,2024-10-18,2024-10-19,1,validation,train_only,54.0,41.83107484878563,42.0
Ratnapura,2024-10-25,2024-10-26,1,validation,train_only,61.0,49.67148286905245,54.0
Ratnapura,2024-11-01,2024-11-02,1,validation,train_only,48.0,57.89427672773271,61.0
Ratnapura,2024-11-08,2024-11-09,1,validation,train_only,41.0,53.81850023048331,48.0
Ratnapura,2024-11-15,2024-11-16,1,validation,train_only,54.0,46.360664082772374,41.0
Ratnapura,2024-11-22,2024-11-23,1,validation,train_only,53.0,55.00038180387668,54.0
Ratnapura,2024-11-29,2024-11-30,1,validation,train_only,38.0,65.76372183748647,53.0
Ratnapura,2024-12-06,2024-12-07,1,validation,train_only,44.0,54.81393984579881,38.0
Ratnapura,2024-12-13,2024-12-14,1,validation,train_only,20.0,51.59360808384772,44.0
Ratnapura,2024-12-20,2024-12-21,1,validation,train_only,47.0,43.978849687688864,20.0
Ratnapura,2024-12-27,2024-12-28,1,validation,train_only,30.0,53.1174830239929,47.0
Trincomalee,2024-01-05,2024-01-06,1,validation,train_only,50.0,41.21674619207417,42.0
Trincomalee,2024-01-12,2024-01-13,1,validation,train_only,33.0,47.930352645725506,50.0
Trincomalee,2024-01-19,2024-01-20,1,validation,train_only,42.0,41.87284361145773,33.0
Trincomalee,2024-01-26,2024-01-27,1,validation,train_only,29.0,40.28436579836449,42.0
Trincomalee,2024-02-02,2024-02-03,1,validation,train_only,31.0,31.70575636996472,29.0
Trincomalee,2024-02-09,2024-02-10,1,validation,train_only,33.0,29.97509771129383,31.0
Trincomalee,2024-02-16,2024-02-17,1,validation,train_only,26.0,30.213339309054216,33.0
Trincomalee,2024-02-23,2024-02-24,1,validation,train_only,26.0,26.992721619698035,26.0
Trincomalee,2024-03-01,2024-03-02,1,validation,train_only,13.0,24.010490553092158,26.0
Trincomalee,2024-03-08,2024-03-09,1,validation,train_only,23.0,17.99652289034144,13.0
Trincomalee,2024-03-15,2024-03-16,1,validation,train_only,21.0,19.11728872275258,23.0
Trincomalee,2024-03-22,2024-03-23,1,validation,train_only,12.0,18.32732311451775,21.0
Trincomalee,2024-03-29,2024-03-30,1,validation,train_only,7.0,15.945633216334492,12.0
Trincomalee,2024-04-05,2024-04-06,1,validation,train_only,9.0,12.009764935256733,7.0
Trincomalee,2024-04-12,2024-04-13,1,validation,train_only,17.0,9.442454443807607,9.0
Trincomalee,2024-04-19,2024-04-20,1,validation,train_only,9.0,11.935929769043396,17.0
Trincomalee,2024-04-26,2024-04-27,1,validation,train_only,19.0,10.585280586677468,9.0
Trincomalee,2024-05-03,2024-05-04,1,validation,train_only,18.0,14.46156730797448,19.0
Trincomalee,2024-05-10,2024-05-11,1,validation,train_only,12.0,14.490705278344732,18.0
Trincomalee,2024-05-17,2024-05-18,1,validation,train_only,6.0,13.968430863964345,12.0
Trincomalee,2024-05-24,2024-05-25,1,validation,train_only,7.0,11.453396853299319,6.0
Trincomalee,2024-05-31,2024-06-01,1,validation,train_only,10.0,8.885096561497098,7.0
Trincomalee,2024-06-07,2024-06-08,1,validation,train_only,7.0,10.650737056997126,10.0
Trincomalee,2024-06-14,2024-06-15,1,validation,train_only,12.0,8.170645443588302,7.0
Trincomalee,2024-06-21,2024-06-22,1,validation,train_only,10.0,10.92538350312512,12.0
Trincomalee,2024-06-28,2024-06-29,1,validation,train_only,11.0,13.1151632861506,10.0
Trincomalee,2024-07-05,2024-07-06,1,validation,train_only,7.0,10.75156260348408,11.0
Trincomalee,2024-07-12,2024-07-13,1,validation,train_only,14.0,7.890089618930254,7.0
Trincomalee,2024-07-19,2024-07-20,1,validation,train_only,8.0,9.416689228109039,14.0
Trincomalee,2024-07-26,2024-07-27,1,validation,train_only,12.0,7.718373292860082,8.0
Trincomalee,2024-08-02,2024-08-03,1,validation,train_only,12.0,10.134290049274224,12.0
Trincomalee,2024-08-09,2024-08-10,1,validation,train_only,10.0,10.518685924641606,12.0
Trincomalee,2024-08-16,2024-08-17,1,validation,train_only,3.0,11.321818791925661,10.0
Trincomalee,2024-08-23,2024-08-24,1,validation,train_only,8.0,6.785263307033624,3.0
Trincomalee,2024-08-30,2024-08-31,1,validation,train_only,2.0,6.067923306553671,8.0
Trincomalee,2024-09-06,2024-09-07,1,validation,train_only,6.0,4.761252943226563,2.0
Trincomalee,2024-09-13,2024-09-14,1,validation,train_only,3.0,6.249773598667184,6.0
Trincomalee,2024-09-20,2024-09-21,1,validation,train_only,2.0,4.208110584185184,3.0
Trincomalee,2024-09-27,2024-09-28,1,validation,train_only,2.0,3.6997960894721906,2.0
Trincomalee,2024-10-04,2024-10-05,1,validation,train_only,5.0,2.713571686210167,2.0
Trincomalee,2024-10-11,2024-10-12,1,validation,train_only,3.0,3.914967900715222,5.0
Trincomalee,2024-10-18,2024-10-19,1,validation,train_only,4.0,3.2315503375673162,3.0
Trincomalee,2024-10-25,2024-10-26,1,validation,train_only,9.0,3.3442081784427224,4.0
Trincomalee,2024-11-01,2024-11-02,1,validation,train_only,8.0,6.155148599399329,9.0
Trincomalee,2024-11-08,2024-11-09,1,validation,train_only,16.0,8.027841593493493,8.0
Trincomalee,2024-11-15,2024-11-16,1,validation,train_only,13.0,12.060992037987635,16.0
Trincomalee,2024-11-22,2024-11-23,1,validation,train_only,9.0,13.633240274550875,13.0
Trincomalee,2024-11-29,2024-11-30,1,validation,train_only,14.0,12.911512953840388,9.0
Trincomalee,2024-12-06,2024-12-07,1,validation,train_only,20.0,13.752452371168259,14.0
Trincomalee,2024-12-13,2024-12-14,1,validation,train_only,19.0,21.056364219891183,20.0
Trincomalee,2024-12-20,2024-12-21,1,validation,train_only,30.0,21.785724136993622,19.0
Trincomalee,2024-12-27,2024-12-28,1,validation,train_only,28.0,32.475682842346714,30.0
Vavuniya,2024-01-05,2024-01-06,1,validation,train_only,27.0,22.99588709261147,20.0
Vavuniya,2024-01-12,2024-01-13,1,validation,train_only,14.0,26.84578806753663,27.0
Vavuniya,2024-01-19,2024-01-20,1,validation,train_only,19.0,19.965235078999946,14.0
Vavuniya,2024-01-26,2024-01-27,1,validation,train_only,5.0,18.240408960869985,19.0
Vavuniya,2024-02-02,2024-02-03,1,validation,train_only,7.0,13.11184828985301,5.0
Vavuniya,2024-02-09,2024-02-10,1,validation,train_only,3.0,12.087875827543815,7.0
Vavuniya,2024-02-16,2024-02-17,1,validation,train_only,4.0,4.818253218560446,3.0
Vavuniya,2024-02-23,2024-02-24,1,validation,train_only,3.0,4.1748028573618114,4.0
Vavuniya,2024-03-01,2024-03-02,1,validation,train_only,5.0,3.8505904054077145,3.0
Vavuniya,2024-03-08,2024-03-09,1,validation,train_only,5.0,4.0529865127102305,5.0
Vavuniya,2024-03-15,2024-03-16,1,validation,train_only,2.0,4.062990325757639,5.0
Vavuniya,2024-03-22,2024-03-23,1,validation,train_only,2.0,3.10822739807829,2.0
Vavuniya,2024-03-29,2024-03-30,1,validation,train_only,1.0,2.5452248204754886,2.0
Vavuniya,2024-04-05,2024-04-06,1,validation,train_only,0.0,2.5452248204754886,1.0
Vavuniya,2024-04-12,2024-04-13,1,validation,train_only,0.0,2.859320508465579,0.0
Vavuniya,2024-04-19,2024-04-20,1,validation,train_only,0.0,2.1949208541258702,0.0
Vavuniya,2024-04-26,2024-04-27,1,validation,train_only,0.0,1.772087889624942,0.0
Vavuniya,2024-05-03,2024-05-04,1,validation,train_only,4.0,1.7233495736500324,0.0
Vavuniya,2024-05-10,2024-05-11,1,validation,train_only,2.0,1.9664652568014878,4.0
Vavuniya,2024-05-17,2024-05-18,1,validation,train_only,0.0,2.674516430203094,2.0
Vavuniya,2024-05-24,2024-05-25,1,validation,train_only,1.0,2.8217225728588673,0.0
Vavuniya,2024-05-31,2024-06-01,1,validation,train_only,4.0,2.779688924519914,1.0
Vavuniya,2024-06-07,2024-06-08,1,validation,train_only,2.0,3.836519744847374,4.0
Vavuniya,2024-06-14,2024-06-15,1,validation,train_only,1.0,4.707353915163647,2.0
Vavuniya,2024-06-21,2024-06-22,1,validation,train_only,1.0,3.2159906720524596,1.0
Vavuniya,2024-06-28,2024-06-29,1,validation,train_only,4.0,4.8423863284199635,1.0
Vavuniya,2024-07-05,2024-07-06,1,validation,train_only,3.0,2.0533242325908256,4.0
Vavuniya,2024-07-12,2024-07-13,1,validation,train_only,1.0,2.0422092800500553,3.0
Vavuniya,2024-07-19,2024-07-20,1,validation,train_only,5.0,2.1465057415221733,1.0
Vavuniya,2024-07-26,2024-07-27,1,validation,train_only,1.0,3.194514761677945,5.0
Vavuniya,2024-08-02,2024-08-03,1,validation,train_only,0.0,2.3288950112926794,1.0
Vavuniya,2024-08-09,2024-08-10,1,validation,train_only,5.0,2.03384169486985,0.0
Vavuniya,2024-08-16,2024-08-17,1,validation,train_only,3.0,3.3064330596287257,5.0
Vavuniya,2024-08-23,2024-08-24,1,validation,train_only,0.0,2.72067903979049,3.0
Vavuniya,2024-08-30,2024-08-31,1,validation,train_only,1.0,2.587460827963224,0.0
Vavuniya,2024-09-06,2024-09-07,1,validation,train_only,1.0,2.7026502416375497,1.0
Vavuniya,2024-09-13,2024-09-14,1,validation,train_only,2.0,3.4162329063975236,1.0
Vavuniya,2024-09-20,2024-09-21,1,validation,train_only,0.0,2.0775737665582676,2.0
Vavuniya,2024-09-27,2024-09-28,1,validation,train_only,0.0,1.7938789989621078,0.0
Vavuniya,2024-10-04,2024-10-05,1,validation,train_only,1.0,1.812609895636298,0.0
Vavuniya,2024-10-11,2024-10-12,1,validation,train_only,3.0,2.261429881666243,1.0
Vavuniya,2024-10-18,2024-10-19,1,validation,train_only,1.0,2.691917946419342,3.0
Vavuniya,2024-10-25,2024-10-26,1,validation,train_only,1.0,2.6800312304132574,1.0
Vavuniya,2024-11-01,2024-11-02,1,validation,train_only,2.0,3.569004508753902,1.0
Vavuniya,2024-11-08,2024-11-09,1,validation,train_only,0.0,3.9240881190963135,2.0
Vavuniya,2024-11-15,2024-11-16,1,validation,train_only,5.0,3.3409496124948563,0.0
Vavuniya,2024-11-22,2024-11-23,1,validation,train_only,3.0,5.025748589043784,5.0
Vavuniya,2024-11-29,2024-11-30,1,validation,train_only,2.0,4.479207939856488,3.0
Vavuniya,2024-12-06,2024-12-07,1,validation,train_only,4.0,4.858837005432439,2.0
Vavuniya,2024-12-13,2024-12-14,1,validation,train_only,4.0,4.956939094882421,4.0
Vavuniya,2024-12-20,2024-12-21,1,validation,train_only,2.0,5.50156692373069,4.0
Vavuniya,2024-12-27,2024-12-28,1,validation,train_only,4.0,9.632476672629753,2.0
Ampara,2025-01-03,2025-01-04,1,test,train_plus_validation,20.0,43.51446537181652,58.0
Ampara,2025-01-10,2025-01-11,1,test,train_plus_validation,27.0,35.6081308875394,20.0
Ampara,2025-01-17,2025-01-18,1,test,train_plus_validation,16.0,27.8651993302259,27.0
Ampara,2025-01-24,2025-01-25,1,test,train_plus_validation,13.0,21.877224224046746,16.0
Ampara,2025-01-31,2025-02-01,1,test,train_plus_validation,17.0,19.70069995393139,13.0
Ampara,2025-02-07,2025-02-08,1,test,train_plus_validation,17.0,17.129710482930857,17.0
Ampara,2025-02-14,2025-02-15,1,test,train_plus_validation,15.0,18.535490832693192,17.0
Ampara,2025-02-21,2025-02-22,1,test,train_plus_validation,11.0,16.178475979917916,15.0
Ampara,2025-02-28,2025-03-01,1,test,train_plus_validation,16.0,14.88696695446204,11.0
Ampara,2025-03-07,2025-03-08,1,test,train_plus_validation,11.0,15.45462500423348,16.0
Ampara,2025-03-14,2025-03-15,1,test,train_plus_validation,9.0,13.785293607207928,11.0
Ampara,2025-03-21,2025-03-22,1,test,train_plus_validation,12.0,12.019510173772197,9.0
Ampara,2025-03-28,2025-03-29,1,test,train_plus_validation,15.0,13.080498203614114,12.0
Ampara,2025-04-04,2025-04-05,1,test,train_plus_validation,22.0,12.720697630794705,15.0
Ampara,2025-04-11,2025-04-12,1,test,train_plus_validation,13.0,19.039360855571992,22.0
Ampara,2025-04-18,2025-04-19,1,test,train_plus_validation,15.0,15.251338348111188,13.0
Ampara,2025-04-25,2025-04-26,1,test,train_plus_validation,24.0,15.139399270956494,15.0
Ampara,2025-05-02,2025-05-03,1,test,train_plus_validation,17.0,22.89761140075262,24.0
Ampara,2025-05-09,2025-05-10,1,test,train_plus_validation,16.0,18.248061687062958,17.0
Ampara,2025-05-16,2025-05-17,1,test,train_plus_validation,14.0,16.68788562915441,16.0
Ampara,2025-05-23,2025-05-24,1,test,train_plus_validation,14.0,14.913082313415094,14.0
Ampara,2025-05-30,2025-05-31,1,test,train_plus_validation,28.0,15.818265585408689,14.0
Ampara,2025-06-06,2025-06-07,1,test,train_plus_validation,11.0,19.20733535474493,28.0
Ampara,2025-06-13,2025-06-14,1,test,train_plus_validation,12.0,14.88249663708745,11.0
Ampara,2025-06-20,2025-06-21,1,test,train_plus_validation,12.0,14.386059057949533,12.0
Ampara,2025-06-27,2025-06-28,1,test,train_plus_validation,22.0,14.618849725468241,12.0
Ampara,2025-07-04,2025-07-05,1,test,train_plus_validation,16.0,19.122415073872173,22.0
Ampara,2025-07-11,2025-07-12,1,test,train_plus_validation,17.0,16.48695132576356,16.0
Ampara,2025-07-18,2025-07-19,1,test,train_plus_validation,8.0,14.941899955545937,17.0
Ampara,2025-07-25,2025-07-26,1,test,train_plus_validation,11.0,11.771385292555923,8.0
Ampara,2025-08-01,2025-08-02,1,test,train_plus_validation,3.0,11.5484424850457,11.0
Ampara,2025-08-08,2025-08-09,1,test,train_plus_validation,6.0,8.124181987462451,3.0
Ampara,2025-08-15,2025-08-16,1,test,train_plus_validation,7.0,6.128976032266991,6.0
Ampara,2025-08-22,2025-08-23,1,test,train_plus_validation,7.0,5.6479950093025995,7.0
Ampara,2025-08-29,2025-08-30,1,test,train_plus_validation,6.0,5.677050538640653,7.0
Ampara,2025-09-05,2025-09-06,1,test,train_plus_validation,17.0,6.157173790640566,6.0
Ampara,2025-09-12,2025-09-13,1,test,train_plus_validation,15.0,10.321713978057598,17.0
Ampara,2025-09-19,2025-09-20,1,test,train_plus_validation,4.0,12.352931183401921,15.0
Ampara,2025-09-26,2025-09-27,1,test,train_plus_validation,6.0,9.229366982112099,4.0
Ampara,2025-10-03,2025-10-04,1,test,train_plus_validation,9.0,6.586002557488257,6.0
Ampara,2025-10-10,2025-10-11,1,test,train_plus_validation,14.0,8.323500657452534,9.0
Ampara,2025-10-17,2025-10-18,1,test,train_plus_validation,9.0,11.63258030913242,14.0
Ampara,2025-10-24,2025-10-25,1,test,train_plus_validation,15.0,10.30500285023428,9.0
Ampara,2025-10-31,2025-11-01,1,test,train_plus_validation,10.0,12.200367205642593,15.0
Ampara,2025-11-07,2025-11-08,1,test,train_plus_validation,17.0,13.290049293777301,10.0
Ampara,2025-11-14,2025-11-15,1,test,train_plus_validation,24.0,14.230898349150504,17.0
Ampara,2025-11-21,2025-11-22,1,test,train_plus_validation,11.0,21.741057300753905,24.0
Ampara,2025-11-28,2025-11-29,1,test,train_plus_validation,7.0,16.774400575063236,11.0
Ampara,2025-12-05,2025-12-06,1,test,train_plus_validation,22.0,13.185737071176487,7.0
Ampara,2025-12-12,2025-12-13,1,test,train_plus_validation,18.0,19.612270857782395,22.0
Anuradhapura,2025-01-03,2025-01-04,1,test,train_plus_validation,20.0,26.257692411050634,27.0
Anuradhapura,2025-01-10,2025-01-11,1,test,train_plus_validation,29.0,23.611873717172454,20.0
Anuradhapura,2025-01-17,2025-01-18,1,test,train_plus_validation,16.0,25.9735939801361,29.0
Anuradhapura,2025-01-24,2025-01-25,1,test,train_plus_validation,22.0,19.61998921780311,16.0
Anuradhapura,2025-01-31,2025-02-01,1,test,train_plus_validation,39.0,21.608266684725642,22.0
Anuradhapura,2025-02-07,2025-02-08,1,test,train_plus_validation,39.0,29.356307532121036,39.0
Anuradhapura,2025-02-14,2025-02-15,1,test,train_plus_validation,24.0,34.18417643047235,39.0
Anuradhapura,2025-02-21,2025-02-22,1,test,train_plus_validation,18.0,29.361151401540653,24.0
Anuradhapura,2025-02-28,2025-03-01,1,test,train_plus_validation,25.0,19.6969141065864,18.0
Anuradhapura,2025-03-07,2025-03-08,1,test,train_plus_validation,12.0,21.904065327381662,25.0
Anuradhapura,2025-03-14,2025-03-15,1,test,train_plus_validation,8.0,16.326405921192084,12.0
Anuradhapura,2025-03-21,2025-03-22,1,test,train_plus_validation,9.0,12.837849018075444,8.0
Anuradhapura,2025-03-28,2025-03-29,1,test,train_plus_validation,6.0,11.045340415268958,9.0
Anuradhapura,2025-04-04,2025-04-05,1,test,train_plus_validation,3.0,8.07787637224947,6.0
Anuradhapura,2025-04-11,2025-04-12,1,test,train_plus_validation,4.0,6.014557964012445,3.0
Anuradhapura,2025-04-18,2025-04-19,1,test,train_plus_validation,8.0,5.1873263833255105,4.0
Anuradhapura,2025-04-25,2025-04-26,1,test,train_plus_validation,10.0,5.871438090858217,8.0
Anuradhapura,2025-05-02,2025-05-03,1,test,train_plus_validation,11.0,10.893002327079463,10.0
Anuradhapura,2025-05-09,2025-05-10,1,test,train_plus_validation,11.0,11.301687458555161,11.0
Anuradhapura,2025-05-16,2025-05-17,1,test,train_plus_validation,13.0,11.818551412187736,11.0
Anuradhapura,2025-05-23,2025-05-24,1,test,train_plus_validation,11.0,12.273074314583802,13.0
Anuradhapura,2025-05-30,2025-05-31,1,test,train_plus_validation,10.0,13.00336873395996,11.0
Anuradhapura,2025-06-06,2025-06-07,1,test,train_plus_validation,7.0,12.042976667558504,10.0
Anuradhapura,2025-06-13,2025-06-14,1,test,train_plus_validation,8.0,7.463627013394529,7.0
Anuradhapura,2025-06-20,2025-06-21,1,test,train_plus_validation,17.0,7.001798983942366,8.0
Anuradhapura,2025-06-27,2025-06-28,1,test,train_plus_validation,8.0,11.161267419835582,17.0
Anuradhapura,2025-07-04,2025-07-05,1,test,train_plus_validation,8.0,9.164114532431102,8.0
Anuradhapura,2025-07-11,2025-07-12,1,test,train_plus_validation,12.0,7.742800993378446,8.0
Anuradhapura,2025-07-18,2025-07-19,1,test,train_plus_validation,11.0,9.358342206428626,12.0
Anuradhapura,2025-07-25,2025-07-26,1,test,train_plus_validation,3.0,11.14633827316355,11.0
Anuradhapura,2025-08-01,2025-08-02,1,test,train_plus_validation,6.0,6.692743932220197,3.0
Anuradhapura,2025-08-08,2025-08-09,1,test,train_plus_validation,11.0,5.465840700833098,6.0
Anuradhapura,2025-08-15,2025-08-16,1,test,train_plus_validation,6.0,8.81814514559751,11.0
Anuradhapura,2025-08-22,2025-08-23,1,test,train_plus_validation,9.0,6.859392103467085,6.0
Anuradhapura,2025-08-29,2025-08-30,1,test,train_plus_validation,2.0,7.1458155057497255,9.0
Anuradhapura,2025-09-05,2025-09-06,1,test,train_plus_validation,6.0,4.811845444121321,2.0
Anuradhapura,2025-09-12,2025-09-13,1,test,train_plus_validation,3.0,5.409594161179512,6.0
Anuradhapura,2025-09-19,2025-09-20,1,test,train_plus_validation,2.0,4.547856100994247,3.0
Anuradhapura,2025-09-26,2025-09-27,1,test,train_plus_validation,0.0,4.099680356179884,2.0
Anuradhapura,2025-10-03,2025-10-04,1,test,train_plus_validation,7.0,2.9755301028938868,0.0
Anuradhapura,2025-10-10,2025-10-11,1,test,train_plus_validation,9.0,5.092963828017556,7.0
Anuradhapura,2025-10-17,2025-10-18,1,test,train_plus_validation,4.0,6.347681473561704,9.0
Anuradhapura,2025-10-24,2025-10-25,1,test,train_plus_validation,9.0,5.829498314787141,4.0
Anuradhapura,2025-10-31,2025-11-01,1,test,train_plus_validation,3.0,7.898362535185383,9.0
Anuradhapura,2025-11-07,2025-11-08,1,test,train_plus_validation,8.0,6.2104926871812465,3.0
Anuradhapura,2025-11-14,2025-11-15,1,test,train_plus_validation,10.0,8.795466885266999,8.0
Anuradhapura,2025-11-21,2025-11-22,1,test,train_plus_validation,8.0,12.068125568195516,10.0
Anuradhapura,2025-11-28,2025-11-29,1,test,train_plus_validation,11.0,8.236531029460656,8.0
Anuradhapura,2025-12-05,2025-12-06,1,test,train_plus_validation,12.0,10.818554647378095,11.0
Anuradhapura,2025-12-12,2025-12-13,1,test,train_plus_validation,13.0,12.072647070560212,12.0
Badulla,2025-01-03,2025-01-04,1,test,train_plus_validation,17.0,15.55145350453161,5.0
Badulla,2025-01-10,2025-01-11,1,test,train_plus_validation,28.0,17.268004154788173,17.0
Badulla,2025-01-17,2025-01-18,1,test,train_plus_validation,27.0,20.465033889293665,28.0
Badulla,2025-01-24,2025-01-25,1,test,train_plus_validation,26.0,24.22413390744026,27.0
Badulla,2025-01-31,2025-02-01,1,test,train_plus_validation,17.0,30.57586254674624,26.0
Badulla,2025-02-07,2025-02-08,1,test,train_plus_validation,17.0,29.292181857159765,17.0
Badulla,2025-02-14,2025-02-15,1,test,train_plus_validation,8.0,21.783714210615432,17.0
Badulla,2025-02-21,2025-02-22,1,test,train_plus_validation,11.0,13.977240408889713,8.0
Badulla,2025-02-28,2025-03-01,1,test,train_plus_validation,3.0,13.068320754570912,11.0
Badulla,2025-03-07,2025-03-08,1,test,train_plus_validation,17.0,8.458152314081957,3.0
Badulla,2025-03-14,2025-03-15,1,test,train_plus_validation,6.0,10.79175395352112,17.0
Badulla,2025-03-21,2025-03-22,1,test,train_plus_validation,12.0,8.531393760389994,6.0
Badulla,2025-03-28,2025-03-29,1,test,train_plus_validation,9.0,12.359749954724444,12.0
Badulla,2025-04-04,2025-04-05,1,test,train_plus_validation,18.0,9.324095019614699,9.0
Badulla,2025-04-11,2025-04-12,1,test,train_plus_validation,11.0,14.00888722480401,18.0
Badulla,2025-04-18,2025-04-19,1,test,train_plus_validation,19.0,13.618868312515666,11.0
Badulla,2025-04-25,2025-04-26,1,test,train_plus_validation,12.0,17.620288410513854,19.0
Badulla,2025-05-02,2025-05-03,1,test,train_plus_validation,7.0,15.689495539263715,12.0
Badulla,2025-05-09,2025-05-10,1,test,train_plus_validation,7.0,13.99702706474274,7.0
Badulla,2025-05-16,2025-05-17,1,test,train_plus_validation,25.0,9.40190714347315,7.0
Badulla,2025-05-23,2025-05-24,1,test,train_plus_validation,26.0,19.270838306204787,25.0
Badulla,2025-05-30,2025-05-31,1,test,train_plus_validation,24.0,25.463246427093672,26.0
Badulla,2025-06-06,2025-06-07,1,test,train_plus_validation,24.0,25.308150558551922,24.0
Badulla,2025-06-13,2025-06-14,1,test,train_plus_validation,31.0,23.23341773292965,24.0
Badulla,2025-06-20,2025-06-21,1,test,train_plus_validation,17.0,25.87142389895264,31.0
Badulla,2025-06-27,2025-06-28,1,test,train_plus_validation,17.0,23.25727922807841,17.0
Badulla,2025-07-04,2025-07-05,1,test,train_plus_validation,16.0,18.725865110650002,17.0
Badulla,2025-07-11,2025-07-12,1,test,train_plus_validation,37.0,16.070277224183048,16.0
Badulla,2025-07-18,2025-07-19,1,test,train_plus_validation,20.0,26.08264651148577,37.0
Badulla,2025-07-25,2025-07-26,1,test,train_plus_validation,16.0,22.850109722505046,20.0
Badulla,2025-08-01,2025-08-02,1,test,train_plus_validation,13.0,17.894727378100143,16.0
Badulla,2025-08-08,2025-08-09,1,test,train_plus_validation,12.0,15.179627439201775,13.0
Badulla,2025-08-15,2025-08-16,1,test,train_plus_validation,14.0,14.238363687691605,12.0
Badulla,2025-08-22,2025-08-23,1,test,train_plus_validation,18.0,13.658823803537745,14.0
Badulla,2025-08-29,2025-08-30,1,test,train_plus_validation,8.0,15.737644914069685,18.0
Badulla,2025-09-05,2025-09-06,1,test,train_plus_validation,11.0,11.442302602659613,8.0
Badulla,2025-09-12,2025-09-13,1,test,train_plus_validation,19.0,12.17488150329443,11.0
Badulla,2025-09-19,2025-09-20,1,test,train_plus_validation,8.0,15.725357606456598,19.0
Badulla,2025-09-26,2025-09-27,1,test,train_plus_validation,13.0,12.002200039864002,8.0
Badulla,2025-10-03,2025-10-04,1,test,train_plus_validation,4.0,11.675838804337799,13.0
Badulla,2025-10-10,2025-10-11,1,test,train_plus_validation,8.0,9.555134994140959,4.0
Badulla,2025-10-17,2025-10-18,1,test,train_plus_validation,11.0,8.42161943353283,8.0
Badulla,2025-10-24,2025-10-25,1,test,train_plus_validation,7.0,9.984705186905236,11.0
Badulla,2025-10-31,2025-11-01,1,test,train_plus_validation,14.0,8.481670439984384,7.0
Badulla,2025-11-07,2025-11-08,1,test,train_plus_validation,17.0,11.057902672155864,14.0
Badulla,2025-11-14,2025-11-15,1,test,train_plus_validation,18.0,14.312529636343815,17.0
Badulla,2025-11-21,2025-11-22,1,test,train_plus_validation,14.0,16.66978940483788,18.0
Badulla,2025-11-28,2025-11-29,1,test,train_plus_validation,10.0,14.823171067706692,14.0
Badulla,2025-12-05,2025-12-06,1,test,train_plus_validation,18.0,15.733506506694455,10.0
Badulla,2025-12-12,2025-12-13,1,test,train_plus_validation,25.0,16.07079328462216,18.0
Batticaloa,2025-01-03,2025-01-04,1,test,train_plus_validation,55.0,54.56031114614368,62.0
Batticaloa,2025-01-10,2025-01-11,1,test,train_plus_validation,65.0,53.911117126372865,55.0
Batticaloa,2025-01-17,2025-01-18,1,test,train_plus_validation,64.0,65.30270731547104,65.0
Batticaloa,2025-01-24,2025-01-25,1,test,train_plus_validation,53.0,61.08898527745134,64.0
Batticaloa,2025-01-31,2025-02-01,1,test,train_plus_validation,60.0,59.7867883494353,53.0
Batticaloa,2025-02-07,2025-02-08,1,test,train_plus_validation,60.0,55.14317572424562,60.0
Batticaloa,2025-02-14,2025-02-15,1,test,train_plus_validation,81.0,63.79649099047572,60.0
Batticaloa,2025-02-21,2025-02-22,1,test,train_plus_validation,59.0,66.80967434037328,81.0
Batticaloa,2025-02-28,2025-03-01,1,test,train_plus_validation,56.0,55.9927981903272,59.0
Batticaloa,2025-03-07,2025-03-08,1,test,train_plus_validation,31.0,55.23490292126146,56.0
Batticaloa,2025-03-14,2025-03-15,1,test,train_plus_validation,28.0,40.08904226964827,31.0
Batticaloa,2025-03-21,2025-03-22,1,test,train_plus_validation,28.0,34.29883123054055,28.0
Batticaloa,2025-03-28,2025-03-29,1,test,train_plus_validation,46.0,28.443015078521345,28.0
Batticaloa,2025-04-04,2025-04-05,1,test,train_plus_validation,70.0,39.36443063879534,46.0
Batticaloa,2025-04-11,2025-04-12,1,test,train_plus_validation,62.0,52.97761844727984,70.0
Batticaloa,2025-04-18,2025-04-19,1,test,train_plus_validation,94.0,60.326847845537955,62.0
Batticaloa,2025-04-25,2025-04-26,1,test,train_plus_validation,84.0,79.98548142781262,94.0
Batticaloa,2025-05-02,2025-05-03,1,test,train_plus_validation,59.0,78.55045778112284,84.0
Batticaloa,2025-05-09,2025-05-10,1,test,train_plus_validation,58.0,66.2477469334508,59.0
Batticaloa,2025-05-16,2025-05-17,1,test,train_plus_validation,53.0,54.4779132285543,58.0
Batticaloa,2025-05-23,2025-05-24,1,test,train_plus_validation,52.0,47.68964883518658,53.0
Batticaloa,2025-05-30,2025-05-31,1,test,train_plus_validation,59.0,49.869467442811285,52.0
Batticaloa,2025-06-06,2025-06-07,1,test,train_plus_validation,30.0,50.831525135752415,59.0
Batticaloa,2025-06-13,2025-06-14,1,test,train_plus_validation,40.0,33.76583902154562,30.0
Batticaloa,2025-06-20,2025-06-21,1,test,train_plus_validation,16.0,32.53483079307232,40.0
Batticaloa,2025-06-27,2025-06-28,1,test,train_plus_validation,20.0,25.616703029566345,16.0
Batticaloa,2025-07-04,2025-07-05,1,test,train_plus_validation,13.0,23.74299441277535,20.0
Batticaloa,2025-07-11,2025-07-12,1,test,train_plus_validation,19.0,16.47116427059571,13.0
Batticaloa,2025-07-18,2025-07-19,1,test,train_plus_validation,6.0,16.716918374560105,19.0
Batticaloa,2025-07-25,2025-07-26,1,test,train_plus_validation,6.0,11.68699251076094,6.0
Batticaloa,2025-08-01,2025-08-02,1,test,train_plus_validation,12.0,8.801812706703801,6.0
Batticaloa,2025-08-08,2025-08-09,1,test,train_plus_validation,5.0,9.105777729407611,12.0
Batticaloa,2025-08-15,2025-08-16,1,test,train_plus_validation,6.0,7.258325327024216,5.0
Batticaloa,2025-08-22,2025-08-23,1,test,train_plus_validation,9.0,6.080631637599733,6.0
Batticaloa,2025-08-29,2025-08-30,1,test,train_plus_validation,8.0,7.168877345295554,9.0
Batticaloa,2025-09-05,2025-09-06,1,test,train_plus_validation,8.0,7.15346682556289,8.0
Batticaloa,2025-09-12,2025-09-13,1,test,train_plus_validation,9.0,6.241660006543507,8.0
Batticaloa,2025-09-19,2025-09-20,1,test,train_plus_validation,9.0,7.45554861623657,9.0
Batticaloa,2025-09-26,2025-09-27,1,test,train_plus_validation,14.0,7.898505223212579,9.0
Batticaloa,2025-10-03,2025-10-04,1,test,train_plus_validation,16.0,9.99904861204883,14.0
Batticaloa,2025-10-10,2025-10-11,1,test,train_plus_validation,17.0,13.137703595525663,16.0
Batticaloa,2025-10-17,2025-10-18,1,test,train_plus_validation,13.0,15.475195733890258,17.0
Batticaloa,2025-10-24,2025-10-25,1,test,train_plus_validation,19.0,14.570890753038139,13.0
Batticaloa,2025-10-31,2025-11-01,1,test,train_plus_validation,29.0,17.85236352843357,19.0
Batticaloa,2025-11-07,2025-11-08,1,test,train_plus_validation,21.0,23.315603964082698,29.0
Batticaloa,2025-11-14,2025-11-15,1,test,train_plus_validation,21.0,21.91694726561733,21.0
Batticaloa,2025-11-21,2025-11-22,1,test,train_plus_validation,10.0,23.69830995804795,21.0
Batticaloa,2025-11-28,2025-11-29,1,test,train_plus_validation,16.0,17.00172705774819,10.0
Batticaloa,2025-12-05,2025-12-06,1,test,train_plus_validation,14.0,18.48659348403366,16.0
Batticaloa,2025-12-12,2025-12-13,1,test,train_plus_validation,20.0,17.54824326831451,14.0
Colombo,2025-01-03,2025-01-04,1,test,train_plus_validation,245.0,204.17373985658193,200.0
Colombo,2025-01-10,2025-01-11,1,test,train_plus_validation,247.0,217.88648061945707,245.0
Colombo,2025-01-17,2025-01-18,1,test,train_plus_validation,284.0,240.0653989093959,247.0
Colombo,2025-01-24,2025-01-25,1,test,train_plus_validation,225.0,262.75017590802537,284.0
Colombo,2025-01-31,2025-02-01,1,test,train_plus_validation,252.0,226.22561825151746,225.0
Colombo,2025-02-07,2025-02-08,1,test,train_plus_validation,252.0,251.8804547427271,252.0
Colombo,2025-02-14,2025-02-15,1,test,train_plus_validation,217.0,265.6086986649362,252.0
Colombo,2025-02-21,2025-02-22,1,test,train_plus_validation,219.0,207.6796128670884,217.0
Colombo,2025-02-28,2025-03-01,1,test,train_plus_validation,262.0,188.34518723477083,219.0
Colombo,2025-03-07,2025-03-08,1,test,train_plus_validation,214.0,243.80354587253532,262.0
Colombo,2025-03-14,2025-03-15,1,test,train_plus_validation,242.0,205.53480886544372,214.0
Colombo,2025-03-21,2025-03-22,1,test,train_plus_validation,239.0,224.25819227244398,242.0
Colombo,2025-03-28,2025-03-29,1,test,train_plus_validation,204.0,223.8311843148877,239.0
Colombo,2025-04-04,2025-04-05,1,test,train_plus_validation,277.0,210.2722224416859,204.0
Colombo,2025-04-11,2025-04-12,1,test,train_plus_validation,230.0,273.0514125317853,277.0
Colombo,2025-04-18,2025-04-19,1,test,train_plus_validation,306.0,225.42406743883197,230.0
Colombo,2025-04-25,2025-04-26,1,test,train_plus_validation,276.0,301.7392674679157,306.0
Colombo,2025-05-02,2025-05-03,1,test,train_plus_validation,310.0,330.55913792183,276.0
Colombo,2025-05-09,2025-05-10,1,test,train_plus_validation,359.0,331.99621110930195,310.0
Colombo,2025-05-16,2025-05-17,1,test,train_plus_validation,336.0,337.9785712918851,359.0
Colombo,2025-05-23,2025-05-24,1,test,train_plus_validation,302.0,369.35045183109787,336.0
Colombo,2025-05-30,2025-05-31,1,test,train_plus_validation,245.0,340.3813752635518,302.0
Colombo,2025-06-06,2025-06-07,1,test,train_plus_validation,279.0,201.54237101021954,245.0
Colombo,2025-06-13,2025-06-14,1,test,train_plus_validation,316.0,264.4832638053331,279.0
Colombo,2025-06-20,2025-06-21,1,test,train_plus_validation,276.0,308.0892327560114,316.0
Colombo,2025-06-27,2025-06-28,1,test,train_plus_validation,285.0,361.34165585420317,276.0
Colombo,2025-07-04,2025-07-05,1,test,train_plus_validation,222.0,343.25826024081493,285.0
Colombo,2025-07-11,2025-07-12,1,test,train_plus_validation,226.0,258.79757318506205,222.0
Colombo,2025-07-18,2025-07-19,1,test,train_plus_validation,237.0,204.9146800191964,226.0
Colombo,2025-07-25,2025-07-26,1,test,train_plus_validation,246.0,192.82022423984606,237.0
Colombo,2025-08-01,2025-08-02,1,test,train_plus_validation,156.0,218.04472759892437,246.0
Colombo,2025-08-08,2025-08-09,1,test,train_plus_validation,87.0,177.53154334441675,156.0
Colombo,2025-08-15,2025-08-16,1,test,train_plus_validation,137.0,110.6647803382292,87.0
Colombo,2025-08-22,2025-08-23,1,test,train_plus_validation,104.0,123.31181645472849,137.0
Colombo,2025-08-29,2025-08-30,1,test,train_plus_validation,103.0,95.60214336802252,104.0
Colombo,2025-09-05,2025-09-06,1,test,train_plus_validation,117.0,94.44543191311459,103.0
Colombo,2025-09-12,2025-09-13,1,test,train_plus_validation,120.0,108.31285797525337,117.0
Colombo,2025-09-19,2025-09-20,1,test,train_plus_validation,155.0,109.85204814063748,120.0
Colombo,2025-09-26,2025-09-27,1,test,train_plus_validation,129.0,151.18575024818566,155.0
Colombo,2025-10-03,2025-10-04,1,test,train_plus_validation,130.0,141.70447580694426,129.0
Colombo,2025-10-10,2025-10-11,1,test,train_plus_validation,157.0,136.70750123738796,130.0
Colombo,2025-10-17,2025-10-18,1,test,train_plus_validation,214.0,155.35732755591593,157.0
Colombo,2025-10-24,2025-10-25,1,test,train_plus_validation,153.0,190.18362445028734,214.0
Colombo,2025-10-31,2025-11-01,1,test,train_plus_validation,184.0,185.36762848946063,153.0
Colombo,2025-11-07,2025-11-08,1,test,train_plus_validation,266.0,189.27619585051843,184.0
Colombo,2025-11-14,2025-11-15,1,test,train_plus_validation,226.0,280.75529118988425,266.0
Colombo,2025-11-21,2025-11-22,1,test,train_plus_validation,286.0,229.5856978436023,226.0
Colombo,2025-11-28,2025-11-29,1,test,train_plus_validation,272.0,267.0524419843437,286.0
Colombo,2025-12-05,2025-12-06,1,test,train_plus_validation,318.0,273.3898266868475,272.0
Colombo,2025-12-12,2025-12-13,1,test,train_plus_validation,340.0,295.07768459115385,318.0
Galle,2025-01-03,2025-01-04,1,test,train_plus_validation,82.0,32.19270993403533,30.0
Galle,2025-01-10,2025-01-11,1,test,train_plus_validation,51.0,61.09742970392957,82.0
Galle,2025-01-17,2025-01-18,1,test,train_plus_validation,48.0,53.4522863471029,51.0
Galle,2025-01-24,2025-01-25,1,test,train_plus_validation,53.0,51.80993108984822,48.0
Galle,2025-01-31,2025-02-01,1,test,train_plus_validation,44.0,53.367029947566834,53.0
Galle,2025-02-07,2025-02-08,1,test,train_plus_validation,44.0,49.38945243431322,44.0
Galle,2025-02-14,2025-02-15,1,test,train_plus_validation,43.0,46.36746573194078,44.0
Galle,2025-02-21,2025-02-22,1,test,train_plus_validation,21.0,44.43346969823302,43.0
Galle,2025-02-28,2025-03-01,1,test,train_plus_validation,40.0,32.21691822548603,21.0
Galle,2025-03-07,2025-03-08,1,test,train_plus_validation,24.0,33.50581769168341,40.0
Galle,2025-03-14,2025-03-15,1,test,train_plus_validation,35.0,30.64448809847395,24.0
Galle,2025-03-21,2025-03-22,1,test,train_plus_validation,31.0,30.416620378216702,35.0
Galle,2025-03-28,2025-03-29,1,test,train_plus_validation,34.0,32.6298086847167,31.0
Galle,2025-04-04,2025-04-05,1,test,train_plus_validation,29.0,34.40139452687866,34.0
Galle,2025-04-11,2025-04-12,1,test,train_plus_validation,23.0,31.098796263835943,29.0
Galle,2025-04-18,2025-04-19,1,test,train_plus_validation,55.0,27.27769900123835,23.0
Galle,2025-04-25,2025-04-26,1,test,train_plus_validation,29.0,43.680120712637326,55.0
Galle,2025-05-02,2025-05-03,1,test,train_plus_validation,32.0,37.501043213131844,29.0
Galle,2025-05-09,2025-05-10,1,test,train_plus_validation,44.0,32.451313994883016,32.0
Galle,2025-05-16,2025-05-17,1,test,train_plus_validation,56.0,42.78930760668375,44.0
Galle,2025-05-23,2025-05-24,1,test,train_plus_validation,44.0,49.02145184629951,56.0
Galle,2025-05-30,2025-05-31,1,test,train_plus_validation,49.0,49.70199237190724,44.0
Galle,2025-06-06,2025-06-07,1,test,train_plus_validation,44.0,48.55557869931317,49.0
Galle,2025-06-13,2025-06-14,1,test,train_plus_validation,73.0,49.76503268370694,44.0
Galle,2025-06-20,2025-06-21,1,test,train_plus_validation,79.0,59.955775900267824,73.0
Galle,2025-06-27,2025-06-28,1,test,train_plus_validation,47.0,68.29107188043037,79.0
Galle,2025-07-04,2025-07-05,1,test,train_plus_validation,56.0,65.25612630582637,47.0
Galle,2025-07-11,2025-07-12,1,test,train_plus_validation,43.0,54.51599662461705,56.0
Galle,2025-07-18,2025-07-19,1,test,train_plus_validation,66.0,51.17010671970008,43.0
Galle,2025-07-25,2025-07-26,1,test,train_plus_validation,44.0,54.18182252132597,66.0
Galle,2025-08-01,2025-08-02,1,test,train_plus_validation,37.0,52.14805786395708,44.0
Galle,2025-08-08,2025-08-09,1,test,train_plus_validation,48.0,37.77493089430012,37.0
Galle,2025-08-15,2025-08-16,1,test,train_plus_validation,27.0,46.50537163973443,48.0
Galle,2025-08-22,2025-08-23,1,test,train_plus_validation,37.0,38.17980791157712,27.0
Galle,2025-08-29,2025-08-30,1,test,train_plus_validation,33.0,31.425757729528407,37.0
Galle,2025-09-05,2025-09-06,1,test,train_plus_validation,44.0,34.6639979622552,33.0
Galle,2025-09-12,2025-09-13,1,test,train_plus_validation,29.0,42.21393115673875,44.0
Galle,2025-09-19,2025-09-20,1,test,train_plus_validation,35.0,32.101876541903785,29.0
Galle,2025-09-26,2025-09-27,1,test,train_plus_validation,30.0,32.73855206671741,35.0
Galle,2025-10-03,2025-10-04,1,test,train_plus_validation,34.0,33.049318524253124,30.0
Galle,2025-10-10,2025-10-11,1,test,train_plus_validation,40.0,31.48129062849925,34.0
Galle,2025-10-17,2025-10-18,1,test,train_plus_validation,29.0,38.698657616765615,40.0
Galle,2025-10-24,2025-10-25,1,test,train_plus_validation,30.0,34.736427345517335,29.0
Galle,2025-10-31,2025-11-01,1,test,train_plus_validation,27.0,28.24636685945114,30.0
Galle,2025-11-07,2025-11-08,1,test,train_plus_validation,36.0,33.428937183970355,27.0
Galle,2025-11-14,2025-11-15,1,test,train_plus_validation,48.0,31.667254850986502,36.0
Galle,2025-11-21,2025-11-22,1,test,train_plus_validation,68.0,47.60655485377643,48.0
Galle,2025-11-28,2025-11-29,1,test,train_plus_validation,68.0,58.88221166068082,68.0
Galle,2025-12-05,2025-12-06,1,test,train_plus_validation,81.0,60.64784050006031,68.0
Galle,2025-12-12,2025-12-13,1,test,train_plus_validation,82.0,76.98136347858821,81.0
Gampaha,2025-01-03,2025-01-04,1,test,train_plus_validation,191.0,158.60705883713538,186.0
Gampaha,2025-01-10,2025-01-11,1,test,train_plus_validation,157.0,186.13802674645197,191.0
Gampaha,2025-01-17,2025-01-18,1,test,train_plus_validation,184.0,169.32960797385718,157.0
Gampaha,2025-01-24,2025-01-25,1,test,train_plus_validation,162.0,173.86649140440653,184.0
Gampaha,2025-01-31,2025-02-01,1,test,train_plus_validation,131.0,168.37706480908992,162.0
Gampaha,2025-02-07,2025-02-08,1,test,train_plus_validation,131.0,138.24696394034882,131.0
Gampaha,2025-02-14,2025-02-15,1,test,train_plus_validation,132.0,135.21065775920223,131.0
Gampaha,2025-02-21,2025-02-22,1,test,train_plus_validation,119.0,125.18387235852364,132.0
Gampaha,2025-02-28,2025-03-01,1,test,train_plus_validation,142.0,103.163231434914,119.0
Gampaha,2025-03-07,2025-03-08,1,test,train_plus_validation,132.0,124.98433613396007,142.0
Gampaha,2025-03-14,2025-03-15,1,test,train_plus_validation,125.0,123.37386367813855,132.0
Gampaha,2025-03-21,2025-03-22,1,test,train_plus_validation,135.0,111.41015279807786,125.0
Gampaha,2025-03-28,2025-03-29,1,test,train_plus_validation,135.0,131.57356533746838,135.0
Gampaha,2025-04-04,2025-04-05,1,test,train_plus_validation,137.0,131.08760876463245,135.0
Gampaha,2025-04-11,2025-04-12,1,test,train_plus_validation,171.0,135.8904207087752,137.0
Gampaha,2025-04-18,2025-04-19,1,test,train_plus_validation,166.0,153.2254598050332,171.0
Gampaha,2025-04-25,2025-04-26,1,test,train_plus_validation,158.0,167.15493782913708,166.0
Gampaha,2025-05-02,2025-05-03,1,test,train_plus_validation,194.0,164.27241622840165,158.0
Gampaha,2025-05-09,2025-05-10,1,test,train_plus_validation,224.0,200.25946287770293,194.0
Gampaha,2025-05-16,2025-05-17,1,test,train_plus_validation,208.0,207.8594745810803,224.0
Gampaha,2025-05-23,2025-05-24,1,test,train_plus_validation,197.0,196.3482690809472,208.0
Gampaha,2025-05-30,2025-05-31,1,test,train_plus_validation,228.0,202.24253605001786,197.0
Gampaha,2025-06-06,2025-06-07,1,test,train_plus_validation,207.0,204.4330537446399,228.0
Gampaha,2025-06-13,2025-06-14,1,test,train_plus_validation,217.0,188.61480948956452,207.0
Gampaha,2025-06-20,2025-06-21,1,test,train_plus_validation,167.0,208.7122953182739,217.0
Gampaha,2025-06-27,2025-06-28,1,test,train_plus_validation,181.0,193.82637456738007,167.0
Gampaha,2025-07-04,2025-07-05,1,test,train_plus_validation,154.0,206.4539408394461,181.0
Gampaha,2025-07-11,2025-07-12,1,test,train_plus_validation,193.0,183.7662132309772,154.0
Gampaha,2025-07-18,2025-07-19,1,test,train_plus_validation,175.0,187.16848474029842,193.0
Gampaha,2025-07-25,2025-07-26,1,test,train_plus_validation,148.0,173.33981382082166,175.0
Gampaha,2025-08-01,2025-08-02,1,test,train_plus_validation,96.0,150.69670293282385,148.0
Gampaha,2025-08-08,2025-08-09,1,test,train_plus_validation,91.0,106.90806482166413,96.0
Gampaha,2025-08-15,2025-08-16,1,test,train_plus_validation,108.0,83.65150921186081,91.0
Gampaha,2025-08-22,2025-08-23,1,test,train_plus_validation,63.0,94.40501991919749,108.0
Gampaha,2025-08-29,2025-08-30,1,test,train_plus_validation,58.0,74.75249443320895,63.0
Gampaha,2025-09-05,2025-09-06,1,test,train_plus_validation,92.0,61.38377692371237,58.0
Gampaha,2025-09-12,2025-09-13,1,test,train_plus_validation,93.0,78.5478692341645,92.0
Gampaha,2025-09-19,2025-09-20,1,test,train_plus_validation,78.0,85.70544345057377,93.0
Gampaha,2025-09-26,2025-09-27,1,test,train_plus_validation,56.0,74.45548989605781,78.0
Gampaha,2025-10-03,2025-10-04,1,test,train_plus_validation,82.0,63.391473108632,56.0
Gampaha,2025-10-10,2025-10-11,1,test,train_plus_validation,83.0,71.56786202468008,82.0
Gampaha,2025-10-17,2025-10-18,1,test,train_plus_validation,95.0,74.44019987196242,83.0
Gampaha,2025-10-24,2025-10-25,1,test,train_plus_validation,112.0,92.40452202003632,95.0
Gampaha,2025-10-31,2025-11-01,1,test,train_plus_validation,128.0,102.28807140533571,112.0
Gampaha,2025-11-07,2025-11-08,1,test,train_plus_validation,131.0,115.24196695755822,128.0
Gampaha,2025-11-14,2025-11-15,1,test,train_plus_validation,159.0,155.61405181764852,131.0
Gampaha,2025-11-21,2025-11-22,1,test,train_plus_validation,138.0,164.44082811683077,159.0
Gampaha,2025-11-28,2025-11-29,1,test,train_plus_validation,186.0,150.3302939442329,138.0
Gampaha,2025-12-05,2025-12-06,1,test,train_plus_validation,202.0,173.78977271454025,186.0
Gampaha,2025-12-12,2025-12-13,1,test,train_plus_validation,214.0,193.26705660820448,202.0
Hambantota,2025-01-03,2025-01-04,1,test,train_plus_validation,35.0,34.23006609610505,36.0
Hambantota,2025-01-10,2025-01-11,1,test,train_plus_validation,32.0,36.50397984750538,35.0
Hambantota,2025-01-17,2025-01-18,1,test,train_plus_validation,24.0,31.29980557919685,32.0
Hambantota,2025-01-24,2025-01-25,1,test,train_plus_validation,22.0,29.67009427401854,24.0
Hambantota,2025-01-31,2025-02-01,1,test,train_plus_validation,15.0,27.078088075537273,22.0
Hambantota,2025-02-07,2025-02-08,1,test,train_plus_validation,15.0,20.132172018680045,15.0
Hambantota,2025-02-14,2025-02-15,1,test,train_plus_validation,10.0,18.391553113691664,15.0
Hambantota,2025-02-21,2025-02-22,1,test,train_plus_validation,12.0,15.839450946768755,10.0
Hambantota,2025-02-28,2025-03-01,1,test,train_plus_validation,17.0,12.705410149906934,12.0
Hambantota,2025-03-07,2025-03-08,1,test,train_plus_validation,14.0,14.9126564561471,17.0
Hambantota,2025-03-14,2025-03-15,1,test,train_plus_validation,18.0,14.249881699345647,14.0
Hambantota,2025-03-21,2025-03-22,1,test,train_plus_validation,12.0,16.29191143554022,18.0
Hambantota,2025-03-28,2025-03-29,1,test,train_plus_validation,13.0,15.704987367434661,12.0
Hambantota,2025-04-04,2025-04-05,1,test,train_plus_validation,10.0,15.193646703674359,13.0
Hambantota,2025-04-11,2025-04-12,1,test,train_plus_validation,12.0,15.177279270846931,10.0
Hambantota,2025-04-18,2025-04-19,1,test,train_plus_validation,23.0,14.43980992325247,12.0
Hambantota,2025-04-25,2025-04-26,1,test,train_plus_validation,24.0,18.62991744275726,23.0
Hambantota,2025-05-02,2025-05-03,1,test,train_plus_validation,16.0,22.07860826902339,24.0
Hambantota,2025-05-09,2025-05-10,1,test,train_plus_validation,20.0,20.52609871536262,16.0
Hambantota,2025-05-16,2025-05-17,1,test,train_plus_validation,20.0,18.858398457296676,20.0
Hambantota,2025-05-23,2025-05-24,1,test,train_plus_validation,8.0,18.92244500614754,20.0
Hambantota,2025-05-30,2025-05-31,1,test,train_plus_validation,24.0,14.017750143359718,8.0
Hambantota,2025-06-06,2025-06-07,1,test,train_plus_validation,15.0,21.696843569575258,24.0
Hambantota,2025-06-13,2025-06-14,1,test,train_plus_validation,22.0,14.843161705305045,15.0
Hambantota,2025-06-20,2025-06-21,1,test,train_plus_validation,21.0,18.50682515327742,22.0
Hambantota,2025-06-27,2025-06-28,1,test,train_plus_validation,24.0,19.391217677941228,21.0
Hambantota,2025-07-04,2025-07-05,1,test,train_plus_validation,31.0,22.473040394243263,24.0
Hambantota,2025-07-11,2025-07-12,1,test,train_plus_validation,46.0,23.69023546912893,31.0
Hambantota,2025-07-18,2025-07-19,1,test,train_plus_validation,31.0,37.172105013735056,46.0
Hambantota,2025-07-25,2025-07-26,1,test,train_plus_validation,24.0,29.07964862471589,31.0
Hambantota,2025-08-01,2025-08-02,1,test,train_plus_validation,17.0,26.802091158738936,24.0
Hambantota,2025-08-08,2025-08-09,1,test,train_plus_validation,15.0,19.42752914286416,17.0
Hambantota,2025-08-15,2025-08-16,1,test,train_plus_validation,7.0,15.984005631993455,15.0
Hambantota,2025-08-22,2025-08-23,1,test,train_plus_validation,18.0,11.999079363246283,7.0
Hambantota,2025-08-29,2025-08-30,1,test,train_plus_validation,9.0,12.859824434130156,18.0
Hambantota,2025-09-05,2025-09-06,1,test,train_plus_validation,9.0,10.283410354630018,9.0
Hambantota,2025-09-12,2025-09-13,1,test,train_plus_validation,7.0,9.616988264456278,9.0
Hambantota,2025-09-19,2025-09-20,1,test,train_plus_validation,19.0,6.507843792393626,7.0
Hambantota,2025-09-26,2025-09-27,1,test,train_plus_validation,15.0,13.229645886193703,19.0
Hambantota,2025-10-03,2025-10-04,1,test,train_plus_validation,10.0,12.276433509716192,15.0
Hambantota,2025-10-10,2025-10-11,1,test,train_plus_validation,10.0,13.174692372383955,10.0
Hambantota,2025-10-17,2025-10-18,1,test,train_plus_validation,6.0,12.275424775743538,10.0
Hambantota,2025-10-24,2025-10-25,1,test,train_plus_validation,14.0,10.322649638499954,6.0
Hambantota,2025-10-31,2025-11-01,1,test,train_plus_validation,18.0,10.751340658317853,14.0
Hambantota,2025-11-07,2025-11-08,1,test,train_plus_validation,14.0,13.644039526959359,18.0
Hambantota,2025-11-14,2025-11-15,1,test,train_plus_validation,15.0,14.595277444813664,14.0
Hambantota,2025-11-21,2025-11-22,1,test,train_plus_validation,13.0,16.31551616471477,15.0
Hambantota,2025-11-28,2025-11-29,1,test,train_plus_validation,24.0,14.78620518872129,13.0
Hambantota,2025-12-05,2025-12-06,1,test,train_plus_validation,28.0,22.350962316630103,24.0
Hambantota,2025-12-12,2025-12-13,1,test,train_plus_validation,42.0,24.42277326709091,28.0
Jaffna,2025-01-03,2025-01-04,1,test,train_plus_validation,52.0,69.14680538104203,58.0
Jaffna,2025-01-10,2025-01-11,1,test,train_plus_validation,37.0,54.9110062492009,52.0
Jaffna,2025-01-17,2025-01-18,1,test,train_plus_validation,57.0,42.569169788030145,37.0
Jaffna,2025-01-24,2025-01-25,1,test,train_plus_validation,39.0,52.237020199426595,57.0
Jaffna,2025-01-31,2025-02-01,1,test,train_plus_validation,35.0,43.74913303710368,39.0
Jaffna,2025-02-07,2025-02-08,1,test,train_plus_validation,35.0,35.74275349545523,35.0
Jaffna,2025-02-14,2025-02-15,1,test,train_plus_validation,30.0,36.94326617030461,35.0
Jaffna,2025-02-21,2025-02-22,1,test,train_plus_validation,28.0,31.179316988824656,30.0
Jaffna,2025-02-28,2025-03-01,1,test,train_plus_validation,15.0,25.25742074522842,28.0
Jaffna,2025-03-07,2025-03-08,1,test,train_plus_validation,23.0,19.571896616871086,15.0
Jaffna,2025-03-14,2025-03-15,1,test,train_plus_validation,25.0,22.2453413945489,23.0
Jaffna,2025-03-21,2025-03-22,1,test,train_plus_validation,24.0,22.935757008494974,25.0
Jaffna,2025-03-28,2025-03-29,1,test,train_plus_validation,15.0,24.730059164138826,24.0
Jaffna,2025-04-04,2025-04-05,1,test,train_plus_validation,11.0,18.140804707764595,15.0
Jaffna,2025-04-11,2025-04-12,1,test,train_plus_validation,18.0,16.082365889494625,11.0
Jaffna,2025-04-18,2025-04-19,1,test,train_plus_validation,44.0,15.964166451620004,18.0
Jaffna,2025-04-25,2025-04-26,1,test,train_plus_validation,20.0,33.59718665855871,44.0
Jaffna,2025-05-02,2025-05-03,1,test,train_plus_validation,18.0,26.143645739826802,20.0
Jaffna,2025-05-09,2025-05-10,1,test,train_plus_validation,27.0,18.724646806987657,18.0
Jaffna,2025-05-16,2025-05-17,1,test,train_plus_validation,35.0,21.57905387313372,27.0
Jaffna,2025-05-23,2025-05-24,1,test,train_plus_validation,20.0,28.069595005410555,35.0
Jaffna,2025-05-30,2025-05-31,1,test,train_plus_validation,26.0,27.05287668354358,20.0
Jaffna,2025-06-06,2025-06-07,1,test,train_plus_validation,25.0,24.85025975129036,26.0
Jaffna,2025-06-13,2025-06-14,1,test,train_plus_validation,24.0,25.820063510390163,25.0
Jaffna,2025-06-20,2025-06-21,1,test,train_plus_validation,12.0,25.308455115551588,24.0
Jaffna,2025-06-27,2025-06-28,1,test,train_plus_validation,17.0,19.95200769549009,12.0
Jaffna,2025-07-04,2025-07-05,1,test,train_plus_validation,26.0,18.661660701993153,17.0
Jaffna,2025-07-11,2025-07-12,1,test,train_plus_validation,31.0,21.10722914231445,26.0
Jaffna,2025-07-18,2025-07-19,1,test,train_plus_validation,19.0,24.134686253435255,31.0
Jaffna,2025-07-25,2025-07-26,1,test,train_plus_validation,15.0,22.902083925347757,19.0
Jaffna,2025-08-01,2025-08-02,1,test,train_plus_validation,9.0,17.00992390410178,15.0
Jaffna,2025-08-08,2025-08-09,1,test,train_plus_validation,20.0,13.489756365034463,9.0
Jaffna,2025-08-15,2025-08-16,1,test,train_plus_validation,6.0,18.511739583401237,20.0
Jaffna,2025-08-22,2025-08-23,1,test,train_plus_validation,12.0,13.171784802928842,6.0
Jaffna,2025-08-29,2025-08-30,1,test,train_plus_validation,22.0,12.721360012720671,12.0
Jaffna,2025-09-05,2025-09-06,1,test,train_plus_validation,14.0,17.687021857007295,22.0
Jaffna,2025-09-12,2025-09-13,1,test,train_plus_validation,5.0,16.446352923600195,14.0
Jaffna,2025-09-19,2025-09-20,1,test,train_plus_validation,14.0,13.350651541678799,5.0
Jaffna,2025-09-26,2025-09-27,1,test,train_plus_validation,18.0,13.649506562189156,14.0
Jaffna,2025-10-03,2025-10-04,1,test,train_plus_validation,19.0,15.344229105093573,18.0
Jaffna,2025-10-10,2025-10-11,1,test,train_plus_validation,26.0,18.354490734848174,19.0
Jaffna,2025-10-17,2025-10-18,1,test,train_plus_validation,26.0,23.880839642716612,26.0
Jaffna,2025-10-24,2025-10-25,1,test,train_plus_validation,55.0,28.542290691353045,26.0
Jaffna,2025-10-31,2025-11-01,1,test,train_plus_validation,54.0,44.071332600825016,55.0
Jaffna,2025-11-07,2025-11-08,1,test,train_plus_validation,54.0,50.52963701271917,54.0
Jaffna,2025-11-14,2025-11-15,1,test,train_plus_validation,57.0,58.548293856273574,54.0
Jaffna,2025-11-21,2025-11-22,1,test,train_plus_validation,49.0,64.9044711201195,57.0
Jaffna,2025-11-28,2025-11-29,1,test,train_plus_validation,58.0,55.30977785874083,49.0
Jaffna,2025-12-05,2025-12-06,1,test,train_plus_validation,78.0,59.49160342678831,58.0
Jaffna,2025-12-12,2025-12-13,1,test,train_plus_validation,76.0,73.16745863574347,78.0
Kalutara,2025-01-03,2025-01-04,1,test,train_plus_validation,24.0,53.795890930452614,65.0
Kalutara,2025-01-10,2025-01-11,1,test,train_plus_validation,51.0,43.73661872619983,24.0
Kalutara,2025-01-17,2025-01-18,1,test,train_plus_validation,38.0,42.07504501282155,51.0
Kalutara,2025-01-24,2025-01-25,1,test,train_plus_validation,29.0,39.38814897222685,38.0
Kalutara,2025-01-31,2025-02-01,1,test,train_plus_validation,29.0,35.8039195585071,29.0
Kalutara,2025-02-07,2025-02-08,1,test,train_plus_validation,29.0,27.85489549449311,29.0
Kalutara,2025-02-14,2025-02-15,1,test,train_plus_validation,44.0,28.663029864272282,29.0
Kalutara,2025-02-21,2025-02-22,1,test,train_plus_validation,31.0,38.3929275578873,44.0
Kalutara,2025-02-28,2025-03-01,1,test,train_plus_validation,43.0,29.543769203530147,31.0
Kalutara,2025-03-07,2025-03-08,1,test,train_plus_validation,37.0,37.05757223540915,43.0
Kalutara,2025-03-14,2025-03-15,1,test,train_plus_validation,35.0,34.66162031365697,37.0
Kalutara,2025-03-21,2025-03-22,1,test,train_plus_validation,30.0,33.18447656201914,35.0
Kalutara,2025-03-28,2025-03-29,1,test,train_plus_validation,39.0,32.274311471893164,30.0
Kalutara,2025-04-04,2025-04-05,1,test,train_plus_validation,36.0,33.28404006214619,39.0
Kalutara,2025-04-11,2025-04-12,1,test,train_plus_validation,42.0,33.019947796785594,36.0
Kalutara,2025-04-18,2025-04-19,1,test,train_plus_validation,64.0,41.70847925409241,42.0
Kalutara,2025-04-25,2025-04-26,1,test,train_plus_validation,59.0,52.57952999241019,64.0
Kalutara,2025-05-02,2025-05-03,1,test,train_plus_validation,63.0,59.1443989051497,59.0
Kalutara,2025-05-09,2025-05-10,1,test,train_plus_validation,35.0,59.75724110779603,63.0
Kalutara,2025-05-16,2025-05-17,1,test,train_plus_validation,92.0,45.220314397189185,35.0
Kalutara,2025-05-23,2025-05-24,1,test,train_plus_validation,71.0,76.19109387153725,92.0
Kalutara,2025-05-30,2025-05-31,1,test,train_plus_validation,68.0,68.18336806464168,71.0
Kalutara,2025-06-06,2025-06-07,1,test,train_plus_validation,74.0,63.27301069734164,68.0
Kalutara,2025-06-13,2025-06-14,1,test,train_plus_validation,62.0,67.29050554516337,74.0
Kalutara,2025-06-20,2025-06-21,1,test,train_plus_validation,92.0,61.70110240840274,62.0
Kalutara,2025-06-27,2025-06-28,1,test,train_plus_validation,57.0,93.62951304147128,92.0
Kalutara,2025-07-04,2025-07-05,1,test,train_plus_validation,66.0,85.21523375685443,57.0
Kalutara,2025-07-11,2025-07-12,1,test,train_plus_validation,80.0,65.36322819266961,66.0
Kalutara,2025-07-18,2025-07-19,1,test,train_plus_validation,53.0,73.38088378123145,80.0
Kalutara,2025-07-25,2025-07-26,1,test,train_plus_validation,30.0,54.89720826669866,53.0
Kalutara,2025-08-01,2025-08-02,1,test,train_plus_validation,47.0,42.80735483680918,30.0
Kalutara,2025-08-08,2025-08-09,1,test,train_plus_validation,56.0,41.950252944804916,47.0
Kalutara,2025-08-15,2025-08-16,1,test,train_plus_validation,39.0,51.09161584843334,56.0
Kalutara,2025-08-22,2025-08-23,1,test,train_plus_validation,40.0,42.42227946642251,39.0
Kalutara,2025-08-29,2025-08-30,1,test,train_plus_validation,34.0,38.300771573429934,40.0
Kalutara,2025-09-05,2025-09-06,1,test,train_plus_validation,32.0,36.01373817813715,34.0
Kalutara,2025-09-12,2025-09-13,1,test,train_plus_validation,27.0,33.46354963468021,32.0
Kalutara,2025-09-19,2025-09-20,1,test,train_plus_validation,43.0,29.567531904061138,27.0
Kalutara,2025-09-26,2025-09-27,1,test,train_plus_validation,32.0,38.85870104755143,43.0
Kalutara,2025-10-03,2025-10-04,1,test,train_plus_validation,35.0,34.52890769166723,32.0
Kalutara,2025-10-10,2025-10-11,1,test,train_plus_validation,24.0,34.93814358728464,35.0
Kalutara,2025-10-17,2025-10-18,1,test,train_plus_validation,35.0,31.448583254746115,24.0
Kalutara,2025-10-24,2025-10-25,1,test,train_plus_validation,32.0,32.50183836183699,35.0
Kalutara,2025-10-31,2025-11-01,1,test,train_plus_validation,27.0,32.837257689131434,32.0
Kalutara,2025-11-07,2025-11-08,1,test,train_plus_validation,35.0,31.512423472070147,27.0
Kalutara,2025-11-14,2025-11-15,1,test,train_plus_validation,34.0,32.41836185791822,35.0
Kalutara,2025-11-21,2025-11-22,1,test,train_plus_validation,57.0,38.14053128308288,34.0
Kalutara,2025-11-28,2025-11-29,1,test,train_plus_validation,63.0,50.95920973590681,57.0
Kalutara,2025-12-05,2025-12-06,1,test,train_plus_validation,53.0,57.5628256438675,63.0
Kalutara,2025-12-12,2025-12-13,1,test,train_plus_validation,85.0,54.19907998762921,53.0
Kandy,2025-01-03,2025-01-04,1,test,train_plus_validation,65.0,59.43310767737318,66.0
Kandy,2025-01-10,2025-01-11,1,test,train_plus_validation,77.0,59.77574672509183,65.0
Kandy,2025-01-17,2025-01-18,1,test,train_plus_validation,62.0,71.46442106681415,77.0
Kandy,2025-01-24,2025-01-25,1,test,train_plus_validation,80.0,59.128232377766395,62.0
Kandy,2025-01-31,2025-02-01,1,test,train_plus_validation,50.0,74.57758104834585,80.0
Kandy,2025-02-07,2025-02-08,1,test,train_plus_validation,50.0,55.78249259162224,50.0
Kandy,2025-02-14,2025-02-15,1,test,train_plus_validation,63.0,51.333589345224055,50.0
Kandy,2025-02-21,2025-02-22,1,test,train_plus_validation,58.0,55.24629357195516,63.0
Kandy,2025-02-28,2025-03-01,1,test,train_plus_validation,49.0,51.114036055171184,58.0
Kandy,2025-03-07,2025-03-08,1,test,train_plus_validation,59.0,48.34509488099762,49.0
Kandy,2025-03-14,2025-03-15,1,test,train_plus_validation,59.0,56.35732123938312,59.0
Kandy,2025-03-21,2025-03-22,1,test,train_plus_validation,56.0,56.60853166875385,59.0
Kandy,2025-03-28,2025-03-29,1,test,train_plus_validation,65.0,55.89176904122999,56.0
Kandy,2025-04-04,2025-04-05,1,test,train_plus_validation,50.0,58.68178771247982,65.0
Kandy,2025-04-11,2025-04-12,1,test,train_plus_validation,53.0,54.9447289032254,50.0
Kandy,2025-04-18,2025-04-19,1,test,train_plus_validation,73.0,53.19912932609597,53.0
Kandy,2025-04-25,2025-04-26,1,test,train_plus_validation,60.0,64.86075819261458,73.0
Kandy,2025-05-02,2025-05-03,1,test,train_plus_validation,77.0,64.22742186601083,60.0
Kandy,2025-05-09,2025-05-10,1,test,train_plus_validation,98.0,67.75733053024409,77.0
Kandy,2025-05-16,2025-05-17,1,test,train_plus_validation,126.0,83.2504837807594,98.0
Kandy,2025-05-23,2025-05-24,1,test,train_plus_validation,105.0,106.3185197807354,126.0
Kandy,2025-05-30,2025-05-31,1,test,train_plus_validation,126.0,122.24201997518303,105.0
Kandy,2025-06-06,2025-06-07,1,test,train_plus_validation,118.0,110.07661563808234,126.0
Kandy,2025-06-13,2025-06-14,1,test,train_plus_validation,192.0,115.99211761280715,118.0
Kandy,2025-06-20,2025-06-21,1,test,train_plus_validation,161.0,161.74068520442782,192.0
Kandy,2025-06-27,2025-06-28,1,test,train_plus_validation,174.0,183.98956074289947,161.0
Kandy,2025-07-04,2025-07-05,1,test,train_plus_validation,141.0,206.98531802419774,174.0
Kandy,2025-07-11,2025-07-12,1,test,train_plus_validation,184.0,150.50071315187935,141.0
Kandy,2025-07-18,2025-07-19,1,test,train_plus_validation,168.0,166.39839204599863,184.0
Kandy,2025-07-25,2025-07-26,1,test,train_plus_validation,107.0,165.50357885301366,168.0
Kandy,2025-08-01,2025-08-02,1,test,train_plus_validation,145.0,112.03616540227605,107.0
Kandy,2025-08-08,2025-08-09,1,test,train_plus_validation,80.0,128.51530866342617,145.0
Kandy,2025-08-15,2025-08-16,1,test,train_plus_validation,92.0,92.10548800024306,80.0
Kandy,2025-08-22,2025-08-23,1,test,train_plus_validation,94.0,79.39519536880732,92.0
Kandy,2025-08-29,2025-08-30,1,test,train_plus_validation,87.0,81.95812481734704,94.0
Kandy,2025-09-05,2025-09-06,1,test,train_plus_validation,60.0,73.0255338925713,87.0
Kandy,2025-09-12,2025-09-13,1,test,train_plus_validation,79.0,64.50195831033211,60.0
Kandy,2025-09-19,2025-09-20,1,test,train_plus_validation,37.0,66.60017323733369,79.0
Kandy,2025-09-26,2025-09-27,1,test,train_plus_validation,39.0,52.51921292716353,37.0
Kandy,2025-10-03,2025-10-04,1,test,train_plus_validation,44.0,41.487289837177165,39.0
Kandy,2025-10-10,2025-10-11,1,test,train_plus_validation,44.0,44.24481906289749,44.0
Kandy,2025-10-17,2025-10-18,1,test,train_plus_validation,52.0,43.43026341813954,44.0
Kandy,2025-10-24,2025-10-25,1,test,train_plus_validation,58.0,48.26317757615994,52.0
Kandy,2025-10-31,2025-11-01,1,test,train_plus_validation,56.0,54.28004607125106,58.0
Kandy,2025-11-07,2025-11-08,1,test,train_plus_validation,71.0,53.033323996487844,56.0
Kandy,2025-11-14,2025-11-15,1,test,train_plus_validation,88.0,59.59214569489266,71.0
Kandy,2025-11-21,2025-11-22,1,test,train_plus_validation,60.0,76.86106707830932,88.0
Kandy,2025-11-28,2025-11-29,1,test,train_plus_validation,50.0,72.96356354844413,60.0
Kandy,2025-12-05,2025-12-06,1,test,train_plus_validation,82.0,57.27648120806412,50.0
Kandy,2025-12-12,2025-12-13,1,test,train_plus_validation,85.0,68.4836929501019,82.0
Kegalle,2025-01-03,2025-01-04,1,test,train_plus_validation,40.0,51.378272701584436,64.0
Kegalle,2025-01-10,2025-01-11,1,test,train_plus_validation,34.0,47.34395571655642,40.0
Kegalle,2025-01-17,2025-01-18,1,test,train_plus_validation,26.0,35.33685380497236,34.0
Kegalle,2025-01-24,2025-01-25,1,test,train_plus_validation,24.0,30.13287796985111,26.0
Kegalle,2025-01-31,2025-02-01,1,test,train_plus_validation,29.0,28.20617756151303,24.0
Kegalle,2025-02-07,2025-02-08,1,test,train_plus_validation,29.0,26.099960543820206,29.0
Kegalle,2025-02-14,2025-02-15,1,test,train_plus_validation,35.0,27.474696053401416,29.0
Kegalle,2025-02-21,2025-02-22,1,test,train_plus_validation,22.0,30.312493683075015,35.0
Kegalle,2025-02-28,2025-03-01,1,test,train_plus_validation,43.0,23.348301050917843,22.0
Kegalle,2025-03-07,2025-03-08,1,test,train_plus_validation,20.0,33.962660552693976,43.0
Kegalle,2025-03-14,2025-03-15,1,test,train_plus_validation,32.0,27.347091203168073,20.0
Kegalle,2025-03-21,2025-03-22,1,test,train_plus_validation,24.0,27.980373329892835,32.0
Kegalle,2025-03-28,2025-03-29,1,test,train_plus_validation,20.0,27.15208270251634,24.0
Kegalle,2025-04-04,2025-04-05,1,test,train_plus_validation,29.0,23.848531657267895,20.0
Kegalle,2025-04-11,2025-04-12,1,test,train_plus_validation,13.0,24.9921465011689,29.0
Kegalle,2025-04-18,2025-04-19,1,test,train_plus_validation,35.0,19.077722923331585,13.0
Kegalle,2025-04-25,2025-04-26,1,test,train_plus_validation,38.0,27.214586531660277,35.0
Kegalle,2025-05-02,2025-05-03,1,test,train_plus_validation,43.0,34.18812320863199,38.0
Kegalle,2025-05-09,2025-05-10,1,test,train_plus_validation,45.0,41.723710723630724,43.0
Kegalle,2025-05-16,2025-05-17,1,test,train_plus_validation,43.0,43.021071149250446,45.0
Kegalle,2025-05-23,2025-05-24,1,test,train_plus_validation,61.0,42.792214067920526,43.0
Kegalle,2025-05-30,2025-05-31,1,test,train_plus_validation,54.0,54.77596282444798,61.0
Kegalle,2025-06-06,2025-06-07,1,test,train_plus_validation,46.0,52.17380618860511,54.0
Kegalle,2025-06-13,2025-06-14,1,test,train_plus_validation,48.0,49.88050871682585,46.0
Kegalle,2025-06-20,2025-06-21,1,test,train_plus_validation,35.0,48.0757247896001,48.0
Kegalle,2025-06-27,2025-06-28,1,test,train_plus_validation,39.0,49.985341824075,35.0
Kegalle,2025-07-04,2025-07-05,1,test,train_plus_validation,30.0,41.59070400801525,39.0
Kegalle,2025-07-11,2025-07-12,1,test,train_plus_validation,41.0,35.90430149082646,30.0
Kegalle,2025-07-18,2025-07-19,1,test,train_plus_validation,33.0,38.97113279390732,41.0
Kegalle,2025-07-25,2025-07-26,1,test,train_plus_validation,29.0,35.30923501596901,33.0
Kegalle,2025-08-01,2025-08-02,1,test,train_plus_validation,31.0,30.975292112255556,29.0
Kegalle,2025-08-08,2025-08-09,1,test,train_plus_validation,19.0,29.099643752137556,31.0
Kegalle,2025-08-15,2025-08-16,1,test,train_plus_validation,24.0,27.71129138842538,19.0
Kegalle,2025-08-22,2025-08-23,1,test,train_plus_validation,27.0,25.51776278424269,24.0
Kegalle,2025-08-29,2025-08-30,1,test,train_plus_validation,19.0,24.249108871078914,27.0
Kegalle,2025-09-05,2025-09-06,1,test,train_plus_validation,67.0,22.143736416131166,19.0
Kegalle,2025-09-12,2025-09-13,1,test,train_plus_validation,20.0,46.87144209971136,67.0
Kegalle,2025-09-19,2025-09-20,1,test,train_plus_validation,18.0,41.88027244951502,20.0
Kegalle,2025-09-26,2025-09-27,1,test,train_plus_validation,19.0,24.90040346981258,18.0
Kegalle,2025-10-03,2025-10-04,1,test,train_plus_validation,18.0,22.840605659892343,19.0
Kegalle,2025-10-10,2025-10-11,1,test,train_plus_validation,11.0,24.410296689574324,18.0
Kegalle,2025-10-17,2025-10-18,1,test,train_plus_validation,17.0,16.070995275877497,11.0
Kegalle,2025-10-24,2025-10-25,1,test,train_plus_validation,19.0,17.847770612914285,17.0
Kegalle,2025-10-31,2025-11-01,1,test,train_plus_validation,17.0,20.276444184340875,19.0
Kegalle,2025-11-07,2025-11-08,1,test,train_plus_validation,18.0,19.72924269808504,17.0
Kegalle,2025-11-14,2025-11-15,1,test,train_plus_validation,34.0,21.295920997029967,18.0
Kegalle,2025-11-21,2025-11-22,1,test,train_plus_validation,30.0,34.51303280329089,34.0
Kegalle,2025-11-28,2025-11-29,1,test,train_plus_validation,18.0,30.17834151798456,30.0
Kegalle,2025-12-05,2025-12-06,1,test,train_plus_validation,36.0,24.60421985435022,18.0
Kegalle,2025-12-12,2025-12-13,1,test,train_plus_validation,37.0,34.2068778798756,36.0
Kilinochchi,2025-01-03,2025-01-04,1,test,train_plus_validation,8.0,11.499711720718887,5.0
Kilinochchi,2025-01-10,2025-01-11,1,test,train_plus_validation,3.0,10.164663692457747,8.0
Kilinochchi,2025-01-17,2025-01-18,1,test,train_plus_validation,6.0,4.934440537284239,3.0
Kilinochchi,2025-01-24,2025-01-25,1,test,train_plus_validation,3.0,6.412629765238654,6.0
Kilinochchi,2025-01-31,2025-02-01,1,test,train_plus_validation,2.0,5.704149268338575,3.0
Kilinochchi,2025-02-07,2025-02-08,1,test,train_plus_validation,2.0,4.487188769412698,2.0
Kilinochchi,2025-02-14,2025-02-15,1,test,train_plus_validation,2.0,3.688578960858794,2.0
Kilinochchi,2025-02-21,2025-02-22,1,test,train_plus_validation,1.0,3.1988337606606874,2.0
Kilinochchi,2025-02-28,2025-03-01,1,test,train_plus_validation,3.0,2.4145957958660578,1.0
Kilinochchi,2025-03-07,2025-03-08,1,test,train_plus_validation,6.0,2.5241371471506295,3.0
Kilinochchi,2025-03-14,2025-03-15,1,test,train_plus_validation,0.0,4.08520932928227,6.0
Kilinochchi,2025-03-21,2025-03-22,1,test,train_plus_validation,2.0,3.6118606422460364,0.0
Kilinochchi,2025-03-28,2025-03-29,1,test,train_plus_validation,0.0,3.475794656440414,2.0
Kilinochchi,2025-04-04,2025-04-05,1,test,train_plus_validation,1.0,2.0096756247875245,0.0
Kilinochchi,2025-04-11,2025-04-12,1,test,train_plus_validation,1.0,2.8548828439608016,1.0
Kilinochchi,2025-04-18,2025-04-19,1,test,train_plus_validation,7.0,1.740338438345336,1.0
Kilinochchi,2025-04-25,2025-04-26,1,test,train_plus_validation,1.0,3.166005817137892,7.0
Kilinochchi,2025-05-02,2025-05-03,1,test,train_plus_validation,1.0,2.734445631959284,1.0
Kilinochchi,2025-05-09,2025-05-10,1,test,train_plus_validation,4.0,2.419875880648023,1.0
Kilinochchi,2025-05-16,2025-05-17,1,test,train_plus_validation,2.0,2.3903082396815787,4.0
Kilinochchi,2025-05-23,2025-05-24,1,test,train_plus_validation,2.0,2.5646522120896074,2.0
Kilinochchi,2025-05-30,2025-05-31,1,test,train_plus_validation,1.0,2.1417400402050126,2.0
Kilinochchi,2025-06-06,2025-06-07,1,test,train_plus_validation,2.0,2.281274347854948,1.0
Kilinochchi,2025-06-13,2025-06-14,1,test,train_plus_validation,0.0,2.251551570636663,2.0
Kilinochchi,2025-06-20,2025-06-21,1,test,train_plus_validation,1.0,2.0234601943564092,0.0
Kilinochchi,2025-06-27,2025-06-28,1,test,train_plus_validation,2.0,2.1921486892886777,1.0
Kilinochchi,2025-07-04,2025-07-05,1,test,train_plus_validation,0.0,2.244162934232967,2.0
Kilinochchi,2025-07-11,2025-07-12,1,test,train_plus_validation,3.0,2.1240515981767825,0.0
Kilinochchi,2025-07-18,2025-07-19,1,test,train_plus_validation,1.0,1.6845064550303464,3.0
Kilinochchi,2025-07-25,2025-07-26,1,test,train_plus_validation,0.0,1.7549878424368186,1.0
Kilinochchi,2025-08-01,2025-08-02,1,test,train_plus_validation,0.0,1.839380624231801,0.0
Kilinochchi,2025-08-08,2025-08-09,1,test,train_plus_validation,2.0,1.6108469685208386,0.0
Kilinochchi,2025-08-15,2025-08-16,1,test,train_plus_validation,0.0,1.6952397503158212,2.0
Kilinochchi,2025-08-22,2025-08-23,1,test,train_plus_validation,0.0,1.6108469685208386,0.0
Kilinochchi,2025-08-29,2025-08-30,1,test,train_plus_validation,2.0,1.578111976493902,0.0
Kilinochchi,2025-09-05,2025-09-06,1,test,train_plus_validation,1.0,1.5269537723187065,2.0
Kilinochchi,2025-09-12,2025-09-13,1,test,train_plus_validation,1.0,1.6777707620959197,1.0
Kilinochchi,2025-09-19,2025-09-20,1,test,train_plus_validation,0.0,1.8773573393830545,1.0
Kilinochchi,2025-09-26,2025-09-27,1,test,train_plus_validation,3.0,1.8394890751460269,0.0
Kilinochchi,2025-10-03,2025-10-04,1,test,train_plus_validation,4.0,1.7745050411104797,3.0
Kilinochchi,2025-10-10,2025-10-11,1,test,train_plus_validation,2.0,1.9346963230368217,4.0
Kilinochchi,2025-10-17,2025-10-18,1,test,train_plus_validation,2.0,2.230498244002295,2.0
Kilinochchi,2025-10-24,2025-10-25,1,test,train_plus_validation,2.0,3.194216978956361,2.0
Kilinochchi,2025-10-31,2025-11-01,1,test,train_plus_validation,6.0,3.5454069287759817,2.0
Kilinochchi,2025-11-07,2025-11-08,1,test,train_plus_validation,5.0,4.71241552195884,6.0
Kilinochchi,2025-11-14,2025-11-15,1,test,train_plus_validation,3.0,5.964212203606629,5.0
Kilinochchi,2025-11-21,2025-11-22,1,test,train_plus_validation,1.0,5.0401529177072355,3.0
Kilinochchi,2025-11-28,2025-11-29,1,test,train_plus_validation,4.0,4.6977229240556975,1.0
Kilinochchi,2025-12-05,2025-12-06,1,test,train_plus_validation,10.0,3.752364788369007,4.0
Kilinochchi,2025-12-12,2025-12-13,1,test,train_plus_validation,5.0,9.437081051839336,10.0
Kurunegala,2025-01-03,2025-01-04,1,test,train_plus_validation,39.0,28.114929509484877,26.0
Kurunegala,2025-01-10,2025-01-11,1,test,train_plus_validation,30.0,34.77177517494158,39.0
Kurunegala,2025-01-17,2025-01-18,1,test,train_plus_validation,34.0,30.099467300690296,30.0
Kurunegala,2025-01-24,2025-01-25,1,test,train_plus_validation,18.0,30.562025516916886,34.0
Kurunegala,2025-01-31,2025-02-01,1,test,train_plus_validation,27.0,27.006424732644277,18.0
Kurunegala,2025-02-07,2025-02-08,1,test,train_plus_validation,27.0,26.02924064960924,27.0
Kurunegala,2025-02-14,2025-02-15,1,test,train_plus_validation,20.0,25.55153153176916,27.0
Kurunegala,2025-02-21,2025-02-22,1,test,train_plus_validation,25.0,23.00397934471449,20.0
Kurunegala,2025-02-28,2025-03-01,1,test,train_plus_validation,17.0,21.359280987695612,25.0
Kurunegala,2025-03-07,2025-03-08,1,test,train_plus_validation,23.0,17.780427342550315,17.0
Kurunegala,2025-03-14,2025-03-15,1,test,train_plus_validation,21.0,18.823626719759616,23.0
Kurunegala,2025-03-21,2025-03-22,1,test,train_plus_validation,19.0,19.728273151060325,21.0
Kurunegala,2025-03-28,2025-03-29,1,test,train_plus_validation,19.0,19.366215829609256,19.0
Kurunegala,2025-04-04,2025-04-05,1,test,train_plus_validation,17.0,17.456225862290488,19.0
Kurunegala,2025-04-11,2025-04-12,1,test,train_plus_validation,13.0,17.557808383535015,17.0
Kurunegala,2025-04-18,2025-04-19,1,test,train_plus_validation,53.0,15.68940781746643,13.0
Kurunegala,2025-04-25,2025-04-26,1,test,train_plus_validation,34.0,37.22023477068883,53.0
Kurunegala,2025-05-02,2025-05-03,1,test,train_plus_validation,30.0,37.722304651892465,34.0
Kurunegala,2025-05-09,2025-05-10,1,test,train_plus_validation,44.0,33.205163062073154,30.0
Kurunegala,2025-05-16,2025-05-17,1,test,train_plus_validation,47.0,38.78316726146406,44.0
Kurunegala,2025-05-23,2025-05-24,1,test,train_plus_validation,60.0,43.9162628039805,47.0
Kurunegala,2025-05-30,2025-05-31,1,test,train_plus_validation,43.0,54.74179936210446,60.0
Kurunegala,2025-06-06,2025-06-07,1,test,train_plus_validation,68.0,47.988562342687764,43.0
Kurunegala,2025-06-13,2025-06-14,1,test,train_plus_validation,77.0,53.47672661840639,68.0
Kurunegala,2025-06-20,2025-06-21,1,test,train_plus_validation,70.0,66.73966373617348,77.0
Kurunegala,2025-06-27,2025-06-28,1,test,train_plus_validation,51.0,67.02407194001252,70.0
Kurunegala,2025-07-04,2025-07-05,1,test,train_plus_validation,50.0,64.64494270108304,51.0
Kurunegala,2025-07-11,2025-07-12,1,test,train_plus_validation,49.0,53.27245324807784,50.0
Kurunegala,2025-07-18,2025-07-19,1,test,train_plus_validation,84.0,50.54794657948086,49.0
Kurunegala,2025-07-25,2025-07-26,1,test,train_plus_validation,39.0,66.98509695125654,84.0
Kurunegala,2025-08-01,2025-08-02,1,test,train_plus_validation,37.0,51.45082770356091,39.0
Kurunegala,2025-08-08,2025-08-09,1,test,train_plus_validation,23.0,35.743668131250345,37.0
Kurunegala,2025-08-15,2025-08-16,1,test,train_plus_validation,24.0,31.422723081462966,23.0
Kurunegala,2025-08-22,2025-08-23,1,test,train_plus_validation,24.0,28.89156289970085,24.0
Kurunegala,2025-08-29,2025-08-30,1,test,train_plus_validation,8.0,23.810533745701417,24.0
Kurunegala,2025-09-05,2025-09-06,1,test,train_plus_validation,19.0,14.997996698968674,8.0
Kurunegala,2025-09-12,2025-09-13,1,test,train_plus_validation,15.0,17.972160781412185,19.0
Kurunegala,2025-09-19,2025-09-20,1,test,train_plus_validation,19.0,15.045316541909742,15.0
Kurunegala,2025-09-26,2025-09-27,1,test,train_plus_validation,8.0,18.977799014695453,19.0
Kurunegala,2025-10-03,2025-10-04,1,test,train_plus_validation,15.0,12.65415020835112,8.0
Kurunegala,2025-10-10,2025-10-11,1,test,train_plus_validation,24.0,13.993694692107407,15.0
Kurunegala,2025-10-17,2025-10-18,1,test,train_plus_validation,17.0,21.663638148802438,24.0
Kurunegala,2025-10-24,2025-10-25,1,test,train_plus_validation,15.0,19.050686601490057,17.0
Kurunegala,2025-10-31,2025-11-01,1,test,train_plus_validation,13.0,16.352195986352285,15.0
Kurunegala,2025-11-07,2025-11-08,1,test,train_plus_validation,20.0,16.799658326554823,13.0
Kurunegala,2025-11-14,2025-11-15,1,test,train_plus_validation,23.0,23.684489155633045,20.0
Kurunegala,2025-11-21,2025-11-22,1,test,train_plus_validation,21.0,26.521326579409735,23.0
Kurunegala,2025-11-28,2025-11-29,1,test,train_plus_validation,19.0,22.235625903507515,21.0
Kurunegala,2025-12-05,2025-12-06,1,test,train_plus_validation,24.0,22.984329725041245,19.0
Kurunegala,2025-12-12,2025-12-13,1,test,train_plus_validation,32.0,25.085602574452448,24.0
Mannar,2025-01-03,2025-01-04,1,test,train_plus_validation,15.0,16.88653974656125,11.0
Mannar,2025-01-10,2025-01-11,1,test,train_plus_validation,12.0,14.788140508089446,15.0
Mannar,2025-01-17,2025-01-18,1,test,train_plus_validation,7.0,12.604696012603739,12.0
Mannar,2025-01-24,2025-01-25,1,test,train_plus_validation,12.0,11.056736129089542,7.0
Mannar,2025-01-31,2025-02-01,1,test,train_plus_validation,3.0,10.813069024438727,12.0
Mannar,2025-02-07,2025-02-08,1,test,train_plus_validation,3.0,6.66201162210833,3.0
Mannar,2025-02-14,2025-02-15,1,test,train_plus_validation,4.0,5.655381626513148,3.0
Mannar,2025-02-21,2025-02-22,1,test,train_plus_validation,3.0,4.749129629348758,4.0
Mannar,2025-02-28,2025-03-01,1,test,train_plus_validation,0.0,3.609977913521156,3.0
Mannar,2025-03-07,2025-03-08,1,test,train_plus_validation,2.0,2.716609851335687,0.0
Mannar,2025-03-14,2025-03-15,1,test,train_plus_validation,2.0,2.6610808711150735,2.0
Mannar,2025-03-21,2025-03-22,1,test,train_plus_validation,4.0,2.8320696051835506,2.0
Mannar,2025-03-28,2025-03-29,1,test,train_plus_validation,2.0,3.1815519198682205,4.0
Mannar,2025-04-04,2025-04-05,1,test,train_plus_validation,1.0,1.5986266683004493,2.0
Mannar,2025-04-11,2025-04-12,1,test,train_plus_validation,2.0,3.1626049737083255,1.0
Mannar,2025-04-18,2025-04-19,1,test,train_plus_validation,1.0,2.6797087360873206,2.0
Mannar,2025-04-25,2025-04-26,1,test,train_plus_validation,6.0,2.443347217354441,1.0
Mannar,2025-05-02,2025-05-03,1,test,train_plus_validation,1.0,3.8755743430200877,6.0
Mannar,2025-05-09,2025-05-10,1,test,train_plus_validation,3.0,3.2047307166243306,1.0
Mannar,2025-05-16,2025-05-17,1,test,train_plus_validation,4.0,2.3656671296499305,3.0
Mannar,2025-05-23,2025-05-24,1,test,train_plus_validation,2.0,2.557065582653507,4.0
Mannar,2025-05-30,2025-05-31,1,test,train_plus_validation,3.0,3.2664993175439974,2.0
Mannar,2025-06-06,2025-06-07,1,test,train_plus_validation,2.0,2.577485214042945,3.0
Mannar,2025-06-13,2025-06-14,1,test,train_plus_validation,4.0,2.6119796060096303,2.0
Mannar,2025-06-20,2025-06-21,1,test,train_plus_validation,0.0,3.407156704500296,4.0
Mannar,2025-06-27,2025-06-28,1,test,train_plus_validation,2.0,2.883814465257945,0.0
Mannar,2025-07-04,2025-07-05,1,test,train_plus_validation,1.0,2.898547154875614,2.0
Mannar,2025-07-11,2025-07-12,1,test,train_plus_validation,2.0,2.2192747895657003,1.0
Mannar,2025-07-18,2025-07-19,1,test,train_plus_validation,4.0,1.8738997536754296,2.0
Mannar,2025-07-25,2025-07-26,1,test,train_plus_validation,2.0,1.936312013635643,4.0
Mannar,2025-08-01,2025-08-02,1,test,train_plus_validation,3.0,2.406028643117799,2.0
Mannar,2025-08-08,2025-08-09,1,test,train_plus_validation,1.0,2.265231189163486,3.0
Mannar,2025-08-15,2025-08-16,1,test,train_plus_validation,1.0,2.265231189163486,1.0
Mannar,2025-08-22,2025-08-23,1,test,train_plus_validation,2.0,2.3143556893580195,1.0
Mannar,2025-08-29,2025-08-30,1,test,train_plus_validation,2.0,1.7484148151104957,2.0
Mannar,2025-09-05,2025-09-06,1,test,train_plus_validation,2.0,1.7484148151104957,2.0
Mannar,2025-09-12,2025-09-13,1,test,train_plus_validation,3.0,1.8219116360118996,2.0
Mannar,2025-09-19,2025-09-20,1,test,train_plus_validation,2.0,2.312692925640491,3.0
Mannar,2025-09-26,2025-09-27,1,test,train_plus_validation,0.0,2.4473487782307206,2.0
Mannar,2025-10-03,2025-10-04,1,test,train_plus_validation,1.0,2.489393257299849,0.0
Mannar,2025-10-10,2025-10-11,1,test,train_plus_validation,3.0,2.0508911041871265,1.0
Mannar,2025-10-17,2025-10-18,1,test,train_plus_validation,5.0,2.305063243803193,3.0
Mannar,2025-10-24,2025-10-25,1,test,train_plus_validation,7.0,4.398421412482166,5.0
Mannar,2025-10-31,2025-11-01,1,test,train_plus_validation,6.0,5.400780494754121,7.0
Mannar,2025-11-07,2025-11-08,1,test,train_plus_validation,12.0,5.604731214282789,6.0
Mannar,2025-11-14,2025-11-15,1,test,train_plus_validation,5.0,11.472873518782256,12.0
Mannar,2025-11-21,2025-11-22,1,test,train_plus_validation,5.0,9.715607222425389,5.0
Mannar,2025-11-28,2025-11-29,1,test,train_plus_validation,0.0,7.504349334187964,5.0
Mannar,2025-12-05,2025-12-06,1,test,train_plus_validation,5.0,6.344811106159218,0.0
Mannar,2025-12-12,2025-12-13,1,test,train_plus_validation,0.0,6.816250908002615,5.0
Matale,2025-01-03,2025-01-04,1,test,train_plus_validation,39.0,46.29511498828057,52.0
Matale,2025-01-10,2025-01-11,1,test,train_plus_validation,44.0,43.390824768091434,39.0
Matale,2025-01-17,2025-01-18,1,test,train_plus_validation,39.0,42.49178124325376,44.0
Matale,2025-01-24,2025-01-25,1,test,train_plus_validation,45.0,36.71041711011072,39.0
Matale,2025-01-31,2025-02-01,1,test,train_plus_validation,38.0,46.49144336630711,45.0
Matale,2025-02-07,2025-02-08,1,test,train_plus_validation,38.0,36.557777071804914,38.0
Matale,2025-02-14,2025-02-15,1,test,train_plus_validation,40.0,35.860654824541,38.0
Matale,2025-02-21,2025-02-22,1,test,train_plus_validation,28.0,35.579289241543435,40.0
Matale,2025-02-28,2025-03-01,1,test,train_plus_validation,39.0,27.98085365950778,28.0
Matale,2025-03-07,2025-03-08,1,test,train_plus_validation,22.0,29.355277178619108,39.0
Matale,2025-03-14,2025-03-15,1,test,train_plus_validation,20.0,26.78844402649085,22.0
Matale,2025-03-21,2025-03-22,1,test,train_plus_validation,32.0,23.27790897490177,20.0
Matale,2025-03-28,2025-03-29,1,test,train_plus_validation,21.0,26.33471410173613,32.0
Matale,2025-04-04,2025-04-05,1,test,train_plus_validation,30.0,25.65683369901025,21.0
Matale,2025-04-11,2025-04-12,1,test,train_plus_validation,28.0,28.588362815189342,30.0
Matale,2025-04-18,2025-04-19,1,test,train_plus_validation,42.0,27.717139509253006,28.0
Matale,2025-04-25,2025-04-26,1,test,train_plus_validation,28.0,35.92029165595447,42.0
Matale,2025-05-02,2025-05-03,1,test,train_plus_validation,23.0,32.46633674322366,28.0
Matale,2025-05-09,2025-05-10,1,test,train_plus_validation,16.0,27.182064157942204,23.0
Matale,2025-05-16,2025-05-17,1,test,train_plus_validation,20.0,21.111237047751732,16.0
Matale,2025-05-23,2025-05-24,1,test,train_plus_validation,20.0,20.09686084176371,20.0
Matale,2025-05-30,2025-05-31,1,test,train_plus_validation,24.0,20.76031148878907,20.0
Matale,2025-06-06,2025-06-07,1,test,train_plus_validation,17.0,21.80200085550137,24.0
Matale,2025-06-13,2025-06-14,1,test,train_plus_validation,24.0,18.39346226740814,17.0
Matale,2025-06-20,2025-06-21,1,test,train_plus_validation,23.0,22.43405945684391,24.0
Matale,2025-06-27,2025-06-28,1,test,train_plus_validation,14.0,25.46118023250328,23.0
Matale,2025-07-04,2025-07-05,1,test,train_plus_validation,12.0,19.5303548852617,14.0
Matale,2025-07-11,2025-07-12,1,test,train_plus_validation,19.0,16.438878357766907,12.0
Matale,2025-07-18,2025-07-19,1,test,train_plus_validation,27.0,18.55873598425819,19.0
Matale,2025-07-25,2025-07-26,1,test,train_plus_validation,19.0,22.104529524178023,27.0
Matale,2025-08-01,2025-08-02,1,test,train_plus_validation,17.0,20.269509097443503,19.0
Matale,2025-08-08,2025-08-09,1,test,train_plus_validation,13.0,17.913651445658903,17.0
Matale,2025-08-15,2025-08-16,1,test,train_plus_validation,17.0,15.42770591275394,13.0
Matale,2025-08-22,2025-08-23,1,test,train_plus_validation,11.0,16.883549339793877,17.0
Matale,2025-08-29,2025-08-30,1,test,train_plus_validation,31.0,14.517020316421661,11.0
Matale,2025-09-05,2025-09-06,1,test,train_plus_validation,22.0,22.01052652071795,31.0
Matale,2025-09-12,2025-09-13,1,test,train_plus_validation,34.0,22.222852510540633,22.0
Matale,2025-09-19,2025-09-20,1,test,train_plus_validation,24.0,29.780397614495957,34.0
Matale,2025-09-26,2025-09-27,1,test,train_plus_validation,19.0,27.34935102779379,24.0
Matale,2025-10-03,2025-10-04,1,test,train_plus_validation,9.0,21.665942063631007,19.0
Matale,2025-10-10,2025-10-11,1,test,train_plus_validation,15.0,15.181989115724546,9.0
Matale,2025-10-17,2025-10-18,1,test,train_plus_validation,24.0,14.559919553928317,15.0
Matale,2025-10-24,2025-10-25,1,test,train_plus_validation,22.0,21.747316266939027,24.0
Matale,2025-10-31,2025-11-01,1,test,train_plus_validation,12.0,22.933608928485047,22.0
Matale,2025-11-07,2025-11-08,1,test,train_plus_validation,22.0,22.11833325035083,12.0
Matale,2025-11-14,2025-11-15,1,test,train_plus_validation,20.0,23.841324281766315,22.0
Matale,2025-11-21,2025-11-22,1,test,train_plus_validation,15.0,23.249955367988907,20.0
Matale,2025-11-28,2025-11-29,1,test,train_plus_validation,21.0,16.833595320396032,15.0
Matale,2025-12-05,2025-12-06,1,test,train_plus_validation,25.0,22.61817973181063,21.0
Matale,2025-12-12,2025-12-13,1,test,train_plus_validation,16.0,27.539460348537553,25.0
Matara,2025-01-03,2025-01-04,1,test,train_plus_validation,23.0,28.712991657628923,28.0
Matara,2025-01-10,2025-01-11,1,test,train_plus_validation,45.0,29.41302466632571,23.0
Matara,2025-01-17,2025-01-18,1,test,train_plus_validation,32.0,40.15817903865639,45.0
Matara,2025-01-24,2025-01-25,1,test,train_plus_validation,59.0,33.53496007128933,32.0
Matara,2025-01-31,2025-02-01,1,test,train_plus_validation,34.0,52.0924372896207,59.0
Matara,2025-02-07,2025-02-08,1,test,train_plus_validation,34.0,41.53675417663838,34.0
Matara,2025-02-14,2025-02-15,1,test,train_plus_validation,35.0,37.13528466242784,34.0
Matara,2025-02-21,2025-02-22,1,test,train_plus_validation,24.0,33.77575701286916,35.0
Matara,2025-02-28,2025-03-01,1,test,train_plus_validation,50.0,30.781054248407187,24.0
Matara,2025-03-07,2025-03-08,1,test,train_plus_validation,32.0,39.975674975735004,50.0
Matara,2025-03-14,2025-03-15,1,test,train_plus_validation,30.0,36.53673981403832,32.0
Matara,2025-03-21,2025-03-22,1,test,train_plus_validation,44.0,31.540489843375617,30.0
Matara,2025-03-28,2025-03-29,1,test,train_plus_validation,38.0,40.19774636965656,44.0
Matara,2025-04-04,2025-04-05,1,test,train_plus_validation,32.0,36.794218173567515,38.0
Matara,2025-04-11,2025-04-12,1,test,train_plus_validation,35.0,35.01686076272553,32.0
Matara,2025-04-18,2025-04-19,1,test,train_plus_validation,38.0,33.88176958476776,35.0
Matara,2025-04-25,2025-04-26,1,test,train_plus_validation,38.0,36.820400620310025,38.0
Matara,2025-05-02,2025-05-03,1,test,train_plus_validation,17.0,37.6048735535531,38.0
Matara,2025-05-09,2025-05-10,1,test,train_plus_validation,27.0,29.852779223994347,17.0
Matara,2025-05-16,2025-05-17,1,test,train_plus_validation,21.0,26.293980622589547,27.0
Matara,2025-05-23,2025-05-24,1,test,train_plus_validation,26.0,23.886421153878363,21.0
Matara,2025-05-30,2025-05-31,1,test,train_plus_validation,34.0,26.100722050770287,26.0
Matara,2025-06-06,2025-06-07,1,test,train_plus_validation,70.0,31.416464879846085,34.0
Matara,2025-06-13,2025-06-14,1,test,train_plus_validation,39.0,51.855879673230916,70.0
Matara,2025-06-20,2025-06-21,1,test,train_plus_validation,58.0,46.98008736441678,39.0
Matara,2025-06-27,2025-06-28,1,test,train_plus_validation,39.0,52.89610509894481,58.0
Matara,2025-07-04,2025-07-05,1,test,train_plus_validation,28.0,47.12865701884844,39.0
Matara,2025-07-11,2025-07-12,1,test,train_plus_validation,41.0,35.58020852720685,28.0
Matara,2025-07-18,2025-07-19,1,test,train_plus_validation,42.0,37.432144127049035,41.0
Matara,2025-07-25,2025-07-26,1,test,train_plus_validation,30.0,40.60666780464287,42.0
Matara,2025-08-01,2025-08-02,1,test,train_plus_validation,20.0,32.700997258932105,30.0
Matara,2025-08-08,2025-08-09,1,test,train_plus_validation,35.0,24.450884768916765,20.0
Matara,2025-08-15,2025-08-16,1,test,train_plus_validation,26.0,30.53372935909868,35.0
Matara,2025-08-22,2025-08-23,1,test,train_plus_validation,26.0,30.590107395219505,26.0
Matara,2025-08-29,2025-08-30,1,test,train_plus_validation,16.0,24.6635671064375,26.0
Matara,2025-09-05,2025-09-06,1,test,train_plus_validation,18.0,20.10489293359417,16.0
Matara,2025-09-12,2025-09-13,1,test,train_plus_validation,12.0,17.456642812594996,18.0
Matara,2025-09-19,2025-09-20,1,test,train_plus_validation,12.0,15.323992391130194,12.0
Matara,2025-09-26,2025-09-27,1,test,train_plus_validation,12.0,15.815130484524715,12.0
Matara,2025-10-03,2025-10-04,1,test,train_plus_validation,20.0,14.091927780839777,12.0
Matara,2025-10-10,2025-10-11,1,test,train_plus_validation,22.0,17.567723317264075,20.0
Matara,2025-10-17,2025-10-18,1,test,train_plus_validation,10.0,20.77404234383068,22.0
Matara,2025-10-24,2025-10-25,1,test,train_plus_validation,23.0,17.86668996272161,10.0
Matara,2025-10-31,2025-11-01,1,test,train_plus_validation,17.0,20.02621527189225,23.0
Matara,2025-11-07,2025-11-08,1,test,train_plus_validation,36.0,18.289291525693187,17.0
Matara,2025-11-14,2025-11-15,1,test,train_plus_validation,22.0,29.590527250842875,36.0
Matara,2025-11-21,2025-11-22,1,test,train_plus_validation,37.0,30.897569491352357,22.0
Matara,2025-11-28,2025-11-29,1,test,train_plus_validation,45.0,31.358284347688716,37.0
Matara,2025-12-05,2025-12-06,1,test,train_plus_validation,67.0,46.49841801304111,45.0
Matara,2025-12-12,2025-12-13,1,test,train_plus_validation,44.0,54.07468491813541,67.0
Monaragala,2025-01-03,2025-01-04,1,test,train_plus_validation,26.0,23.97541798706574,25.0
Monaragala,2025-01-10,2025-01-11,1,test,train_plus_validation,23.0,26.11342236113882,26.0
Monaragala,2025-01-17,2025-01-18,1,test,train_plus_validation,24.0,23.56262867515779,23.0
Monaragala,2025-01-24,2025-01-25,1,test,train_plus_validation,20.0,25.595460567256794,24.0
Monaragala,2025-01-31,2025-02-01,1,test,train_plus_validation,6.0,25.583420066430747,20.0
Monaragala,2025-02-07,2025-02-08,1,test,train_plus_validation,6.0,14.835012812235231,6.0
Monaragala,2025-02-14,2025-02-15,1,test,train_plus_validation,15.0,14.990085799199102,6.0
Monaragala,2025-02-21,2025-02-22,1,test,train_plus_validation,10.0,12.186785837728062,15.0
Monaragala,2025-02-28,2025-03-01,1,test,train_plus_validation,17.0,12.901105311487921,10.0
Monaragala,2025-03-07,2025-03-08,1,test,train_plus_validation,23.0,13.222331130397912,17.0
Monaragala,2025-03-14,2025-03-15,1,test,train_plus_validation,24.0,18.593377221023133,23.0
Monaragala,2025-03-21,2025-03-22,1,test,train_plus_validation,21.0,22.52469595318744,24.0
Monaragala,2025-03-28,2025-03-29,1,test,train_plus_validation,15.0,23.73186894682222,21.0
Monaragala,2025-04-04,2025-04-05,1,test,train_plus_validation,29.0,19.327753619428098,15.0
Monaragala,2025-04-11,2025-04-12,1,test,train_plus_validation,27.0,25.21135574718064,29.0
Monaragala,2025-04-18,2025-04-19,1,test,train_plus_validation,12.0,26.45116701165735,27.0
Monaragala,2025-04-25,2025-04-26,1,test,train_plus_validation,22.0,21.06802230454075,12.0
Monaragala,2025-05-02,2025-05-03,1,test,train_plus_validation,10.0,22.128625441557517,22.0
Monaragala,2025-05-09,2025-05-10,1,test,train_plus_validation,17.0,17.76172552330077,10.0
Monaragala,2025-05-16,2025-05-17,1,test,train_plus_validation,15.0,17.946532429572002,17.0
Monaragala,2025-05-23,2025-05-24,1,test,train_plus_validation,26.0,15.919776265999351,15.0
Monaragala,2025-05-30,2025-05-31,1,test,train_plus_validation,29.0,23.172503856997054,26.0
Monaragala,2025-06-06,2025-06-07,1,test,train_plus_validation,26.0,24.17983089987262,29.0
Monaragala,2025-06-13,2025-06-14,1,test,train_plus_validation,24.0,25.557929408372733,26.0
Monaragala,2025-06-20,2025-06-21,1,test,train_plus_validation,27.0,25.628978830035702,24.0
Monaragala,2025-06-27,2025-06-28,1,test,train_plus_validation,12.0,24.533290776865094,27.0
Monaragala,2025-07-04,2025-07-05,1,test,train_plus_validation,13.0,20.226136516003525,12.0
Monaragala,2025-07-11,2025-07-12,1,test,train_plus_validation,19.0,15.008659210555527,13.0
Monaragala,2025-07-18,2025-07-19,1,test,train_plus_validation,17.0,17.361664925822225,19.0
Monaragala,2025-07-25,2025-07-26,1,test,train_plus_validation,17.0,16.642048059585672,17.0
Monaragala,2025-08-01,2025-08-02,1,test,train_plus_validation,11.0,15.55704802858248,17.0
Monaragala,2025-08-08,2025-08-09,1,test,train_plus_validation,17.0,15.87480548915457,11.0
Monaragala,2025-08-15,2025-08-16,1,test,train_plus_validation,8.0,17.123881964383152,17.0
Monaragala,2025-08-22,2025-08-23,1,test,train_plus_validation,16.0,11.051837956004313,8.0
Monaragala,2025-08-29,2025-08-30,1,test,train_plus_validation,3.0,14.226934248934466,16.0
Monaragala,2025-09-05,2025-09-06,1,test,train_plus_validation,16.0,10.229336667811355,3.0
Monaragala,2025-09-12,2025-09-13,1,test,train_plus_validation,10.0,11.429165861651216,16.0
Monaragala,2025-09-19,2025-09-20,1,test,train_plus_validation,8.0,11.525850619277506,10.0
Monaragala,2025-09-26,2025-09-27,1,test,train_plus_validation,9.0,9.529850272058008,8.0
Monaragala,2025-10-03,2025-10-04,1,test,train_plus_validation,4.0,8.714895100638907,9.0
Monaragala,2025-10-10,2025-10-11,1,test,train_plus_validation,11.0,6.283813824174804,4.0
Monaragala,2025-10-17,2025-10-18,1,test,train_plus_validation,17.0,11.10339142020468,11.0
Monaragala,2025-10-24,2025-10-25,1,test,train_plus_validation,16.0,13.08744770401978,17.0
Monaragala,2025-10-31,2025-11-01,1,test,train_plus_validation,7.0,14.558151718566803,16.0
Monaragala,2025-11-07,2025-11-08,1,test,train_plus_validation,10.0,12.132862871089179,7.0
Monaragala,2025-11-14,2025-11-15,1,test,train_plus_validation,15.0,13.83314525429248,10.0
Monaragala,2025-11-21,2025-11-22,1,test,train_plus_validation,15.0,13.94116112279621,15.0
Monaragala,2025-11-28,2025-11-29,1,test,train_plus_validation,10.0,13.59374009351133,15.0
Monaragala,2025-12-05,2025-12-06,1,test,train_plus_validation,14.0,13.933078023079313,10.0
Monaragala,2025-12-12,2025-12-13,1,test,train_plus_validation,24.0,14.38090174185654,14.0
Mullaitivu,2025-01-03,2025-01-04,1,test,train_plus_validation,1.0,8.869917902455068,3.0
Mullaitivu,2025-01-10,2025-01-11,1,test,train_plus_validation,1.0,6.2950199248462795,1.0
Mullaitivu,2025-01-17,2025-01-18,1,test,train_plus_validation,4.0,3.6685110767051947,1.0
Mullaitivu,2025-01-24,2025-01-25,1,test,train_plus_validation,1.0,3.9116757795221937,4.0
Mullaitivu,2025-01-31,2025-02-01,1,test,train_plus_validation,2.0,4.404701187669445,1.0
Mullaitivu,2025-02-07,2025-02-08,1,test,train_plus_validation,2.0,2.947877873849107,2.0
Mullaitivu,2025-02-14,2025-02-15,1,test,train_plus_validation,0.0,3.3733166834728237,2.0
Mullaitivu,2025-02-21,2025-02-22,1,test,train_plus_validation,1.0,3.2364220838167777,0.0
Mullaitivu,2025-02-28,2025-03-01,1,test,train_plus_validation,1.0,1.9387744642745595,1.0
Mullaitivu,2025-03-07,2025-03-08,1,test,train_plus_validation,3.0,2.489212826993778,1.0
Mullaitivu,2025-03-14,2025-03-15,1,test,train_plus_validation,0.0,2.3787280351895075,3.0
Mullaitivu,2025-03-21,2025-03-22,1,test,train_plus_validation,0.0,2.572689542918036,0.0
Mullaitivu,2025-03-28,2025-03-29,1,test,train_plus_validation,2.0,3.138780778758636,0.0
Mullaitivu,2025-04-04,2025-04-05,1,test,train_plus_validation,2.0,1.4999830571719255,2.0
Mullaitivu,2025-04-11,2025-04-12,1,test,train_plus_validation,1.0,2.709324002035701,2.0
Mullaitivu,2025-04-18,2025-04-19,1,test,train_plus_validation,0.0,1.935475494832404,1.0
Mullaitivu,2025-04-25,2025-04-26,1,test,train_plus_validation,2.0,1.8723768098385298,0.0
Mullaitivu,2025-05-02,2025-05-03,1,test,train_plus_validation,1.0,2.017273587180235,2.0
Mullaitivu,2025-05-09,2025-05-10,1,test,train_plus_validation,2.0,2.2151792655450193,1.0
Mullaitivu,2025-05-16,2025-05-17,1,test,train_plus_validation,1.0,1.795675690802264,2.0
Mullaitivu,2025-05-23,2025-05-24,1,test,train_plus_validation,1.0,1.8924457806950095,1.0
Mullaitivu,2025-05-30,2025-05-31,1,test,train_plus_validation,4.0,2.399155228365968,1.0
Mullaitivu,2025-06-06,2025-06-07,1,test,train_plus_validation,2.0,1.9144869080900773,4.0
Mullaitivu,2025-06-13,2025-06-14,1,test,train_plus_validation,1.0,1.9809696660599576,2.0
Mullaitivu,2025-06-20,2025-06-21,1,test,train_plus_validation,3.0,2.025493898337071,1.0
Mullaitivu,2025-06-27,2025-06-28,1,test,train_plus_validation,2.0,2.338530084852791,3.0
Mullaitivu,2025-07-04,2025-07-05,1,test,train_plus_validation,0.0,2.898547154875614,2.0
Mullaitivu,2025-07-11,2025-07-12,1,test,train_plus_validation,0.0,2.2192747895657003,0.0
Mullaitivu,2025-07-18,2025-07-19,1,test,train_plus_validation,0.0,1.8798055331215215,0.0
Mullaitivu,2025-07-25,2025-07-26,1,test,train_plus_validation,0.0,1.7894098575719868,0.0
Mullaitivu,2025-08-01,2025-08-02,1,test,train_plus_validation,0.0,1.663172006169116,0.0
Mullaitivu,2025-08-08,2025-08-09,1,test,train_plus_validation,0.0,1.6166474886111608,0.0
Mullaitivu,2025-08-15,2025-08-16,1,test,train_plus_validation,0.0,1.7197597049733042,0.0
Mullaitivu,2025-08-22,2025-08-23,1,test,train_plus_validation,1.0,1.5787792243741334,0.0
Mullaitivu,2025-08-29,2025-08-30,1,test,train_plus_validation,0.0,1.607834753712187,1.0
Mullaitivu,2025-09-05,2025-09-06,1,test,train_plus_validation,2.0,1.607834753712187,0.0
Mullaitivu,2025-09-12,2025-09-13,1,test,train_plus_validation,2.0,1.6457030179492145,2.0
Mullaitivu,2025-09-19,2025-09-20,1,test,train_plus_validation,0.0,1.9378613349297769,2.0
Mullaitivu,2025-09-26,2025-09-27,1,test,train_plus_validation,1.0,1.994163177948916,0.0
Mullaitivu,2025-10-03,2025-10-04,1,test,train_plus_validation,0.0,1.7745050411104797,1.0
Mullaitivu,2025-10-10,2025-10-11,1,test,train_plus_validation,0.0,2.0001642097381263,0.0
Mullaitivu,2025-10-17,2025-10-18,1,test,train_plus_validation,0.0,2.454968095605786,0.0
Mullaitivu,2025-10-24,2025-10-25,1,test,train_plus_validation,1.0,2.8370377271064364,0.0
Mullaitivu,2025-10-31,2025-11-01,1,test,train_plus_validation,0.0,3.054092020473693,1.0
Mullaitivu,2025-11-07,2025-11-08,1,test,train_plus_validation,2.0,3.039835952347523,0.0
Mullaitivu,2025-11-14,2025-11-15,1,test,train_plus_validation,4.0,3.4567248592854094,2.0
Mullaitivu,2025-11-21,2025-11-22,1,test,train_plus_validation,2.0,4.26697324836888,4.0
Mullaitivu,2025-11-28,2025-11-29,1,test,train_plus_validation,0.0,3.579718966172799,2.0
Mullaitivu,2025-12-05,2025-12-06,1,test,train_plus_validation,2.0,2.940151240593234,0.0
Mullaitivu,2025-12-12,2025-12-13,1,test,train_plus_validation,3.0,3.2925380305202014,2.0
Nuwara Eliya,2025-01-03,2025-01-04,1,test,train_plus_validation,8.0,6.507187978917397,5.0
Nuwara Eliya,2025-01-10,2025-01-11,1,test,train_plus_validation,1.0,8.616325406045238,8.0
Nuwara Eliya,2025-01-17,2025-01-18,1,test,train_plus_validation,10.0,5.016911713816917,1.0
Nuwara Eliya,2025-01-24,2025-01-25,1,test,train_plus_validation,6.0,9.353489306489141,10.0
Nuwara Eliya,2025-01-31,2025-02-01,1,test,train_plus_validation,4.0,13.073677698838154,6.0
Nuwara Eliya,2025-02-07,2025-02-08,1,test,train_plus_validation,4.0,5.671137934235094,4.0
Nuwara Eliya,2025-02-14,2025-02-15,1,test,train_plus_validation,6.0,4.782521812987129,4.0
Nuwara Eliya,2025-02-21,2025-02-22,1,test,train_plus_validation,2.0,6.48196356378788,6.0
Nuwara Eliya,2025-02-28,2025-03-01,1,test,train_plus_validation,2.0,4.546272264510277,2.0
Nuwara Eliya,2025-03-07,2025-03-08,1,test,train_plus_validation,1.0,2.8666762022274583,2.0
Nuwara Eliya,2025-03-14,2025-03-15,1,test,train_plus_validation,6.0,2.6845710876777686,1.0
Nuwara Eliya,2025-03-21,2025-03-22,1,test,train_plus_validation,4.0,4.187572135217101,6.0
Nuwara Eliya,2025-03-28,2025-03-29,1,test,train_plus_validation,3.0,4.1286831947320595,4.0
Nuwara Eliya,2025-04-04,2025-04-05,1,test,train_plus_validation,1.0,3.781213193372931,3.0
Nuwara Eliya,2025-04-11,2025-04-12,1,test,train_plus_validation,3.0,3.6940139304802875,1.0
Nuwara Eliya,2025-04-18,2025-04-19,1,test,train_plus_validation,6.0,4.072043723682529,3.0
Nuwara Eliya,2025-04-25,2025-04-26,1,test,train_plus_validation,6.0,4.88855233989051,6.0
Nuwara Eliya,2025-05-02,2025-05-03,1,test,train_plus_validation,7.0,6.379371474707808,6.0
Nuwara Eliya,2025-05-09,2025-05-10,1,test,train_plus_validation,9.0,6.464873200937081,7.0
Nuwara Eliya,2025-05-16,2025-05-17,1,test,train_plus_validation,4.0,8.247874744774554,9.0
Nuwara Eliya,2025-05-23,2025-05-24,1,test,train_plus_validation,7.0,7.782588395002029,4.0
Nuwara Eliya,2025-05-30,2025-05-31,1,test,train_plus_validation,9.0,7.722866440332218,7.0
Nuwara Eliya,2025-06-06,2025-06-07,1,test,train_plus_validation,17.0,8.799341572389052,9.0
Nuwara Eliya,2025-06-13,2025-06-14,1,test,train_plus_validation,20.0,11.945584164060872,17.0
Nuwara Eliya,2025-06-20,2025-06-21,1,test,train_plus_validation,6.0,17.746247991376087,20.0
Nuwara Eliya,2025-06-27,2025-06-28,1,test,train_plus_validation,8.0,18.21974618459316,6.0
Nuwara Eliya,2025-07-04,2025-07-05,1,test,train_plus_validation,10.0,11.693616680640346,8.0
Nuwara Eliya,2025-07-11,2025-07-12,1,test,train_plus_validation,24.0,11.171057741341324,10.0
Nuwara Eliya,2025-07-18,2025-07-19,1,test,train_plus_validation,18.0,19.644404464286858,24.0
Nuwara Eliya,2025-07-25,2025-07-26,1,test,train_plus_validation,9.0,15.895678853367146,18.0
Nuwara Eliya,2025-08-01,2025-08-02,1,test,train_plus_validation,10.0,12.55021424784853,9.0
Nuwara Eliya,2025-08-08,2025-08-09,1,test,train_plus_validation,3.0,13.667768982226765,10.0
Nuwara Eliya,2025-08-15,2025-08-16,1,test,train_plus_validation,8.0,9.397270569923895,3.0
Nuwara Eliya,2025-08-22,2025-08-23,1,test,train_plus_validation,5.0,7.273675671640962,8.0
Nuwara Eliya,2025-08-29,2025-08-30,1,test,train_plus_validation,7.0,6.514042812688609,5.0
Nuwara Eliya,2025-09-05,2025-09-06,1,test,train_plus_validation,5.0,6.619964397101304,7.0
Nuwara Eliya,2025-09-12,2025-09-13,1,test,train_plus_validation,6.0,5.752221005053551,5.0
Nuwara Eliya,2025-09-19,2025-09-20,1,test,train_plus_validation,6.0,6.838555873757319,6.0
Nuwara Eliya,2025-09-26,2025-09-27,1,test,train_plus_validation,10.0,6.75780786552908,6.0
Nuwara Eliya,2025-10-03,2025-10-04,1,test,train_plus_validation,10.0,10.25384921066723,10.0
Nuwara Eliya,2025-10-10,2025-10-11,1,test,train_plus_validation,5.0,11.100190717489857,10.0
Nuwara Eliya,2025-10-17,2025-10-18,1,test,train_plus_validation,2.0,8.813664632867205,5.0
Nuwara Eliya,2025-10-24,2025-10-25,1,test,train_plus_validation,5.0,6.191287708162082,2.0
Nuwara Eliya,2025-10-31,2025-11-01,1,test,train_plus_validation,5.0,6.119495304127665,5.0
Nuwara Eliya,2025-11-07,2025-11-08,1,test,train_plus_validation,5.0,6.305477665453691,5.0
Nuwara Eliya,2025-11-14,2025-11-15,1,test,train_plus_validation,8.0,6.22750062496937,5.0
Nuwara Eliya,2025-11-21,2025-11-22,1,test,train_plus_validation,8.0,7.237013060367016,8.0
Nuwara Eliya,2025-11-28,2025-11-29,1,test,train_plus_validation,1.0,6.65035270303222,8.0
Nuwara Eliya,2025-12-05,2025-12-06,1,test,train_plus_validation,3.0,11.533430649712082,1.0
Nuwara Eliya,2025-12-12,2025-12-13,1,test,train_plus_validation,7.0,4.629833973859745,3.0
Polonnaruwa,2025-01-03,2025-01-04,1,test,train_plus_validation,6.0,13.83292518080522,14.0
Polonnaruwa,2025-01-10,2025-01-11,1,test,train_plus_validation,7.0,12.28305575329413,6.0
Polonnaruwa,2025-01-17,2025-01-18,1,test,train_plus_validation,3.0,8.71740147213838,7.0
Polonnaruwa,2025-01-24,2025-01-25,1,test,train_plus_validation,8.0,5.522716027194247,3.0
Polonnaruwa,2025-01-31,2025-02-01,1,test,train_plus_validation,10.0,7.160986234546323,8.0
Polonnaruwa,2025-02-07,2025-02-08,1,test,train_plus_validation,10.0,10.404012375632794,10.0
Polonnaruwa,2025-02-14,2025-02-15,1,test,train_plus_validation,9.0,11.874837951358458,10.0
Polonnaruwa,2025-02-21,2025-02-22,1,test,train_plus_validation,6.0,10.60083628132161,9.0
Polonnaruwa,2025-02-28,2025-03-01,1,test,train_plus_validation,18.0,7.00621427951735,6.0
Polonnaruwa,2025-03-07,2025-03-08,1,test,train_plus_validation,3.0,11.187345721063544,18.0
Polonnaruwa,2025-03-14,2025-03-15,1,test,train_plus_validation,6.0,7.3339256617743604,3.0
Polonnaruwa,2025-03-21,2025-03-22,1,test,train_plus_validation,4.0,7.428870300345799,6.0
Polonnaruwa,2025-03-28,2025-03-29,1,test,train_plus_validation,5.0,5.522977556691015,4.0
Polonnaruwa,2025-04-04,2025-04-05,1,test,train_plus_validation,6.0,5.209632060298639,5.0
Polonnaruwa,2025-04-11,2025-04-12,1,test,train_plus_validation,5.0,6.4366999875306306,6.0
Polonnaruwa,2025-04-18,2025-04-19,1,test,train_plus_validation,8.0,5.97962764807226,5.0
Polonnaruwa,2025-04-25,2025-04-26,1,test,train_plus_validation,10.0,6.236882332164541,8.0
Polonnaruwa,2025-05-02,2025-05-03,1,test,train_plus_validation,10.0,10.680459030119096,10.0
Polonnaruwa,2025-05-09,2025-05-10,1,test,train_plus_validation,7.0,11.671506971327059,10.0
Polonnaruwa,2025-05-16,2025-05-17,1,test,train_plus_validation,6.0,7.906659865264353,7.0
Polonnaruwa,2025-05-23,2025-05-24,1,test,train_plus_validation,12.0,7.8382639554275775,6.0
Polonnaruwa,2025-05-30,2025-05-31,1,test,train_plus_validation,15.0,11.00776882680572,12.0
Polonnaruwa,2025-06-06,2025-06-07,1,test,train_plus_validation,12.0,10.54935777311392,15.0
Polonnaruwa,2025-06-13,2025-06-14,1,test,train_plus_validation,21.0,11.565903018920949,12.0
Polonnaruwa,2025-06-20,2025-06-21,1,test,train_plus_validation,10.0,16.10785241830438,21.0
Polonnaruwa,2025-06-27,2025-06-28,1,test,train_plus_validation,14.0,14.277277565156833,10.0
Polonnaruwa,2025-07-04,2025-07-05,1,test,train_plus_validation,11.0,14.07838159785641,14.0
Polonnaruwa,2025-07-11,2025-07-12,1,test,train_plus_validation,14.0,13.61460218540608,11.0
Polonnaruwa,2025-07-18,2025-07-19,1,test,train_plus_validation,15.0,12.547888769028996,14.0
Polonnaruwa,2025-07-25,2025-07-26,1,test,train_plus_validation,8.0,12.158268725617232,15.0
Polonnaruwa,2025-08-01,2025-08-02,1,test,train_plus_validation,2.0,10.433898380878096,8.0
Polonnaruwa,2025-08-08,2025-08-09,1,test,train_plus_validation,3.0,7.185232883256335,2.0
Polonnaruwa,2025-08-15,2025-08-16,1,test,train_plus_validation,5.0,3.89772769996078,3.0
Polonnaruwa,2025-08-22,2025-08-23,1,test,train_plus_validation,2.0,4.706423575943182,5.0
Polonnaruwa,2025-08-29,2025-08-30,1,test,train_plus_validation,4.0,3.3076132718959284,2.0
Polonnaruwa,2025-09-05,2025-09-06,1,test,train_plus_validation,2.0,2.484143970123227,4.0
Polonnaruwa,2025-09-12,2025-09-13,1,test,train_plus_validation,2.0,2.5377680978811346,2.0
Polonnaruwa,2025-09-19,2025-09-20,1,test,train_plus_validation,3.0,2.8336175428254076,2.0
Polonnaruwa,2025-09-26,2025-09-27,1,test,train_plus_validation,7.0,2.5004453135567926,3.0
Polonnaruwa,2025-10-03,2025-10-04,1,test,train_plus_validation,6.0,3.95548036884606,7.0
Polonnaruwa,2025-10-10,2025-10-11,1,test,train_plus_validation,4.0,5.470146858578541,6.0
Polonnaruwa,2025-10-17,2025-10-18,1,test,train_plus_validation,3.0,4.414824951969666,4.0
Polonnaruwa,2025-10-24,2025-10-25,1,test,train_plus_validation,3.0,4.819515633097859,3.0
Polonnaruwa,2025-10-31,2025-11-01,1,test,train_plus_validation,3.0,4.6615851744131005,3.0
Polonnaruwa,2025-11-07,2025-11-08,1,test,train_plus_validation,15.0,3.8040090148982855,3.0
Polonnaruwa,2025-11-14,2025-11-15,1,test,train_plus_validation,15.0,9.668293635385616,15.0
Polonnaruwa,2025-11-21,2025-11-22,1,test,train_plus_validation,8.0,12.867402830230814,15.0
Polonnaruwa,2025-11-28,2025-11-29,1,test,train_plus_validation,5.0,10.862358949300068,8.0
Polonnaruwa,2025-12-05,2025-12-06,1,test,train_plus_validation,6.0,8.495715688970789,5.0
Polonnaruwa,2025-12-12,2025-12-13,1,test,train_plus_validation,14.0,7.160195472417114,6.0
Puttalam,2025-01-03,2025-01-04,1,test,train_plus_validation,45.0,32.45490603353029,30.0
Puttalam,2025-01-10,2025-01-11,1,test,train_plus_validation,17.0,47.02441624427722,45.0
Puttalam,2025-01-17,2025-01-18,1,test,train_plus_validation,16.0,28.91425483814086,17.0
Puttalam,2025-01-24,2025-01-25,1,test,train_plus_validation,22.0,20.655829095118584,16.0
Puttalam,2025-01-31,2025-02-01,1,test,train_plus_validation,16.0,20.511373361863335,22.0
Puttalam,2025-02-07,2025-02-08,1,test,train_plus_validation,16.0,17.837030001668996,16.0
Puttalam,2025-02-14,2025-02-15,1,test,train_plus_validation,24.0,17.19232161165737,16.0
Puttalam,2025-02-21,2025-02-22,1,test,train_plus_validation,23.0,21.64522053341453,24.0
Puttalam,2025-02-28,2025-03-01,1,test,train_plus_validation,24.0,19.2774024231323,23.0
Puttalam,2025-03-07,2025-03-08,1,test,train_plus_validation,15.0,22.01576558409811,24.0
Puttalam,2025-03-14,2025-03-15,1,test,train_plus_validation,10.0,16.497694461462547,15.0
Puttalam,2025-03-21,2025-03-22,1,test,train_plus_validation,14.0,15.229302399875662,10.0
Puttalam,2025-03-28,2025-03-29,1,test,train_plus_validation,11.0,14.575112146610593,14.0
Puttalam,2025-04-04,2025-04-05,1,test,train_plus_validation,8.0,12.66534184722994,11.0
Puttalam,2025-04-11,2025-04-12,1,test,train_plus_validation,7.0,11.267681172637122,8.0
Puttalam,2025-04-18,2025-04-19,1,test,train_plus_validation,10.0,7.947435467308928,7.0
Puttalam,2025-04-25,2025-04-26,1,test,train_plus_validation,9.0,10.380263026223204,10.0
Puttalam,2025-05-02,2025-05-03,1,test,train_plus_validation,12.0,9.548789612080451,9.0
Puttalam,2025-05-09,2025-05-10,1,test,train_plus_validation,8.0,11.19397054871154,12.0
Puttalam,2025-05-16,2025-05-17,1,test,train_plus_validation,13.0,9.067987171992572,8.0
Puttalam,2025-05-23,2025-05-24,1,test,train_plus_validation,11.0,11.119144690075343,13.0
Puttalam,2025-05-30,2025-05-31,1,test,train_plus_validation,17.0,13.163838173524184,11.0
Puttalam,2025-06-06,2025-06-07,1,test,train_plus_validation,10.0,13.740464887081199,17.0
Puttalam,2025-06-13,2025-06-14,1,test,train_plus_validation,10.0,13.357482656639007,10.0
Puttalam,2025-06-20,2025-06-21,1,test,train_plus_validation,7.0,14.434028255878967,10.0
Puttalam,2025-06-27,2025-06-28,1,test,train_plus_validation,12.0,10.536205240896837,7.0
Puttalam,2025-07-04,2025-07-05,1,test,train_plus_validation,7.0,10.859234217950492,12.0
Puttalam,2025-07-11,2025-07-12,1,test,train_plus_validation,12.0,8.398548520482843,7.0
Puttalam,2025-07-18,2025-07-19,1,test,train_plus_validation,12.0,10.712281127738963,12.0
Puttalam,2025-07-25,2025-07-26,1,test,train_plus_validation,15.0,10.547982182567699,12.0
Puttalam,2025-08-01,2025-08-02,1,test,train_plus_validation,17.0,11.761578129249504,15.0
Puttalam,2025-08-08,2025-08-09,1,test,train_plus_validation,11.0,13.175772572404329,17.0
Puttalam,2025-08-15,2025-08-16,1,test,train_plus_validation,4.0,13.89707934519166,11.0
Puttalam,2025-08-22,2025-08-23,1,test,train_plus_validation,9.0,10.210673966309281,4.0
Puttalam,2025-08-29,2025-08-30,1,test,train_plus_validation,5.0,7.759563811454121,9.0
Puttalam,2025-09-05,2025-09-06,1,test,train_plus_validation,10.0,6.3621221989490575,5.0
Puttalam,2025-09-12,2025-09-13,1,test,train_plus_validation,6.0,8.844758704908523,10.0
Puttalam,2025-09-19,2025-09-20,1,test,train_plus_validation,4.0,6.41534787950257,6.0
Puttalam,2025-09-26,2025-09-27,1,test,train_plus_validation,5.0,4.97403067208443,4.0
Puttalam,2025-10-03,2025-10-04,1,test,train_plus_validation,5.0,6.105077993567576,5.0
Puttalam,2025-10-10,2025-10-11,1,test,train_plus_validation,12.0,5.807721046758621,5.0
Puttalam,2025-10-17,2025-10-18,1,test,train_plus_validation,5.0,9.837116722308497,12.0
Puttalam,2025-10-24,2025-10-25,1,test,train_plus_validation,11.0,9.164579012271137,5.0
Puttalam,2025-10-31,2025-11-01,1,test,train_plus_validation,23.0,10.723606292675331,11.0
Puttalam,2025-11-07,2025-11-08,1,test,train_plus_validation,20.0,17.432947998333802,23.0
Puttalam,2025-11-14,2025-11-15,1,test,train_plus_validation,18.0,20.68954703009029,20.0
Puttalam,2025-11-21,2025-11-22,1,test,train_plus_validation,10.0,21.549260958492155,18.0
Puttalam,2025-11-28,2025-11-29,1,test,train_plus_validation,13.0,15.900012839145544,10.0
Puttalam,2025-12-05,2025-12-06,1,test,train_plus_validation,30.0,15.412661924398543,13.0
Puttalam,2025-12-12,2025-12-13,1,test,train_plus_validation,22.0,26.06165997214223,30.0
Ratnapura,2025-01-03,2025-01-04,1,test,train_plus_validation,56.0,35.634469164470666,30.0
Ratnapura,2025-01-10,2025-01-11,1,test,train_plus_validation,46.0,51.47022568920906,56.0
Ratnapura,2025-01-17,2025-01-18,1,test,train_plus_validation,70.0,52.44197346689619,46.0
Ratnapura,2025-01-24,2025-01-25,1,test,train_plus_validation,58.0,61.13008973986262,70.0
Ratnapura,2025-01-31,2025-02-01,1,test,train_plus_validation,47.0,60.29260696184776,58.0
Ratnapura,2025-02-07,2025-02-08,1,test,train_plus_validation,47.0,55.0677694130786,47.0
Ratnapura,2025-02-14,2025-02-15,1,test,train_plus_validation,50.0,51.048630264889866,47.0
Ratnapura,2025-02-21,2025-02-22,1,test,train_plus_validation,47.0,51.51246362484062,50.0
Ratnapura,2025-02-28,2025-03-01,1,test,train_plus_validation,13.0,51.086171011623016,47.0
Ratnapura,2025-03-07,2025-03-08,1,test,train_plus_validation,46.0,33.53524163933278,13.0
Ratnapura,2025-03-14,2025-03-15,1,test,train_plus_validation,56.0,41.03546269688919,46.0
Ratnapura,2025-03-21,2025-03-22,1,test,train_plus_validation,45.0,51.08776174525947,56.0
Ratnapura,2025-03-28,2025-03-29,1,test,train_plus_validation,54.0,53.82892757849489,45.0
Ratnapura,2025-04-04,2025-04-05,1,test,train_plus_validation,146.0,50.48710182552322,54.0
Ratnapura,2025-04-11,2025-04-12,1,test,train_plus_validation,146.0,132.0121409626172,146.0
Ratnapura,2025-04-18,2025-04-19,1,test,train_plus_validation,319.0,162.29308647107308,146.0
Ratnapura,2025-04-25,2025-04-26,1,test,train_plus_validation,273.0,279.5256176853677,319.0
Ratnapura,2025-05-02,2025-05-03,1,test,train_plus_validation,242.0,347.60292802998003,273.0
Ratnapura,2025-05-09,2025-05-10,1,test,train_plus_validation,251.0,284.6376791638884,242.0
Ratnapura,2025-05-16,2025-05-17,1,test,train_plus_validation,203.0,255.99717133600973,251.0
Ratnapura,2025-05-23,2025-05-24,1,test,train_plus_validation,197.0,183.74102682928995,203.0
Ratnapura,2025-05-30,2025-05-31,1,test,train_plus_validation,172.0,184.00061884172428,197.0
Ratnapura,2025-06-06,2025-06-07,1,test,train_plus_validation,145.0,175.17063135911866,172.0
Ratnapura,2025-06-13,2025-06-14,1,test,train_plus_validation,118.0,138.91942653712758,145.0
Ratnapura,2025-06-20,2025-06-21,1,test,train_plus_validation,120.0,141.1280496573316,118.0
Ratnapura,2025-06-27,2025-06-28,1,test,train_plus_validation,104.0,135.80097245926865,120.0
Ratnapura,2025-07-04,2025-07-05,1,test,train_plus_validation,97.0,165.26657754009852,104.0
Ratnapura,2025-07-11,2025-07-12,1,test,train_plus_validation,93.0,96.53009228835748,97.0
Ratnapura,2025-07-18,2025-07-19,1,test,train_plus_validation,99.0,90.43977471646528,93.0
Ratnapura,2025-07-25,2025-07-26,1,test,train_plus_validation,91.0,94.81540243124519,99.0
Ratnapura,2025-08-01,2025-08-02,1,test,train_plus_validation,64.0,89.38526902751586,91.0
Ratnapura,2025-08-08,2025-08-09,1,test,train_plus_validation,79.0,68.45165549695797,64.0
Ratnapura,2025-08-15,2025-08-16,1,test,train_plus_validation,62.0,73.43770873784871,79.0
Ratnapura,2025-08-22,2025-08-23,1,test,train_plus_validation,60.0,63.69617686062895,62.0
Ratnapura,2025-08-29,2025-08-30,1,test,train_plus_validation,59.0,58.853498556485235,60.0
Ratnapura,2025-09-05,2025-09-06,1,test,train_plus_validation,15.0,55.02126960909353,59.0
Ratnapura,2025-09-12,2025-09-13,1,test,train_plus_validation,65.0,38.87334550187693,15.0
Ratnapura,2025-09-19,2025-09-20,1,test,train_plus_validation,63.0,49.016519283345495,65.0
Ratnapura,2025-09-26,2025-09-27,1,test,train_plus_validation,70.0,59.20295862656082,63.0
Ratnapura,2025-10-03,2025-10-04,1,test,train_plus_validation,41.0,61.08434433821304,70.0
Ratnapura,2025-10-10,2025-10-11,1,test,train_plus_validation,42.0,50.70129496761076,41.0
Ratnapura,2025-10-17,2025-10-18,1,test,train_plus_validation,36.0,46.630471766152915,42.0
Ratnapura,2025-10-24,2025-10-25,1,test,train_plus_validation,57.0,40.95724774896671,36.0
Ratnapura,2025-10-31,2025-11-01,1,test,train_plus_validation,47.0,51.95410145817187,57.0
Ratnapura,2025-11-07,2025-11-08,1,test,train_plus_validation,43.0,49.97779813575851,47.0
Ratnapura,2025-11-14,2025-11-15,1,test,train_plus_validation,54.0,47.838185282867066,43.0
Ratnapura,2025-11-21,2025-11-22,1,test,train_plus_validation,54.0,57.11775052410288,54.0
Ratnapura,2025-11-28,2025-11-29,1,test,train_plus_validation,64.0,60.51802574296456,54.0
Ratnapura,2025-12-05,2025-12-06,1,test,train_plus_validation,43.0,63.46486622947972,64.0
Ratnapura,2025-12-12,2025-12-13,1,test,train_plus_validation,60.0,55.42357174215286,43.0
Trincomalee,2025-01-03,2025-01-04,1,test,train_plus_validation,34.0,31.934147559325908,28.0
Trincomalee,2025-01-10,2025-01-11,1,test,train_plus_validation,34.0,34.42052757621329,34.0
Trincomalee,2025-01-17,2025-01-18,1,test,train_plus_validation,23.0,36.562002882815904,34.0
Trincomalee,2025-01-24,2025-01-25,1,test,train_plus_validation,22.0,29.24181218437297,23.0
Trincomalee,2025-01-31,2025-02-01,1,test,train_plus_validation,28.0,26.432785018136855,22.0
Trincomalee,2025-02-07,2025-02-08,1,test,train_plus_validation,28.0,25.220245001832915,28.0
Trincomalee,2025-02-14,2025-02-15,1,test,train_plus_validation,29.0,27.162702817039403,28.0
Trincomalee,2025-02-21,2025-02-22,1,test,train_plus_validation,25.0,27.140857153099557,29.0
Trincomalee,2025-02-28,2025-03-01,1,test,train_plus_validation,17.0,22.86417561715256,25.0
Trincomalee,2025-03-07,2025-03-08,1,test,train_plus_validation,25.0,20.52348241601566,17.0
Trincomalee,2025-03-14,2025-03-15,1,test,train_plus_validation,23.0,21.86810756079456,25.0
Trincomalee,2025-03-21,2025-03-22,1,test,train_plus_validation,28.0,21.010748739312117,23.0
Trincomalee,2025-03-28,2025-03-29,1,test,train_plus_validation,36.0,25.38410512856428,28.0
Trincomalee,2025-04-04,2025-04-05,1,test,train_plus_validation,33.0,28.124398614465647,36.0
Trincomalee,2025-04-11,2025-04-12,1,test,train_plus_validation,44.0,34.65538969957848,33.0
Trincomalee,2025-04-18,2025-04-19,1,test,train_plus_validation,46.0,39.42019519885013,44.0
Trincomalee,2025-04-25,2025-04-26,1,test,train_plus_validation,64.0,42.07539559611636,46.0
Trincomalee,2025-05-02,2025-05-03,1,test,train_plus_validation,55.0,53.924547024931975,64.0
Trincomalee,2025-05-09,2025-05-10,1,test,train_plus_validation,45.0,53.484874699251336,55.0
Trincomalee,2025-05-16,2025-05-17,1,test,train_plus_validation,43.0,47.08571863281271,45.0
Trincomalee,2025-05-23,2025-05-24,1,test,train_plus_validation,39.0,39.767401468063255,43.0
Trincomalee,2025-05-30,2025-05-31,1,test,train_plus_validation,40.0,38.52457596823718,39.0
Trincomalee,2025-06-06,2025-06-07,1,test,train_plus_validation,16.0,31.919657874042787,40.0
Trincomalee,2025-06-13,2025-06-14,1,test,train_plus_validation,16.0,24.807792634130685,16.0
Trincomalee,2025-06-20,2025-06-21,1,test,train_plus_validation,12.0,18.809385977739478,16.0
Trincomalee,2025-06-27,2025-06-28,1,test,train_plus_validation,8.0,15.445965433854207,12.0
Trincomalee,2025-07-04,2025-07-05,1,test,train_plus_validation,11.0,12.702172792335906,8.0
Trincomalee,2025-07-11,2025-07-12,1,test,train_plus_validation,11.0,12.01386541134411,11.0
Trincomalee,2025-07-18,2025-07-19,1,test,train_plus_validation,7.0,10.571856679835617,11.0
Trincomalee,2025-07-25,2025-07-26,1,test,train_plus_validation,9.0,8.008422361477345,7.0
Trincomalee,2025-08-01,2025-08-02,1,test,train_plus_validation,4.0,7.141121388255161,9.0
Trincomalee,2025-08-08,2025-08-09,1,test,train_plus_validation,2.0,5.014084852641905,4.0
Trincomalee,2025-08-15,2025-08-16,1,test,train_plus_validation,4.0,3.9780211583683696,2.0
Trincomalee,2025-08-22,2025-08-23,1,test,train_plus_validation,4.0,3.4439188090692876,4.0
Trincomalee,2025-08-29,2025-08-30,1,test,train_plus_validation,3.0,3.6376605786099137,4.0
Trincomalee,2025-09-05,2025-09-06,1,test,train_plus_validation,5.0,2.480556758364228,3.0
Trincomalee,2025-09-12,2025-09-13,1,test,train_plus_validation,2.0,3.585433223433408,5.0
Trincomalee,2025-09-19,2025-09-20,1,test,train_plus_validation,6.0,3.069122019361493,2.0
Trincomalee,2025-09-26,2025-09-27,1,test,train_plus_validation,8.0,3.9407442494408094,6.0
Trincomalee,2025-10-03,2025-10-04,1,test,train_plus_validation,1.0,4.685388081385416,8.0
Trincomalee,2025-10-10,2025-10-11,1,test,train_plus_validation,5.0,4.264418820424554,1.0
Trincomalee,2025-10-17,2025-10-18,1,test,train_plus_validation,7.0,5.070520366555255,5.0
Trincomalee,2025-10-24,2025-10-25,1,test,train_plus_validation,15.0,6.441578601185387,7.0
Trincomalee,2025-10-31,2025-11-01,1,test,train_plus_validation,12.0,10.337573406371124,15.0
Trincomalee,2025-11-07,2025-11-08,1,test,train_plus_validation,11.0,12.675813948391378,12.0
Trincomalee,2025-11-14,2025-11-15,1,test,train_plus_validation,19.0,13.454867444163266,11.0
Trincomalee,2025-11-21,2025-11-22,1,test,train_plus_validation,16.0,18.871676298885177,19.0
Trincomalee,2025-11-28,2025-11-29,1,test,train_plus_validation,8.0,16.60934367805157,16.0
Trincomalee,2025-12-05,2025-12-06,1,test,train_plus_validation,26.0,13.172185523642517,8.0
Trincomalee,2025-12-12,2025-12-13,1,test,train_plus_validation,9.0,25.34600076659387,26.0
Vavuniya,2025-01-03,2025-01-04,1,test,train_plus_validation,2.0,7.089126812964949,4.0
Vavuniya,2025-01-10,2025-01-11,1,test,train_plus_validation,2.0,5.296553152133278,2.0
Vavuniya,2025-01-17,2025-01-18,1,test,train_plus_validation,2.0,3.312893119064248,2.0
Vavuniya,2025-01-24,2025-01-25,1,test,train_plus_validation,3.0,3.122602736372723,2.0
Vavuniya,2025-01-31,2025-02-01,1,test,train_plus_validation,2.0,3.1148082727989075,3.0
Vavuniya,2025-02-07,2025-02-08,1,test,train_plus_validation,2.0,3.168490473529719,2.0
Vavuniya,2025-02-14,2025-02-15,1,test,train_plus_validation,0.0,3.708222690306877,2.0
Vavuniya,2025-02-21,2025-02-22,1,test,train_plus_validation,5.0,3.3277491303027347,0.0
Vavuniya,2025-02-28,2025-03-01,1,test,train_plus_validation,0.0,3.2225553970920893,5.0
Vavuniya,2025-03-07,2025-03-08,1,test,train_plus_validation,1.0,3.019981376975783,0.0
Vavuniya,2025-03-14,2025-03-15,1,test,train_plus_validation,1.0,2.455051493867523,1.0
Vavuniya,2025-03-21,2025-03-22,1,test,train_plus_validation,1.0,2.5634676487730412,1.0
Vavuniya,2025-03-28,2025-03-29,1,test,train_plus_validation,3.0,3.3440898444811435,1.0
Vavuniya,2025-04-04,2025-04-05,1,test,train_plus_validation,0.0,1.5444793541118442,3.0
Vavuniya,2025-04-11,2025-04-12,1,test,train_plus_validation,5.0,3.0297844676605923,0.0
Vavuniya,2025-04-18,2025-04-19,1,test,train_plus_validation,1.0,4.027585193940936,5.0
Vavuniya,2025-04-25,2025-04-26,1,test,train_plus_validation,3.0,2.891923578064044,1.0
Vavuniya,2025-05-02,2025-05-03,1,test,train_plus_validation,0.0,3.509311598278768,3.0
Vavuniya,2025-05-09,2025-05-10,1,test,train_plus_validation,2.0,3.48017068207403,0.0
Vavuniya,2025-05-16,2025-05-17,1,test,train_plus_validation,2.0,2.8100112773801764,2.0
Vavuniya,2025-05-23,2025-05-24,1,test,train_plus_validation,1.0,2.4006540107540624,2.0
Vavuniya,2025-05-30,2025-05-31,1,test,train_plus_validation,5.0,3.034296004856405,1.0
Vavuniya,2025-06-06,2025-06-07,1,test,train_plus_validation,2.0,3.1909704347749566,5.0
Vavuniya,2025-06-13,2025-06-14,1,test,train_plus_validation,4.0,2.6131817000959483,2.0
Vavuniya,2025-06-20,2025-06-21,1,test,train_plus_validation,3.0,2.6405090907026407,4.0
Vavuniya,2025-06-27,2025-06-28,1,test,train_plus_validation,3.0,3.0490306068479853,3.0
Vavuniya,2025-07-04,2025-07-05,1,test,train_plus_validation,2.0,2.979370514670672,3.0
Vavuniya,2025-07-11,2025-07-12,1,test,train_plus_validation,3.0,2.7650890713583207,2.0
Vavuniya,2025-07-18,2025-07-19,1,test,train_plus_validation,0.0,2.508740503880274,3.0
Vavuniya,2025-07-25,2025-07-26,1,test,train_plus_validation,1.0,2.265231189163486,0.0
Vavuniya,2025-08-01,2025-08-02,1,test,train_plus_validation,0.0,1.8846330489609047,1.0
Vavuniya,2025-08-08,2025-08-09,1,test,train_plus_validation,2.0,1.8772488884688285,0.0
Vavuniya,2025-08-15,2025-08-16,1,test,train_plus_validation,3.0,1.8249351939940779,2.0
Vavuniya,2025-08-22,2025-08-23,1,test,train_plus_validation,0.0,1.6108469685208386,3.0
Vavuniya,2025-08-29,2025-08-30,1,test,train_plus_validation,0.0,1.7840433717748723,0.0
Vavuniya,2025-09-05,2025-09-06,1,test,train_plus_validation,2.0,1.7340726051150586,0.0
Vavuniya,2025-09-12,2025-09-13,1,test,train_plus_validation,1.0,1.8164371662920034,2.0
Vavuniya,2025-09-19,2025-09-20,1,test,train_plus_validation,0.0,2.4907552971284015,1.0
Vavuniya,2025-09-26,2025-09-27,1,test,train_plus_validation,0.0,2.082501830661559,0.0
Vavuniya,2025-10-03,2025-10-04,1,test,train_plus_validation,4.0,2.1019105784209935,0.0
Vavuniya,2025-10-10,2025-10-11,1,test,train_plus_validation,2.0,2.95051739699227,4.0
Vavuniya,2025-10-17,2025-10-18,1,test,train_plus_validation,0.0,2.8203252127291,2.0
Vavuniya,2025-10-24,2025-10-25,1,test,train_plus_validation,1.0,3.153121612503458,0.0
Vavuniya,2025-10-31,2025-11-01,1,test,train_plus_validation,1.0,3.2326771828654466,1.0
Vavuniya,2025-11-07,2025-11-08,1,test,train_plus_validation,2.0,3.4930154300766874,1.0
Vavuniya,2025-11-14,2025-11-15,1,test,train_plus_validation,0.0,4.161567819151788,2.0
Vavuniya,2025-11-21,2025-11-22,1,test,train_plus_validation,0.0,4.352644682807728,0.0
Vavuniya,2025-11-28,2025-11-29,1,test,train_plus_validation,1.0,2.7363261430590744,0.0
Vavuniya,2025-12-05,2025-12-06,1,test,train_plus_validation,2.0,3.035430226433619,1.0
Vavuniya,2025-12-12,2025-12-13,1,test,train_plus_validation,3.0,3.2675281482930445,2.0
Ampara,2023-12-29,2024-01-06,2,validation,train_only,45.0,57.900306342207,39.0
Ampara,2024-01-05,2024-01-13,2,validation,train_only,101.0,73.17375593973992,78.0
Ampara,2024-01-12,2024-01-20,2,validation,train_only,71.0,58.96397063555618,45.0
Ampara,2024-01-19,2024-01-27,2,validation,train_only,56.0,90.07279084606772,101.0
Ampara,2024-01-26,2024-02-03,2,validation,train_only,80.0,71.97102878812558,71.0
Ampara,2024-02-02,2024-02-10,2,validation,train_only,75.0,60.39345809690229,56.0
Ampara,2024-02-09,2024-02-17,2,validation,train_only,25.0,66.88925659358571,80.0
Ampara,2024-02-16,2024-02-24,2,validation,train_only,28.0,67.48284169809082,75.0
Ampara,2024-02-23,2024-03-02,2,validation,train_only,36.0,41.64510257934383,25.0
Ampara,2024-03-01,2024-03-09,2,validation,train_only,35.0,30.426507737949244,28.0
Ampara,2024-03-08,2024-03-16,2,validation,train_only,25.0,31.419216490967262,36.0
Ampara,2024-03-15,2024-03-23,2,validation,train_only,12.0,28.70026548377585,35.0
Ampara,2024-03-22,2024-03-30,2,validation,train_only,15.0,26.62482522386038,25.0
Ampara,2024-03-29,2024-04-06,2,validation,train_only,8.0,21.049670320772563,12.0
Ampara,2024-04-05,2024-04-13,2,validation,train_only,8.0,18.599112887302137,15.0
Ampara,2024-04-12,2024-04-20,2,validation,train_only,12.0,14.815674350078679,8.0
Ampara,2024-04-19,2024-04-27,2,validation,train_only,12.0,11.318164221691832,8.0
Ampara,2024-04-26,2024-05-04,2,validation,train_only,7.0,10.514953315705835,12.0
Ampara,2024-05-03,2024-05-11,2,validation,train_only,4.0,12.731447518407782,12.0
Ampara,2024-05-10,2024-05-18,2,validation,train_only,3.0,9.483023892482452,7.0
Ampara,2024-05-17,2024-05-25,2,validation,train_only,14.0,6.131360291242673,4.0
Ampara,2024-05-24,2024-06-01,2,validation,train_only,11.0,5.431034850915087,3.0
Ampara,2024-05-31,2024-06-08,2,validation,train_only,13.0,10.685228272989322,14.0
Ampara,2024-06-07,2024-06-15,2,validation,train_only,8.0,13.912731639282185,11.0
Ampara,2024-06-14,2024-06-22,2,validation,train_only,23.0,13.3207317497181,13.0
Ampara,2024-06-21,2024-06-29,2,validation,train_only,11.0,21.45126540476902,8.0
Ampara,2024-06-28,2024-07-06,2,validation,train_only,18.0,18.702356175901166,23.0
Ampara,2024-07-05,2024-07-13,2,validation,train_only,12.0,15.06282080349552,11.0
Ampara,2024-07-12,2024-07-20,2,validation,train_only,8.0,15.188226772700084,18.0
Ampara,2024-07-19,2024-07-27,2,validation,train_only,20.0,12.801324739589479,12.0
Ampara,2024-07-26,2024-08-03,2,validation,train_only,12.0,10.411694544914797,8.0
Ampara,2024-08-02,2024-08-10,2,validation,train_only,16.0,14.222744253147273,20.0
Ampara,2024-08-09,2024-08-17,2,validation,train_only,38.0,13.5331687301014,12.0
Ampara,2024-08-16,2024-08-24,2,validation,train_only,17.0,13.934236954973779,16.0
Ampara,2024-08-23,2024-08-31,2,validation,train_only,9.0,28.91626898443836,38.0
Ampara,2024-08-30,2024-09-07,2,validation,train_only,24.0,22.894111763391184,17.0
Ampara,2024-09-06,2024-09-14,2,validation,train_only,5.0,16.190330983843882,9.0
Ampara,2024-09-13,2024-09-21,2,validation,train_only,7.0,18.753167873402198,24.0
Ampara,2024-09-20,2024-09-28,2,validation,train_only,4.0,13.66438085593855,5.0
Ampara,2024-09-27,2024-10-05,2,validation,train_only,7.0,9.683330299767638,7.0
Ampara,2024-10-04,2024-10-12,2,validation,train_only,6.0,5.817035700626753,4.0
Ampara,2024-10-11,2024-10-19,2,validation,train_only,6.0,7.422136396402462,7.0
Ampara,2024-10-18,2024-10-26,2,validation,train_only,1.0,6.840534498631379,6.0
Ampara,2024-10-25,2024-11-02,2,validation,train_only,14.0,7.17311128553219,6.0
Ampara,2024-11-01,2024-11-09,2,validation,train_only,6.0,6.032661107836464,1.0
Ampara,2024-11-08,2024-11-16,2,validation,train_only,9.0,11.974088685378401,14.0
Ampara,2024-11-15,2024-11-23,2,validation,train_only,5.0,11.467044516404812,6.0
Ampara,2024-11-22,2024-11-30,2,validation,train_only,5.0,11.35220574657521,9.0
Ampara,2024-11-29,2024-12-07,2,validation,train_only,10.0,9.64074946665049,5.0
Ampara,2024-12-06,2024-12-14,2,validation,train_only,6.0,10.467406342912495,5.0
Ampara,2024-12-13,2024-12-21,2,validation,train_only,15.0,11.610095751125954,10.0
Ampara,2024-12-20,2024-12-28,2,validation,train_only,58.0,14.385416814002202,6.0
Anuradhapura,2023-12-29,2024-01-06,2,validation,train_only,28.0,41.5568882558186,42.0
Anuradhapura,2024-01-05,2024-01-13,2,validation,train_only,95.0,39.95253158416962,28.0
Anuradhapura,2024-01-12,2024-01-20,2,validation,train_only,34.0,30.796273994872188,28.0
Anuradhapura,2024-01-19,2024-01-27,2,validation,train_only,11.0,66.73240455472101,95.0
Anuradhapura,2024-01-26,2024-02-03,2,validation,train_only,69.0,41.402741311776104,34.0
Anuradhapura,2024-02-02,2024-02-10,2,validation,train_only,29.0,33.562064193362204,11.0
Anuradhapura,2024-02-09,2024-02-17,2,validation,train_only,53.0,55.624602721733176,69.0
Anuradhapura,2024-02-16,2024-02-24,2,validation,train_only,50.0,31.297598201090395,29.0
Anuradhapura,2024-02-23,2024-03-02,2,validation,train_only,42.0,36.88396530702187,53.0
Anuradhapura,2024-03-01,2024-03-09,2,validation,train_only,33.0,39.37529179830666,50.0
Anuradhapura,2024-03-08,2024-03-16,2,validation,train_only,18.0,33.22335587527933,42.0
Anuradhapura,2024-03-15,2024-03-23,2,validation,train_only,11.0,27.819213277387956,33.0
Anuradhapura,2024-03-22,2024-03-30,2,validation,train_only,5.0,23.573178141590848,18.0
Anuradhapura,2024-03-29,2024-04-06,2,validation,train_only,5.0,20.62177853305906,11.0
Anuradhapura,2024-04-05,2024-04-13,2,validation,train_only,4.0,11.351604310695416,5.0
Anuradhapura,2024-04-12,2024-04-20,2,validation,train_only,3.0,8.460946658647275,5.0
Anuradhapura,2024-04-19,2024-04-27,2,validation,train_only,4.0,5.002218135131992,4.0
Anuradhapura,2024-04-26,2024-05-04,2,validation,train_only,5.0,4.1547250194834096,3.0
Anuradhapura,2024-05-03,2024-05-11,2,validation,train_only,7.0,3.658071504377014,4.0
Anuradhapura,2024-05-10,2024-05-18,2,validation,train_only,4.0,4.797019304478577,5.0
Anuradhapura,2024-05-17,2024-05-25,2,validation,train_only,5.0,6.2149441761091575,7.0
Anuradhapura,2024-05-24,2024-06-01,2,validation,train_only,14.0,5.885253479908541,4.0
Anuradhapura,2024-05-31,2024-06-08,2,validation,train_only,8.0,6.697627156882522,5.0
Anuradhapura,2024-06-07,2024-06-15,2,validation,train_only,5.0,12.476025286462418,14.0
Anuradhapura,2024-06-14,2024-06-22,2,validation,train_only,3.0,9.439573473065192,8.0
Anuradhapura,2024-06-21,2024-06-29,2,validation,train_only,5.0,22.236743813721773,5.0
Anuradhapura,2024-06-28,2024-07-06,2,validation,train_only,6.0,5.938932570034477,3.0
Anuradhapura,2024-07-05,2024-07-13,2,validation,train_only,11.0,5.496509775116373,5.0
Anuradhapura,2024-07-12,2024-07-20,2,validation,train_only,23.0,5.134387859098226,6.0
Anuradhapura,2024-07-19,2024-07-27,2,validation,train_only,5.0,8.232449628737537,11.0
Anuradhapura,2024-07-26,2024-08-03,2,validation,train_only,10.0,12.488670332537353,23.0
Anuradhapura,2024-08-02,2024-08-10,2,validation,train_only,16.0,9.658770390398159,5.0
Anuradhapura,2024-08-09,2024-08-17,2,validation,train_only,7.0,10.833902936796267,10.0
Anuradhapura,2024-08-16,2024-08-24,2,validation,train_only,8.0,11.964160763932556,16.0
Anuradhapura,2024-08-23,2024-08-31,2,validation,train_only,7.0,9.718898936549419,7.0
Anuradhapura,2024-08-30,2024-09-07,2,validation,train_only,8.0,7.11283094510419,8.0
Anuradhapura,2024-09-06,2024-09-14,2,validation,train_only,3.0,8.483089008627497,7.0
Anuradhapura,2024-09-13,2024-09-21,2,validation,train_only,9.0,7.451378601313734,8.0
Anuradhapura,2024-09-20,2024-09-28,2,validation,train_only,4.0,4.501834711467225,3.0
Anuradhapura,2024-09-27,2024-10-05,2,validation,train_only,10.0,6.784703616719958,9.0
Anuradhapura,2024-10-04,2024-10-12,2,validation,train_only,5.0,4.898014462830983,4.0
Anuradhapura,2024-10-11,2024-10-19,2,validation,train_only,6.0,10.073160594776443,10.0
Anuradhapura,2024-10-18,2024-10-26,2,validation,train_only,9.0,7.827420022661247,5.0
Anuradhapura,2024-10-25,2024-11-02,2,validation,train_only,13.0,8.09833612704848,6.0
Anuradhapura,2024-11-01,2024-11-09,2,validation,train_only,13.0,9.712650364437177,9.0
Anuradhapura,2024-11-08,2024-11-16,2,validation,train_only,18.0,12.874610844730304,13.0
Anuradhapura,2024-11-15,2024-11-23,2,validation,train_only,12.0,15.120327835848938,13.0
Anuradhapura,2024-11-22,2024-11-30,2,validation,train_only,7.0,17.3309205928986,18.0
Anuradhapura,2024-11-29,2024-12-07,2,validation,train_only,18.0,18.227294698084915,12.0
Anuradhapura,2024-12-06,2024-12-14,2,validation,train_only,22.0,16.242442591909334,7.0
Anuradhapura,2024-12-13,2024-12-21,2,validation,train_only,12.0,14.891500254387156,18.0
Anuradhapura,2024-12-20,2024-12-28,2,validation,train_only,27.0,23.616388540219567,22.0
Badulla,2023-12-29,2024-01-06,2,validation,train_only,78.0,128.37143551231398,120.0
Badulla,2024-01-05,2024-01-13,2,validation,train_only,13.0,112.21697992968373,111.0
Badulla,2024-01-12,2024-01-20,2,validation,train_only,53.0,92.88822943050607,78.0
Badulla,2024-01-19,2024-01-27,2,validation,train_only,24.0,62.38927037494529,13.0
Badulla,2024-01-26,2024-02-03,2,validation,train_only,44.0,52.566183255004475,53.0
Badulla,2024-02-02,2024-02-10,2,validation,train_only,12.0,41.06829980175292,24.0
Badulla,2024-02-09,2024-02-17,2,validation,train_only,15.0,42.190139068722445,44.0
Badulla,2024-02-16,2024-02-24,2,validation,train_only,8.0,26.26663716788552,12.0
Badulla,2024-02-23,2024-03-02,2,validation,train_only,11.0,21.03624349140406,15.0
Badulla,2024-03-01,2024-03-09,2,validation,train_only,13.0,11.042764752152898,8.0
Badulla,2024-03-08,2024-03-16,2,validation,train_only,7.0,12.008026232646793,11.0
Badulla,2024-03-15,2024-03-23,2,validation,train_only,8.0,9.448849468652133,13.0
Badulla,2024-03-22,2024-03-30,2,validation,train_only,7.0,8.71711292182757,7.0
Badulla,2024-03-29,2024-04-06,2,validation,train_only,3.0,6.890760349257332,8.0
Badulla,2024-04-05,2024-04-13,2,validation,train_only,9.0,6.183987263922509,7.0
Badulla,2024-04-12,2024-04-20,2,validation,train_only,5.0,4.764636600375212,3.0
Badulla,2024-04-19,2024-04-27,2,validation,train_only,7.0,8.060246047395848,9.0
Badulla,2024-04-26,2024-05-04,2,validation,train_only,7.0,5.333950525093551,5.0
Badulla,2024-05-03,2024-05-11,2,validation,train_only,2.0,6.760633733787164,7.0
Badulla,2024-05-10,2024-05-18,2,validation,train_only,7.0,6.947937538940416,7.0
Badulla,2024-05-17,2024-05-25,2,validation,train_only,7.0,5.737307142483643,2.0
Badulla,2024-05-24,2024-06-01,2,validation,train_only,6.0,6.519218066525223,7.0
Badulla,2024-05-31,2024-06-08,2,validation,train_only,5.0,7.783746697561,7.0
Badulla,2024-06-07,2024-06-15,2,validation,train_only,12.0,11.018459030336855,6.0
Badulla,2024-06-14,2024-06-22,2,validation,train_only,21.0,9.318857372719771,5.0
Badulla,2024-06-21,2024-06-29,2,validation,train_only,15.0,25.797432464542997,12.0
Badulla,2024-06-28,2024-07-06,2,validation,train_only,15.0,19.073598474901154,21.0
Badulla,2024-07-05,2024-07-13,2,validation,train_only,12.0,15.970263092617126,15.0
Badulla,2024-07-12,2024-07-20,2,validation,train_only,10.0,14.552349045571447,15.0
Badulla,2024-07-19,2024-07-27,2,validation,train_only,15.0,14.33295068617976,12.0
Badulla,2024-07-26,2024-08-03,2,validation,train_only,18.0,12.253650873119005,10.0
Badulla,2024-08-02,2024-08-10,2,validation,train_only,9.0,11.416416622763201,15.0
Badulla,2024-08-09,2024-08-17,2,validation,train_only,10.0,13.477682730559934,18.0
Badulla,2024-08-16,2024-08-24,2,validation,train_only,20.0,10.882844229022208,9.0
Badulla,2024-08-23,2024-08-31,2,validation,train_only,15.0,10.62540237027571,10.0
Badulla,2024-08-30,2024-09-07,2,validation,train_only,6.0,14.402256105619228,20.0
Badulla,2024-09-06,2024-09-14,2,validation,train_only,8.0,17.720440322844503,15.0
Badulla,2024-09-13,2024-09-21,2,validation,train_only,9.0,11.889270894936384,6.0
Badulla,2024-09-20,2024-09-28,2,validation,train_only,6.0,8.575517892215828,8.0
Badulla,2024-09-27,2024-10-05,2,validation,train_only,9.0,8.318460243166518,9.0
Badulla,2024-10-04,2024-10-12,2,validation,train_only,6.0,6.962942024123449,6.0
Badulla,2024-10-11,2024-10-19,2,validation,train_only,14.0,8.016893421962653,9.0
Badulla,2024-10-18,2024-10-26,2,validation,train_only,10.0,7.464204009228223,6.0
Badulla,2024-10-25,2024-11-02,2,validation,train_only,7.0,10.771039259708097,14.0
Badulla,2024-11-01,2024-11-09,2,validation,train_only,8.0,13.701687230972592,10.0
Badulla,2024-11-08,2024-11-16,2,validation,train_only,19.0,9.730728913109237,7.0
Badulla,2024-11-15,2024-11-23,2,validation,train_only,15.0,8.206641613840144,8.0
Badulla,2024-11-22,2024-11-30,2,validation,train_only,15.0,15.116598128038362,19.0
Badulla,2024-11-29,2024-12-07,2,validation,train_only,19.0,18.021633036506877,15.0
Badulla,2024-12-06,2024-12-14,2,validation,train_only,20.0,18.62375837320202,15.0
Badulla,2024-12-13,2024-12-21,2,validation,train_only,19.0,16.957710989807268,19.0
Badulla,2024-12-20,2024-12-28,2,validation,train_only,5.0,23.352915023984256,20.0
Batticaloa,2023-12-29,2024-01-06,2,validation,train_only,123.0,116.82996629793934,113.0
Batticaloa,2024-01-05,2024-01-13,2,validation,train_only,122.0,155.61745276815083,142.0
Batticaloa,2024-01-12,2024-01-20,2,validation,train_only,88.0,155.79535453812318,123.0
Batticaloa,2024-01-19,2024-01-27,2,validation,train_only,67.0,137.04788560453613,122.0
Batticaloa,2024-01-26,2024-02-03,2,validation,train_only,82.0,92.8162903567334,88.0
Batticaloa,2024-02-02,2024-02-10,2,validation,train_only,61.0,71.93540772962,67.0
Batticaloa,2024-02-09,2024-02-17,2,validation,train_only,70.0,74.78399776253063,82.0
Batticaloa,2024-02-16,2024-02-24,2,validation,train_only,51.0,67.41736426733448,61.0
Batticaloa,2024-02-23,2024-03-02,2,validation,train_only,67.0,63.79649873892026,70.0
Batticaloa,2024-03-01,2024-03-09,2,validation,train_only,55.0,52.37830638038567,51.0
Batticaloa,2024-03-08,2024-03-16,2,validation,train_only,28.0,54.84558046544985,67.0
Batticaloa,2024-03-15,2024-03-23,2,validation,train_only,26.0,42.98729638014959,55.0
Batticaloa,2024-03-22,2024-03-30,2,validation,train_only,16.0,31.810406195948108,28.0
Batticaloa,2024-03-29,2024-04-06,2,validation,train_only,20.0,26.226608156039852,26.0
Batticaloa,2024-04-05,2024-04-13,2,validation,train_only,11.0,21.377700072184037,16.0
Batticaloa,2024-04-12,2024-04-20,2,validation,train_only,10.0,25.209886137028867,20.0
Batticaloa,2024-04-19,2024-04-27,2,validation,train_only,17.0,16.867075624181652,11.0
Batticaloa,2024-04-26,2024-05-04,2,validation,train_only,19.0,13.891040423474857,10.0
Batticaloa,2024-05-03,2024-05-11,2,validation,train_only,17.0,13.467767700055532,17.0
Batticaloa,2024-05-10,2024-05-18,2,validation,train_only,18.0,14.817818880667943,19.0
Batticaloa,2024-05-17,2024-05-25,2,validation,train_only,13.0,15.995597222699496,17.0
Batticaloa,2024-05-24,2024-06-01,2,validation,train_only,15.0,17.279782420411472,18.0
Batticaloa,2024-05-31,2024-06-08,2,validation,train_only,19.0,16.266646758477595,13.0
Batticaloa,2024-06-07,2024-06-15,2,validation,train_only,14.0,19.940998975659042,15.0
Batticaloa,2024-06-14,2024-06-22,2,validation,train_only,15.0,17.94487960937128,19.0
Batticaloa,2024-06-21,2024-06-29,2,validation,train_only,16.0,28.328961736870948,14.0
Batticaloa,2024-06-28,2024-07-06,2,validation,train_only,21.0,15.799292809072831,15.0
Batticaloa,2024-07-05,2024-07-13,2,validation,train_only,11.0,15.429233933942095,16.0
Batticaloa,2024-07-12,2024-07-20,2,validation,train_only,15.0,18.117055276801004,21.0
Batticaloa,2024-07-19,2024-07-27,2,validation,train_only,25.0,13.927353446654585,11.0
Batticaloa,2024-07-26,2024-08-03,2,validation,train_only,20.0,13.198958278895388,15.0
Batticaloa,2024-08-02,2024-08-10,2,validation,train_only,22.0,16.71499551365827,25.0
Batticaloa,2024-08-09,2024-08-17,2,validation,train_only,21.0,17.93318231057215,20.0
Batticaloa,2024-08-16,2024-08-24,2,validation,train_only,29.0,18.343594773174956,22.0
Batticaloa,2024-08-23,2024-08-31,2,validation,train_only,16.0,21.283432675289742,21.0
Batticaloa,2024-08-30,2024-09-07,2,validation,train_only,17.0,23.100838208547305,29.0
Batticaloa,2024-09-06,2024-09-14,2,validation,train_only,16.0,19.61091240873022,16.0
Batticaloa,2024-09-13,2024-09-21,2,validation,train_only,15.0,18.623002890490703,17.0
Batticaloa,2024-09-20,2024-09-28,2,validation,train_only,5.0,16.31366362727607,16.0
Batticaloa,2024-09-27,2024-10-05,2,validation,train_only,10.0,15.18125910966556,15.0
Batticaloa,2024-10-04,2024-10-12,2,validation,train_only,13.0,11.967223210840745,5.0
Batticaloa,2024-10-11,2024-10-19,2,validation,train_only,7.0,11.84858211190727,10.0
Batticaloa,2024-10-18,2024-10-26,2,validation,train_only,6.0,12.905618205431137,13.0
Batticaloa,2024-10-25,2024-11-02,2,validation,train_only,14.0,11.359143181857739,7.0
Batticaloa,2024-11-01,2024-11-09,2,validation,train_only,11.0,10.06037649977651,6.0
Batticaloa,2024-11-08,2024-11-16,2,validation,train_only,12.0,12.549243987298121,14.0
Batticaloa,2024-11-15,2024-11-23,2,validation,train_only,21.0,15.596466924898696,11.0
Batticaloa,2024-11-22,2024-11-30,2,validation,train_only,31.0,15.403204384507006,12.0
Batticaloa,2024-11-29,2024-12-07,2,validation,train_only,30.0,21.979127818251065,21.0
Batticaloa,2024-12-06,2024-12-14,2,validation,train_only,35.0,38.72539528591046,31.0
Batticaloa,2024-12-13,2024-12-21,2,validation,train_only,47.0,32.37095940502349,30.0
Batticaloa,2024-12-20,2024-12-28,2,validation,train_only,62.0,46.549137275269466,35.0
Colombo,2023-12-29,2024-01-06,2,validation,train_only,549.0,444.7025307813102,375.0
Colombo,2024-01-05,2024-01-13,2,validation,train_only,477.0,308.1171072119562,299.0
Colombo,2024-01-12,2024-01-20,2,validation,train_only,499.0,531.1615387483973,549.0
Colombo,2024-01-19,2024-01-27,2,validation,train_only,349.0,467.64502294715504,477.0
Colombo,2024-01-26,2024-02-03,2,validation,train_only,382.0,514.1243229328102,499.0
Colombo,2024-02-02,2024-02-10,2,validation,train_only,286.0,439.0423320761744,349.0
Colombo,2024-02-09,2024-02-17,2,validation,train_only,269.0,327.42441945719463,382.0
Colombo,2024-02-16,2024-02-24,2,validation,train_only,252.0,248.09849623523542,286.0
Colombo,2024-02-23,2024-03-02,2,validation,train_only,170.0,166.2220132706907,269.0
Colombo,2024-03-01,2024-03-09,2,validation,train_only,207.0,171.98058190947836,252.0
Colombo,2024-03-08,2024-03-16,2,validation,train_only,146.0,124.04595493991042,170.0
Colombo,2024-03-15,2024-03-23,2,validation,train_only,130.0,131.17798611671364,207.0
Colombo,2024-03-22,2024-03-30,2,validation,train_only,132.0,104.75135831607197,146.0
Colombo,2024-03-29,2024-04-06,2,validation,train_only,68.0,110.2342490006791,130.0
Colombo,2024-04-05,2024-04-13,2,validation,train_only,111.0,120.7282764159794,132.0
Colombo,2024-04-12,2024-04-20,2,validation,train_only,111.0,81.29243050015675,68.0
Colombo,2024-04-19,2024-04-27,2,validation,train_only,114.0,98.42617120665128,111.0
Colombo,2024-04-26,2024-05-04,2,validation,train_only,75.0,105.38795614054837,111.0
Colombo,2024-05-03,2024-05-11,2,validation,train_only,133.0,124.7679283896855,114.0
Colombo,2024-05-10,2024-05-18,2,validation,train_only,119.0,85.33041354295943,75.0
Colombo,2024-05-17,2024-05-25,2,validation,train_only,156.0,133.58812824571504,133.0
Colombo,2024-05-24,2024-06-01,2,validation,train_only,158.0,126.03064419182708,119.0
Colombo,2024-05-31,2024-06-08,2,validation,train_only,182.0,210.98965399126777,156.0
Colombo,2024-06-07,2024-06-15,2,validation,train_only,218.0,244.8107397979573,158.0
Colombo,2024-06-14,2024-06-22,2,validation,train_only,245.0,264.38430834097113,182.0
Colombo,2024-06-21,2024-06-29,2,validation,train_only,292.0,293.8825940958002,218.0
Colombo,2024-06-28,2024-07-06,2,validation,train_only,320.0,299.45871670996013,245.0
Colombo,2024-07-05,2024-07-13,2,validation,train_only,312.0,360.8312894706296,292.0
Colombo,2024-07-12,2024-07-20,2,validation,train_only,321.0,397.18742706008373,320.0
Colombo,2024-07-19,2024-07-27,2,validation,train_only,308.0,336.8888584132995,312.0
Colombo,2024-07-26,2024-08-03,2,validation,train_only,279.0,300.7959384729786,321.0
Colombo,2024-08-02,2024-08-10,2,validation,train_only,266.0,275.20618458732656,308.0
Colombo,2024-08-09,2024-08-17,2,validation,train_only,263.0,232.82888845408817,279.0
Colombo,2024-08-16,2024-08-24,2,validation,train_only,250.0,208.26411173820063,266.0
Colombo,2024-08-23,2024-08-31,2,validation,train_only,192.0,259.7146041829869,263.0
Colombo,2024-08-30,2024-09-07,2,validation,train_only,226.0,201.64045789352576,250.0
Colombo,2024-09-06,2024-09-14,2,validation,train_only,202.0,258.143817489679,192.0
Colombo,2024-09-13,2024-09-21,2,validation,train_only,143.0,247.2983837286852,226.0
Colombo,2024-09-20,2024-09-28,2,validation,train_only,169.0,205.3582705283571,202.0
Colombo,2024-09-27,2024-10-05,2,validation,train_only,172.0,187.19013632005334,143.0
Colombo,2024-10-04,2024-10-12,2,validation,train_only,180.0,175.60964482009626,169.0
Colombo,2024-10-11,2024-10-19,2,validation,train_only,161.0,171.06163412021408,172.0
Colombo,2024-10-18,2024-10-26,2,validation,train_only,141.0,192.8885243829941,180.0
Colombo,2024-10-25,2024-11-02,2,validation,train_only,152.0,189.9062049203984,161.0
Colombo,2024-11-01,2024-11-09,2,validation,train_only,156.0,209.6263955985397,141.0
Colombo,2024-11-08,2024-11-16,2,validation,train_only,191.0,196.30333435092373,152.0
Colombo,2024-11-15,2024-11-23,2,validation,train_only,185.0,181.3892511263241,156.0
Colombo,2024-11-22,2024-11-30,2,validation,train_only,163.0,213.83989467816104,191.0
Colombo,2024-11-29,2024-12-07,2,validation,train_only,247.0,200.46920034813124,185.0
Colombo,2024-12-06,2024-12-14,2,validation,train_only,220.0,171.20277455647826,163.0
Colombo,2024-12-13,2024-12-21,2,validation,train_only,231.0,274.0873441149186,247.0
Colombo,2024-12-20,2024-12-28,2,validation,train_only,200.0,253.58799295708806,220.0
Galle,2023-12-29,2024-01-06,2,validation,train_only,84.0,106.33007944652176,93.0
Galle,2024-01-05,2024-01-13,2,validation,train_only,132.0,137.69316541108418,107.0
Galle,2024-01-12,2024-01-20,2,validation,train_only,119.0,110.05672952141522,84.0
Galle,2024-01-19,2024-01-27,2,validation,train_only,111.0,129.88563543634385,132.0
Galle,2024-01-26,2024-02-03,2,validation,train_only,103.0,122.55072597657087,119.0
Galle,2024-02-02,2024-02-10,2,validation,train_only,66.0,104.81896603439735,111.0
Galle,2024-02-09,2024-02-17,2,validation,train_only,42.0,96.56457696810521,103.0
Galle,2024-02-16,2024-02-24,2,validation,train_only,75.0,69.3280874885095,66.0
Galle,2024-02-23,2024-03-02,2,validation,train_only,40.0,49.6184436799273,42.0
Galle,2024-03-01,2024-03-09,2,validation,train_only,28.0,56.75825697042836,75.0
Galle,2024-03-08,2024-03-16,2,validation,train_only,30.0,42.856807243347674,40.0
Galle,2024-03-15,2024-03-23,2,validation,train_only,20.0,28.928885474745133,28.0
Galle,2024-03-22,2024-03-30,2,validation,train_only,32.0,26.247835083791177,30.0
Galle,2024-03-29,2024-04-06,2,validation,train_only,18.0,23.187827166536888,20.0
Galle,2024-04-05,2024-04-13,2,validation,train_only,19.0,32.749780614261724,32.0
Galle,2024-04-12,2024-04-20,2,validation,train_only,23.0,23.820437270770277,18.0
Galle,2024-04-19,2024-04-27,2,validation,train_only,24.0,21.55921435247505,19.0
Galle,2024-04-26,2024-05-04,2,validation,train_only,21.0,22.240362119995112,23.0
Galle,2024-05-03,2024-05-11,2,validation,train_only,24.0,25.363816908552522,24.0
Galle,2024-05-10,2024-05-18,2,validation,train_only,13.0,25.400613778833556,21.0
Galle,2024-05-17,2024-05-25,2,validation,train_only,26.0,25.61832935909755,24.0
Galle,2024-05-24,2024-06-01,2,validation,train_only,9.0,22.25430681305601,13.0
Galle,2024-05-31,2024-06-08,2,validation,train_only,21.0,27.657717330865758,26.0
Galle,2024-06-07,2024-06-15,2,validation,train_only,26.0,23.787182987573456,9.0
Galle,2024-06-14,2024-06-22,2,validation,train_only,32.0,33.47548519203705,21.0
Galle,2024-06-21,2024-06-29,2,validation,train_only,29.0,65.5737177266813,26.0
Galle,2024-06-28,2024-07-06,2,validation,train_only,34.0,48.94146466204066,32.0
Galle,2024-07-05,2024-07-13,2,validation,train_only,31.0,39.223543026154985,29.0
Galle,2024-07-12,2024-07-20,2,validation,train_only,33.0,32.93268972616477,34.0
Galle,2024-07-19,2024-07-27,2,validation,train_only,32.0,37.64480188201331,31.0
Galle,2024-07-26,2024-08-03,2,validation,train_only,46.0,36.5275245802162,33.0
Galle,2024-08-02,2024-08-10,2,validation,train_only,40.0,36.67411957389737,32.0
Galle,2024-08-09,2024-08-17,2,validation,train_only,27.0,42.26847660509898,46.0
Galle,2024-08-16,2024-08-24,2,validation,train_only,50.0,42.02787302863002,40.0
Galle,2024-08-23,2024-08-31,2,validation,train_only,38.0,33.57324662280445,27.0
Galle,2024-08-30,2024-09-07,2,validation,train_only,35.0,47.29273333220706,50.0
Galle,2024-09-06,2024-09-14,2,validation,train_only,32.0,42.7057301939893,38.0
Galle,2024-09-13,2024-09-21,2,validation,train_only,46.0,47.19629196397863,35.0
Galle,2024-09-20,2024-09-28,2,validation,train_only,35.0,40.63258221865867,32.0
Galle,2024-09-27,2024-10-05,2,validation,train_only,35.0,44.62192271214316,46.0
Galle,2024-10-04,2024-10-12,2,validation,train_only,27.0,40.79101696147453,35.0
Galle,2024-10-11,2024-10-19,2,validation,train_only,21.0,40.973922194790454,35.0
Galle,2024-10-18,2024-10-26,2,validation,train_only,26.0,33.7347126040895,27.0
Galle,2024-10-25,2024-11-02,2,validation,train_only,27.0,28.927361259471418,21.0
Galle,2024-11-01,2024-11-09,2,validation,train_only,25.0,30.211334328111636,26.0
Galle,2024-11-08,2024-11-16,2,validation,train_only,59.0,29.199130686513968,27.0
Galle,2024-11-15,2024-11-23,2,validation,train_only,26.0,29.332925141339302,25.0
Galle,2024-11-22,2024-11-30,2,validation,train_only,37.0,50.8577457512661,59.0
Galle,2024-11-29,2024-12-07,2,validation,train_only,34.0,35.9351631371109,26.0
Galle,2024-12-06,2024-12-14,2,validation,train_only,27.0,36.96928545088535,37.0
Galle,2024-12-13,2024-12-21,2,validation,train_only,25.0,39.311310815607726,34.0
Galle,2024-12-20,2024-12-28,2,validation,train_only,30.0,36.15046923586042,27.0
Gampaha,2023-12-29,2024-01-06,2,validation,train_only,111.0,188.72429402632406,146.0
Gampaha,2024-01-05,2024-01-13,2,validation,train_only,147.0,190.88076924144454,146.0
Gampaha,2024-01-12,2024-01-20,2,validation,train_only,150.0,144.0158955695809,111.0
Gampaha,2024-01-19,2024-01-27,2,validation,train_only,144.0,128.43062801644916,147.0
Gampaha,2024-01-26,2024-02-03,2,validation,train_only,165.0,154.5591127864023,150.0
Gampaha,2024-02-02,2024-02-10,2,validation,train_only,155.0,179.38857997471965,144.0
Gampaha,2024-02-09,2024-02-17,2,validation,train_only,111.0,164.68525632206402,165.0
Gampaha,2024-02-16,2024-02-24,2,validation,train_only,102.0,135.11167785101634,155.0
Gampaha,2024-02-23,2024-03-02,2,validation,train_only,68.0,94.55026884824971,111.0
Gampaha,2024-03-01,2024-03-09,2,validation,train_only,90.0,72.7375849972566,102.0
Gampaha,2024-03-08,2024-03-16,2,validation,train_only,80.0,54.57549436209741,68.0
Gampaha,2024-03-15,2024-03-23,2,validation,train_only,60.0,56.77156782726495,90.0
Gampaha,2024-03-22,2024-03-30,2,validation,train_only,66.0,59.48593838233466,80.0
Gampaha,2024-03-29,2024-04-06,2,validation,train_only,46.0,63.57484152597531,60.0
Gampaha,2024-04-05,2024-04-13,2,validation,train_only,68.0,64.30145547443551,66.0
Gampaha,2024-04-12,2024-04-20,2,validation,train_only,43.0,53.139710310418465,46.0
Gampaha,2024-04-19,2024-04-27,2,validation,train_only,48.0,66.67926919457209,68.0
Gampaha,2024-04-26,2024-05-04,2,validation,train_only,55.0,50.30511795396158,43.0
Gampaha,2024-05-03,2024-05-11,2,validation,train_only,70.0,54.72216622031695,48.0
Gampaha,2024-05-10,2024-05-18,2,validation,train_only,40.0,58.473440872433294,55.0
Gampaha,2024-05-17,2024-05-25,2,validation,train_only,48.0,64.15201000318578,70.0
Gampaha,2024-05-24,2024-06-01,2,validation,train_only,77.0,50.970280372595205,40.0
Gampaha,2024-05-31,2024-06-08,2,validation,train_only,105.0,62.94053382990143,48.0
Gampaha,2024-06-07,2024-06-15,2,validation,train_only,81.0,81.68040774822512,77.0
Gampaha,2024-06-14,2024-06-22,2,validation,train_only,103.0,148.46193649900462,105.0
Gampaha,2024-06-21,2024-06-29,2,validation,train_only,139.0,153.00998684503418,81.0
Gampaha,2024-06-28,2024-07-06,2,validation,train_only,125.0,170.29785759276467,103.0
Gampaha,2024-07-05,2024-07-13,2,validation,train_only,129.0,151.33012894795584,139.0
Gampaha,2024-07-12,2024-07-20,2,validation,train_only,157.0,140.43148716957725,125.0
Gampaha,2024-07-19,2024-07-27,2,validation,train_only,148.0,140.4441772079176,129.0
Gampaha,2024-07-26,2024-08-03,2,validation,train_only,174.0,141.0702322355819,157.0
Gampaha,2024-08-02,2024-08-10,2,validation,train_only,123.0,152.192709405248,148.0
Gampaha,2024-08-09,2024-08-17,2,validation,train_only,124.0,177.94590352315444,174.0
Gampaha,2024-08-16,2024-08-24,2,validation,train_only,122.0,122.07370876974848,123.0
Gampaha,2024-08-23,2024-08-31,2,validation,train_only,128.0,138.08856717688147,124.0
Gampaha,2024-08-30,2024-09-07,2,validation,train_only,84.0,118.94866765925306,122.0
Gampaha,2024-09-06,2024-09-14,2,validation,train_only,96.0,173.88295312039708,128.0
Gampaha,2024-09-13,2024-09-21,2,validation,train_only,91.0,134.95191718772094,84.0
Gampaha,2024-09-20,2024-09-28,2,validation,train_only,101.0,124.41732284518613,96.0
Gampaha,2024-09-27,2024-10-05,2,validation,train_only,120.0,89.56831692513921,91.0
Gampaha,2024-10-04,2024-10-12,2,validation,train_only,95.0,98.27865574136882,101.0
Gampaha,2024-10-11,2024-10-19,2,validation,train_only,98.0,127.91149716679239,120.0
Gampaha,2024-10-18,2024-10-26,2,validation,train_only,103.0,98.56560623669169,95.0
Gampaha,2024-10-25,2024-11-02,2,validation,train_only,111.0,104.47618822837099,98.0
Gampaha,2024-11-01,2024-11-09,2,validation,train_only,95.0,120.2391067759155,103.0
Gampaha,2024-11-08,2024-11-16,2,validation,train_only,153.0,125.45670882889753,111.0
Gampaha,2024-11-15,2024-11-23,2,validation,train_only,186.0,96.53810053195944,95.0
Gampaha,2024-11-22,2024-11-30,2,validation,train_only,133.0,157.71486511295964,153.0
Gampaha,2024-11-29,2024-12-07,2,validation,train_only,161.0,179.6610156771352,186.0
Gampaha,2024-12-06,2024-12-14,2,validation,train_only,103.0,144.96282930890877,133.0
Gampaha,2024-12-13,2024-12-21,2,validation,train_only,131.0,183.67113392359386,161.0
Gampaha,2024-12-20,2024-12-28,2,validation,train_only,186.0,145.6146952405915,103.0
Hambantota,2023-12-29,2024-01-06,2,validation,train_only,55.0,40.73754295757887,18.0
Hambantota,2024-01-05,2024-01-13,2,validation,train_only,33.0,46.98380524456746,38.0
Hambantota,2024-01-12,2024-01-20,2,validation,train_only,50.0,51.57758761662291,55.0
Hambantota,2024-01-19,2024-01-27,2,validation,train_only,37.0,36.69150825735595,33.0
Hambantota,2024-01-26,2024-02-03,2,validation,train_only,29.0,43.27785258322358,50.0
Hambantota,2024-02-02,2024-02-10,2,validation,train_only,14.0,41.5229854526698,37.0
Hambantota,2024-02-09,2024-02-17,2,validation,train_only,35.0,28.446470685617,29.0
Hambantota,2024-02-16,2024-02-24,2,validation,train_only,18.0,19.228891907549762,14.0
Hambantota,2024-02-23,2024-03-02,2,validation,train_only,22.0,26.088346711227967,35.0
Hambantota,2024-03-01,2024-03-09,2,validation,train_only,27.0,18.215523018270694,18.0
Hambantota,2024-03-08,2024-03-16,2,validation,train_only,17.0,17.43172976652516,22.0
Hambantota,2024-03-15,2024-03-23,2,validation,train_only,29.0,19.242568927904248,27.0
Hambantota,2024-03-22,2024-03-30,2,validation,train_only,13.0,17.30279686998519,17.0
Hambantota,2024-03-29,2024-04-06,2,validation,train_only,10.0,20.713929277360602,29.0
Hambantota,2024-04-05,2024-04-13,2,validation,train_only,32.0,16.308987502704205,13.0
Hambantota,2024-04-12,2024-04-20,2,validation,train_only,12.0,15.397281632125909,10.0
Hambantota,2024-04-19,2024-04-27,2,validation,train_only,15.0,31.431438219768054,32.0
Hambantota,2024-04-26,2024-05-04,2,validation,train_only,18.0,18.656792156023748,12.0
Hambantota,2024-05-03,2024-05-11,2,validation,train_only,9.0,18.144443244166627,15.0
Hambantota,2024-05-10,2024-05-18,2,validation,train_only,6.0,17.535925216451787,18.0
Hambantota,2024-05-17,2024-05-25,2,validation,train_only,12.0,14.200641175040868,9.0
Hambantota,2024-05-24,2024-06-01,2,validation,train_only,16.0,9.909372383764545,6.0
Hambantota,2024-05-31,2024-06-08,2,validation,train_only,9.0,13.747019670126944,12.0
Hambantota,2024-06-07,2024-06-15,2,validation,train_only,8.0,16.307230053133917,16.0
Hambantota,2024-06-14,2024-06-22,2,validation,train_only,10.0,13.931738417879362,9.0
Hambantota,2024-06-21,2024-06-29,2,validation,train_only,12.0,23.99946306783046,8.0
Hambantota,2024-06-28,2024-07-06,2,validation,train_only,5.0,13.368503095528341,10.0
Hambantota,2024-07-05,2024-07-13,2,validation,train_only,15.0,12.019983480554464,12.0
Hambantota,2024-07-12,2024-07-20,2,validation,train_only,14.0,7.320459739638441,5.0
Hambantota,2024-07-19,2024-07-27,2,validation,train_only,11.0,8.84751980620242,15.0
Hambantota,2024-07-26,2024-08-03,2,validation,train_only,5.0,10.611047531288765,14.0
Hambantota,2024-08-02,2024-08-10,2,validation,train_only,8.0,12.058801813755075,11.0
Hambantota,2024-08-09,2024-08-17,2,validation,train_only,11.0,7.169517653812077,5.0
Hambantota,2024-08-16,2024-08-24,2,validation,train_only,15.0,6.984516254185097,8.0
Hambantota,2024-08-23,2024-08-31,2,validation,train_only,10.0,9.570741002360979,11.0
Hambantota,2024-08-30,2024-09-07,2,validation,train_only,14.0,11.99692188555013,15.0
Hambantota,2024-09-06,2024-09-14,2,validation,train_only,10.0,13.20338494006855,10.0
Hambantota,2024-09-13,2024-09-21,2,validation,train_only,10.0,14.693409538377667,14.0
Hambantota,2024-09-20,2024-09-28,2,validation,train_only,10.0,13.334764993978096,10.0
Hambantota,2024-09-27,2024-10-05,2,validation,train_only,11.0,10.9896482835112,10.0
Hambantota,2024-10-04,2024-10-12,2,validation,train_only,14.0,11.843499607298781,10.0
Hambantota,2024-10-11,2024-10-19,2,validation,train_only,9.0,12.707958162407953,11.0
Hambantota,2024-10-18,2024-10-26,2,validation,train_only,10.0,13.267896514610555,14.0
Hambantota,2024-10-25,2024-11-02,2,validation,train_only,12.0,11.979356085494418,9.0
Hambantota,2024-11-01,2024-11-09,2,validation,train_only,4.0,12.742567496416891,10.0
Hambantota,2024-11-08,2024-11-16,2,validation,train_only,23.0,12.840866323361041,12.0
Hambantota,2024-11-15,2024-11-23,2,validation,train_only,6.0,9.842863684277535,4.0
Hambantota,2024-11-22,2024-11-30,2,validation,train_only,15.0,16.39344389895142,23.0
Hambantota,2024-11-29,2024-12-07,2,validation,train_only,12.0,13.497992184115942,6.0
Hambantota,2024-12-06,2024-12-14,2,validation,train_only,22.0,15.42759135454598,15.0
Hambantota,2024-12-13,2024-12-21,2,validation,train_only,21.0,15.395016731630111,12.0
Hambantota,2024-12-20,2024-12-28,2,validation,train_only,36.0,21.57449265049709,22.0
Jaffna,2023-12-29,2024-01-06,2,validation,train_only,805.0,696.2339603326332,746.0
Jaffna,2024-01-05,2024-01-13,2,validation,train_only,595.0,720.6744686067099,623.0
Jaffna,2024-01-12,2024-01-20,2,validation,train_only,746.0,905.7705344021728,805.0
Jaffna,2024-01-19,2024-01-27,2,validation,train_only,483.0,614.4009162908442,595.0
Jaffna,2024-01-26,2024-02-03,2,validation,train_only,410.0,508.27965093524915,746.0
Jaffna,2024-02-02,2024-02-10,2,validation,train_only,292.0,362.09166572205504,483.0
Jaffna,2024-02-09,2024-02-17,2,validation,train_only,224.0,257.23901606058064,410.0
Jaffna,2024-02-16,2024-02-24,2,validation,train_only,148.0,135.0710633717633,292.0
Jaffna,2024-02-23,2024-03-02,2,validation,train_only,143.0,159.76076119664413,224.0
Jaffna,2024-03-01,2024-03-09,2,validation,train_only,99.0,95.12383859619277,148.0
Jaffna,2024-03-08,2024-03-16,2,validation,train_only,67.0,94.20177588333222,143.0
Jaffna,2024-03-15,2024-03-23,2,validation,train_only,68.0,60.868304889607444,99.0
Jaffna,2024-03-22,2024-03-30,2,validation,train_only,60.0,50.63577655108856,67.0
Jaffna,2024-03-29,2024-04-06,2,validation,train_only,42.0,51.4705586033803,68.0
Jaffna,2024-04-05,2024-04-13,2,validation,train_only,34.0,51.42177770257183,60.0
Jaffna,2024-04-12,2024-04-20,2,validation,train_only,35.0,43.10198747804152,42.0
Jaffna,2024-04-19,2024-04-27,2,validation,train_only,28.0,34.73594358964188,34.0
Jaffna,2024-04-26,2024-05-04,2,validation,train_only,19.0,31.86532244203689,35.0
Jaffna,2024-05-03,2024-05-11,2,validation,train_only,16.0,25.899821210424054,28.0
Jaffna,2024-05-10,2024-05-18,2,validation,train_only,5.0,20.353232641678332,19.0
Jaffna,2024-05-17,2024-05-25,2,validation,train_only,23.0,23.94768654084456,16.0
Jaffna,2024-05-24,2024-06-01,2,validation,train_only,22.0,21.265280425302738,5.0
Jaffna,2024-05-31,2024-06-08,2,validation,train_only,18.0,29.86716751898189,23.0
Jaffna,2024-06-07,2024-06-15,2,validation,train_only,11.0,41.29737296220911,22.0
Jaffna,2024-06-14,2024-06-22,2,validation,train_only,20.0,33.326866793326396,18.0
Jaffna,2024-06-21,2024-06-29,2,validation,train_only,21.0,43.07645849778397,11.0
Jaffna,2024-06-28,2024-07-06,2,validation,train_only,15.0,31.141275155319704,20.0
Jaffna,2024-07-05,2024-07-13,2,validation,train_only,18.0,28.409716870607767,21.0
Jaffna,2024-07-12,2024-07-20,2,validation,train_only,10.0,17.79511731018004,15.0
Jaffna,2024-07-19,2024-07-27,2,validation,train_only,13.0,17.608574425133735,18.0
Jaffna,2024-07-26,2024-08-03,2,validation,train_only,6.0,14.242023659935327,10.0
Jaffna,2024-08-02,2024-08-10,2,validation,train_only,11.0,15.577420326653604,13.0
Jaffna,2024-08-09,2024-08-17,2,validation,train_only,16.0,12.282487630330193,6.0
Jaffna,2024-08-16,2024-08-24,2,validation,train_only,15.0,13.90870418219874,11.0
Jaffna,2024-08-23,2024-08-31,2,validation,train_only,8.0,16.61104912521707,16.0
Jaffna,2024-08-30,2024-09-07,2,validation,train_only,11.0,18.48125683252549,15.0
Jaffna,2024-09-06,2024-09-14,2,validation,train_only,8.0,15.548718499799541,8.0
Jaffna,2024-09-13,2024-09-21,2,validation,train_only,15.0,14.847983870758009,11.0
Jaffna,2024-09-20,2024-09-28,2,validation,train_only,11.0,10.103429765643975,8.0
Jaffna,2024-09-27,2024-10-05,2,validation,train_only,10.0,12.260281296432744,15.0
Jaffna,2024-10-04,2024-10-12,2,validation,train_only,11.0,15.253022311232389,11.0
Jaffna,2024-10-11,2024-10-19,2,validation,train_only,7.0,18.665216126217032,10.0
Jaffna,2024-10-18,2024-10-26,2,validation,train_only,30.0,17.041904321603546,11.0
Jaffna,2024-10-25,2024-11-02,2,validation,train_only,26.0,23.60976072586875,7.0
Jaffna,2024-11-01,2024-11-09,2,validation,train_only,25.0,41.253842896196865,30.0
Jaffna,2024-11-08,2024-11-16,2,validation,train_only,37.0,42.96505637448007,26.0
Jaffna,2024-11-15,2024-11-23,2,validation,train_only,47.0,39.68934056734759,25.0
Jaffna,2024-11-22,2024-11-30,2,validation,train_only,35.0,49.88865069563894,37.0
Jaffna,2024-11-29,2024-12-07,2,validation,train_only,60.0,64.0964000183313,47.0
Jaffna,2024-12-06,2024-12-14,2,validation,train_only,76.0,66.33346150386326,35.0
Jaffna,2024-12-13,2024-12-21,2,validation,train_only,76.0,83.70661664116375,60.0
Jaffna,2024-12-20,2024-12-28,2,validation,train_only,58.0,90.9033762410396,76.0
Kalutara,2023-12-29,2024-01-06,2,validation,train_only,103.0,225.89047937383083,89.0
Kalutara,2024-01-05,2024-01-13,2,validation,train_only,105.0,71.997376174781,77.0
Kalutara,2024-01-12,2024-01-20,2,validation,train_only,96.0,144.7086544768862,103.0
Kalutara,2024-01-19,2024-01-27,2,validation,train_only,118.0,116.80155779097484,105.0
Kalutara,2024-01-26,2024-02-03,2,validation,train_only,113.0,87.01395209133896,96.0
Kalutara,2024-02-02,2024-02-10,2,validation,train_only,81.0,122.04563417879581,118.0
Kalutara,2024-02-09,2024-02-17,2,validation,train_only,77.0,104.03813607616814,113.0
Kalutara,2024-02-16,2024-02-24,2,validation,train_only,54.0,74.04162368248932,81.0
Kalutara,2024-02-23,2024-03-02,2,validation,train_only,43.0,65.67205943000614,77.0
Kalutara,2024-03-01,2024-03-09,2,validation,train_only,91.0,49.40331006751356,54.0
Kalutara,2024-03-08,2024-03-16,2,validation,train_only,78.0,38.01475515960807,43.0
Kalutara,2024-03-15,2024-03-23,2,validation,train_only,69.0,66.45883648991169,91.0
Kalutara,2024-03-22,2024-03-30,2,validation,train_only,50.0,63.91669786842078,78.0
Kalutara,2024-03-29,2024-04-06,2,validation,train_only,35.0,67.45212734395167,69.0
Kalutara,2024-04-05,2024-04-13,2,validation,train_only,37.0,59.343573587003974,50.0
Kalutara,2024-04-12,2024-04-20,2,validation,train_only,24.0,44.64797399101047,35.0
Kalutara,2024-04-19,2024-04-27,2,validation,train_only,41.0,42.468306101419344,37.0
Kalutara,2024-04-26,2024-05-04,2,validation,train_only,31.0,31.17474930482853,24.0
Kalutara,2024-05-03,2024-05-11,2,validation,train_only,50.0,39.60637598314682,41.0
Kalutara,2024-05-10,2024-05-18,2,validation,train_only,32.0,38.18662878867022,31.0
Kalutara,2024-05-17,2024-05-25,2,validation,train_only,41.0,50.74756584231987,50.0
Kalutara,2024-05-24,2024-06-01,2,validation,train_only,41.0,43.2920644245214,32.0
Kalutara,2024-05-31,2024-06-08,2,validation,train_only,50.0,47.986850870703506,41.0
Kalutara,2024-06-07,2024-06-15,2,validation,train_only,46.0,53.31898469609279,41.0
Kalutara,2024-06-14,2024-06-22,2,validation,train_only,63.0,67.7780575109164,50.0
Kalutara,2024-06-21,2024-06-29,2,validation,train_only,60.0,93.54111326314356,46.0
Kalutara,2024-06-28,2024-07-06,2,validation,train_only,68.0,80.12789263659127,63.0
Kalutara,2024-07-05,2024-07-13,2,validation,train_only,55.0,75.30664752952008,60.0
Kalutara,2024-07-12,2024-07-20,2,validation,train_only,65.0,55.58300626064247,68.0
Kalutara,2024-07-19,2024-07-27,2,validation,train_only,27.0,54.902374177831305,55.0
Kalutara,2024-07-26,2024-08-03,2,validation,train_only,50.0,58.66800512403921,65.0
Kalutara,2024-08-02,2024-08-10,2,validation,train_only,48.0,36.91212632337018,27.0
Kalutara,2024-08-09,2024-08-17,2,validation,train_only,43.0,45.89304422833216,50.0
Kalutara,2024-08-16,2024-08-24,2,validation,train_only,57.0,49.66906753811109,48.0
Kalutara,2024-08-23,2024-08-31,2,validation,train_only,39.0,46.7634465930365,43.0
Kalutara,2024-08-30,2024-09-07,2,validation,train_only,23.0,50.834735711415526,57.0
Kalutara,2024-09-06,2024-09-14,2,validation,train_only,34.0,46.109444574416734,39.0
Kalutara,2024-09-13,2024-09-21,2,validation,train_only,48.0,40.106085683101334,23.0
Kalutara,2024-09-20,2024-09-28,2,validation,train_only,44.0,40.106545915202474,34.0
Kalutara,2024-09-27,2024-10-05,2,validation,train_only,44.0,48.254907858074134,48.0
Kalutara,2024-10-04,2024-10-12,2,validation,train_only,36.0,44.39885632543874,44.0
Kalutara,2024-10-11,2024-10-19,2,validation,train_only,31.0,46.18426298243329,44.0
Kalutara,2024-10-18,2024-10-26,2,validation,train_only,40.0,40.63690612312813,36.0
Kalutara,2024-10-25,2024-11-02,2,validation,train_only,36.0,38.66103051644483,31.0
Kalutara,2024-11-01,2024-11-09,2,validation,train_only,23.0,44.02743049998566,40.0
Kalutara,2024-11-08,2024-11-16,2,validation,train_only,30.0,40.392352904091915,36.0
Kalutara,2024-11-15,2024-11-23,2,validation,train_only,34.0,31.59248156600603,23.0
Kalutara,2024-11-22,2024-11-30,2,validation,train_only,28.0,32.41569478498408,30.0
Kalutara,2024-11-29,2024-12-07,2,validation,train_only,32.0,39.19968633909187,34.0
Kalutara,2024-12-06,2024-12-14,2,validation,train_only,49.0,34.561897905482525,28.0
Kalutara,2024-12-13,2024-12-21,2,validation,train_only,34.0,42.94474266471556,32.0
Kalutara,2024-12-20,2024-12-28,2,validation,train_only,65.0,50.86021590182607,49.0
Kandy,2023-12-29,2024-01-06,2,validation,train_only,199.0,371.57125293396,330.0
Kandy,2024-01-05,2024-01-13,2,validation,train_only,165.0,201.06159298875332,237.0
Kandy,2024-01-12,2024-01-20,2,validation,train_only,186.0,213.29226731879368,199.0
Kandy,2024-01-19,2024-01-27,2,validation,train_only,126.0,149.55375220215282,165.0
Kandy,2024-01-26,2024-02-03,2,validation,train_only,126.0,149.37626817790087,186.0
Kandy,2024-02-02,2024-02-10,2,validation,train_only,86.0,113.56120129168406,126.0
Kandy,2024-02-09,2024-02-17,2,validation,train_only,83.0,105.8608697937996,126.0
Kandy,2024-02-16,2024-02-24,2,validation,train_only,58.0,75.95891961291035,86.0
Kandy,2024-02-23,2024-03-02,2,validation,train_only,68.0,75.05210187075552,83.0
Kandy,2024-03-01,2024-03-09,2,validation,train_only,59.0,59.69371799036812,58.0
Kandy,2024-03-08,2024-03-16,2,validation,train_only,42.0,49.077380085011505,68.0
Kandy,2024-03-15,2024-03-23,2,validation,train_only,51.0,47.40520683194683,59.0
Kandy,2024-03-22,2024-03-30,2,validation,train_only,47.0,43.453901712534375,42.0
Kandy,2024-03-29,2024-04-06,2,validation,train_only,44.0,49.2966550640111,51.0
Kandy,2024-04-05,2024-04-13,2,validation,train_only,73.0,50.28020226886109,47.0
Kandy,2024-04-12,2024-04-20,2,validation,train_only,64.0,49.22439198838641,44.0
Kandy,2024-04-19,2024-04-27,2,validation,train_only,66.0,68.70186033355468,73.0
Kandy,2024-04-26,2024-05-04,2,validation,train_only,71.0,65.57164802583173,64.0
Kandy,2024-05-03,2024-05-11,2,validation,train_only,98.0,64.16171588577215,66.0
Kandy,2024-05-10,2024-05-18,2,validation,train_only,62.0,68.74036840361863,71.0
Kandy,2024-05-17,2024-05-25,2,validation,train_only,66.0,89.5568932986018,98.0
Kandy,2024-05-24,2024-06-01,2,validation,train_only,69.0,81.46618365952203,62.0
Kandy,2024-05-31,2024-06-08,2,validation,train_only,70.0,68.8312497108641,66.0
Kandy,2024-06-07,2024-06-15,2,validation,train_only,85.0,75.81283658623218,69.0
Kandy,2024-06-14,2024-06-22,2,validation,train_only,91.0,70.97950921191452,70.0
Kandy,2024-06-21,2024-06-29,2,validation,train_only,110.0,109.15229311774651,85.0
Kandy,2024-06-28,2024-07-06,2,validation,train_only,141.0,115.19555844550885,91.0
Kandy,2024-07-05,2024-07-13,2,validation,train_only,105.0,106.35384338364571,110.0
Kandy,2024-07-12,2024-07-20,2,validation,train_only,120.0,121.9706308554005,141.0
Kandy,2024-07-19,2024-07-27,2,validation,train_only,107.0,100.79104800069094,105.0
Kandy,2024-07-26,2024-08-03,2,validation,train_only,120.0,111.19802982071415,120.0
Kandy,2024-08-02,2024-08-10,2,validation,train_only,114.0,87.46809350216192,107.0
Kandy,2024-08-09,2024-08-17,2,validation,train_only,72.0,109.5305190292431,120.0
Kandy,2024-08-16,2024-08-24,2,validation,train_only,94.0,111.1834157706159,114.0
Kandy,2024-08-23,2024-08-31,2,validation,train_only,73.0,76.42280839053684,72.0
Kandy,2024-08-30,2024-09-07,2,validation,train_only,76.0,79.34990123886962,94.0
Kandy,2024-09-06,2024-09-14,2,validation,train_only,64.0,73.30043538300339,73.0
Kandy,2024-09-13,2024-09-21,2,validation,train_only,75.0,73.84110361659089,76.0
Kandy,2024-09-20,2024-09-28,2,validation,train_only,58.0,67.86163316913945,64.0
Kandy,2024-09-27,2024-10-05,2,validation,train_only,59.0,62.25180472446186,75.0
Kandy,2024-10-04,2024-10-12,2,validation,train_only,68.0,62.28231719734045,58.0
Kandy,2024-10-11,2024-10-19,2,validation,train_only,74.0,65.54663404115045,59.0
Kandy,2024-10-18,2024-10-26,2,validation,train_only,66.0,63.69038020722142,68.0
Kandy,2024-10-25,2024-11-02,2,validation,train_only,70.0,63.7139053009629,74.0
Kandy,2024-11-01,2024-11-09,2,validation,train_only,68.0,68.05156188371166,66.0
Kandy,2024-11-08,2024-11-16,2,validation,train_only,84.0,63.48591221327485,70.0
Kandy,2024-11-15,2024-11-23,2,validation,train_only,63.0,59.74643946627165,68.0
Kandy,2024-11-22,2024-11-30,2,validation,train_only,71.0,78.49635954091723,84.0
Kandy,2024-11-29,2024-12-07,2,validation,train_only,73.0,73.874099780354,63.0
Kandy,2024-12-06,2024-12-14,2,validation,train_only,57.0,81.973079930869,71.0
Kandy,2024-12-13,2024-12-21,2,validation,train_only,76.0,57.39686996809922,73.0
Kandy,2024-12-20,2024-12-28,2,validation,train_only,66.0,69.69767378260664,57.0
Kegalle,2023-12-29,2024-01-06,2,validation,train_only,104.0,117.25565885933898,119.0
Kegalle,2024-01-05,2024-01-13,2,validation,train_only,77.0,107.2850849846293,112.0
Kegalle,2024-01-12,2024-01-20,2,validation,train_only,91.0,99.87675987229879,104.0
Kegalle,2024-01-19,2024-01-27,2,validation,train_only,73.0,71.1979593990231,77.0
Kegalle,2024-01-26,2024-02-03,2,validation,train_only,89.0,71.77969069492211,91.0
Kegalle,2024-02-02,2024-02-10,2,validation,train_only,48.0,72.9564628084219,73.0
Kegalle,2024-02-09,2024-02-17,2,validation,train_only,71.0,73.0070402726725,89.0
Kegalle,2024-02-16,2024-02-24,2,validation,train_only,43.0,46.64469612177409,48.0
Kegalle,2024-02-23,2024-03-02,2,validation,train_only,34.0,52.13018099901626,71.0
Kegalle,2024-03-01,2024-03-09,2,validation,train_only,44.0,37.115999887121234,43.0
Kegalle,2024-03-08,2024-03-16,2,validation,train_only,35.0,28.755497644124176,34.0
Kegalle,2024-03-15,2024-03-23,2,validation,train_only,30.0,30.80937320290602,44.0
Kegalle,2024-03-22,2024-03-30,2,validation,train_only,25.0,31.520696865433486,35.0
Kegalle,2024-03-29,2024-04-06,2,validation,train_only,25.0,28.56022147282452,30.0
Kegalle,2024-04-05,2024-04-13,2,validation,train_only,23.0,24.872456652090293,25.0
Kegalle,2024-04-12,2024-04-20,2,validation,train_only,42.0,26.98142462667267,25.0
Kegalle,2024-04-19,2024-04-27,2,validation,train_only,36.0,25.215408707812077,23.0
Kegalle,2024-04-26,2024-05-04,2,validation,train_only,56.0,37.5724224814697,42.0
Kegalle,2024-05-03,2024-05-11,2,validation,train_only,48.0,37.20713302305917,36.0
Kegalle,2024-05-10,2024-05-18,2,validation,train_only,28.0,53.45689913833263,56.0
Kegalle,2024-05-17,2024-05-25,2,validation,train_only,49.0,53.854551193603015,48.0
Kegalle,2024-05-24,2024-06-01,2,validation,train_only,31.0,36.19979448132721,28.0
Kegalle,2024-05-31,2024-06-08,2,validation,train_only,36.0,56.07815457109871,49.0
Kegalle,2024-06-07,2024-06-15,2,validation,train_only,24.0,48.08715528915097,31.0
Kegalle,2024-06-14,2024-06-22,2,validation,train_only,40.0,48.15138359534963,36.0
Kegalle,2024-06-21,2024-06-29,2,validation,train_only,38.0,62.009092759278516,24.0
Kegalle,2024-06-28,2024-07-06,2,validation,train_only,35.0,46.02253122535831,40.0
Kegalle,2024-07-05,2024-07-13,2,validation,train_only,35.0,37.34910280693968,38.0
Kegalle,2024-07-12,2024-07-20,2,validation,train_only,19.0,37.72021459586207,35.0
Kegalle,2024-07-19,2024-07-27,2,validation,train_only,39.0,38.061435907116824,35.0
Kegalle,2024-07-26,2024-08-03,2,validation,train_only,20.0,27.6064967891196,19.0
Kegalle,2024-08-02,2024-08-10,2,validation,train_only,37.0,33.91573774564931,39.0
Kegalle,2024-08-09,2024-08-17,2,validation,train_only,77.0,29.02692789907417,20.0
Kegalle,2024-08-16,2024-08-24,2,validation,train_only,23.0,35.835236656690945,37.0
Kegalle,2024-08-23,2024-08-31,2,validation,train_only,38.0,57.927657651831716,77.0
Kegalle,2024-08-30,2024-09-07,2,validation,train_only,37.0,39.23288632852419,23.0
Kegalle,2024-09-06,2024-09-14,2,validation,train_only,26.0,48.00612274321215,38.0
Kegalle,2024-09-13,2024-09-21,2,validation,train_only,25.0,52.24577530114231,37.0
Kegalle,2024-09-20,2024-09-28,2,validation,train_only,15.0,32.777800281013135,26.0
Kegalle,2024-09-27,2024-10-05,2,validation,train_only,13.0,30.280137771663462,25.0
Kegalle,2024-10-04,2024-10-12,2,validation,train_only,20.0,23.74258102616725,15.0
Kegalle,2024-10-11,2024-10-19,2,validation,train_only,24.0,19.856133208692555,13.0
Kegalle,2024-10-18,2024-10-26,2,validation,train_only,8.0,22.26594705709941,20.0
Kegalle,2024-10-25,2024-11-02,2,validation,train_only,21.0,24.006802755957,24.0
Kegalle,2024-11-01,2024-11-09,2,validation,train_only,16.0,17.931752058343115,8.0
Kegalle,2024-11-08,2024-11-16,2,validation,train_only,26.0,21.973375638593314,21.0
Kegalle,2024-11-15,2024-11-23,2,validation,train_only,23.0,20.039630423464097,16.0
Kegalle,2024-11-22,2024-11-30,2,validation,train_only,21.0,26.087941064123836,26.0
Kegalle,2024-11-29,2024-12-07,2,validation,train_only,14.0,26.24721113101892,23.0
Kegalle,2024-12-06,2024-12-14,2,validation,train_only,17.0,29.24134493824907,21.0
Kegalle,2024-12-13,2024-12-21,2,validation,train_only,44.0,22.743054054620064,14.0
Kegalle,2024-12-20,2024-12-28,2,validation,train_only,64.0,23.146838460143005,17.0
Kilinochchi,2023-12-29,2024-01-06,2,validation,train_only,52.0,22.303663440410908,17.0
Kilinochchi,2024-01-05,2024-01-13,2,validation,train_only,20.0,29.98644769050426,29.0
Kilinochchi,2024-01-12,2024-01-20,2,validation,train_only,41.0,49.22864241832225,52.0
Kilinochchi,2024-01-19,2024-01-27,2,validation,train_only,22.0,33.0285097144339,20.0
Kilinochchi,2024-01-26,2024-02-03,2,validation,train_only,26.0,32.49728708872676,41.0
Kilinochchi,2024-02-02,2024-02-10,2,validation,train_only,22.0,23.391705360189587,22.0
Kilinochchi,2024-02-09,2024-02-17,2,validation,train_only,12.0,22.042709161039507,26.0
Kilinochchi,2024-02-16,2024-02-24,2,validation,train_only,9.0,20.564598249181653,22.0
Kilinochchi,2024-02-23,2024-03-02,2,validation,train_only,8.0,16.392788274383907,12.0
Kilinochchi,2024-03-01,2024-03-09,2,validation,train_only,8.0,11.088255409451824,9.0
Kilinochchi,2024-03-08,2024-03-16,2,validation,train_only,7.0,8.698455933607669,8.0
Kilinochchi,2024-03-15,2024-03-23,2,validation,train_only,2.0,6.764436148431716,8.0
Kilinochchi,2024-03-22,2024-03-30,2,validation,train_only,3.0,6.533796363010793,7.0
Kilinochchi,2024-03-29,2024-04-06,2,validation,train_only,3.0,4.376712511913367,2.0
Kilinochchi,2024-04-05,2024-04-13,2,validation,train_only,4.0,3.722449122414141,3.0
Kilinochchi,2024-04-12,2024-04-20,2,validation,train_only,0.0,4.0366048615713135,3.0
Kilinochchi,2024-04-19,2024-04-27,2,validation,train_only,0.0,3.8391542455778063,4.0
Kilinochchi,2024-04-26,2024-05-04,2,validation,train_only,0.0,2.0960311842237456,0.0
Kilinochchi,2024-05-03,2024-05-11,2,validation,train_only,1.0,1.6243616872249815,0.0
Kilinochchi,2024-05-10,2024-05-18,2,validation,train_only,0.0,2.421945076061327,0.0
Kilinochchi,2024-05-17,2024-05-25,2,validation,train_only,0.0,2.6698998542919665,1.0
Kilinochchi,2024-05-24,2024-06-01,2,validation,train_only,0.0,3.2085205332742706,0.0
Kilinochchi,2024-05-31,2024-06-08,2,validation,train_only,0.0,2.7789972564063286,0.0
Kilinochchi,2024-06-07,2024-06-15,2,validation,train_only,0.0,4.522043643893843,0.0
Kilinochchi,2024-06-14,2024-06-22,2,validation,train_only,0.0,4.0137463573609,0.0
Kilinochchi,2024-06-21,2024-06-29,2,validation,train_only,0.0,14.173769025111094,0.0
Kilinochchi,2024-06-28,2024-07-06,2,validation,train_only,0.0,3.399500236821664,0.0
Kilinochchi,2024-07-05,2024-07-13,2,validation,train_only,2.0,2.4673913439712094,0.0
Kilinochchi,2024-07-12,2024-07-20,2,validation,train_only,1.0,1.8019046134749235,0.0
Kilinochchi,2024-07-19,2024-07-27,2,validation,train_only,1.0,1.5644234528512029,2.0
Kilinochchi,2024-07-26,2024-08-03,2,validation,train_only,6.0,0.9226512804170431,1.0
Kilinochchi,2024-08-02,2024-08-10,2,validation,train_only,3.0,0.804161911179855,1.0
Kilinochchi,2024-08-09,2024-08-17,2,validation,train_only,3.0,3.0170959518582654,6.0
Kilinochchi,2024-08-16,2024-08-24,2,validation,train_only,1.0,1.7610799969563837,3.0
Kilinochchi,2024-08-23,2024-08-31,2,validation,train_only,0.0,1.8536353218844994,3.0
Kilinochchi,2024-08-30,2024-09-07,2,validation,train_only,0.0,1.533524320749319,1.0
Kilinochchi,2024-09-06,2024-09-14,2,validation,train_only,0.0,1.9413144076594941,0.0
Kilinochchi,2024-09-13,2024-09-21,2,validation,train_only,2.0,1.4384047962299045,0.0
Kilinochchi,2024-09-20,2024-09-28,2,validation,train_only,2.0,1.7491996799839085,0.0
Kilinochchi,2024-09-27,2024-10-05,2,validation,train_only,0.0,1.7491996799839085,2.0
Kilinochchi,2024-10-04,2024-10-12,2,validation,train_only,1.0,2.4388767318738096,2.0
Kilinochchi,2024-10-11,2024-10-19,2,validation,train_only,1.0,2.978568362846334,0.0
Kilinochchi,2024-10-18,2024-10-26,2,validation,train_only,3.0,3.1641220144335307,1.0
Kilinochchi,2024-10-25,2024-11-02,2,validation,train_only,5.0,3.427069612140087,1.0
Kilinochchi,2024-11-01,2024-11-09,2,validation,train_only,3.0,4.302746823557261,3.0
Kilinochchi,2024-11-08,2024-11-16,2,validation,train_only,0.0,5.6784495299933315,5.0
Kilinochchi,2024-11-15,2024-11-23,2,validation,train_only,1.0,4.97886853717471,3.0
Kilinochchi,2024-11-22,2024-11-30,2,validation,train_only,1.0,5.532338096459642,0.0
Kilinochchi,2024-11-29,2024-12-07,2,validation,train_only,8.0,5.932165614122144,1.0
Kilinochchi,2024-12-06,2024-12-14,2,validation,train_only,6.0,8.24900475101396,1.0
Kilinochchi,2024-12-13,2024-12-21,2,validation,train_only,5.0,8.645299168113345,8.0
Kilinochchi,2024-12-20,2024-12-28,2,validation,train_only,5.0,11.592031495552666,6.0
Kurunegala,2023-12-29,2024-01-06,2,validation,train_only,127.0,178.5816573329672,164.0
Kurunegala,2024-01-05,2024-01-13,2,validation,train_only,62.0,170.68692286009068,155.0
Kurunegala,2024-01-12,2024-01-20,2,validation,train_only,135.0,125.08993006835362,127.0
Kurunegala,2024-01-19,2024-01-27,2,validation,train_only,103.0,69.93906447712207,62.0
Kurunegala,2024-01-26,2024-02-03,2,validation,train_only,108.0,91.18637016665132,135.0
Kurunegala,2024-02-02,2024-02-10,2,validation,train_only,26.0,80.19203003032739,103.0
Kurunegala,2024-02-09,2024-02-17,2,validation,train_only,61.0,87.54525940585127,108.0
Kurunegala,2024-02-16,2024-02-24,2,validation,train_only,58.0,48.796056587742896,26.0
Kurunegala,2024-02-23,2024-03-02,2,validation,train_only,67.0,54.499635369802185,61.0
Kurunegala,2024-03-01,2024-03-09,2,validation,train_only,50.0,44.44058566605418,58.0
Kurunegala,2024-03-08,2024-03-16,2,validation,train_only,29.0,49.587087201109576,67.0
Kurunegala,2024-03-15,2024-03-23,2,validation,train_only,19.0,41.515812124530974,50.0
Kurunegala,2024-03-22,2024-03-30,2,validation,train_only,26.0,30.948967843629386,29.0
Kurunegala,2024-03-29,2024-04-06,2,validation,train_only,6.0,24.810352873746904,19.0
Kurunegala,2024-04-05,2024-04-13,2,validation,train_only,21.0,25.300674762169166,26.0
Kurunegala,2024-04-12,2024-04-20,2,validation,train_only,20.0,15.797939872070385,6.0
Kurunegala,2024-04-19,2024-04-27,2,validation,train_only,19.0,20.245282870062052,21.0
Kurunegala,2024-04-26,2024-05-04,2,validation,train_only,34.0,19.542823703899696,20.0
Kurunegala,2024-05-03,2024-05-11,2,validation,train_only,44.0,17.180201289146783,19.0
Kurunegala,2024-05-10,2024-05-18,2,validation,train_only,39.0,30.99691234947997,34.0
Kurunegala,2024-05-17,2024-05-25,2,validation,train_only,39.0,42.6597065817194,44.0
Kurunegala,2024-05-24,2024-06-01,2,validation,train_only,37.0,43.229563444368786,39.0
Kurunegala,2024-05-31,2024-06-08,2,validation,train_only,36.0,43.602913707542974,39.0
Kurunegala,2024-06-07,2024-06-15,2,validation,train_only,21.0,48.770564076726444,37.0
Kurunegala,2024-06-14,2024-06-22,2,validation,train_only,47.0,48.44732461977519,36.0
Kurunegala,2024-06-21,2024-06-29,2,validation,train_only,39.0,57.87381791611682,21.0
Kurunegala,2024-06-28,2024-07-06,2,validation,train_only,32.0,44.865972269175586,47.0
Kurunegala,2024-07-05,2024-07-13,2,validation,train_only,38.0,39.940951296425226,39.0
Kurunegala,2024-07-12,2024-07-20,2,validation,train_only,27.0,37.83368616510189,32.0
Kurunegala,2024-07-19,2024-07-27,2,validation,train_only,61.0,37.554182200653436,38.0
Kurunegala,2024-07-26,2024-08-03,2,validation,train_only,39.0,30.34261834708575,27.0
Kurunegala,2024-08-02,2024-08-10,2,validation,train_only,31.0,50.62140441385755,61.0
Kurunegala,2024-08-09,2024-08-17,2,validation,train_only,20.0,41.29391318954031,39.0
Kurunegala,2024-08-16,2024-08-24,2,validation,train_only,20.0,37.772043979871846,31.0
Kurunegala,2024-08-23,2024-08-31,2,validation,train_only,21.0,28.988090937275643,20.0
Kurunegala,2024-08-30,2024-09-07,2,validation,train_only,26.0,29.898694424118407,20.0
Kurunegala,2024-09-06,2024-09-14,2,validation,train_only,22.0,33.46492465033279,21.0
Kurunegala,2024-09-13,2024-09-21,2,validation,train_only,28.0,34.73224467883401,26.0
Kurunegala,2024-09-20,2024-09-28,2,validation,train_only,17.0,24.438139418195497,22.0
Kurunegala,2024-09-27,2024-10-05,2,validation,train_only,16.0,28.615784576970835,28.0
Kurunegala,2024-10-04,2024-10-12,2,validation,train_only,16.0,22.42861748641087,17.0
Kurunegala,2024-10-11,2024-10-19,2,validation,train_only,21.0,20.66343017453371,16.0
Kurunegala,2024-10-18,2024-10-26,2,validation,train_only,30.0,19.317671700883547,16.0
Kurunegala,2024-10-25,2024-11-02,2,validation,train_only,20.0,23.48625384409294,21.0
Kurunegala,2024-11-01,2024-11-09,2,validation,train_only,14.0,28.19519814728252,30.0
Kurunegala,2024-11-08,2024-11-16,2,validation,train_only,25.0,26.079124937622716,20.0
Kurunegala,2024-11-15,2024-11-23,2,validation,train_only,20.0,20.01663253695253,14.0
Kurunegala,2024-11-22,2024-11-30,2,validation,train_only,17.0,26.24933553822279,25.0
Kurunegala,2024-11-29,2024-12-07,2,validation,train_only,14.0,26.397950571898427,20.0
Kurunegala,2024-12-06,2024-12-14,2,validation,train_only,25.0,26.276042206424904,17.0
Kurunegala,2024-12-13,2024-12-21,2,validation,train_only,26.0,21.93320564576243,14.0
Kurunegala,2024-12-20,2024-12-28,2,validation,train_only,26.0,30.61658128956298,25.0
Mannar,2023-12-29,2024-01-06,2,validation,train_only,35.0,26.71218829086406,25.0
Mannar,2024-01-05,2024-01-13,2,validation,train_only,13.0,48.896601800723225,53.0
Mannar,2024-01-12,2024-01-20,2,validation,train_only,10.0,43.19887679412033,35.0
Mannar,2024-01-19,2024-01-27,2,validation,train_only,19.0,29.473776767586592,13.0
Mannar,2024-01-26,2024-02-03,2,validation,train_only,21.0,17.75093600904019,10.0
Mannar,2024-02-02,2024-02-10,2,validation,train_only,2.0,19.236834835383,19.0
Mannar,2024-02-09,2024-02-17,2,validation,train_only,4.0,19.252998570674396,21.0
Mannar,2024-02-16,2024-02-24,2,validation,train_only,4.0,9.991823569900928,2.0
Mannar,2024-02-23,2024-03-02,2,validation,train_only,4.0,6.483081961572959,4.0
Mannar,2024-03-01,2024-03-09,2,validation,train_only,1.0,4.827691520722973,4.0
Mannar,2024-03-08,2024-03-16,2,validation,train_only,1.0,3.8595595195151846,4.0
Mannar,2024-03-15,2024-03-23,2,validation,train_only,2.0,2.3467004638305404,1.0
Mannar,2024-03-22,2024-03-30,2,validation,train_only,1.0,2.8360078597816165,1.0
Mannar,2024-03-29,2024-04-06,2,validation,train_only,2.0,1.6199445080715826,2.0
Mannar,2024-04-05,2024-04-13,2,validation,train_only,1.0,2.5281866771993124,1.0
Mannar,2024-04-12,2024-04-20,2,validation,train_only,9.0,2.395408984975078,2.0
Mannar,2024-04-19,2024-04-27,2,validation,train_only,1.0,2.4632100493007822,1.0
Mannar,2024-04-26,2024-05-04,2,validation,train_only,1.0,4.644166111815151,9.0
Mannar,2024-05-03,2024-05-11,2,validation,train_only,0.0,2.557117690659367,1.0
Mannar,2024-05-10,2024-05-18,2,validation,train_only,0.0,3.1174187088407694,1.0
Mannar,2024-05-17,2024-05-25,2,validation,train_only,2.0,3.388981828097455,0.0
Mannar,2024-05-24,2024-06-01,2,validation,train_only,2.0,3.956195849796814,0.0
Mannar,2024-05-31,2024-06-08,2,validation,train_only,1.0,3.5447608308140834,2.0
Mannar,2024-06-07,2024-06-15,2,validation,train_only,1.0,4.520837759937568,2.0
Mannar,2024-06-14,2024-06-22,2,validation,train_only,3.0,4.783700926934905,1.0
Mannar,2024-06-21,2024-06-29,2,validation,train_only,2.0,17.30875333885412,1.0
Mannar,2024-06-28,2024-07-06,2,validation,train_only,2.0,4.416698205088034,3.0
Mannar,2024-07-05,2024-07-13,2,validation,train_only,5.0,3.9084686893503466,2.0
Mannar,2024-07-12,2024-07-20,2,validation,train_only,5.0,2.0259301174498834,2.0
Mannar,2024-07-19,2024-07-27,2,validation,train_only,8.0,2.6768438800162575,5.0
Mannar,2024-07-26,2024-08-03,2,validation,train_only,3.0,2.4575407256100674,5.0
Mannar,2024-08-02,2024-08-10,2,validation,train_only,10.0,3.796236513449927,8.0
Mannar,2024-08-09,2024-08-17,2,validation,train_only,10.0,3.182790787886202,3.0
Mannar,2024-08-16,2024-08-24,2,validation,train_only,8.0,7.883291302291705,10.0
Mannar,2024-08-23,2024-08-31,2,validation,train_only,3.0,8.879296244823738,10.0
Mannar,2024-08-30,2024-09-07,2,validation,train_only,11.0,6.532588445537746,8.0
Mannar,2024-09-06,2024-09-14,2,validation,train_only,14.0,5.790364657520088,3.0
Mannar,2024-09-13,2024-09-21,2,validation,train_only,4.0,8.909882436548454,11.0
Mannar,2024-09-20,2024-09-28,2,validation,train_only,2.0,10.215981556437093,14.0
Mannar,2024-09-27,2024-10-05,2,validation,train_only,2.0,6.621194729251779,4.0
Mannar,2024-10-04,2024-10-12,2,validation,train_only,5.0,5.143606883901385,2.0
Mannar,2024-10-11,2024-10-19,2,validation,train_only,7.0,4.952032335439097,2.0
Mannar,2024-10-18,2024-10-26,2,validation,train_only,5.0,6.7358740794719285,5.0
Mannar,2024-10-25,2024-11-02,2,validation,train_only,3.0,6.1909520283148,7.0
Mannar,2024-11-01,2024-11-09,2,validation,train_only,5.0,7.153503270932143,5.0
Mannar,2024-11-08,2024-11-16,2,validation,train_only,6.0,6.9948982112391995,3.0
Mannar,2024-11-15,2024-11-23,2,validation,train_only,6.0,7.8858595311593795,5.0
Mannar,2024-11-22,2024-11-30,2,validation,train_only,2.0,8.558387422528602,6.0
Mannar,2024-11-29,2024-12-07,2,validation,train_only,2.0,9.426264406426816,6.0
Mannar,2024-12-06,2024-12-14,2,validation,train_only,8.0,8.526069381096057,2.0
Mannar,2024-12-13,2024-12-21,2,validation,train_only,12.0,7.588131085157488,2.0
Mannar,2024-12-20,2024-12-28,2,validation,train_only,11.0,12.037896692772451,8.0
Matale,2023-12-29,2024-01-06,2,validation,train_only,39.0,74.84499274846988,71.0
Matale,2024-01-05,2024-01-13,2,validation,train_only,47.0,56.27474750722933,40.0
Matale,2024-01-12,2024-01-20,2,validation,train_only,28.0,48.46036188813545,39.0
Matale,2024-01-19,2024-01-27,2,validation,train_only,22.0,41.95832462629557,47.0
Matale,2024-01-26,2024-02-03,2,validation,train_only,27.0,30.49023413529484,28.0
Matale,2024-02-02,2024-02-10,2,validation,train_only,30.0,27.74860134322443,22.0
Matale,2024-02-09,2024-02-17,2,validation,train_only,18.0,24.820822843897357,27.0
Matale,2024-02-16,2024-02-24,2,validation,train_only,16.0,24.218796828802816,30.0
Matale,2024-02-23,2024-03-02,2,validation,train_only,11.0,17.490905296057203,18.0
Matale,2024-03-01,2024-03-09,2,validation,train_only,8.0,15.717890108169868,16.0
Matale,2024-03-08,2024-03-16,2,validation,train_only,6.0,13.873767970048359,11.0
Matale,2024-03-15,2024-03-23,2,validation,train_only,12.0,9.567367609053214,8.0
Matale,2024-03-22,2024-03-30,2,validation,train_only,3.0,7.655598847449629,6.0
Matale,2024-03-29,2024-04-06,2,validation,train_only,6.0,11.1022525471209,12.0
Matale,2024-04-05,2024-04-13,2,validation,train_only,16.0,6.348089402533029,3.0
Matale,2024-04-12,2024-04-20,2,validation,train_only,7.0,7.441571485245062,6.0
Matale,2024-04-19,2024-04-27,2,validation,train_only,6.0,12.465329349316653,16.0
Matale,2024-04-26,2024-05-04,2,validation,train_only,13.0,9.160311711830346,7.0
Matale,2024-05-03,2024-05-11,2,validation,train_only,9.0,8.315035654845616,6.0
Matale,2024-05-10,2024-05-18,2,validation,train_only,5.0,10.444695095323292,13.0
Matale,2024-05-17,2024-05-25,2,validation,train_only,7.0,10.519706883305615,9.0
Matale,2024-05-24,2024-06-01,2,validation,train_only,8.0,8.511503485208372,5.0
Matale,2024-05-31,2024-06-08,2,validation,train_only,3.0,9.533185877622975,7.0
Matale,2024-06-07,2024-06-15,2,validation,train_only,15.0,11.50856397270431,8.0
Matale,2024-06-14,2024-06-22,2,validation,train_only,13.0,9.076449583259356,3.0
Matale,2024-06-21,2024-06-29,2,validation,train_only,14.0,30.9110154164512,15.0
Matale,2024-06-28,2024-07-06,2,validation,train_only,24.0,12.546138386256962,13.0
Matale,2024-07-05,2024-07-13,2,validation,train_only,18.0,12.65357907775119,14.0
Matale,2024-07-12,2024-07-20,2,validation,train_only,19.0,19.001851441513455,24.0
Matale,2024-07-19,2024-07-27,2,validation,train_only,16.0,19.315812190078713,18.0
Matale,2024-07-26,2024-08-03,2,validation,train_only,14.0,16.98552374307143,19.0
Matale,2024-08-02,2024-08-10,2,validation,train_only,18.0,16.822889339153672,16.0
Matale,2024-08-09,2024-08-17,2,validation,train_only,21.0,16.252727627590907,14.0
Matale,2024-08-16,2024-08-24,2,validation,train_only,8.0,17.713915863588827,18.0
Matale,2024-08-23,2024-08-31,2,validation,train_only,17.0,21.27057873143988,21.0
Matale,2024-08-30,2024-09-07,2,validation,train_only,22.0,12.858496884263866,8.0
Matale,2024-09-06,2024-09-14,2,validation,train_only,16.0,18.425859018064358,17.0
Matale,2024-09-13,2024-09-21,2,validation,train_only,12.0,23.083828968109227,22.0
Matale,2024-09-20,2024-09-28,2,validation,train_only,26.0,20.298128680645338,16.0
Matale,2024-09-27,2024-10-05,2,validation,train_only,32.0,16.46852329821388,12.0
Matale,2024-10-04,2024-10-12,2,validation,train_only,7.0,23.204328229054035,26.0
Matale,2024-10-11,2024-10-19,2,validation,train_only,43.0,32.79434320150943,32.0
Matale,2024-10-18,2024-10-26,2,validation,train_only,35.0,18.098681554658206,7.0
Matale,2024-10-25,2024-11-02,2,validation,train_only,25.0,36.08883957153049,43.0
Matale,2024-11-01,2024-11-09,2,validation,train_only,41.0,40.51787916599563,35.0
Matale,2024-11-08,2024-11-16,2,validation,train_only,41.0,32.205533708110096,25.0
Matale,2024-11-15,2024-11-23,2,validation,train_only,31.0,37.298151834651975,41.0
Matale,2024-11-22,2024-11-30,2,validation,train_only,37.0,42.328781331142395,41.0
Matale,2024-11-29,2024-12-07,2,validation,train_only,38.0,41.52113112140327,31.0
Matale,2024-12-06,2024-12-14,2,validation,train_only,52.0,42.86966905437856,37.0
Matale,2024-12-13,2024-12-21,2,validation,train_only,34.0,41.50234997547916,38.0
Matale,2024-12-20,2024-12-28,2,validation,train_only,52.0,57.706067372582666,52.0
Matara,2023-12-29,2024-01-06,2,validation,train_only,35.0,35.05749804734831,20.0
Matara,2024-01-05,2024-01-13,2,validation,train_only,27.0,55.78646588555091,46.0
Matara,2024-01-12,2024-01-20,2,validation,train_only,32.0,49.82334119359318,35.0
Matara,2024-01-19,2024-01-27,2,validation,train_only,29.0,31.59604021176627,27.0
Matara,2024-01-26,2024-02-03,2,validation,train_only,26.0,32.78368753184804,32.0
Matara,2024-02-02,2024-02-10,2,validation,train_only,23.0,32.71608797480166,29.0
Matara,2024-02-09,2024-02-17,2,validation,train_only,29.0,26.826843071060917,26.0
Matara,2024-02-16,2024-02-24,2,validation,train_only,15.0,18.928234637996162,23.0
Matara,2024-02-23,2024-03-02,2,validation,train_only,28.0,22.283916319123037,29.0
Matara,2024-03-01,2024-03-09,2,validation,train_only,23.0,16.819319878933193,15.0
Matara,2024-03-08,2024-03-16,2,validation,train_only,14.0,20.084212907461083,28.0
Matara,2024-03-15,2024-03-23,2,validation,train_only,14.0,19.172444831250548,23.0
Matara,2024-03-22,2024-03-30,2,validation,train_only,17.0,16.062428371375457,14.0
Matara,2024-03-29,2024-04-06,2,validation,train_only,11.0,14.767631534491732,14.0
Matara,2024-04-05,2024-04-13,2,validation,train_only,3.0,17.181538565841286,17.0
Matara,2024-04-12,2024-04-20,2,validation,train_only,10.0,16.603376574780274,11.0
Matara,2024-04-19,2024-04-27,2,validation,train_only,14.0,12.385783355420672,3.0
Matara,2024-04-26,2024-05-04,2,validation,train_only,16.0,12.008751408069616,10.0
Matara,2024-05-03,2024-05-11,2,validation,train_only,13.0,12.82902282116219,14.0
Matara,2024-05-10,2024-05-18,2,validation,train_only,7.0,16.669704920282385,16.0
Matara,2024-05-17,2024-05-25,2,validation,train_only,17.0,16.198873664915524,13.0
Matara,2024-05-24,2024-06-01,2,validation,train_only,16.0,12.700641370349777,7.0
Matara,2024-05-31,2024-06-08,2,validation,train_only,11.0,18.870873211728576,17.0
Matara,2024-06-07,2024-06-15,2,validation,train_only,5.0,19.345439377193994,16.0
Matara,2024-06-14,2024-06-22,2,validation,train_only,13.0,21.158849115097194,11.0
Matara,2024-06-21,2024-06-29,2,validation,train_only,22.0,37.682749774028444,5.0
Matara,2024-06-28,2024-07-06,2,validation,train_only,19.0,20.98917967534073,13.0
Matara,2024-07-05,2024-07-13,2,validation,train_only,27.0,27.28369434697129,22.0
Matara,2024-07-12,2024-07-20,2,validation,train_only,44.0,18.80961384972122,19.0
Matara,2024-07-19,2024-07-27,2,validation,train_only,31.0,24.04317924704462,27.0
Matara,2024-07-26,2024-08-03,2,validation,train_only,29.0,37.99985344089859,44.0
Matara,2024-08-02,2024-08-10,2,validation,train_only,38.0,35.954312120664866,31.0
Matara,2024-08-09,2024-08-17,2,validation,train_only,22.0,30.194321448008836,29.0
Matara,2024-08-16,2024-08-24,2,validation,train_only,13.0,35.69688731227935,38.0
Matara,2024-08-23,2024-08-31,2,validation,train_only,31.0,30.756396416331008,22.0
Matara,2024-08-30,2024-09-07,2,validation,train_only,22.0,20.631705634708172,13.0
Matara,2024-09-06,2024-09-14,2,validation,train_only,28.0,33.44315029351992,31.0
Matara,2024-09-13,2024-09-21,2,validation,train_only,22.0,32.077144311384366,22.0
Matara,2024-09-20,2024-09-28,2,validation,train_only,75.0,29.369810408546005,28.0
Matara,2024-09-27,2024-10-05,2,validation,train_only,46.0,26.307450073672424,22.0
Matara,2024-10-04,2024-10-12,2,validation,train_only,36.0,57.67763608035211,75.0
Matara,2024-10-11,2024-10-19,2,validation,train_only,29.0,53.428651729281626,46.0
Matara,2024-10-18,2024-10-26,2,validation,train_only,18.0,42.4488285822977,36.0
Matara,2024-10-25,2024-11-02,2,validation,train_only,19.0,35.08864722736488,29.0
Matara,2024-11-01,2024-11-09,2,validation,train_only,14.0,28.15110253522579,18.0
Matara,2024-11-08,2024-11-16,2,validation,train_only,20.0,25.840227245796203,19.0
Matara,2024-11-15,2024-11-23,2,validation,train_only,20.0,19.98085304251417,14.0
Matara,2024-11-22,2024-11-30,2,validation,train_only,15.0,23.061453013434672,20.0
Matara,2024-11-29,2024-12-07,2,validation,train_only,11.0,23.702937701658346,20.0
Matara,2024-12-06,2024-12-14,2,validation,train_only,12.0,19.618979742820436,15.0
Matara,2024-12-13,2024-12-21,2,validation,train_only,26.0,18.93524239193224,11.0
Matara,2024-12-20,2024-12-28,2,validation,train_only,28.0,18.35854687101868,12.0
Monaragala,2023-12-29,2024-01-06,2,validation,train_only,29.0,55.03668184311647,29.0
Monaragala,2024-01-05,2024-01-13,2,validation,train_only,87.0,50.79898691093445,42.0
Monaragala,2024-01-12,2024-01-20,2,validation,train_only,48.0,52.07683224679535,29.0
Monaragala,2024-01-19,2024-01-27,2,validation,train_only,36.0,79.51828334675764,87.0
Monaragala,2024-01-26,2024-02-03,2,validation,train_only,21.0,50.86524388866305,48.0
Monaragala,2024-02-02,2024-02-10,2,validation,train_only,15.0,42.902623273000515,36.0
Monaragala,2024-02-09,2024-02-17,2,validation,train_only,27.0,33.820697022466945,21.0
Monaragala,2024-02-16,2024-02-24,2,validation,train_only,25.0,24.076426150434592,15.0
Monaragala,2024-02-23,2024-03-02,2,validation,train_only,17.0,23.809582913757612,27.0
Monaragala,2024-03-01,2024-03-09,2,validation,train_only,19.0,23.443203044727696,25.0
Monaragala,2024-03-08,2024-03-16,2,validation,train_only,12.0,15.672974446477017,17.0
Monaragala,2024-03-15,2024-03-23,2,validation,train_only,10.0,13.954283694503337,19.0
Monaragala,2024-03-22,2024-03-30,2,validation,train_only,8.0,14.378002381806695,12.0
Monaragala,2024-03-29,2024-04-06,2,validation,train_only,12.0,14.448139756803666,10.0
Monaragala,2024-04-05,2024-04-13,2,validation,train_only,10.0,10.308956111899578,8.0
Monaragala,2024-04-12,2024-04-20,2,validation,train_only,15.0,12.06244678716924,12.0
Monaragala,2024-04-19,2024-04-27,2,validation,train_only,7.0,14.244637833347381,10.0
Monaragala,2024-04-26,2024-05-04,2,validation,train_only,12.0,12.923969469524582,15.0
Monaragala,2024-05-03,2024-05-11,2,validation,train_only,14.0,11.318017134990454,7.0
Monaragala,2024-05-10,2024-05-18,2,validation,train_only,5.0,13.433161319317223,12.0
Monaragala,2024-05-17,2024-05-25,2,validation,train_only,15.0,13.160546282984194,14.0
Monaragala,2024-05-24,2024-06-01,2,validation,train_only,20.0,10.940016030931465,5.0
Monaragala,2024-05-31,2024-06-08,2,validation,train_only,14.0,13.620692443630734,15.0
Monaragala,2024-06-07,2024-06-15,2,validation,train_only,16.0,21.144139504136717,20.0
Monaragala,2024-06-14,2024-06-22,2,validation,train_only,13.0,16.385118359142233,14.0
Monaragala,2024-06-21,2024-06-29,2,validation,train_only,11.0,30.276240704013954,16.0
Monaragala,2024-06-28,2024-07-06,2,validation,train_only,15.0,17.1861316961263,13.0
Monaragala,2024-07-05,2024-07-13,2,validation,train_only,12.0,13.603282675898074,11.0
Monaragala,2024-07-12,2024-07-20,2,validation,train_only,15.0,13.101555241482437,15.0
Monaragala,2024-07-19,2024-07-27,2,validation,train_only,12.0,13.364291578857795,12.0
Monaragala,2024-07-26,2024-08-03,2,validation,train_only,12.0,13.064384168302794,15.0
Monaragala,2024-08-02,2024-08-10,2,validation,train_only,13.0,13.430729391835847,12.0
Monaragala,2024-08-09,2024-08-17,2,validation,train_only,15.0,13.409182440396616,12.0
Monaragala,2024-08-16,2024-08-24,2,validation,train_only,18.0,12.93473835112262,13.0
Monaragala,2024-08-23,2024-08-31,2,validation,train_only,17.0,14.850460602451511,15.0
Monaragala,2024-08-30,2024-09-07,2,validation,train_only,4.0,16.52981995577079,18.0
Monaragala,2024-09-06,2024-09-14,2,validation,train_only,19.0,18.7731673086955,17.0
Monaragala,2024-09-13,2024-09-21,2,validation,train_only,21.0,12.62713067583016,4.0
Monaragala,2024-09-20,2024-09-28,2,validation,train_only,30.0,14.61700747740543,19.0
Monaragala,2024-09-27,2024-10-05,2,validation,train_only,34.0,18.90614809338975,21.0
Monaragala,2024-10-04,2024-10-12,2,validation,train_only,40.0,24.714076499497082,30.0
Monaragala,2024-10-11,2024-10-19,2,validation,train_only,28.0,35.273745876738126,34.0
Monaragala,2024-10-18,2024-10-26,2,validation,train_only,26.0,39.808199305515636,40.0
Monaragala,2024-10-25,2024-11-02,2,validation,train_only,19.0,32.52556746649701,28.0
Monaragala,2024-11-01,2024-11-09,2,validation,train_only,15.0,31.03816477472018,26.0
Monaragala,2024-11-08,2024-11-16,2,validation,train_only,45.0,24.992967580688553,19.0
Monaragala,2024-11-15,2024-11-23,2,validation,train_only,20.0,22.686628683292362,15.0
Monaragala,2024-11-22,2024-11-30,2,validation,train_only,13.0,40.599461480299496,45.0
Monaragala,2024-11-29,2024-12-07,2,validation,train_only,22.0,33.54922873701506,20.0
Monaragala,2024-12-06,2024-12-14,2,validation,train_only,13.0,22.53905696466855,13.0
Monaragala,2024-12-13,2024-12-21,2,validation,train_only,13.0,22.909758732625672,22.0
Monaragala,2024-12-20,2024-12-28,2,validation,train_only,25.0,20.73035843693859,13.0
Mullaitivu,2023-12-29,2024-01-06,2,validation,train_only,26.0,24.421951365933534,24.0
Mullaitivu,2024-01-05,2024-01-13,2,validation,train_only,31.0,29.917878561773264,25.0
Mullaitivu,2024-01-12,2024-01-20,2,validation,train_only,23.0,32.428953684274134,26.0
Mullaitivu,2024-01-19,2024-01-27,2,validation,train_only,11.0,36.34850268047436,31.0
Mullaitivu,2024-01-26,2024-02-03,2,validation,train_only,22.0,24.23192366503222,23.0
Mullaitivu,2024-02-02,2024-02-10,2,validation,train_only,8.0,18.775202142267354,11.0
Mullaitivu,2024-02-09,2024-02-17,2,validation,train_only,9.0,17.78090739806703,22.0
Mullaitivu,2024-02-16,2024-02-24,2,validation,train_only,2.0,12.804800605773913,8.0
Mullaitivu,2024-02-23,2024-03-02,2,validation,train_only,5.0,10.562502951026499,9.0
Mullaitivu,2024-03-01,2024-03-09,2,validation,train_only,7.0,5.16895853831613,2.0
Mullaitivu,2024-03-08,2024-03-16,2,validation,train_only,1.0,5.204144275257588,5.0
Mullaitivu,2024-03-15,2024-03-23,2,validation,train_only,1.0,5.156106348422276,7.0
Mullaitivu,2024-03-22,2024-03-30,2,validation,train_only,3.0,3.9959669309674264,1.0
Mullaitivu,2024-03-29,2024-04-06,2,validation,train_only,2.0,3.225938303778777,1.0
Mullaitivu,2024-04-05,2024-04-13,2,validation,train_only,2.0,2.4806915844697692,3.0
Mullaitivu,2024-04-12,2024-04-20,2,validation,train_only,1.0,2.9952045114785384,2.0
Mullaitivu,2024-04-19,2024-04-27,2,validation,train_only,2.0,2.6871458377169635,2.0
Mullaitivu,2024-04-26,2024-05-04,2,validation,train_only,2.0,1.6722665666807233,1.0
Mullaitivu,2024-05-03,2024-05-11,2,validation,train_only,0.0,1.5811084704887757,2.0
Mullaitivu,2024-05-10,2024-05-18,2,validation,train_only,0.0,2.421945076061327,2.0
Mullaitivu,2024-05-17,2024-05-25,2,validation,train_only,1.0,2.941650806605112,0.0
Mullaitivu,2024-05-24,2024-06-01,2,validation,train_only,0.0,3.2085205332742706,0.0
Mullaitivu,2024-05-31,2024-06-08,2,validation,train_only,0.0,2.7149776974790445,1.0
Mullaitivu,2024-06-07,2024-06-15,2,validation,train_only,1.0,4.403038985408573,0.0
Mullaitivu,2024-06-14,2024-06-22,2,validation,train_only,1.0,3.946256690816747,0.0
Mullaitivu,2024-06-21,2024-06-29,2,validation,train_only,1.0,13.911770378349155,1.0
Mullaitivu,2024-06-28,2024-07-06,2,validation,train_only,3.0,3.064851409267665,1.0
Mullaitivu,2024-07-05,2024-07-13,2,validation,train_only,0.0,2.275509591164848,1.0
Mullaitivu,2024-07-12,2024-07-20,2,validation,train_only,1.0,1.8019046134749235,3.0
Mullaitivu,2024-07-19,2024-07-27,2,validation,train_only,1.0,1.6076766695874083,0.0
Mullaitivu,2024-07-26,2024-08-03,2,validation,train_only,1.0,0.9226512804170431,1.0
Mullaitivu,2024-08-02,2024-08-10,2,validation,train_only,1.0,0.7306456903377272,1.0
Mullaitivu,2024-08-09,2024-08-17,2,validation,train_only,0.0,1.4892393290844599,1.0
Mullaitivu,2024-08-16,2024-08-24,2,validation,train_only,2.0,1.5371442085402016,1.0
Mullaitivu,2024-08-23,2024-08-31,2,validation,train_only,2.0,1.9445733586495035,0.0
Mullaitivu,2024-08-30,2024-09-07,2,validation,train_only,2.0,1.5895451343136002,2.0
Mullaitivu,2024-09-06,2024-09-14,2,validation,train_only,4.0,2.010104740087665,2.0
Mullaitivu,2024-09-13,2024-09-21,2,validation,train_only,1.0,1.4928571940924942,2.0
Mullaitivu,2024-09-20,2024-09-28,2,validation,train_only,1.0,2.0913836779286092,4.0
Mullaitivu,2024-09-27,2024-10-05,2,validation,train_only,1.0,2.3822769328988427,1.0
Mullaitivu,2024-10-04,2024-10-12,2,validation,train_only,0.0,2.7319091841307475,1.0
Mullaitivu,2024-10-11,2024-10-19,2,validation,train_only,1.0,3.1159977177901066,1.0
Mullaitivu,2024-10-18,2024-10-26,2,validation,train_only,1.0,3.6546183967724084,0.0
Mullaitivu,2024-10-25,2024-11-02,2,validation,train_only,3.0,3.427069612140087,1.0
Mullaitivu,2024-11-01,2024-11-09,2,validation,train_only,1.0,4.448732270534331,1.0
Mullaitivu,2024-11-08,2024-11-16,2,validation,train_only,3.0,4.507393880115794,3.0
Mullaitivu,2024-11-15,2024-11-23,2,validation,train_only,3.0,4.726804397648447,1.0
Mullaitivu,2024-11-22,2024-11-30,2,validation,train_only,0.0,4.844341241203918,3.0
Mullaitivu,2024-11-29,2024-12-07,2,validation,train_only,5.0,5.742365143481815,3.0
Mullaitivu,2024-12-06,2024-12-14,2,validation,train_only,2.0,8.237272868192179,0.0
Mullaitivu,2024-12-13,2024-12-21,2,validation,train_only,4.0,8.309074958214484,5.0
Mullaitivu,2024-12-20,2024-12-28,2,validation,train_only,3.0,10.545911625472302,2.0
Nuwara Eliya,2023-12-29,2024-01-06,2,validation,train_only,28.0,33.57182451576111,13.0
Nuwara Eliya,2024-01-05,2024-01-13,2,validation,train_only,22.0,30.29384649270626,19.0
Nuwara Eliya,2024-01-12,2024-01-20,2,validation,train_only,18.0,35.01176895794477,28.0
Nuwara Eliya,2024-01-19,2024-01-27,2,validation,train_only,13.0,24.847014540775284,22.0
Nuwara Eliya,2024-01-26,2024-02-03,2,validation,train_only,18.0,19.89319588476371,18.0
Nuwara Eliya,2024-02-02,2024-02-10,2,validation,train_only,9.0,17.568059692369673,13.0
Nuwara Eliya,2024-02-09,2024-02-17,2,validation,train_only,9.0,20.767052511618537,18.0
Nuwara Eliya,2024-02-16,2024-02-24,2,validation,train_only,6.0,12.009505094482614,9.0
Nuwara Eliya,2024-02-23,2024-03-02,2,validation,train_only,10.0,10.216455387897335,9.0
Nuwara Eliya,2024-03-01,2024-03-09,2,validation,train_only,4.0,6.799203214284108,6.0
Nuwara Eliya,2024-03-08,2024-03-16,2,validation,train_only,6.0,8.115878161100872,10.0
Nuwara Eliya,2024-03-15,2024-03-23,2,validation,train_only,7.0,3.691260152820386,4.0
Nuwara Eliya,2024-03-22,2024-03-30,2,validation,train_only,3.0,5.827417341860369,6.0
Nuwara Eliya,2024-03-29,2024-04-06,2,validation,train_only,1.0,5.440480075843298,7.0
Nuwara Eliya,2024-04-05,2024-04-13,2,validation,train_only,7.0,3.973774265156133,3.0
Nuwara Eliya,2024-04-12,2024-04-20,2,validation,train_only,3.0,4.0341801447922006,1.0
Nuwara Eliya,2024-04-19,2024-04-27,2,validation,train_only,3.0,6.103465206517182,7.0
Nuwara Eliya,2024-04-26,2024-05-04,2,validation,train_only,4.0,2.8461681459444916,3.0
Nuwara Eliya,2024-05-03,2024-05-11,2,validation,train_only,2.0,2.883145887918788,3.0
Nuwara Eliya,2024-05-10,2024-05-18,2,validation,train_only,1.0,3.761743927786145,4.0
Nuwara Eliya,2024-05-17,2024-05-25,2,validation,train_only,2.0,4.821799129736065,2.0
Nuwara Eliya,2024-05-24,2024-06-01,2,validation,train_only,5.0,4.875567108764875,1.0
Nuwara Eliya,2024-05-31,2024-06-08,2,validation,train_only,4.0,7.674254295946894,2.0
Nuwara Eliya,2024-06-07,2024-06-15,2,validation,train_only,2.0,6.527681084502048,5.0
Nuwara Eliya,2024-06-14,2024-06-22,2,validation,train_only,10.0,14.817354832209789,4.0
Nuwara Eliya,2024-06-21,2024-06-29,2,validation,train_only,7.0,32.101581147416965,2.0
Nuwara Eliya,2024-06-28,2024-07-06,2,validation,train_only,10.0,16.368508138558674,10.0
Nuwara Eliya,2024-07-05,2024-07-13,2,validation,train_only,6.0,11.488300212850644,7.0
Nuwara Eliya,2024-07-12,2024-07-20,2,validation,train_only,5.0,7.962342955430982,10.0
Nuwara Eliya,2024-07-19,2024-07-27,2,validation,train_only,9.0,7.148621364455652,6.0
Nuwara Eliya,2024-07-26,2024-08-03,2,validation,train_only,5.0,5.315255085609463,5.0
Nuwara Eliya,2024-08-02,2024-08-10,2,validation,train_only,10.0,5.937101971793784,9.0
Nuwara Eliya,2024-08-09,2024-08-17,2,validation,train_only,7.0,6.010415105417437,5.0
Nuwara Eliya,2024-08-16,2024-08-24,2,validation,train_only,4.0,8.814017970340453,10.0
Nuwara Eliya,2024-08-23,2024-08-31,2,validation,train_only,1.0,7.139416196460234,7.0
Nuwara Eliya,2024-08-30,2024-09-07,2,validation,train_only,5.0,5.590988775090666,4.0
Nuwara Eliya,2024-09-06,2024-09-14,2,validation,train_only,6.0,5.738531961361276,1.0
Nuwara Eliya,2024-09-13,2024-09-21,2,validation,train_only,8.0,5.3973695858308055,5.0
Nuwara Eliya,2024-09-20,2024-09-28,2,validation,train_only,7.0,5.418573131561291,6.0
Nuwara Eliya,2024-09-27,2024-10-05,2,validation,train_only,4.0,6.424668703483521,8.0
Nuwara Eliya,2024-10-04,2024-10-12,2,validation,train_only,5.0,6.605428397353945,7.0
Nuwara Eliya,2024-10-11,2024-10-19,2,validation,train_only,4.0,5.6370368258828325,4.0
Nuwara Eliya,2024-10-18,2024-10-26,2,validation,train_only,6.0,5.986577069686517,5.0
Nuwara Eliya,2024-10-25,2024-11-02,2,validation,train_only,5.0,6.512209023788339,4.0
Nuwara Eliya,2024-11-01,2024-11-09,2,validation,train_only,0.0,8.356888563373106,6.0
Nuwara Eliya,2024-11-08,2024-11-16,2,validation,train_only,4.0,6.1947118542599,5.0
Nuwara Eliya,2024-11-15,2024-11-23,2,validation,train_only,3.0,5.162388858596343,0.0
Nuwara Eliya,2024-11-22,2024-11-30,2,validation,train_only,2.0,4.702984340726807,4.0
Nuwara Eliya,2024-11-29,2024-12-07,2,validation,train_only,1.0,6.279058991237083,3.0
Nuwara Eliya,2024-12-06,2024-12-14,2,validation,train_only,3.0,12.344864724602466,2.0
Nuwara Eliya,2024-12-13,2024-12-21,2,validation,train_only,10.0,4.00095041172314,1.0
Nuwara Eliya,2024-12-20,2024-12-28,2,validation,train_only,5.0,3.855466776663749,3.0
Polonnaruwa,2023-12-29,2024-01-06,2,validation,train_only,12.0,21.317292744084718,8.0
Polonnaruwa,2024-01-05,2024-01-13,2,validation,train_only,42.0,27.76427219322682,21.0
Polonnaruwa,2024-01-12,2024-01-20,2,validation,train_only,12.0,19.155877381489947,12.0
Polonnaruwa,2024-01-19,2024-01-27,2,validation,train_only,10.0,35.900518956970004,42.0
Polonnaruwa,2024-01-26,2024-02-03,2,validation,train_only,19.0,21.97843628477083,12.0
Polonnaruwa,2024-02-02,2024-02-10,2,validation,train_only,41.0,18.970228925124662,10.0
Polonnaruwa,2024-02-09,2024-02-17,2,validation,train_only,17.0,14.7310643988878,19.0
Polonnaruwa,2024-02-16,2024-02-24,2,validation,train_only,7.0,31.96261166200275,41.0
Polonnaruwa,2024-02-23,2024-03-02,2,validation,train_only,11.0,22.15706856113682,17.0
Polonnaruwa,2024-03-01,2024-03-09,2,validation,train_only,10.0,15.841858204679987,7.0
Polonnaruwa,2024-03-08,2024-03-16,2,validation,train_only,15.0,12.27774145331488,11.0
Polonnaruwa,2024-03-15,2024-03-23,2,validation,train_only,7.0,10.761760419408578,10.0
Polonnaruwa,2024-03-22,2024-03-30,2,validation,train_only,7.0,12.375591002926821,15.0
Polonnaruwa,2024-03-29,2024-04-06,2,validation,train_only,4.0,9.584834189513153,7.0
Polonnaruwa,2024-04-05,2024-04-13,2,validation,train_only,3.0,8.009250238913214,7.0
Polonnaruwa,2024-04-12,2024-04-20,2,validation,train_only,5.0,5.421377225127292,4.0
Polonnaruwa,2024-04-19,2024-04-27,2,validation,train_only,7.0,5.004536517763632,3.0
Polonnaruwa,2024-04-26,2024-05-04,2,validation,train_only,6.0,4.482420077264972,5.0
Polonnaruwa,2024-05-03,2024-05-11,2,validation,train_only,3.0,5.374681316866263,7.0
Polonnaruwa,2024-05-10,2024-05-18,2,validation,train_only,6.0,5.905938340181743,6.0
Polonnaruwa,2024-05-17,2024-05-25,2,validation,train_only,2.0,5.330860660413081,3.0
Polonnaruwa,2024-05-24,2024-06-01,2,validation,train_only,2.0,7.084457841549227,6.0
Polonnaruwa,2024-05-31,2024-06-08,2,validation,train_only,6.0,5.789746395443036,2.0
Polonnaruwa,2024-06-07,2024-06-15,2,validation,train_only,5.0,7.643629571842527,2.0
Polonnaruwa,2024-06-14,2024-06-22,2,validation,train_only,13.0,8.038475971944568,6.0
Polonnaruwa,2024-06-21,2024-06-29,2,validation,train_only,3.0,18.840387003087805,5.0
Polonnaruwa,2024-06-28,2024-07-06,2,validation,train_only,7.0,9.000054439251869,13.0
Polonnaruwa,2024-07-05,2024-07-13,2,validation,train_only,14.0,5.696968141321865,3.0
Polonnaruwa,2024-07-12,2024-07-20,2,validation,train_only,6.0,6.102112375618085,7.0
Polonnaruwa,2024-07-19,2024-07-27,2,validation,train_only,11.0,7.749653205205941,14.0
Polonnaruwa,2024-07-26,2024-08-03,2,validation,train_only,4.0,6.665510532678599,6.0
Polonnaruwa,2024-08-02,2024-08-10,2,validation,train_only,8.0,8.948622408284951,11.0
Polonnaruwa,2024-08-09,2024-08-17,2,validation,train_only,10.0,5.097906130931709,4.0
Polonnaruwa,2024-08-16,2024-08-24,2,validation,train_only,7.0,6.073716581966745,8.0
Polonnaruwa,2024-08-23,2024-08-31,2,validation,train_only,3.0,8.15380065627441,10.0
Polonnaruwa,2024-08-30,2024-09-07,2,validation,train_only,5.0,5.852069084382922,7.0
Polonnaruwa,2024-09-06,2024-09-14,2,validation,train_only,5.0,4.451571571462592,3.0
Polonnaruwa,2024-09-13,2024-09-21,2,validation,train_only,8.0,4.841470116353967,5.0
Polonnaruwa,2024-09-20,2024-09-28,2,validation,train_only,8.0,4.838771102551007,5.0
Polonnaruwa,2024-09-27,2024-10-05,2,validation,train_only,10.0,5.654047114805398,8.0
Polonnaruwa,2024-10-04,2024-10-12,2,validation,train_only,1.0,5.9358783017116,8.0
Polonnaruwa,2024-10-11,2024-10-19,2,validation,train_only,6.0,10.297387076941453,10.0
Polonnaruwa,2024-10-18,2024-10-26,2,validation,train_only,3.0,6.3635388137478905,1.0
Polonnaruwa,2024-10-25,2024-11-02,2,validation,train_only,8.0,7.1649858259017645,6.0
Polonnaruwa,2024-11-01,2024-11-09,2,validation,train_only,7.0,7.179757876327184,3.0
Polonnaruwa,2024-11-08,2024-11-16,2,validation,train_only,6.0,8.028816863974631,8.0
Polonnaruwa,2024-11-15,2024-11-23,2,validation,train_only,17.0,8.733729940160396,7.0
Polonnaruwa,2024-11-22,2024-11-30,2,validation,train_only,6.0,12.908300374331587,6.0
Polonnaruwa,2024-11-29,2024-12-07,2,validation,train_only,5.0,18.846210026085622,17.0
Polonnaruwa,2024-12-06,2024-12-14,2,validation,train_only,3.0,15.068612621926775,6.0
Polonnaruwa,2024-12-13,2024-12-21,2,validation,train_only,6.0,9.67579536635032,5.0
Polonnaruwa,2024-12-20,2024-12-28,2,validation,train_only,14.0,10.88293207174034,3.0
Puttalam,2023-12-29,2024-01-06,2,validation,train_only,92.0,78.44858669203764,63.0
Puttalam,2024-01-05,2024-01-13,2,validation,train_only,127.0,92.26795025362902,90.0
Puttalam,2024-01-12,2024-01-20,2,validation,train_only,76.0,94.23560167270593,92.0
Puttalam,2024-01-19,2024-01-27,2,validation,train_only,52.0,113.8700140797005,127.0
Puttalam,2024-01-26,2024-02-03,2,validation,train_only,34.0,72.23198916087173,76.0
Puttalam,2024-02-02,2024-02-10,2,validation,train_only,102.0,60.24031714347501,52.0
Puttalam,2024-02-09,2024-02-17,2,validation,train_only,29.0,47.5669709026367,34.0
Puttalam,2024-02-16,2024-02-24,2,validation,train_only,21.0,73.10911217719953,102.0
Puttalam,2024-02-23,2024-03-02,2,validation,train_only,14.0,36.46290695915846,29.0
Puttalam,2024-03-01,2024-03-09,2,validation,train_only,9.0,23.596160392383396,21.0
Puttalam,2024-03-08,2024-03-16,2,validation,train_only,12.0,32.0530917567496,14.0
Puttalam,2024-03-15,2024-03-23,2,validation,train_only,9.0,18.722797751394,9.0
Puttalam,2024-03-22,2024-03-30,2,validation,train_only,18.0,12.66945780593448,12.0
Puttalam,2024-03-29,2024-04-06,2,validation,train_only,8.0,10.481799974308018,9.0
Puttalam,2024-04-05,2024-04-13,2,validation,train_only,19.0,13.210298658391984,18.0
Puttalam,2024-04-12,2024-04-20,2,validation,train_only,7.0,10.009517038591547,8.0
Puttalam,2024-04-19,2024-04-27,2,validation,train_only,7.0,14.387547007381926,19.0
Puttalam,2024-04-26,2024-05-04,2,validation,train_only,7.0,9.906245561886973,7.0
Puttalam,2024-05-03,2024-05-11,2,validation,train_only,13.0,9.147092923209758,7.0
Puttalam,2024-05-10,2024-05-18,2,validation,train_only,11.0,7.84125279742181,7.0
Puttalam,2024-05-17,2024-05-25,2,validation,train_only,11.0,11.977226580214017,13.0
Puttalam,2024-05-24,2024-06-01,2,validation,train_only,7.0,13.518936817356586,11.0
Puttalam,2024-05-31,2024-06-08,2,validation,train_only,10.0,13.711315351665766,11.0
Puttalam,2024-06-07,2024-06-15,2,validation,train_only,9.0,14.116635388868248,7.0
Puttalam,2024-06-14,2024-06-22,2,validation,train_only,27.0,14.374389460063217,10.0
Puttalam,2024-06-21,2024-06-29,2,validation,train_only,21.0,24.54777004997002,9.0
Puttalam,2024-06-28,2024-07-06,2,validation,train_only,13.0,20.4092341488201,27.0
Puttalam,2024-07-05,2024-07-13,2,validation,train_only,28.0,22.810283436245626,21.0
Puttalam,2024-07-12,2024-07-20,2,validation,train_only,24.0,17.896908795136902,13.0
Puttalam,2024-07-19,2024-07-27,2,validation,train_only,19.0,23.634029694769023,28.0
Puttalam,2024-07-26,2024-08-03,2,validation,train_only,24.0,21.050065346412012,24.0
Puttalam,2024-08-02,2024-08-10,2,validation,train_only,16.0,18.41762924113324,19.0
Puttalam,2024-08-09,2024-08-17,2,validation,train_only,9.0,21.538088139915658,24.0
Puttalam,2024-08-16,2024-08-24,2,validation,train_only,17.0,18.90795108793636,16.0
Puttalam,2024-08-23,2024-08-31,2,validation,train_only,11.0,14.280168308974469,9.0
Puttalam,2024-08-30,2024-09-07,2,validation,train_only,11.0,15.596435413376161,17.0
Puttalam,2024-09-06,2024-09-14,2,validation,train_only,16.0,17.703736497153994,11.0
Puttalam,2024-09-13,2024-09-21,2,validation,train_only,16.0,15.693047751703759,11.0
Puttalam,2024-09-20,2024-09-28,2,validation,train_only,23.0,15.348891506516619,16.0
Puttalam,2024-09-27,2024-10-05,2,validation,train_only,11.0,16.163628940665376,16.0
Puttalam,2024-10-04,2024-10-12,2,validation,train_only,28.0,20.147950062749445,23.0
Puttalam,2024-10-11,2024-10-19,2,validation,train_only,15.0,17.41644596433213,11.0
Puttalam,2024-10-18,2024-10-26,2,validation,train_only,21.0,24.167814063934195,28.0
Puttalam,2024-10-25,2024-11-02,2,validation,train_only,28.0,19.967509401042904,15.0
Puttalam,2024-11-01,2024-11-09,2,validation,train_only,19.0,23.961701875916624,21.0
Puttalam,2024-11-08,2024-11-16,2,validation,train_only,30.0,26.390926145218682,28.0
Puttalam,2024-11-15,2024-11-23,2,validation,train_only,23.0,22.87939150046491,19.0
Puttalam,2024-11-22,2024-11-30,2,validation,train_only,28.0,29.09426045640133,30.0
Puttalam,2024-11-29,2024-12-07,2,validation,train_only,31.0,25.96181680616427,23.0
Puttalam,2024-12-06,2024-12-14,2,validation,train_only,39.0,29.155471178223294,28.0
Puttalam,2024-12-13,2024-12-21,2,validation,train_only,23.0,34.86104710280134,31.0
Puttalam,2024-12-20,2024-12-28,2,validation,train_only,30.0,42.141703923434505,39.0
Ratnapura,2023-12-29,2024-01-06,2,validation,train_only,77.0,83.89510711452508,54.0
Ratnapura,2024-01-05,2024-01-13,2,validation,train_only,43.0,87.7974233024587,76.0
Ratnapura,2024-01-12,2024-01-20,2,validation,train_only,67.0,94.42753676570727,77.0
Ratnapura,2024-01-19,2024-01-27,2,validation,train_only,72.0,57.8904132978586,43.0
Ratnapura,2024-01-26,2024-02-03,2,validation,train_only,82.0,61.998719072489926,67.0
Ratnapura,2024-02-02,2024-02-10,2,validation,train_only,14.0,71.22137901496136,72.0
Ratnapura,2024-02-09,2024-02-17,2,validation,train_only,57.0,83.89480613043875,82.0
Ratnapura,2024-02-16,2024-02-24,2,validation,train_only,57.0,42.933774596014864,14.0
Ratnapura,2024-02-23,2024-03-02,2,validation,train_only,38.0,50.81765683514865,57.0
Ratnapura,2024-03-01,2024-03-09,2,validation,train_only,56.0,56.134759641358876,57.0
Ratnapura,2024-03-08,2024-03-16,2,validation,train_only,48.0,42.73050664071485,38.0
Ratnapura,2024-03-15,2024-03-23,2,validation,train_only,53.0,50.806863265449195,56.0
Ratnapura,2024-03-22,2024-03-30,2,validation,train_only,49.0,50.290847438056154,48.0
Ratnapura,2024-03-29,2024-04-06,2,validation,train_only,39.0,52.27398825103476,53.0
Ratnapura,2024-04-05,2024-04-13,2,validation,train_only,44.0,51.3020186527117,49.0
Ratnapura,2024-04-12,2024-04-20,2,validation,train_only,67.0,43.50537519590558,39.0
Ratnapura,2024-04-19,2024-04-27,2,validation,train_only,74.0,57.956701801572514,44.0
Ratnapura,2024-04-26,2024-05-04,2,validation,train_only,88.0,70.43016173624295,67.0
Ratnapura,2024-05-03,2024-05-11,2,validation,train_only,72.0,76.48576403773731,74.0
Ratnapura,2024-05-10,2024-05-18,2,validation,train_only,76.0,120.81690384952985,88.0
Ratnapura,2024-05-17,2024-05-25,2,validation,train_only,84.0,78.53786202856107,72.0
Ratnapura,2024-05-24,2024-06-01,2,validation,train_only,60.0,83.96577358291117,76.0
Ratnapura,2024-05-31,2024-06-08,2,validation,train_only,47.0,127.21761329459005,84.0
Ratnapura,2024-06-07,2024-06-15,2,validation,train_only,57.0,99.54980188268544,60.0
Ratnapura,2024-06-14,2024-06-22,2,validation,train_only,58.0,96.43542387438198,47.0
Ratnapura,2024-06-21,2024-06-29,2,validation,train_only,52.0,127.69989536315072,57.0
Ratnapura,2024-06-28,2024-07-06,2,validation,train_only,51.0,103.48956086671849,58.0
Ratnapura,2024-07-05,2024-07-13,2,validation,train_only,81.0,96.52723061658212,52.0
Ratnapura,2024-07-12,2024-07-20,2,validation,train_only,76.0,50.43003429042602,51.0
Ratnapura,2024-07-19,2024-07-27,2,validation,train_only,72.0,69.3331388305622,81.0
Ratnapura,2024-07-26,2024-08-03,2,validation,train_only,51.0,62.86785694576827,76.0
Ratnapura,2024-08-02,2024-08-10,2,validation,train_only,38.0,64.46245035152826,72.0
Ratnapura,2024-08-09,2024-08-17,2,validation,train_only,25.0,53.507148096976785,51.0
Ratnapura,2024-08-16,2024-08-24,2,validation,train_only,48.0,41.307504129984316,38.0
Ratnapura,2024-08-23,2024-08-31,2,validation,train_only,51.0,35.27328690210884,25.0
Ratnapura,2024-08-30,2024-09-07,2,validation,train_only,18.0,47.7704088234909,48.0
Ratnapura,2024-09-06,2024-09-14,2,validation,train_only,32.0,53.16296606105678,51.0
Ratnapura,2024-09-13,2024-09-21,2,validation,train_only,40.0,60.6775162451819,18.0
Ratnapura,2024-09-20,2024-09-28,2,validation,train_only,31.0,54.541948965620406,32.0
Ratnapura,2024-09-27,2024-10-05,2,validation,train_only,45.0,46.59021291512854,40.0
Ratnapura,2024-10-04,2024-10-12,2,validation,train_only,42.0,61.28243400149566,31.0
Ratnapura,2024-10-11,2024-10-19,2,validation,train_only,54.0,41.30117592847956,45.0
Ratnapura,2024-10-18,2024-10-26,2,validation,train_only,61.0,43.06264427358809,42.0
Ratnapura,2024-10-25,2024-11-02,2,validation,train_only,48.0,47.274707804476684,54.0
Ratnapura,2024-11-01,2024-11-09,2,validation,train_only,41.0,59.09023686596803,61.0
Ratnapura,2024-11-08,2024-11-16,2,validation,train_only,54.0,52.408930332293515,48.0
Ratnapura,2024-11-15,2024-11-23,2,validation,train_only,53.0,43.67081350474716,41.0
Ratnapura,2024-11-22,2024-11-30,2,validation,train_only,38.0,52.08355430593178,54.0
Ratnapura,2024-11-29,2024-12-07,2,validation,train_only,44.0,67.54354444518717,53.0
Ratnapura,2024-12-06,2024-12-14,2,validation,train_only,20.0,54.578780773875785,38.0
Ratnapura,2024-12-13,2024-12-21,2,validation,train_only,47.0,59.66276466906928,44.0
Ratnapura,2024-12-20,2024-12-28,2,validation,train_only,30.0,51.65943755239536,20.0
Trincomalee,2023-12-29,2024-01-06,2,validation,train_only,50.0,29.773822963193606,23.0
Trincomalee,2024-01-05,2024-01-13,2,validation,train_only,33.0,44.77430895789791,42.0
Trincomalee,2024-01-12,2024-01-20,2,validation,train_only,42.0,52.9285728181404,50.0
Trincomalee,2024-01-19,2024-01-27,2,validation,train_only,29.0,40.5003210357957,33.0
Trincomalee,2024-01-26,2024-02-03,2,validation,train_only,31.0,39.34620546410201,42.0
Trincomalee,2024-02-02,2024-02-10,2,validation,train_only,33.0,34.45329747813392,29.0
Trincomalee,2024-02-09,2024-02-17,2,validation,train_only,26.0,33.615604184968184,31.0
Trincomalee,2024-02-16,2024-02-24,2,validation,train_only,26.0,31.63536364895895,33.0
Trincomalee,2024-02-23,2024-03-02,2,validation,train_only,13.0,24.73162091906085,26.0
Trincomalee,2024-03-01,2024-03-09,2,validation,train_only,23.0,23.050714805009267,26.0
Trincomalee,2024-03-08,2024-03-16,2,validation,train_only,21.0,16.284623464576853,13.0
Trincomalee,2024-03-15,2024-03-23,2,validation,train_only,12.0,16.623048771747776,23.0
Trincomalee,2024-03-22,2024-03-30,2,validation,train_only,7.0,18.93681185297304,21.0
Trincomalee,2024-03-29,2024-04-06,2,validation,train_only,9.0,14.691380695162103,12.0
Trincomalee,2024-04-05,2024-04-13,2,validation,train_only,17.0,11.004827159058705,7.0
Trincomalee,2024-04-12,2024-04-20,2,validation,train_only,9.0,9.018114378849493,9.0
Trincomalee,2024-04-19,2024-04-27,2,validation,train_only,19.0,12.481964133340199,17.0
Trincomalee,2024-04-26,2024-05-04,2,validation,train_only,18.0,9.774892070111735,9.0
Trincomalee,2024-05-03,2024-05-11,2,validation,train_only,12.0,11.173230065504347,19.0
Trincomalee,2024-05-10,2024-05-18,2,validation,train_only,6.0,14.230946488755396,18.0
Trincomalee,2024-05-17,2024-05-25,2,validation,train_only,7.0,14.938910063133765,12.0
Trincomalee,2024-05-24,2024-06-01,2,validation,train_only,10.0,12.820083612367785,6.0
Trincomalee,2024-05-31,2024-06-08,2,validation,train_only,7.0,8.807793525805224,7.0
Trincomalee,2024-06-07,2024-06-15,2,validation,train_only,12.0,12.42182142553285,10.0
Trincomalee,2024-06-14,2024-06-22,2,validation,train_only,10.0,8.859851157368222,7.0
Trincomalee,2024-06-21,2024-06-29,2,validation,train_only,11.0,22.503365680849278,12.0
Trincomalee,2024-06-28,2024-07-06,2,validation,train_only,7.0,10.750698737349358,10.0
Trincomalee,2024-07-05,2024-07-13,2,validation,train_only,14.0,10.81657497910902,11.0
Trincomalee,2024-07-12,2024-07-20,2,validation,train_only,8.0,8.281403909943252,7.0
Trincomalee,2024-07-19,2024-07-27,2,validation,train_only,12.0,8.999622353629029,14.0
Trincomalee,2024-07-26,2024-08-03,2,validation,train_only,12.0,7.300744292450898,8.0
Trincomalee,2024-08-02,2024-08-10,2,validation,train_only,10.0,9.87071428505379,12.0
Trincomalee,2024-08-09,2024-08-17,2,validation,train_only,3.0,11.467611690981116,12.0
Trincomalee,2024-08-16,2024-08-24,2,validation,train_only,8.0,11.726958394325658,10.0
Trincomalee,2024-08-23,2024-08-31,2,validation,train_only,2.0,6.665611514834705,3.0
Trincomalee,2024-08-30,2024-09-07,2,validation,train_only,6.0,5.839575378417575,8.0
Trincomalee,2024-09-06,2024-09-14,2,validation,train_only,3.0,5.0648566587714905,2.0
Trincomalee,2024-09-13,2024-09-21,2,validation,train_only,2.0,5.367960680303054,6.0
Trincomalee,2024-09-20,2024-09-28,2,validation,train_only,2.0,3.6301821888422436,3.0
Trincomalee,2024-09-27,2024-10-05,2,validation,train_only,5.0,3.847441900534633,2.0
Trincomalee,2024-10-04,2024-10-12,2,validation,train_only,3.0,3.3318637335272503,2.0
Trincomalee,2024-10-11,2024-10-19,2,validation,train_only,4.0,4.508434326000362,5.0
Trincomalee,2024-10-18,2024-10-26,2,validation,train_only,9.0,3.678628818580592,3.0
Trincomalee,2024-10-25,2024-11-02,2,validation,train_only,8.0,4.160733735334917,4.0
Trincomalee,2024-11-01,2024-11-09,2,validation,train_only,16.0,7.7740254820722825,9.0
Trincomalee,2024-11-08,2024-11-16,2,validation,train_only,13.0,8.093029128254726,8.0
Trincomalee,2024-11-15,2024-11-23,2,validation,train_only,9.0,14.47607505257365,16.0
Trincomalee,2024-11-22,2024-11-30,2,validation,train_only,14.0,15.304644557004574,13.0
Trincomalee,2024-11-29,2024-12-07,2,validation,train_only,20.0,15.161214281191931,9.0
Trincomalee,2024-12-06,2024-12-14,2,validation,train_only,19.0,17.09848490187355,14.0
Trincomalee,2024-12-13,2024-12-21,2,validation,train_only,30.0,24.301583164856385,20.0
Trincomalee,2024-12-20,2024-12-28,2,validation,train_only,28.0,26.605649269998665,19.0
Vavuniya,2023-12-29,2024-01-06,2,validation,train_only,27.0,20.031290740037562,19.0
Vavuniya,2024-01-05,2024-01-13,2,validation,train_only,14.0,26.27598502596344,20.0
Vavuniya,2024-01-12,2024-01-20,2,validation,train_only,19.0,26.7484355693765,27.0
Vavuniya,2024-01-19,2024-01-27,2,validation,train_only,5.0,19.008167726889937,14.0
Vavuniya,2024-01-26,2024-02-03,2,validation,train_only,7.0,15.854609120167979,19.0
Vavuniya,2024-02-02,2024-02-10,2,validation,train_only,3.0,13.517572188076254,5.0
Vavuniya,2024-02-09,2024-02-17,2,validation,train_only,4.0,10.091657967062396,7.0
Vavuniya,2024-02-16,2024-02-24,2,validation,train_only,3.0,4.9656679091398965,3.0
Vavuniya,2024-02-23,2024-03-02,2,validation,train_only,5.0,4.093885781787416,4.0
Vavuniya,2024-03-01,2024-03-09,2,validation,train_only,5.0,3.280827468926663,3.0
Vavuniya,2024-03-08,2024-03-16,2,validation,train_only,2.0,3.7478638090195457,5.0
Vavuniya,2024-03-15,2024-03-23,2,validation,train_only,2.0,3.6037443310739983,5.0
Vavuniya,2024-03-22,2024-03-30,2,validation,train_only,1.0,3.3754445758876668,2.0
Vavuniya,2024-03-29,2024-04-06,2,validation,train_only,0.0,3.205952403350037,2.0
Vavuniya,2024-04-05,2024-04-13,2,validation,train_only,0.0,3.2181838002566328,1.0
Vavuniya,2024-04-12,2024-04-20,2,validation,train_only,0.0,2.5760915566550544,0.0
Vavuniya,2024-04-19,2024-04-27,2,validation,train_only,0.0,2.4632100493007822,0.0
Vavuniya,2024-04-26,2024-05-04,2,validation,train_only,4.0,1.4483307782645403,0.0
Vavuniya,2024-05-03,2024-05-11,2,validation,train_only,2.0,1.809567363307552,0.0
Vavuniya,2024-05-10,2024-05-18,2,validation,train_only,0.0,2.667512551256019,4.0
Vavuniya,2024-05-17,2024-05-25,2,validation,train_only,1.0,3.23731397189127,2.0
Vavuniya,2024-05-24,2024-06-01,2,validation,train_only,4.0,3.69293629074154,0.0
Vavuniya,2024-05-31,2024-06-08,2,validation,train_only,2.0,3.848497428556146,1.0
Vavuniya,2024-06-07,2024-06-15,2,validation,train_only,1.0,5.487976108766107,4.0
Vavuniya,2024-06-14,2024-06-22,2,validation,train_only,1.0,3.5164895995907632,2.0
Vavuniya,2024-06-21,2024-06-29,2,validation,train_only,4.0,13.985999493679826,1.0
Vavuniya,2024-06-28,2024-07-06,2,validation,train_only,3.0,3.245533980947642,1.0
Vavuniya,2024-07-05,2024-07-13,2,validation,train_only,1.0,2.7749240689647174,4.0
Vavuniya,2024-07-12,2024-07-20,2,validation,train_only,5.0,2.0724496818317943,3.0
Vavuniya,2024-07-19,2024-07-27,2,validation,train_only,1.0,1.7883592412673848,1.0
Vavuniya,2024-07-26,2024-08-03,2,validation,train_only,0.0,2.0815912719640095,5.0
Vavuniya,2024-08-02,2024-08-10,2,validation,train_only,5.0,1.8947609057923296,1.0
Vavuniya,2024-08-09,2024-08-17,2,validation,train_only,3.0,1.771577796309982,0.0
Vavuniya,2024-08-16,2024-08-24,2,validation,train_only,0.0,3.2545496574797705,5.0
Vavuniya,2024-08-23,2024-08-31,2,validation,train_only,1.0,2.7977768339244187,3.0
Vavuniya,2024-08-30,2024-09-07,2,validation,train_only,1.0,2.2812766978035697,0.0
Vavuniya,2024-09-06,2024-09-14,2,validation,train_only,2.0,3.8310405775908154,1.0
Vavuniya,2024-09-13,2024-09-21,2,validation,train_only,0.0,2.3276245531973023,1.0
Vavuniya,2024-09-20,2024-09-28,2,validation,train_only,0.0,1.7491996799839085,2.0
Vavuniya,2024-09-27,2024-10-05,2,validation,train_only,1.0,2.158341144482661,0.0
Vavuniya,2024-10-04,2024-10-12,2,validation,train_only,3.0,2.5079733957145662,0.0
Vavuniya,2024-10-11,2024-10-19,2,validation,train_only,1.0,2.9831303100070934,1.0
Vavuniya,2024-10-18,2024-10-26,2,validation,train_only,1.0,3.679732953404281,3.0
Vavuniya,2024-10-25,2024-11-02,2,validation,train_only,2.0,3.705688241295508,1.0
Vavuniya,2024-11-01,2024-11-09,2,validation,train_only,0.0,4.41173717124723,1.0
Vavuniya,2024-11-08,2024-11-16,2,validation,train_only,5.0,4.848903188364676,2.0
Vavuniya,2024-11-15,2024-11-23,2,validation,train_only,3.0,4.9458938438125815,0.0
Vavuniya,2024-11-22,2024-11-30,2,validation,train_only,2.0,5.638786838726499,5.0
Vavuniya,2024-11-29,2024-12-07,2,validation,train_only,4.0,6.740663365270026,3.0
Vavuniya,2024-12-06,2024-12-14,2,validation,train_only,4.0,7.0096708580758715,2.0
Vavuniya,2024-12-13,2024-12-21,2,validation,train_only,2.0,5.428063858539433,4.0
Vavuniya,2024-12-20,2024-12-28,2,validation,train_only,4.0,12.882625957816805,4.0
Ampara,2024-12-27,2025-01-04,2,test,train_plus_validation,20.0,17.322125950835076,15.0
Ampara,2025-01-03,2025-01-11,2,test,train_plus_validation,27.0,51.314459622886794,58.0
Ampara,2025-01-10,2025-01-18,2,test,train_plus_validation,16.0,31.76789670196864,20.0
Ampara,2025-01-17,2025-01-25,2,test,train_plus_validation,13.0,26.18413319623937,27.0
Ampara,2025-01-24,2025-02-01,2,test,train_plus_validation,17.0,23.659905434613574,16.0
Ampara,2025-01-31,2025-02-08,2,test,train_plus_validation,17.0,20.632156280264063,13.0
Ampara,2025-02-07,2025-02-15,2,test,train_plus_validation,15.0,19.08511048334037,17.0
Ampara,2025-02-14,2025-02-22,2,test,train_plus_validation,11.0,18.760536939657246,17.0
Ampara,2025-02-21,2025-03-01,2,test,train_plus_validation,16.0,17.320464121207063,15.0
Ampara,2025-02-28,2025-03-08,2,test,train_plus_validation,11.0,14.895555154063814,11.0
Ampara,2025-03-07,2025-03-15,2,test,train_plus_validation,9.0,15.482818711861627,16.0
Ampara,2025-03-14,2025-03-22,2,test,train_plus_validation,12.0,14.953749670210941,11.0
Ampara,2025-03-21,2025-03-29,2,test,train_plus_validation,15.0,12.858002404560155,9.0
Ampara,2025-03-28,2025-04-05,2,test,train_plus_validation,22.0,13.293748994474011,12.0
Ampara,2025-04-04,2025-04-12,2,test,train_plus_validation,13.0,15.122490992847087,15.0
Ampara,2025-04-11,2025-04-19,2,test,train_plus_validation,15.0,18.82337575181796,22.0
Ampara,2025-04-18,2025-04-26,2,test,train_plus_validation,24.0,17.930592283024954,13.0
Ampara,2025-04-25,2025-05-03,2,test,train_plus_validation,17.0,18.78312803143918,15.0
Ampara,2025-05-02,2025-05-10,2,test,train_plus_validation,16.0,22.466910134688177,24.0
Ampara,2025-05-09,2025-05-17,2,test,train_plus_validation,14.0,20.607247761432884,17.0
Ampara,2025-05-16,2025-05-24,2,test,train_plus_validation,14.0,17.032320335445956,16.0
Ampara,2025-05-23,2025-05-31,2,test,train_plus_validation,28.0,16.257716264320237,14.0
Ampara,2025-05-30,2025-06-07,2,test,train_plus_validation,11.0,14.757249768044668,14.0
Ampara,2025-06-06,2025-06-14,2,test,train_plus_validation,12.0,18.57091644268235,28.0
Ampara,2025-06-13,2025-06-21,2,test,train_plus_validation,12.0,14.357366852417822,11.0
Ampara,2025-06-20,2025-06-28,2,test,train_plus_validation,22.0,13.74622155895874,12.0
Ampara,2025-06-27,2025-07-05,2,test,train_plus_validation,16.0,14.338869693680268,12.0
Ampara,2025-07-04,2025-07-12,2,test,train_plus_validation,17.0,16.6923464872148,22.0
Ampara,2025-07-11,2025-07-19,2,test,train_plus_validation,8.0,15.140184931915048,16.0
Ampara,2025-07-18,2025-07-26,2,test,train_plus_validation,11.0,14.140841616555893,17.0
Ampara,2025-07-25,2025-08-02,2,test,train_plus_validation,3.0,10.164429281826527,8.0
Ampara,2025-08-01,2025-08-09,2,test,train_plus_validation,6.0,12.13684900755999,11.0
Ampara,2025-08-08,2025-08-16,2,test,train_plus_validation,7.0,6.419763131919119,3.0
Ampara,2025-08-15,2025-08-23,2,test,train_plus_validation,7.0,6.029211899431249,6.0
Ampara,2025-08-22,2025-08-30,2,test,train_plus_validation,6.0,4.986799037209821,7.0
Ampara,2025-08-29,2025-09-06,2,test,train_plus_validation,17.0,5.836485106769076,7.0
Ampara,2025-09-05,2025-09-13,2,test,train_plus_validation,15.0,5.740847358030663,6.0
Ampara,2025-09-12,2025-09-20,2,test,train_plus_validation,4.0,10.336738599389856,17.0
Ampara,2025-09-19,2025-09-27,2,test,train_plus_validation,6.0,13.63651255011624,15.0
Ampara,2025-09-26,2025-10-04,2,test,train_plus_validation,9.0,10.14220773788463,4.0
Ampara,2025-10-03,2025-10-11,2,test,train_plus_validation,14.0,7.747826927053532,6.0
Ampara,2025-10-10,2025-10-18,2,test,train_plus_validation,9.0,8.630268276656166,9.0
Ampara,2025-10-17,2025-10-25,2,test,train_plus_validation,15.0,12.252743476710503,14.0
Ampara,2025-10-24,2025-11-01,2,test,train_plus_validation,10.0,10.732245453622419,9.0
Ampara,2025-10-31,2025-11-08,2,test,train_plus_validation,17.0,13.881431012530863,15.0
Ampara,2025-11-07,2025-11-15,2,test,train_plus_validation,24.0,13.550519942744048,10.0
Ampara,2025-11-14,2025-11-22,2,test,train_plus_validation,11.0,16.677110611295536,17.0
Ampara,2025-11-21,2025-11-29,2,test,train_plus_validation,7.0,19.19639569459699,24.0
Ampara,2025-11-28,2025-12-06,2,test,train_plus_validation,22.0,21.11768658106519,11.0
Ampara,2025-12-05,2025-12-13,2,test,train_plus_validation,18.0,14.388221321318065,7.0
Anuradhapura,2024-12-27,2025-01-04,2,test,train_plus_validation,20.0,26.87050162384139,12.0
Anuradhapura,2025-01-03,2025-01-11,2,test,train_plus_validation,29.0,32.19010541749224,27.0
Anuradhapura,2025-01-10,2025-01-18,2,test,train_plus_validation,16.0,24.899856371256785,20.0
Anuradhapura,2025-01-17,2025-01-25,2,test,train_plus_validation,22.0,25.49859900836678,29.0
Anuradhapura,2025-01-24,2025-02-01,2,test,train_plus_validation,39.0,20.487092832268107,16.0
Anuradhapura,2025-01-31,2025-02-08,2,test,train_plus_validation,39.0,22.544605985087966,22.0
Anuradhapura,2025-02-07,2025-02-15,2,test,train_plus_validation,24.0,31.967855485479777,39.0
Anuradhapura,2025-02-14,2025-02-22,2,test,train_plus_validation,18.0,34.404608923643195,39.0
Anuradhapura,2025-02-21,2025-03-01,2,test,train_plus_validation,25.0,24.330430922688713,24.0
Anuradhapura,2025-02-28,2025-03-08,2,test,train_plus_validation,12.0,18.249724590736225,18.0
Anuradhapura,2025-03-07,2025-03-15,2,test,train_plus_validation,8.0,21.49430320275145,25.0
Anuradhapura,2025-03-14,2025-03-22,2,test,train_plus_validation,9.0,16.336714031846164,12.0
Anuradhapura,2025-03-21,2025-03-29,2,test,train_plus_validation,6.0,14.35887571441405,8.0
Anuradhapura,2025-03-28,2025-04-05,2,test,train_plus_validation,3.0,10.969728755648784,9.0
Anuradhapura,2025-04-04,2025-04-12,2,test,train_plus_validation,4.0,9.488995115079932,6.0
Anuradhapura,2025-04-11,2025-04-19,2,test,train_plus_validation,8.0,7.028023828683179,3.0
Anuradhapura,2025-04-18,2025-04-26,2,test,train_plus_validation,10.0,5.764197234428716,4.0
Anuradhapura,2025-04-25,2025-05-03,2,test,train_plus_validation,11.0,7.739892426325568,8.0
Anuradhapura,2025-05-02,2025-05-10,2,test,train_plus_validation,11.0,9.779129456205505,10.0
Anuradhapura,2025-05-09,2025-05-17,2,test,train_plus_validation,13.0,11.657725750442022,11.0
Anuradhapura,2025-05-16,2025-05-24,2,test,train_plus_validation,11.0,12.361469552456626,11.0
Anuradhapura,2025-05-23,2025-05-31,2,test,train_plus_validation,10.0,14.382129890208809,13.0
Anuradhapura,2025-05-30,2025-06-07,2,test,train_plus_validation,7.0,13.898204599176774,11.0
Anuradhapura,2025-06-06,2025-06-14,2,test,train_plus_validation,8.0,12.19505663055457,10.0
Anuradhapura,2025-06-13,2025-06-21,2,test,train_plus_validation,17.0,8.276032373409677,7.0
Anuradhapura,2025-06-20,2025-06-28,2,test,train_plus_validation,8.0,7.253114566729265,8.0
Anuradhapura,2025-06-27,2025-07-05,2,test,train_plus_validation,8.0,12.174763972723946,17.0
Anuradhapura,2025-07-04,2025-07-12,2,test,train_plus_validation,12.0,9.45934876304238,8.0
Anuradhapura,2025-07-11,2025-07-19,2,test,train_plus_validation,11.0,8.332660710256922,8.0
Anuradhapura,2025-07-18,2025-07-26,2,test,train_plus_validation,3.0,9.719437202090033,12.0
Anuradhapura,2025-07-25,2025-08-02,2,test,train_plus_validation,6.0,11.18280018225333,11.0
Anuradhapura,2025-08-01,2025-08-09,2,test,train_plus_validation,11.0,6.555356643382651,3.0
Anuradhapura,2025-08-08,2025-08-16,2,test,train_plus_validation,6.0,5.788577336627942,6.0
Anuradhapura,2025-08-15,2025-08-23,2,test,train_plus_validation,9.0,8.23673553398543,11.0
Anuradhapura,2025-08-22,2025-08-30,2,test,train_plus_validation,2.0,6.217176097792084,6.0
Anuradhapura,2025-08-29,2025-09-06,2,test,train_plus_validation,6.0,6.782555271589366,9.0
Anuradhapura,2025-09-05,2025-09-13,2,test,train_plus_validation,3.0,4.639255976703765,2.0
Anuradhapura,2025-09-12,2025-09-20,2,test,train_plus_validation,2.0,5.5184304823716595,6.0
Anuradhapura,2025-09-19,2025-09-27,2,test,train_plus_validation,0.0,4.694399189903717,3.0
Anuradhapura,2025-09-26,2025-10-04,2,test,train_plus_validation,7.0,4.51154147678146,2.0
Anuradhapura,2025-10-03,2025-10-11,2,test,train_plus_validation,9.0,4.582566067031327,0.0
Anuradhapura,2025-10-10,2025-10-18,2,test,train_plus_validation,4.0,5.374144807769809,7.0
Anuradhapura,2025-10-17,2025-10-25,2,test,train_plus_validation,9.0,6.773077990147209,9.0
Anuradhapura,2025-10-24,2025-11-01,2,test,train_plus_validation,3.0,7.255094536648728,4.0
Anuradhapura,2025-10-31,2025-11-08,2,test,train_plus_validation,8.0,8.758621394830962,9.0
Anuradhapura,2025-11-07,2025-11-15,2,test,train_plus_validation,10.0,8.886194108696323,3.0
Anuradhapura,2025-11-14,2025-11-22,2,test,train_plus_validation,8.0,9.260946545535504,8.0
Anuradhapura,2025-11-21,2025-11-29,2,test,train_plus_validation,11.0,9.725468489845111,10.0
Anuradhapura,2025-11-28,2025-12-06,2,test,train_plus_validation,12.0,9.97889167346335,8.0
Anuradhapura,2025-12-05,2025-12-13,2,test,train_plus_validation,13.0,14.396943300263457,11.0
Badulla,2024-12-27,2025-01-04,2,test,train_plus_validation,17.0,20.43761150064578,19.0
Badulla,2025-01-03,2025-01-11,2,test,train_plus_validation,28.0,17.6731367146924,5.0
Badulla,2025-01-10,2025-01-18,2,test,train_plus_validation,27.0,17.45501966865736,17.0
Badulla,2025-01-17,2025-01-25,2,test,train_plus_validation,26.0,22.48127572851929,28.0
Badulla,2025-01-24,2025-02-01,2,test,train_plus_validation,17.0,26.741441703373937,27.0
Badulla,2025-01-31,2025-02-08,2,test,train_plus_validation,17.0,26.688413876813907,26.0
Badulla,2025-02-07,2025-02-15,2,test,train_plus_validation,8.0,24.828790102545877,17.0
Badulla,2025-02-14,2025-02-22,2,test,train_plus_validation,11.0,29.790815463547254,17.0
Badulla,2025-02-21,2025-03-01,2,test,train_plus_validation,3.0,21.437725163455408,8.0
Badulla,2025-02-28,2025-03-08,2,test,train_plus_validation,17.0,11.714134891519928,11.0
Badulla,2025-03-07,2025-03-15,2,test,train_plus_validation,6.0,6.453530103759293,3.0
Badulla,2025-03-14,2025-03-22,2,test,train_plus_validation,12.0,11.617859047529038,17.0
Badulla,2025-03-21,2025-03-29,2,test,train_plus_validation,9.0,9.580068194179375,6.0
Badulla,2025-03-28,2025-04-05,2,test,train_plus_validation,18.0,12.848397979215743,12.0
Badulla,2025-04-04,2025-04-12,2,test,train_plus_validation,11.0,9.873226987593549,9.0
Badulla,2025-04-11,2025-04-19,2,test,train_plus_validation,19.0,15.52654199328002,18.0
Badulla,2025-04-18,2025-04-26,2,test,train_plus_validation,12.0,14.656332985392664,11.0
Badulla,2025-04-25,2025-05-03,2,test,train_plus_validation,7.0,17.15270665073478,19.0
Badulla,2025-05-02,2025-05-10,2,test,train_plus_validation,7.0,17.99174016987577,12.0
Badulla,2025-05-09,2025-05-17,2,test,train_plus_validation,25.0,15.784537981868372,7.0
Badulla,2025-05-16,2025-05-24,2,test,train_plus_validation,26.0,10.189789458619526,7.0
Badulla,2025-05-23,2025-05-31,2,test,train_plus_validation,24.0,23.115651149802016,25.0
Badulla,2025-05-30,2025-06-07,2,test,train_plus_validation,24.0,25.733208697839512,26.0
Badulla,2025-06-06,2025-06-14,2,test,train_plus_validation,31.0,22.672530021825292,24.0
Badulla,2025-06-13,2025-06-21,2,test,train_plus_validation,17.0,21.78207350295087,24.0
Badulla,2025-06-20,2025-06-28,2,test,train_plus_validation,17.0,29.67216132647542,31.0
Badulla,2025-06-27,2025-07-05,2,test,train_plus_validation,16.0,21.8213687054887,17.0
Badulla,2025-07-04,2025-07-12,2,test,train_plus_validation,37.0,16.743173234878736,17.0
Badulla,2025-07-11,2025-07-19,2,test,train_plus_validation,20.0,15.536869271698148,16.0
Badulla,2025-07-18,2025-07-26,2,test,train_plus_validation,16.0,26.478856270406023,37.0
Badulla,2025-07-25,2025-08-02,2,test,train_plus_validation,13.0,21.922102778786098,20.0
Badulla,2025-08-01,2025-08-09,2,test,train_plus_validation,12.0,16.25323690544652,16.0
Badulla,2025-08-08,2025-08-16,2,test,train_plus_validation,14.0,15.62578839771319,13.0
Badulla,2025-08-15,2025-08-23,2,test,train_plus_validation,18.0,14.675266075830926,12.0
Badulla,2025-08-22,2025-08-30,2,test,train_plus_validation,8.0,14.487406709119332,14.0
Badulla,2025-08-29,2025-09-06,2,test,train_plus_validation,11.0,14.417792547875568,18.0
Badulla,2025-09-05,2025-09-13,2,test,train_plus_validation,19.0,10.25259218741357,8.0
Badulla,2025-09-12,2025-09-20,2,test,train_plus_validation,8.0,11.653802990150943,11.0
Badulla,2025-09-19,2025-09-27,2,test,train_plus_validation,13.0,14.23280521772731,19.0
Badulla,2025-09-26,2025-10-04,2,test,train_plus_validation,4.0,12.520768671757775,8.0
Badulla,2025-10-03,2025-10-11,2,test,train_plus_validation,8.0,13.038533152208942,13.0
Badulla,2025-10-10,2025-10-18,2,test,train_plus_validation,11.0,9.86273106203299,4.0
Badulla,2025-10-17,2025-10-25,2,test,train_plus_validation,7.0,8.93275746508714,8.0
Badulla,2025-10-24,2025-11-01,2,test,train_plus_validation,14.0,10.595859798298825,11.0
Badulla,2025-10-31,2025-11-08,2,test,train_plus_validation,17.0,8.99520257939778,7.0
Badulla,2025-11-07,2025-11-15,2,test,train_plus_validation,18.0,12.484436358785723,14.0
Badulla,2025-11-14,2025-11-22,2,test,train_plus_validation,14.0,15.760429373595814,17.0
Badulla,2025-11-21,2025-11-29,2,test,train_plus_validation,10.0,15.810736575613255,18.0
Badulla,2025-11-28,2025-12-06,2,test,train_plus_validation,18.0,17.883730722277495,14.0
Badulla,2025-12-05,2025-12-13,2,test,train_plus_validation,25.0,18.547123252298004,10.0
Batticaloa,2024-12-27,2025-01-04,2,test,train_plus_validation,55.0,49.259889733096685,47.0
Batticaloa,2025-01-03,2025-01-11,2,test,train_plus_validation,65.0,61.452472168192116,62.0
Batticaloa,2025-01-10,2025-01-18,2,test,train_plus_validation,64.0,53.31457437962973,55.0
Batticaloa,2025-01-17,2025-01-25,2,test,train_plus_validation,53.0,62.14237751320821,65.0
Batticaloa,2025-01-24,2025-02-01,2,test,train_plus_validation,60.0,64.58809798332713,64.0
Batticaloa,2025-01-31,2025-02-08,2,test,train_plus_validation,60.0,56.97129590054751,53.0
Batticaloa,2025-02-07,2025-02-15,2,test,train_plus_validation,81.0,58.012748557955724,60.0
Batticaloa,2025-02-14,2025-02-22,2,test,train_plus_validation,59.0,54.53958037908419,60.0
Batticaloa,2025-02-21,2025-03-01,2,test,train_plus_validation,56.0,62.77105287757654,81.0
Batticaloa,2025-02-28,2025-03-08,2,test,train_plus_validation,31.0,60.69332283960526,59.0
Batticaloa,2025-03-07,2025-03-15,2,test,train_plus_validation,28.0,53.246423724032006,56.0
Batticaloa,2025-03-14,2025-03-22,2,test,train_plus_validation,28.0,39.80886694136578,31.0
Batticaloa,2025-03-21,2025-03-29,2,test,train_plus_validation,46.0,34.99529630371259,28.0
Batticaloa,2025-03-28,2025-04-05,2,test,train_plus_validation,70.0,28.740143065251566,28.0
Batticaloa,2025-04-04,2025-04-12,2,test,train_plus_validation,62.0,40.52457631267811,46.0
Batticaloa,2025-04-11,2025-04-19,2,test,train_plus_validation,94.0,58.62027710781768,70.0
Batticaloa,2025-04-18,2025-04-26,2,test,train_plus_validation,84.0,59.99250920803614,62.0
Batticaloa,2025-04-25,2025-05-03,2,test,train_plus_validation,59.0,85.17100465933336,94.0
Batticaloa,2025-05-02,2025-05-10,2,test,train_plus_validation,58.0,83.39144471309821,84.0
Batticaloa,2025-05-09,2025-05-17,2,test,train_plus_validation,53.0,67.20142182634606,59.0
Batticaloa,2025-05-16,2025-05-24,2,test,train_plus_validation,52.0,52.85565971824566,58.0
Batticaloa,2025-05-23,2025-05-31,2,test,train_plus_validation,59.0,51.62013269308344,53.0
Batticaloa,2025-05-30,2025-06-07,2,test,train_plus_validation,30.0,45.66307813959514,52.0
Batticaloa,2025-06-06,2025-06-14,2,test,train_plus_validation,40.0,47.17727467566549,59.0
Batticaloa,2025-06-13,2025-06-21,2,test,train_plus_validation,16.0,28.354312331882827,30.0
Batticaloa,2025-06-20,2025-06-28,2,test,train_plus_validation,20.0,30.450552672050176,40.0
Batticaloa,2025-06-27,2025-07-05,2,test,train_plus_validation,13.0,24.062176969411617,16.0
Batticaloa,2025-07-04,2025-07-12,2,test,train_plus_validation,19.0,21.922755478488366,20.0
Batticaloa,2025-07-11,2025-07-19,2,test,train_plus_validation,6.0,15.012549670371394,13.0
Batticaloa,2025-07-18,2025-07-26,2,test,train_plus_validation,6.0,13.641953187327463,19.0
Batticaloa,2025-07-25,2025-08-02,2,test,train_plus_validation,12.0,9.965741156500298,6.0
Batticaloa,2025-08-01,2025-08-09,2,test,train_plus_validation,5.0,8.80138779156671,6.0
Batticaloa,2025-08-08,2025-08-16,2,test,train_plus_validation,6.0,9.624132039787536,12.0
Batticaloa,2025-08-15,2025-08-23,2,test,train_plus_validation,9.0,7.047610280020506,5.0
Batticaloa,2025-08-22,2025-08-30,2,test,train_plus_validation,8.0,6.181065388039662,6.0
Batticaloa,2025-08-29,2025-09-06,2,test,train_plus_validation,8.0,6.640018435977302,9.0
Batticaloa,2025-09-05,2025-09-13,2,test,train_plus_validation,9.0,6.15474914235828,8.0
Batticaloa,2025-09-12,2025-09-20,2,test,train_plus_validation,9.0,6.773560951148138,8.0
Batticaloa,2025-09-19,2025-09-27,2,test,train_plus_validation,14.0,8.415249922124554,9.0
Batticaloa,2025-09-26,2025-10-04,2,test,train_plus_validation,16.0,7.7828773905402455,9.0
Batticaloa,2025-10-03,2025-10-11,2,test,train_plus_validation,17.0,9.879789531242011,14.0
Batticaloa,2025-10-10,2025-10-18,2,test,train_plus_validation,13.0,13.431214826434422,16.0
Batticaloa,2025-10-17,2025-10-25,2,test,train_plus_validation,19.0,15.621835211114428,17.0
Batticaloa,2025-10-24,2025-11-01,2,test,train_plus_validation,29.0,15.173157589605951,13.0
Batticaloa,2025-10-31,2025-11-08,2,test,train_plus_validation,21.0,17.62250294230424,19.0
Batticaloa,2025-11-07,2025-11-15,2,test,train_plus_validation,21.0,22.51714141993915,29.0
Batticaloa,2025-11-14,2025-11-22,2,test,train_plus_validation,10.0,25.475348800462854,21.0
Batticaloa,2025-11-21,2025-11-29,2,test,train_plus_validation,16.0,24.43861350038025,21.0
Batticaloa,2025-11-28,2025-12-06,2,test,train_plus_validation,14.0,19.60984410690998,10.0
Batticaloa,2025-12-05,2025-12-13,2,test,train_plus_validation,20.0,21.629721868966666,16.0
Colombo,2024-12-27,2025-01-04,2,test,train_plus_validation,245.0,225.44964339176684,231.0
Colombo,2025-01-03,2025-01-11,2,test,train_plus_validation,247.0,193.8383590560235,200.0
Colombo,2025-01-10,2025-01-18,2,test,train_plus_validation,284.0,203.72343483729335,245.0
Colombo,2025-01-17,2025-01-25,2,test,train_plus_validation,225.0,220.12193952113083,247.0
Colombo,2025-01-24,2025-02-01,2,test,train_plus_validation,252.0,279.3650136508901,284.0
Colombo,2025-01-31,2025-02-08,2,test,train_plus_validation,252.0,248.15531631171996,225.0
Colombo,2025-02-07,2025-02-15,2,test,train_plus_validation,217.0,257.13541669295523,252.0
Colombo,2025-02-14,2025-02-22,2,test,train_plus_validation,219.0,242.34233314175475,252.0
Colombo,2025-02-21,2025-03-01,2,test,train_plus_validation,262.0,172.7698778111579,217.0
Colombo,2025-02-28,2025-03-08,2,test,train_plus_validation,214.0,161.87330182045758,219.0
Colombo,2025-03-07,2025-03-15,2,test,train_plus_validation,242.0,246.1116237582784,262.0
Colombo,2025-03-14,2025-03-22,2,test,train_plus_validation,239.0,190.07801956212683,214.0
Colombo,2025-03-21,2025-03-29,2,test,train_plus_validation,204.0,233.05925152572502,242.0
Colombo,2025-03-28,2025-04-05,2,test,train_plus_validation,277.0,251.30227825446866,239.0
Colombo,2025-04-04,2025-04-12,2,test,train_plus_validation,230.0,201.4107718330354,204.0
Colombo,2025-04-11,2025-04-19,2,test,train_plus_validation,306.0,288.40618733509825,277.0
Colombo,2025-04-18,2025-04-26,2,test,train_plus_validation,276.0,242.05386779116992,230.0
Colombo,2025-04-25,2025-05-03,2,test,train_plus_validation,310.0,346.3416271106559,306.0
Colombo,2025-05-02,2025-05-10,2,test,train_plus_validation,359.0,360.40024510535955,276.0
Colombo,2025-05-09,2025-05-17,2,test,train_plus_validation,336.0,307.2391635697623,310.0
Colombo,2025-05-16,2025-05-24,2,test,train_plus_validation,302.0,368.2863205276199,359.0
Colombo,2025-05-23,2025-05-31,2,test,train_plus_validation,245.0,389.2622305802959,336.0
Colombo,2025-05-30,2025-06-07,2,test,train_plus_validation,279.0,281.2778621735354,302.0
Colombo,2025-06-06,2025-06-14,2,test,train_plus_validation,316.0,199.74263824800585,245.0
Colombo,2025-06-13,2025-06-21,2,test,train_plus_validation,276.0,294.79370955954226,279.0
Colombo,2025-06-20,2025-06-28,2,test,train_plus_validation,285.0,339.72038378506926,316.0
Colombo,2025-06-27,2025-07-05,2,test,train_plus_validation,222.0,400.49789039005725,276.0
Colombo,2025-07-04,2025-07-12,2,test,train_plus_validation,226.0,369.13923282394995,285.0
Colombo,2025-07-11,2025-07-19,2,test,train_plus_validation,237.0,221.41229811598163,222.0
Colombo,2025-07-18,2025-07-26,2,test,train_plus_validation,246.0,168.40534431211202,226.0
Colombo,2025-07-25,2025-08-02,2,test,train_plus_validation,156.0,172.52845657581486,237.0
Colombo,2025-08-01,2025-08-09,2,test,train_plus_validation,87.0,190.0939638720066,246.0
Colombo,2025-08-08,2025-08-16,2,test,train_plus_validation,137.0,165.86585140764146,156.0
Colombo,2025-08-15,2025-08-23,2,test,train_plus_validation,104.0,89.17621397896623,87.0
Colombo,2025-08-22,2025-08-30,2,test,train_plus_validation,103.0,106.46490635703711,137.0
Colombo,2025-08-29,2025-09-06,2,test,train_plus_validation,117.0,82.00642493155331,104.0
Colombo,2025-09-05,2025-09-13,2,test,train_plus_validation,120.0,97.84813017541735,103.0
Colombo,2025-09-12,2025-09-20,2,test,train_plus_validation,155.0,107.40283739435841,117.0
Colombo,2025-09-19,2025-09-27,2,test,train_plus_validation,129.0,120.13081105558723,120.0
Colombo,2025-09-26,2025-10-04,2,test,train_plus_validation,130.0,165.24787506279927,155.0
Colombo,2025-10-03,2025-10-11,2,test,train_plus_validation,157.0,142.34325931274793,129.0
Colombo,2025-10-10,2025-10-18,2,test,train_plus_validation,214.0,139.05140824935177,130.0
Colombo,2025-10-17,2025-10-25,2,test,train_plus_validation,153.0,163.38224273968206,157.0
Colombo,2025-10-24,2025-11-01,2,test,train_plus_validation,184.0,202.7397193503043,214.0
Colombo,2025-10-31,2025-11-08,2,test,train_plus_validation,266.0,195.0486184011098,153.0
Colombo,2025-11-07,2025-11-15,2,test,train_plus_validation,226.0,235.36884726617396,184.0
Colombo,2025-11-14,2025-11-22,2,test,train_plus_validation,286.0,265.9300016996468,266.0
Colombo,2025-11-21,2025-11-29,2,test,train_plus_validation,272.0,215.27192937670458,226.0
Colombo,2025-11-28,2025-12-06,2,test,train_plus_validation,318.0,270.5810199997686,286.0
Colombo,2025-12-05,2025-12-13,2,test,train_plus_validation,340.0,291.95719549128506,272.0
Galle,2024-12-27,2025-01-04,2,test,train_plus_validation,82.0,29.508824229724564,25.0
Galle,2025-01-03,2025-01-11,2,test,train_plus_validation,51.0,36.704643545118664,30.0
Galle,2025-01-10,2025-01-18,2,test,train_plus_validation,48.0,61.68209533675538,82.0
Galle,2025-01-17,2025-01-25,2,test,train_plus_validation,53.0,54.03254706691348,51.0
Galle,2025-01-24,2025-02-01,2,test,train_plus_validation,44.0,53.501999327616225,48.0
Galle,2025-01-31,2025-02-08,2,test,train_plus_validation,44.0,52.09716326925607,53.0
Galle,2025-02-07,2025-02-15,2,test,train_plus_validation,43.0,46.61847090233907,44.0
Galle,2025-02-14,2025-02-22,2,test,train_plus_validation,21.0,43.915657343745934,44.0
Galle,2025-02-21,2025-03-01,2,test,train_plus_validation,40.0,42.89857746320322,43.0
Galle,2025-02-28,2025-03-08,2,test,train_plus_validation,24.0,29.741095744633608,21.0
Galle,2025-03-07,2025-03-15,2,test,train_plus_validation,35.0,36.19239356610615,40.0
Galle,2025-03-14,2025-03-22,2,test,train_plus_validation,31.0,30.027895143572152,24.0
Galle,2025-03-21,2025-03-29,2,test,train_plus_validation,34.0,35.56605662512464,35.0
Galle,2025-03-28,2025-04-05,2,test,train_plus_validation,29.0,36.82763143715058,31.0
Galle,2025-04-04,2025-04-12,2,test,train_plus_validation,23.0,35.743148763653096,34.0
Galle,2025-04-11,2025-04-19,2,test,train_plus_validation,55.0,32.5322171301108,29.0
Galle,2025-04-18,2025-04-26,2,test,train_plus_validation,29.0,27.155604568664906,23.0
Galle,2025-04-25,2025-05-03,2,test,train_plus_validation,32.0,46.00283495362036,55.0
Galle,2025-05-02,2025-05-10,2,test,train_plus_validation,44.0,37.03143660314165,29.0
Galle,2025-05-09,2025-05-17,2,test,train_plus_validation,56.0,33.88317489084307,32.0
Galle,2025-05-16,2025-05-24,2,test,train_plus_validation,44.0,40.32196875919209,44.0
Galle,2025-05-23,2025-05-31,2,test,train_plus_validation,49.0,54.799144360254815,56.0
Galle,2025-05-30,2025-06-07,2,test,train_plus_validation,44.0,46.99996843661584,44.0
Galle,2025-06-06,2025-06-14,2,test,train_plus_validation,73.0,48.92070240763827,49.0
Galle,2025-06-13,2025-06-21,2,test,train_plus_validation,79.0,45.89396927449822,44.0
Galle,2025-06-20,2025-06-28,2,test,train_plus_validation,47.0,62.43564043741618,73.0
Galle,2025-06-27,2025-07-05,2,test,train_plus_validation,56.0,71.40986413225853,79.0
Galle,2025-07-04,2025-07-12,2,test,train_plus_validation,43.0,65.64069648282147,47.0
Galle,2025-07-11,2025-07-19,2,test,train_plus_validation,66.0,58.68037084965418,56.0
Galle,2025-07-18,2025-07-26,2,test,train_plus_validation,44.0,44.54197049021849,43.0
Galle,2025-07-25,2025-08-02,2,test,train_plus_validation,37.0,57.501558096589314,66.0
Galle,2025-08-01,2025-08-09,2,test,train_plus_validation,48.0,44.970660013437964,44.0
Galle,2025-08-08,2025-08-16,2,test,train_plus_validation,27.0,40.75060406435053,37.0
Galle,2025-08-15,2025-08-23,2,test,train_plus_validation,37.0,47.57968774116211,48.0
Galle,2025-08-22,2025-08-30,2,test,train_plus_validation,33.0,33.03423320560937,27.0
Galle,2025-08-29,2025-09-06,2,test,train_plus_validation,44.0,34.62981633534853,37.0
Galle,2025-09-05,2025-09-13,2,test,train_plus_validation,29.0,36.98228055023087,33.0
Galle,2025-09-12,2025-09-20,2,test,train_plus_validation,35.0,39.89424561733737,44.0
Galle,2025-09-19,2025-09-27,2,test,train_plus_validation,30.0,32.945925640061624,29.0
Galle,2025-09-26,2025-10-04,2,test,train_plus_validation,34.0,36.72086315267563,35.0
Galle,2025-10-03,2025-10-11,2,test,train_plus_validation,40.0,32.53716666437421,30.0
Galle,2025-10-10,2025-10-18,2,test,train_plus_validation,29.0,36.806205169206066,34.0
Galle,2025-10-17,2025-10-25,2,test,train_plus_validation,30.0,42.15972998711575,40.0
Galle,2025-10-24,2025-11-01,2,test,train_plus_validation,27.0,30.838919715297575,29.0
Galle,2025-10-31,2025-11-08,2,test,train_plus_validation,36.0,30.800362289853208,30.0
Galle,2025-11-07,2025-11-15,2,test,train_plus_validation,48.0,31.829476060782813,27.0
Galle,2025-11-14,2025-11-22,2,test,train_plus_validation,68.0,37.94334242811133,36.0
Galle,2025-11-21,2025-11-29,2,test,train_plus_validation,68.0,47.022914327619766,48.0
Galle,2025-11-28,2025-12-06,2,test,train_plus_validation,81.0,59.14516410175255,68.0
Galle,2025-12-05,2025-12-13,2,test,train_plus_validation,82.0,60.3649887653835,68.0
Gampaha,2024-12-27,2025-01-04,2,test,train_plus_validation,191.0,114.42769278433424,131.0
Gampaha,2025-01-03,2025-01-11,2,test,train_plus_validation,157.0,162.0724609560963,186.0
Gampaha,2025-01-10,2025-01-18,2,test,train_plus_validation,184.0,184.56643198356605,191.0
Gampaha,2025-01-17,2025-01-25,2,test,train_plus_validation,162.0,151.08285167301995,157.0
Gampaha,2025-01-24,2025-02-01,2,test,train_plus_validation,131.0,174.7730949439586,184.0
Gampaha,2025-01-31,2025-02-08,2,test,train_plus_validation,131.0,157.70547984136414,162.0
Gampaha,2025-02-07,2025-02-15,2,test,train_plus_validation,132.0,126.48063743441769,131.0
Gampaha,2025-02-14,2025-02-22,2,test,train_plus_validation,119.0,116.01590381847937,131.0
Gampaha,2025-02-21,2025-03-01,2,test,train_plus_validation,142.0,110.12097245100159,132.0
Gampaha,2025-02-28,2025-03-08,2,test,train_plus_validation,132.0,95.7183986204121,119.0
Gampaha,2025-03-07,2025-03-15,2,test,train_plus_validation,125.0,123.17972446894123,142.0
Gampaha,2025-03-14,2025-03-22,2,test,train_plus_validation,135.0,126.41490303653082,132.0
Gampaha,2025-03-21,2025-03-29,2,test,train_plus_validation,135.0,118.31996707654196,125.0
Gampaha,2025-03-28,2025-04-05,2,test,train_plus_validation,137.0,124.71881842360378,135.0
Gampaha,2025-04-04,2025-04-12,2,test,train_plus_validation,171.0,128.79213057750917,135.0
Gampaha,2025-04-11,2025-04-19,2,test,train_plus_validation,166.0,137.5314778720315,137.0
Gampaha,2025-04-18,2025-04-26,2,test,train_plus_validation,158.0,156.96623838628793,171.0
Gampaha,2025-04-25,2025-05-03,2,test,train_plus_validation,194.0,181.12846056781433,166.0
Gampaha,2025-05-02,2025-05-10,2,test,train_plus_validation,224.0,201.9827894923956,158.0
Gampaha,2025-05-09,2025-05-17,2,test,train_plus_validation,208.0,207.2269588419058,194.0
Gampaha,2025-05-16,2025-05-24,2,test,train_plus_validation,197.0,215.61683288109424,224.0
Gampaha,2025-05-23,2025-05-31,2,test,train_plus_validation,228.0,231.1559174163682,208.0
Gampaha,2025-05-30,2025-06-07,2,test,train_plus_validation,207.0,200.7090623383529,197.0
Gampaha,2025-06-06,2025-06-14,2,test,train_plus_validation,217.0,210.80715711240504,228.0
Gampaha,2025-06-13,2025-06-21,2,test,train_plus_validation,167.0,222.95115048491485,207.0
Gampaha,2025-06-20,2025-06-28,2,test,train_plus_validation,181.0,218.33328575792282,217.0
Gampaha,2025-06-27,2025-07-05,2,test,train_plus_validation,154.0,182.0428659901382,167.0
Gampaha,2025-07-04,2025-07-12,2,test,train_plus_validation,193.0,227.81140217168948,181.0
Gampaha,2025-07-11,2025-07-19,2,test,train_plus_validation,175.0,180.8977304462476,154.0
Gampaha,2025-07-18,2025-07-26,2,test,train_plus_validation,148.0,174.16684895880965,193.0
Gampaha,2025-07-25,2025-08-02,2,test,train_plus_validation,96.0,158.3864918107296,175.0
Gampaha,2025-08-01,2025-08-09,2,test,train_plus_validation,91.0,140.5371187219112,148.0
Gampaha,2025-08-08,2025-08-16,2,test,train_plus_validation,108.0,96.55388618962725,96.0
Gampaha,2025-08-15,2025-08-23,2,test,train_plus_validation,63.0,85.0648988888495,91.0
Gampaha,2025-08-22,2025-08-30,2,test,train_plus_validation,58.0,84.0832738951364,108.0
Gampaha,2025-08-29,2025-09-06,2,test,train_plus_validation,92.0,67.54515086135545,63.0
Gampaha,2025-09-05,2025-09-13,2,test,train_plus_validation,93.0,61.67896107530193,58.0
Gampaha,2025-09-12,2025-09-20,2,test,train_plus_validation,78.0,78.27370493037182,92.0
Gampaha,2025-09-19,2025-09-27,2,test,train_plus_validation,56.0,90.32777853172743,93.0
Gampaha,2025-09-26,2025-10-04,2,test,train_plus_validation,82.0,78.06808798193008,78.0
Gampaha,2025-10-03,2025-10-11,2,test,train_plus_validation,83.0,66.51964925376532,56.0
Gampaha,2025-10-10,2025-10-18,2,test,train_plus_validation,95.0,73.0782776446499,82.0
Gampaha,2025-10-17,2025-10-25,2,test,train_plus_validation,112.0,78.8928505865777,83.0
Gampaha,2025-10-24,2025-11-01,2,test,train_plus_validation,128.0,89.7216752550099,95.0
Gampaha,2025-10-31,2025-11-08,2,test,train_plus_validation,131.0,112.12624196480702,112.0
Gampaha,2025-11-07,2025-11-15,2,test,train_plus_validation,159.0,134.57477016895356,128.0
Gampaha,2025-11-14,2025-11-22,2,test,train_plus_validation,138.0,153.76108056791244,131.0
Gampaha,2025-11-21,2025-11-29,2,test,train_plus_validation,186.0,154.18759137242546,159.0
Gampaha,2025-11-28,2025-12-06,2,test,train_plus_validation,202.0,153.04416062101365,138.0
Gampaha,2025-12-05,2025-12-13,2,test,train_plus_validation,214.0,174.8611737555635,186.0
Hambantota,2024-12-27,2025-01-04,2,test,train_plus_validation,35.0,23.673032675487743,21.0
Hambantota,2025-01-03,2025-01-11,2,test,train_plus_validation,32.0,39.87763785526526,36.0
Hambantota,2025-01-10,2025-01-18,2,test,train_plus_validation,24.0,36.616698930611705,35.0
Hambantota,2025-01-17,2025-01-25,2,test,train_plus_validation,22.0,34.7874292271608,32.0
Hambantota,2025-01-24,2025-02-01,2,test,train_plus_validation,15.0,29.487297962302435,24.0
Hambantota,2025-01-31,2025-02-08,2,test,train_plus_validation,15.0,26.309665087773254,22.0
Hambantota,2025-02-07,2025-02-15,2,test,train_plus_validation,10.0,24.152667768188586,15.0
Hambantota,2025-02-14,2025-02-22,2,test,train_plus_validation,12.0,19.427340622693862,15.0
Hambantota,2025-02-21,2025-03-01,2,test,train_plus_validation,17.0,14.891562587844746,10.0
Hambantota,2025-02-28,2025-03-08,2,test,train_plus_validation,14.0,12.982085341366513,12.0
Hambantota,2025-03-07,2025-03-15,2,test,train_plus_validation,18.0,14.647010125899651,17.0
Hambantota,2025-03-14,2025-03-22,2,test,train_plus_validation,12.0,14.715884885995237,14.0
Hambantota,2025-03-21,2025-03-29,2,test,train_plus_validation,13.0,17.517234209693346,18.0
Hambantota,2025-03-28,2025-04-05,2,test,train_plus_validation,10.0,17.023373799993802,12.0
Hambantota,2025-04-04,2025-04-12,2,test,train_plus_validation,12.0,17.765319221844116,13.0
Hambantota,2025-04-11,2025-04-19,2,test,train_plus_validation,23.0,15.960198800529696,10.0
Hambantota,2025-04-18,2025-04-26,2,test,train_plus_validation,24.0,14.452703134973216,12.0
Hambantota,2025-04-25,2025-05-03,2,test,train_plus_validation,16.0,18.868166397832997,23.0
Hambantota,2025-05-02,2025-05-10,2,test,train_plus_validation,20.0,24.18200470895551,24.0
Hambantota,2025-05-09,2025-05-17,2,test,train_plus_validation,20.0,20.90082504676873,16.0
Hambantota,2025-05-16,2025-05-24,2,test,train_plus_validation,8.0,20.26303302767455,20.0
Hambantota,2025-05-23,2025-05-31,2,test,train_plus_validation,24.0,23.516150881757742,20.0
Hambantota,2025-05-30,2025-06-07,2,test,train_plus_validation,15.0,16.883270983654278,8.0
Hambantota,2025-06-06,2025-06-14,2,test,train_plus_validation,22.0,18.347128642816777,24.0
Hambantota,2025-06-13,2025-06-21,2,test,train_plus_validation,21.0,15.539680729837347,15.0
Hambantota,2025-06-20,2025-06-28,2,test,train_plus_validation,24.0,18.54235116531716,22.0
Hambantota,2025-06-27,2025-07-05,2,test,train_plus_validation,31.0,18.80515395346241,21.0
Hambantota,2025-07-04,2025-07-12,2,test,train_plus_validation,46.0,18.803239488817727,24.0
Hambantota,2025-07-11,2025-07-19,2,test,train_plus_validation,31.0,25.7597566990905,31.0
Hambantota,2025-07-18,2025-07-26,2,test,train_plus_validation,24.0,32.5488282116626,46.0
Hambantota,2025-07-25,2025-08-02,2,test,train_plus_validation,17.0,30.662492559806395,31.0
Hambantota,2025-08-01,2025-08-09,2,test,train_plus_validation,15.0,21.107093359608406,24.0
Hambantota,2025-08-08,2025-08-16,2,test,train_plus_validation,7.0,16.83388501775035,17.0
Hambantota,2025-08-15,2025-08-23,2,test,train_plus_validation,18.0,16.074825871107763,15.0
Hambantota,2025-08-22,2025-08-30,2,test,train_plus_validation,9.0,10.370697616637676,7.0
Hambantota,2025-08-29,2025-09-06,2,test,train_plus_validation,9.0,11.629783085146904,18.0
Hambantota,2025-09-05,2025-09-13,2,test,train_plus_validation,7.0,9.865165271176375,9.0
Hambantota,2025-09-12,2025-09-20,2,test,train_plus_validation,19.0,8.75070320418069,9.0
Hambantota,2025-09-19,2025-09-27,2,test,train_plus_validation,15.0,7.430216960559055,7.0
Hambantota,2025-09-26,2025-10-04,2,test,train_plus_validation,10.0,12.201794826519258,19.0
Hambantota,2025-10-03,2025-10-11,2,test,train_plus_validation,10.0,12.818470146060857,15.0
Hambantota,2025-10-10,2025-10-18,2,test,train_plus_validation,6.0,12.169766081929334,10.0
Hambantota,2025-10-17,2025-10-25,2,test,train_plus_validation,14.0,11.865516266255478,10.0
Hambantota,2025-10-24,2025-11-01,2,test,train_plus_validation,18.0,10.03923975147634,6.0
Hambantota,2025-10-31,2025-11-08,2,test,train_plus_validation,14.0,12.15417194847892,14.0
Hambantota,2025-11-07,2025-11-15,2,test,train_plus_validation,15.0,14.285050563327683,18.0
Hambantota,2025-11-14,2025-11-22,2,test,train_plus_validation,13.0,16.04028498737322,14.0
Hambantota,2025-11-21,2025-11-29,2,test,train_plus_validation,24.0,16.24382278537765,15.0
Hambantota,2025-11-28,2025-12-06,2,test,train_plus_validation,28.0,16.0485096099538,13.0
Hambantota,2025-12-05,2025-12-13,2,test,train_plus_validation,42.0,17.658667077659143,24.0
Jaffna,2024-12-27,2025-01-04,2,test,train_plus_validation,52.0,91.05086261133371,76.0
Jaffna,2025-01-03,2025-01-11,2,test,train_plus_validation,37.0,80.94290133591844,58.0
Jaffna,2025-01-10,2025-01-18,2,test,train_plus_validation,57.0,56.88281903185809,52.0
Jaffna,2025-01-17,2025-01-25,2,test,train_plus_validation,39.0,44.62962541204187,37.0
Jaffna,2025-01-24,2025-02-01,2,test,train_plus_validation,35.0,54.46388354782382,57.0
Jaffna,2025-01-31,2025-02-08,2,test,train_plus_validation,35.0,44.65551129626199,39.0
Jaffna,2025-02-07,2025-02-15,2,test,train_plus_validation,30.0,41.38906692953241,35.0
Jaffna,2025-02-14,2025-02-22,2,test,train_plus_validation,28.0,40.260442187074474,35.0
Jaffna,2025-02-21,2025-03-01,2,test,train_plus_validation,15.0,31.706701912607777,30.0
Jaffna,2025-02-28,2025-03-08,2,test,train_plus_validation,23.0,25.306725559594152,28.0
Jaffna,2025-03-07,2025-03-15,2,test,train_plus_validation,25.0,20.190973711141847,15.0
Jaffna,2025-03-14,2025-03-22,2,test,train_plus_validation,24.0,22.616636025901204,23.0
Jaffna,2025-03-21,2025-03-29,2,test,train_plus_validation,15.0,27.106092247650874,25.0
Jaffna,2025-03-28,2025-04-05,2,test,train_plus_validation,11.0,25.062954125156683,24.0
Jaffna,2025-04-04,2025-04-12,2,test,train_plus_validation,18.0,21.933762240446992,15.0
Jaffna,2025-04-11,2025-04-19,2,test,train_plus_validation,44.0,18.10286690556264,11.0
Jaffna,2025-04-18,2025-04-26,2,test,train_plus_validation,20.0,15.406035460264805,18.0
Jaffna,2025-04-25,2025-05-03,2,test,train_plus_validation,18.0,30.256644336599408,44.0
Jaffna,2025-05-02,2025-05-10,2,test,train_plus_validation,27.0,26.869092427517295,20.0
Jaffna,2025-05-09,2025-05-17,2,test,train_plus_validation,35.0,17.885094359095792,18.0
Jaffna,2025-05-16,2025-05-24,2,test,train_plus_validation,20.0,20.586982447716977,27.0
Jaffna,2025-05-23,2025-05-31,2,test,train_plus_validation,26.0,31.759858910845878,35.0
Jaffna,2025-05-30,2025-06-07,2,test,train_plus_validation,25.0,27.70499569990447,20.0
Jaffna,2025-06-06,2025-06-14,2,test,train_plus_validation,24.0,25.14102601900125,26.0
Jaffna,2025-06-13,2025-06-21,2,test,train_plus_validation,12.0,28.24305371995426,25.0
Jaffna,2025-06-20,2025-06-28,2,test,train_plus_validation,17.0,24.106887805886334,24.0
Jaffna,2025-06-27,2025-07-05,2,test,train_plus_validation,26.0,18.628699188442976,12.0
Jaffna,2025-07-04,2025-07-12,2,test,train_plus_validation,31.0,17.215102581523286,17.0
Jaffna,2025-07-11,2025-07-19,2,test,train_plus_validation,19.0,20.007003728268145,26.0
Jaffna,2025-07-18,2025-07-26,2,test,train_plus_validation,15.0,26.515385512344928,31.0
Jaffna,2025-07-25,2025-08-02,2,test,train_plus_validation,9.0,20.16373352701832,19.0
Jaffna,2025-08-01,2025-08-09,2,test,train_plus_validation,20.0,15.999765190524531,15.0
Jaffna,2025-08-08,2025-08-16,2,test,train_plus_validation,6.0,14.956310111499311,9.0
Jaffna,2025-08-15,2025-08-23,2,test,train_plus_validation,12.0,22.103703656421782,20.0
Jaffna,2025-08-22,2025-08-30,2,test,train_plus_validation,22.0,13.045575800313127,6.0
Jaffna,2025-08-29,2025-09-06,2,test,train_plus_validation,14.0,13.37459427859271,12.0
Jaffna,2025-09-05,2025-09-13,2,test,train_plus_validation,5.0,18.286638952838775,22.0
Jaffna,2025-09-12,2025-09-20,2,test,train_plus_validation,14.0,16.830697870362187,14.0
Jaffna,2025-09-19,2025-09-27,2,test,train_plus_validation,18.0,13.035850411005137,5.0
Jaffna,2025-09-26,2025-10-04,2,test,train_plus_validation,19.0,15.789978168543175,14.0
Jaffna,2025-10-03,2025-10-11,2,test,train_plus_validation,26.0,16.17485834678821,18.0
Jaffna,2025-10-10,2025-10-18,2,test,train_plus_validation,26.0,19.21627877919256,19.0
Jaffna,2025-10-17,2025-10-25,2,test,train_plus_validation,55.0,26.49849044512958,26.0
Jaffna,2025-10-24,2025-11-01,2,test,train_plus_validation,54.0,35.135097538641425,26.0
Jaffna,2025-10-31,2025-11-08,2,test,train_plus_validation,54.0,50.11992776456385,55.0
Jaffna,2025-11-07,2025-11-15,2,test,train_plus_validation,57.0,62.24151155870919,54.0
Jaffna,2025-11-14,2025-11-22,2,test,train_plus_validation,49.0,61.35165820749156,54.0
Jaffna,2025-11-21,2025-11-29,2,test,train_plus_validation,58.0,63.88404825752283,57.0
Jaffna,2025-11-28,2025-12-06,2,test,train_plus_validation,78.0,58.90425476095864,49.0
Jaffna,2025-12-05,2025-12-13,2,test,train_plus_validation,76.0,71.56746066161817,58.0
Kalutara,2024-12-27,2025-01-04,2,test,train_plus_validation,24.0,39.90643308288615,34.0
Kalutara,2025-01-03,2025-01-11,2,test,train_plus_validation,51.0,65.48183734985746,65.0
Kalutara,2025-01-10,2025-01-18,2,test,train_plus_validation,38.0,37.873513373473614,24.0
Kalutara,2025-01-17,2025-01-25,2,test,train_plus_validation,29.0,45.16972744967709,51.0
Kalutara,2025-01-24,2025-02-01,2,test,train_plus_validation,29.0,40.83222222139374,38.0
Kalutara,2025-01-31,2025-02-08,2,test,train_plus_validation,29.0,32.30528159072839,29.0
Kalutara,2025-02-07,2025-02-15,2,test,train_plus_validation,44.0,28.918956545130225,29.0
Kalutara,2025-02-14,2025-02-22,2,test,train_plus_validation,31.0,29.10150845565317,29.0
Kalutara,2025-02-21,2025-03-01,2,test,train_plus_validation,43.0,35.8237678190805,44.0
Kalutara,2025-02-28,2025-03-08,2,test,train_plus_validation,37.0,31.93962427028575,31.0
Kalutara,2025-03-07,2025-03-15,2,test,train_plus_validation,35.0,35.07029915109838,43.0
Kalutara,2025-03-14,2025-03-22,2,test,train_plus_validation,30.0,36.28915410701621,37.0
Kalutara,2025-03-21,2025-03-29,2,test,train_plus_validation,39.0,37.99274699905137,35.0
Kalutara,2025-03-28,2025-04-05,2,test,train_plus_validation,36.0,34.824227873200364,30.0
Kalutara,2025-04-04,2025-04-12,2,test,train_plus_validation,42.0,35.21387442456138,39.0
Kalutara,2025-04-11,2025-04-19,2,test,train_plus_validation,64.0,38.87819815210697,36.0
Kalutara,2025-04-18,2025-04-26,2,test,train_plus_validation,59.0,40.74936277452425,42.0
Kalutara,2025-04-25,2025-05-03,2,test,train_plus_validation,63.0,57.38627952084329,64.0
Kalutara,2025-05-02,2025-05-10,2,test,train_plus_validation,35.0,61.278502794026565,59.0
Kalutara,2025-05-09,2025-05-17,2,test,train_plus_validation,92.0,61.97887895121574,63.0
Kalutara,2025-05-16,2025-05-24,2,test,train_plus_validation,71.0,45.183125282524536,35.0
Kalutara,2025-05-23,2025-05-31,2,test,train_plus_validation,68.0,81.48346426263667,92.0
Kalutara,2025-05-30,2025-06-07,2,test,train_plus_validation,74.0,73.84856722089998,71.0
Kalutara,2025-06-06,2025-06-14,2,test,train_plus_validation,62.0,68.33598187943365,68.0
Kalutara,2025-06-13,2025-06-21,2,test,train_plus_validation,92.0,70.21932532086628,74.0
Kalutara,2025-06-20,2025-06-28,2,test,train_plus_validation,57.0,72.76067161646054,62.0
Kalutara,2025-06-27,2025-07-05,2,test,train_plus_validation,66.0,110.26076492880003,92.0
Kalutara,2025-07-04,2025-07-12,2,test,train_plus_validation,80.0,88.01168359283763,57.0
Kalutara,2025-07-11,2025-07-19,2,test,train_plus_validation,53.0,75.97156033529707,66.0
Kalutara,2025-07-18,2025-07-26,2,test,train_plus_validation,30.0,66.19530331123724,80.0
Kalutara,2025-07-25,2025-08-02,2,test,train_plus_validation,47.0,56.918627449470605,53.0
Kalutara,2025-08-01,2025-08-09,2,test,train_plus_validation,56.0,36.612341204914394,30.0
Kalutara,2025-08-08,2025-08-16,2,test,train_plus_validation,39.0,44.401474380384535,47.0
Kalutara,2025-08-15,2025-08-23,2,test,train_plus_validation,40.0,51.76382561093947,56.0
Kalutara,2025-08-22,2025-08-30,2,test,train_plus_validation,34.0,39.14484174526348,39.0
Kalutara,2025-08-29,2025-09-06,2,test,train_plus_validation,32.0,39.75452058187758,40.0
Kalutara,2025-09-05,2025-09-13,2,test,train_plus_validation,27.0,37.35155547985169,34.0
Kalutara,2025-09-12,2025-09-20,2,test,train_plus_validation,43.0,34.18327688769671,32.0
Kalutara,2025-09-19,2025-09-27,2,test,train_plus_validation,32.0,31.763042951410387,27.0
Kalutara,2025-09-26,2025-10-04,2,test,train_plus_validation,35.0,39.87343179512221,43.0
Kalutara,2025-10-03,2025-10-11,2,test,train_plus_validation,24.0,36.36975299953103,32.0
Kalutara,2025-10-10,2025-10-18,2,test,train_plus_validation,35.0,37.98543561361828,35.0
Kalutara,2025-10-17,2025-10-25,2,test,train_plus_validation,32.0,31.254747483851393,24.0
Kalutara,2025-10-24,2025-11-01,2,test,train_plus_validation,27.0,36.686569912841165,35.0
Kalutara,2025-10-31,2025-11-08,2,test,train_plus_validation,35.0,35.9485968434131,32.0
Kalutara,2025-11-07,2025-11-15,2,test,train_plus_validation,34.0,31.064397931387866,27.0
Kalutara,2025-11-14,2025-11-22,2,test,train_plus_validation,57.0,38.79019804284715,35.0
Kalutara,2025-11-21,2025-11-29,2,test,train_plus_validation,63.0,37.165241922823576,34.0
Kalutara,2025-11-28,2025-12-06,2,test,train_plus_validation,53.0,51.66350331976811,57.0
Kalutara,2025-12-05,2025-12-13,2,test,train_plus_validation,85.0,56.43471945694164,63.0
Kandy,2024-12-27,2025-01-04,2,test,train_plus_validation,65.0,75.62829394399449,76.0
Kandy,2025-01-03,2025-01-11,2,test,train_plus_validation,77.0,69.92217497081715,66.0
Kandy,2025-01-10,2025-01-18,2,test,train_plus_validation,62.0,63.4033734320754,65.0
Kandy,2025-01-17,2025-01-25,2,test,train_plus_validation,80.0,65.20218525084653,77.0
Kandy,2025-01-24,2025-02-01,2,test,train_plus_validation,50.0,69.56805361373672,62.0
Kandy,2025-01-31,2025-02-08,2,test,train_plus_validation,50.0,68.44336324165201,80.0
Kandy,2025-02-07,2025-02-15,2,test,train_plus_validation,63.0,63.32956120071427,50.0
Kandy,2025-02-14,2025-02-22,2,test,train_plus_validation,58.0,57.19593198905324,50.0
Kandy,2025-02-21,2025-03-01,2,test,train_plus_validation,49.0,61.60340231236009,63.0
Kandy,2025-02-28,2025-03-08,2,test,train_plus_validation,59.0,50.95628433619818,58.0
Kandy,2025-03-07,2025-03-15,2,test,train_plus_validation,59.0,46.55091766994359,49.0
Kandy,2025-03-14,2025-03-22,2,test,train_plus_validation,56.0,53.01400601685551,59.0
Kandy,2025-03-21,2025-03-29,2,test,train_plus_validation,65.0,55.884696800405955,59.0
Kandy,2025-03-28,2025-04-05,2,test,train_plus_validation,50.0,56.83921568359064,56.0
Kandy,2025-04-04,2025-04-12,2,test,train_plus_validation,53.0,64.35507792394208,65.0
Kandy,2025-04-11,2025-04-19,2,test,train_plus_validation,73.0,56.37498581490199,50.0
Kandy,2025-04-18,2025-04-26,2,test,train_plus_validation,60.0,55.75388246812168,53.0
Kandy,2025-04-25,2025-05-03,2,test,train_plus_validation,77.0,66.09133210698825,73.0
Kandy,2025-05-02,2025-05-10,2,test,train_plus_validation,98.0,68.42528100565717,60.0
Kandy,2025-05-09,2025-05-17,2,test,train_plus_validation,126.0,70.59455956788109,77.0
Kandy,2025-05-16,2025-05-24,2,test,train_plus_validation,105.0,82.37317876740609,98.0
Kandy,2025-05-23,2025-05-31,2,test,train_plus_validation,126.0,130.62927307786734,126.0
Kandy,2025-05-30,2025-06-07,2,test,train_plus_validation,118.0,114.77828411360488,105.0
Kandy,2025-06-06,2025-06-14,2,test,train_plus_validation,192.0,118.7694006299243,126.0
Kandy,2025-06-13,2025-06-21,2,test,train_plus_validation,161.0,120.0349679060705,118.0
Kandy,2025-06-20,2025-06-28,2,test,train_plus_validation,174.0,194.49982987795207,192.0
Kandy,2025-06-27,2025-07-05,2,test,train_plus_validation,141.0,197.4882734956581,161.0
Kandy,2025-07-04,2025-07-12,2,test,train_plus_validation,184.0,180.49433401837834,174.0
Kandy,2025-07-11,2025-07-19,2,test,train_plus_validation,168.0,128.69887132648006,141.0
Kandy,2025-07-18,2025-07-26,2,test,train_plus_validation,107.0,152.42648044336647,184.0
Kandy,2025-07-25,2025-08-02,2,test,train_plus_validation,145.0,131.70072377221248,168.0
Kandy,2025-08-01,2025-08-09,2,test,train_plus_validation,80.0,98.16497297045217,107.0
Kandy,2025-08-08,2025-08-16,2,test,train_plus_validation,92.0,131.29947733689582,145.0
Kandy,2025-08-15,2025-08-23,2,test,train_plus_validation,94.0,91.16926833163336,80.0
Kandy,2025-08-22,2025-08-30,2,test,train_plus_validation,87.0,75.88189090233092,92.0
Kandy,2025-08-29,2025-09-06,2,test,train_plus_validation,60.0,71.50927348925322,94.0
Kandy,2025-09-05,2025-09-13,2,test,train_plus_validation,79.0,74.9164172561239,87.0
Kandy,2025-09-12,2025-09-20,2,test,train_plus_validation,37.0,60.5291066059189,60.0
Kandy,2025-09-19,2025-09-27,2,test,train_plus_validation,39.0,69.09423257388278,79.0
Kandy,2025-09-26,2025-10-04,2,test,train_plus_validation,44.0,51.68282463711365,37.0
Kandy,2025-10-03,2025-10-11,2,test,train_plus_validation,44.0,41.06931944272787,39.0
Kandy,2025-10-10,2025-10-18,2,test,train_plus_validation,52.0,44.027270732792466,44.0
Kandy,2025-10-17,2025-10-25,2,test,train_plus_validation,58.0,48.54426839150098,44.0
Kandy,2025-10-24,2025-11-01,2,test,train_plus_validation,56.0,52.5982181694958,52.0
Kandy,2025-10-31,2025-11-08,2,test,train_plus_validation,71.0,51.810977703873554,58.0
Kandy,2025-11-07,2025-11-15,2,test,train_plus_validation,88.0,56.31723006750854,56.0
Kandy,2025-11-14,2025-11-22,2,test,train_plus_validation,60.0,63.65165982022229,71.0
Kandy,2025-11-21,2025-11-29,2,test,train_plus_validation,50.0,86.97341796435158,88.0
Kandy,2025-11-28,2025-12-06,2,test,train_plus_validation,82.0,71.64383995710627,60.0
Kandy,2025-12-05,2025-12-13,2,test,train_plus_validation,85.0,61.407986518059424,50.0
Kegalle,2024-12-27,2025-01-04,2,test,train_plus_validation,40.0,35.58483415678232,44.0
Kegalle,2025-01-03,2025-01-11,2,test,train_plus_validation,34.0,57.54938827294251,64.0
Kegalle,2025-01-10,2025-01-18,2,test,train_plus_validation,26.0,43.36312013614632,40.0
Kegalle,2025-01-17,2025-01-25,2,test,train_plus_validation,24.0,37.04522378422024,34.0
Kegalle,2025-01-24,2025-02-01,2,test,train_plus_validation,29.0,32.29866997341393,26.0
Kegalle,2025-01-31,2025-02-08,2,test,train_plus_validation,29.0,26.818974751330057,24.0
Kegalle,2025-02-07,2025-02-15,2,test,train_plus_validation,35.0,26.601775317226913,29.0
Kegalle,2025-02-14,2025-02-22,2,test,train_plus_validation,22.0,26.728714936800273,29.0
Kegalle,2025-02-21,2025-03-01,2,test,train_plus_validation,43.0,29.81164061953203,35.0
Kegalle,2025-02-28,2025-03-08,2,test,train_plus_validation,20.0,22.30521655238015,22.0
Kegalle,2025-03-07,2025-03-15,2,test,train_plus_validation,32.0,31.925454848367554,43.0
Kegalle,2025-03-14,2025-03-22,2,test,train_plus_validation,24.0,23.713420323465055,20.0
Kegalle,2025-03-21,2025-03-29,2,test,train_plus_validation,20.0,29.563238697151796,32.0
Kegalle,2025-03-28,2025-04-05,2,test,train_plus_validation,29.0,25.95892211635277,24.0
Kegalle,2025-04-04,2025-04-12,2,test,train_plus_validation,13.0,23.71893976501312,20.0
Kegalle,2025-04-11,2025-04-19,2,test,train_plus_validation,35.0,24.69888979817214,29.0
Kegalle,2025-04-18,2025-04-26,2,test,train_plus_validation,38.0,20.23079945968356,13.0
Kegalle,2025-04-25,2025-05-03,2,test,train_plus_validation,43.0,32.77396960250668,35.0
Kegalle,2025-05-02,2025-05-10,2,test,train_plus_validation,45.0,38.106840288893025,38.0
Kegalle,2025-05-09,2025-05-17,2,test,train_plus_validation,43.0,40.266614277008564,43.0
Kegalle,2025-05-16,2025-05-24,2,test,train_plus_validation,61.0,40.4307871177135,45.0
Kegalle,2025-05-23,2025-05-31,2,test,train_plus_validation,54.0,43.79672616437801,43.0
Kegalle,2025-05-30,2025-06-07,2,test,train_plus_validation,46.0,55.08641513787769,61.0
Kegalle,2025-06-06,2025-06-14,2,test,train_plus_validation,48.0,51.68172974016755,54.0
Kegalle,2025-06-13,2025-06-21,2,test,train_plus_validation,35.0,48.921409438388686,46.0
Kegalle,2025-06-20,2025-06-28,2,test,train_plus_validation,39.0,51.2435434970205,48.0
Kegalle,2025-06-27,2025-07-05,2,test,train_plus_validation,30.0,43.278978687132586,35.0
Kegalle,2025-07-04,2025-07-12,2,test,train_plus_validation,41.0,42.044178211140675,39.0
Kegalle,2025-07-11,2025-07-19,2,test,train_plus_validation,33.0,35.66809883753135,30.0
Kegalle,2025-07-18,2025-07-26,2,test,train_plus_validation,29.0,38.204702026062705,41.0
Kegalle,2025-07-25,2025-08-02,2,test,train_plus_validation,31.0,35.9803960233609,33.0
Kegalle,2025-08-01,2025-08-09,2,test,train_plus_validation,19.0,31.316081367533773,29.0
Kegalle,2025-08-08,2025-08-16,2,test,train_plus_validation,24.0,33.647461124933095,31.0
Kegalle,2025-08-15,2025-08-23,2,test,train_plus_validation,27.0,26.482713446980465,19.0
Kegalle,2025-08-22,2025-08-30,2,test,train_plus_validation,19.0,23.373018160041678,24.0
Kegalle,2025-08-29,2025-09-06,2,test,train_plus_validation,67.0,25.061790852526787,27.0
Kegalle,2025-09-05,2025-09-13,2,test,train_plus_validation,20.0,21.929260524156895,19.0
Kegalle,2025-09-12,2025-09-20,2,test,train_plus_validation,18.0,51.27153583568675,67.0
Kegalle,2025-09-19,2025-09-27,2,test,train_plus_validation,19.0,33.28374410704918,20.0
Kegalle,2025-09-26,2025-10-04,2,test,train_plus_validation,18.0,27.699005752562734,18.0
Kegalle,2025-10-03,2025-10-11,2,test,train_plus_validation,11.0,22.70213174188156,19.0
Kegalle,2025-10-10,2025-10-18,2,test,train_plus_validation,17.0,21.637982309878893,18.0
Kegalle,2025-10-17,2025-10-25,2,test,train_plus_validation,19.0,17.938159223227597,11.0
Kegalle,2025-10-24,2025-11-01,2,test,train_plus_validation,17.0,19.046161532641392,17.0
Kegalle,2025-10-31,2025-11-08,2,test,train_plus_validation,18.0,20.243359700436404,19.0
Kegalle,2025-11-07,2025-11-15,2,test,train_plus_validation,34.0,22.706080316145687,17.0
Kegalle,2025-11-14,2025-11-22,2,test,train_plus_validation,30.0,27.660920171655867,18.0
Kegalle,2025-11-21,2025-11-29,2,test,train_plus_validation,18.0,40.27289969533792,34.0
Kegalle,2025-11-28,2025-12-06,2,test,train_plus_validation,36.0,32.248730596623744,30.0
Kegalle,2025-12-05,2025-12-13,2,test,train_plus_validation,37.0,23.571818685379412,18.0
Kilinochchi,2024-12-27,2025-01-04,2,test,train_plus_validation,8.0,13.312657399845099,5.0
Kilinochchi,2025-01-03,2025-01-11,2,test,train_plus_validation,3.0,12.323569207297766,5.0
Kilinochchi,2025-01-10,2025-01-18,2,test,train_plus_validation,6.0,8.66146293302803,8.0
Kilinochchi,2025-01-17,2025-01-25,2,test,train_plus_validation,3.0,5.205606505025597,3.0
Kilinochchi,2025-01-24,2025-02-01,2,test,train_plus_validation,2.0,6.893166220321485,6.0
Kilinochchi,2025-01-31,2025-02-08,2,test,train_plus_validation,2.0,4.959156146749868,3.0
Kilinochchi,2025-02-07,2025-02-15,2,test,train_plus_validation,2.0,5.271725217419375,2.0
Kilinochchi,2025-02-14,2025-02-22,2,test,train_plus_validation,1.0,4.430793684861428,2.0
Kilinochchi,2025-02-21,2025-03-01,2,test,train_plus_validation,3.0,2.7943422888450535,2.0
Kilinochchi,2025-02-28,2025-03-08,2,test,train_plus_validation,6.0,2.85967094646476,1.0
Kilinochchi,2025-03-07,2025-03-15,2,test,train_plus_validation,0.0,2.612752533748514,3.0
Kilinochchi,2025-03-14,2025-03-22,2,test,train_plus_validation,2.0,4.698628589320994,6.0
Kilinochchi,2025-03-21,2025-03-29,2,test,train_plus_validation,0.0,4.3005765021148346,0.0
Kilinochchi,2025-03-28,2025-04-05,2,test,train_plus_validation,1.0,3.1127558979043775,2.0
Kilinochchi,2025-04-04,2025-04-12,2,test,train_plus_validation,1.0,2.9264423683417586,0.0
Kilinochchi,2025-04-11,2025-04-19,2,test,train_plus_validation,7.0,2.637876376505376,1.0
Kilinochchi,2025-04-18,2025-04-26,2,test,train_plus_validation,1.0,1.9841688172657634,1.0
Kilinochchi,2025-04-25,2025-05-03,2,test,train_plus_validation,1.0,4.038814212329907,7.0
Kilinochchi,2025-05-02,2025-05-10,2,test,train_plus_validation,4.0,2.7098707529014003,1.0
Kilinochchi,2025-05-09,2025-05-17,2,test,train_plus_validation,2.0,2.087300569629072,1.0
Kilinochchi,2025-05-16,2025-05-24,2,test,train_plus_validation,2.0,2.3695603296762813,4.0
Kilinochchi,2025-05-23,2025-05-31,2,test,train_plus_validation,1.0,3.234748884236781,2.0
Kilinochchi,2025-05-30,2025-06-07,2,test,train_plus_validation,2.0,1.9933784207449685,2.0
Kilinochchi,2025-06-06,2025-06-14,2,test,train_plus_validation,0.0,2.0178962373939844,1.0
Kilinochchi,2025-06-13,2025-06-21,2,test,train_plus_validation,1.0,1.9761414541327738,2.0
Kilinochchi,2025-06-20,2025-06-28,2,test,train_plus_validation,2.0,1.8649439283460658,0.0
Kilinochchi,2025-06-27,2025-07-05,2,test,train_plus_validation,0.0,2.9451668924949805,1.0
Kilinochchi,2025-07-04,2025-07-12,2,test,train_plus_validation,3.0,2.644353253180305,2.0
Kilinochchi,2025-07-11,2025-07-19,2,test,train_plus_validation,1.0,2.1770987670486175,0.0
Kilinochchi,2025-07-18,2025-07-26,2,test,train_plus_validation,0.0,1.2931526863337135,3.0
Kilinochchi,2025-07-25,2025-08-02,2,test,train_plus_validation,0.0,1.5987428192610598,1.0
Kilinochchi,2025-08-01,2025-08-09,2,test,train_plus_validation,2.0,1.35019586499839,0.0
Kilinochchi,2025-08-08,2025-08-16,2,test,train_plus_validation,0.0,1.5630471623939453,0.0
Kilinochchi,2025-08-15,2025-08-23,2,test,train_plus_validation,0.0,1.3441367386042926,2.0
Kilinochchi,2025-08-22,2025-08-30,2,test,train_plus_validation,2.0,1.2599572143866167,0.0
Kilinochchi,2025-08-29,2025-09-06,2,test,train_plus_validation,1.0,1.2147023500071963,0.0
Kilinochchi,2025-09-05,2025-09-13,2,test,train_plus_validation,1.0,1.4187252242918609,2.0
Kilinochchi,2025-09-12,2025-09-20,2,test,train_plus_validation,0.0,1.885245831221848,1.0
Kilinochchi,2025-09-19,2025-09-27,2,test,train_plus_validation,3.0,2.4671796520759055,1.0
Kilinochchi,2025-09-26,2025-10-04,2,test,train_plus_validation,4.0,2.010218252658224,0.0
Kilinochchi,2025-10-03,2025-10-11,2,test,train_plus_validation,2.0,1.997430042174777,3.0
Kilinochchi,2025-10-10,2025-10-18,2,test,train_plus_validation,2.0,2.812114660268854,4.0
Kilinochchi,2025-10-17,2025-10-25,2,test,train_plus_validation,2.0,2.903548873587422,2.0
Kilinochchi,2025-10-24,2025-11-01,2,test,train_plus_validation,6.0,3.950209234446855,2.0
Kilinochchi,2025-10-31,2025-11-08,2,test,train_plus_validation,5.0,3.733502241618216,2.0
Kilinochchi,2025-11-07,2025-11-15,2,test,train_plus_validation,3.0,5.781666944918307,6.0
Kilinochchi,2025-11-14,2025-11-22,2,test,train_plus_validation,1.0,6.362226251482259,5.0
Kilinochchi,2025-11-21,2025-11-29,2,test,train_plus_validation,4.0,5.3779290414129655,3.0
Kilinochchi,2025-11-28,2025-12-06,2,test,train_plus_validation,10.0,5.210214812056817,1.0
Kilinochchi,2025-12-05,2025-12-13,2,test,train_plus_validation,5.0,6.1491537313910385,4.0
Kurunegala,2024-12-27,2025-01-04,2,test,train_plus_validation,39.0,35.688540124364856,26.0
Kurunegala,2025-01-03,2025-01-11,2,test,train_plus_validation,30.0,32.48740401900168,26.0
Kurunegala,2025-01-10,2025-01-18,2,test,train_plus_validation,34.0,34.48557862015099,39.0
Kurunegala,2025-01-17,2025-01-25,2,test,train_plus_validation,18.0,30.860689791580675,30.0
Kurunegala,2025-01-24,2025-02-01,2,test,train_plus_validation,27.0,35.16884401172375,34.0
Kurunegala,2025-01-31,2025-02-08,2,test,train_plus_validation,27.0,25.636325551324095,18.0
Kurunegala,2025-02-07,2025-02-15,2,test,train_plus_validation,20.0,26.886459740820417,27.0
Kurunegala,2025-02-14,2025-02-22,2,test,train_plus_validation,25.0,27.256324103336482,27.0
Kurunegala,2025-02-21,2025-03-01,2,test,train_plus_validation,17.0,21.894658786847895,20.0
Kurunegala,2025-02-28,2025-03-08,2,test,train_plus_validation,23.0,20.849505911638254,25.0
Kurunegala,2025-03-07,2025-03-15,2,test,train_plus_validation,21.0,16.955231224928635,17.0
Kurunegala,2025-03-14,2025-03-22,2,test,train_plus_validation,19.0,18.733127577548867,23.0
Kurunegala,2025-03-21,2025-03-29,2,test,train_plus_validation,19.0,21.69486464869473,21.0
Kurunegala,2025-03-28,2025-04-05,2,test,train_plus_validation,17.0,18.540937389539742,19.0
Kurunegala,2025-04-04,2025-04-12,2,test,train_plus_validation,13.0,19.752798562568252,19.0
Kurunegala,2025-04-11,2025-04-19,2,test,train_plus_validation,53.0,18.96382416470886,17.0
Kurunegala,2025-04-18,2025-04-26,2,test,train_plus_validation,34.0,16.698728877666255,13.0
Kurunegala,2025-04-25,2025-05-03,2,test,train_plus_validation,30.0,42.163028489502196,53.0
Kurunegala,2025-05-02,2025-05-10,2,test,train_plus_validation,44.0,39.036787202634564,34.0
Kurunegala,2025-05-09,2025-05-17,2,test,train_plus_validation,47.0,31.238696690870132,30.0
Kurunegala,2025-05-16,2025-05-24,2,test,train_plus_validation,60.0,38.40819291482161,44.0
Kurunegala,2025-05-23,2025-05-31,2,test,train_plus_validation,43.0,45.617585708238146,47.0
Kurunegala,2025-05-30,2025-06-07,2,test,train_plus_validation,68.0,56.183368022743444,60.0
Kurunegala,2025-06-06,2025-06-14,2,test,train_plus_validation,77.0,45.10276960005617,43.0
Kurunegala,2025-06-13,2025-06-21,2,test,train_plus_validation,70.0,58.37034097333907,68.0
Kurunegala,2025-06-20,2025-06-28,2,test,train_plus_validation,51.0,68.08939419816862,77.0
Kurunegala,2025-06-27,2025-07-05,2,test,train_plus_validation,50.0,82.73792280782853,70.0
Kurunegala,2025-07-04,2025-07-12,2,test,train_plus_validation,49.0,71.4154422928105,51.0
Kurunegala,2025-07-11,2025-07-19,2,test,train_plus_validation,84.0,51.35290455748942,50.0
Kurunegala,2025-07-18,2025-07-26,2,test,train_plus_validation,39.0,48.23655370100148,49.0
Kurunegala,2025-07-25,2025-08-02,2,test,train_plus_validation,37.0,65.51855793493579,84.0
Kurunegala,2025-08-01,2025-08-09,2,test,train_plus_validation,23.0,43.483093089242885,39.0
Kurunegala,2025-08-08,2025-08-16,2,test,train_plus_validation,24.0,39.057622199740294,37.0
Kurunegala,2025-08-15,2025-08-23,2,test,train_plus_validation,24.0,33.90715367137887,23.0
Kurunegala,2025-08-22,2025-08-30,2,test,train_plus_validation,8.0,27.980858932744017,24.0
Kurunegala,2025-08-29,2025-09-06,2,test,train_plus_validation,19.0,23.08490899706114,24.0
Kurunegala,2025-09-05,2025-09-13,2,test,train_plus_validation,15.0,15.104049418958356,8.0
Kurunegala,2025-09-12,2025-09-20,2,test,train_plus_validation,19.0,15.772321640089546,19.0
Kurunegala,2025-09-19,2025-09-27,2,test,train_plus_validation,8.0,16.128548197285234,15.0
Kurunegala,2025-09-26,2025-10-04,2,test,train_plus_validation,15.0,17.352383360275553,19.0
Kurunegala,2025-10-03,2025-10-11,2,test,train_plus_validation,24.0,12.66208572095658,8.0
Kurunegala,2025-10-10,2025-10-18,2,test,train_plus_validation,17.0,16.33750758574769,15.0
Kurunegala,2025-10-17,2025-10-25,2,test,train_plus_validation,15.0,21.324986779505828,24.0
Kurunegala,2025-10-24,2025-11-01,2,test,train_plus_validation,13.0,21.71577197197145,17.0
Kurunegala,2025-10-31,2025-11-08,2,test,train_plus_validation,20.0,19.365875821329187,15.0
Kurunegala,2025-11-07,2025-11-15,2,test,train_plus_validation,23.0,20.20024448303979,13.0
Kurunegala,2025-11-14,2025-11-22,2,test,train_plus_validation,21.0,29.893437771457794,20.0
Kurunegala,2025-11-21,2025-11-29,2,test,train_plus_validation,19.0,25.770670626326776,23.0
Kurunegala,2025-11-28,2025-12-06,2,test,train_plus_validation,24.0,24.336513438650346,21.0
Kurunegala,2025-12-05,2025-12-13,2,test,train_plus_validation,32.0,21.882583263420234,19.0
Mannar,2024-12-27,2025-01-04,2,test,train_plus_validation,15.0,13.457541722318021,12.0
Mannar,2025-01-03,2025-01-11,2,test,train_plus_validation,12.0,20.684738617486584,11.0
Mannar,2025-01-10,2025-01-18,2,test,train_plus_validation,7.0,14.86923719200868,15.0
Mannar,2025-01-17,2025-01-25,2,test,train_plus_validation,12.0,13.440206004923994,12.0
Mannar,2025-01-24,2025-02-01,2,test,train_plus_validation,3.0,10.449539467222886,7.0
Mannar,2025-01-31,2025-02-08,2,test,train_plus_validation,3.0,11.630617579844152,12.0
Mannar,2025-02-07,2025-02-15,2,test,train_plus_validation,4.0,8.165556244064177,3.0
Mannar,2025-02-14,2025-02-22,2,test,train_plus_validation,3.0,6.77223478017684,3.0
Mannar,2025-02-21,2025-03-01,2,test,train_plus_validation,0.0,4.553651849777306,4.0
Mannar,2025-02-28,2025-03-08,2,test,train_plus_validation,2.0,4.161848360345051,3.0
Mannar,2025-03-07,2025-03-15,2,test,train_plus_validation,2.0,3.033737306203378,0.0
Mannar,2025-03-14,2025-03-22,2,test,train_plus_validation,4.0,2.604042740026212,2.0
Mannar,2025-03-21,2025-03-29,2,test,train_plus_validation,2.0,3.44328104708107,2.0
Mannar,2025-03-28,2025-04-05,2,test,train_plus_validation,1.0,3.2249851553549718,4.0
Mannar,2025-04-04,2025-04-12,2,test,train_plus_validation,2.0,2.99396413420751,2.0
Mannar,2025-04-11,2025-04-19,2,test,train_plus_validation,1.0,3.385897222347557,1.0
Mannar,2025-04-18,2025-04-26,2,test,train_plus_validation,6.0,2.7201338701028215,2.0
Mannar,2025-04-25,2025-05-03,2,test,train_plus_validation,1.0,2.692890724415937,1.0
Mannar,2025-05-02,2025-05-10,2,test,train_plus_validation,3.0,4.394234428788376,6.0
Mannar,2025-05-09,2025-05-17,2,test,train_plus_validation,4.0,2.8199895209732597,1.0
Mannar,2025-05-16,2025-05-24,2,test,train_plus_validation,2.0,2.038816702278512,3.0
Mannar,2025-05-23,2025-05-31,2,test,train_plus_validation,3.0,3.0767862573258773,4.0
Mannar,2025-05-30,2025-06-07,2,test,train_plus_validation,2.0,3.70022960720012,2.0
Mannar,2025-06-06,2025-06-14,2,test,train_plus_validation,4.0,2.5760701832504385,3.0
Mannar,2025-06-13,2025-06-21,2,test,train_plus_validation,0.0,3.4896628865802293,2.0
Mannar,2025-06-20,2025-06-28,2,test,train_plus_validation,2.0,3.2261986512200282,4.0
Mannar,2025-06-27,2025-07-05,2,test,train_plus_validation,1.0,3.4860433989827797,0.0
Mannar,2025-07-04,2025-07-12,2,test,train_plus_validation,2.0,2.8363743778731196,2.0
Mannar,2025-07-11,2025-07-19,2,test,train_plus_validation,4.0,2.290059081347758,1.0
Mannar,2025-07-18,2025-07-26,2,test,train_plus_validation,2.0,1.4934393305732248,2.0
Mannar,2025-07-25,2025-08-02,2,test,train_plus_validation,3.0,2.240875034723859,4.0
Mannar,2025-08-01,2025-08-09,2,test,train_plus_validation,1.0,1.65917985010459,2.0
Mannar,2025-08-08,2025-08-16,2,test,train_plus_validation,1.0,1.65917985010459,3.0
Mannar,2025-08-15,2025-08-23,2,test,train_plus_validation,2.0,1.65917985010459,1.0
Mannar,2025-08-22,2025-08-30,2,test,train_plus_validation,2.0,1.4876739959465457,1.0
Mannar,2025-08-29,2025-09-06,2,test,train_plus_validation,2.0,1.3729175286857582,2.0
Mannar,2025-09-05,2025-09-13,2,test,train_plus_validation,3.0,1.7213127073031487,2.0
Mannar,2025-09-12,2025-09-20,2,test,train_plus_validation,2.0,2.11715105698331,2.0
Mannar,2025-09-19,2025-09-27,2,test,train_plus_validation,0.0,2.5861990927691436,3.0
Mannar,2025-09-26,2025-10-04,2,test,train_plus_validation,1.0,2.789738322144772,2.0
Mannar,2025-10-03,2025-10-11,2,test,train_plus_validation,3.0,2.202239377351037,0.0
Mannar,2025-10-10,2025-10-18,2,test,train_plus_validation,5.0,2.69832650909934,1.0
Mannar,2025-10-17,2025-10-25,2,test,train_plus_validation,7.0,2.927163506270265,3.0
Mannar,2025-10-24,2025-11-01,2,test,train_plus_validation,6.0,5.159142873172269,5.0
Mannar,2025-10-31,2025-11-08,2,test,train_plus_validation,12.0,5.421846228083967,7.0
Mannar,2025-11-07,2025-11-15,2,test,train_plus_validation,5.0,8.487642943263145,6.0
Mannar,2025-11-14,2025-11-22,2,test,train_plus_validation,5.0,12.808584871251647,12.0
Mannar,2025-11-21,2025-11-29,2,test,train_plus_validation,0.0,10.679876693826722,5.0
Mannar,2025-11-28,2025-12-06,2,test,train_plus_validation,5.0,8.763548794736918,5.0
Mannar,2025-12-05,2025-12-13,2,test,train_plus_validation,0.0,9.270277011749966,0.0
Matale,2024-12-27,2025-01-04,2,test,train_plus_validation,39.0,53.21699928535394,34.0
Matale,2025-01-03,2025-01-11,2,test,train_plus_validation,44.0,54.3343110786654,52.0
Matale,2025-01-10,2025-01-18,2,test,train_plus_validation,39.0,38.26771665225496,39.0
Matale,2025-01-17,2025-01-25,2,test,train_plus_validation,45.0,42.36012422185724,44.0
Matale,2025-01-24,2025-02-01,2,test,train_plus_validation,38.0,40.08287335440509,39.0
Matale,2025-01-31,2025-02-08,2,test,train_plus_validation,38.0,40.81122386925681,45.0
Matale,2025-02-07,2025-02-15,2,test,train_plus_validation,40.0,38.588907899098416,38.0
Matale,2025-02-14,2025-02-22,2,test,train_plus_validation,28.0,34.5029689256087,38.0
Matale,2025-02-21,2025-03-01,2,test,train_plus_validation,39.0,35.5337408607449,40.0
Matale,2025-02-28,2025-03-08,2,test,train_plus_validation,22.0,26.361646341493774,28.0
Matale,2025-03-07,2025-03-15,2,test,train_plus_validation,20.0,28.88395920356555,39.0
Matale,2025-03-14,2025-03-22,2,test,train_plus_validation,32.0,25.776776391936515,22.0
Matale,2025-03-21,2025-03-29,2,test,train_plus_validation,21.0,25.347851426340185,20.0
Matale,2025-03-28,2025-04-05,2,test,train_plus_validation,30.0,30.624997866130016,32.0
Matale,2025-04-04,2025-04-12,2,test,train_plus_validation,28.0,28.6359144701433,21.0
Matale,2025-04-11,2025-04-19,2,test,train_plus_validation,42.0,29.061959155629033,30.0
Matale,2025-04-18,2025-04-26,2,test,train_plus_validation,28.0,27.10882808097295,28.0
Matale,2025-04-25,2025-05-03,2,test,train_plus_validation,23.0,38.609217730587275,42.0
Matale,2025-05-02,2025-05-10,2,test,train_plus_validation,16.0,31.88610275757639,28.0
Matale,2025-05-09,2025-05-17,2,test,train_plus_validation,20.0,25.995957381816307,23.0
Matale,2025-05-16,2025-05-24,2,test,train_plus_validation,20.0,21.690991750212707,16.0
Matale,2025-05-23,2025-05-31,2,test,train_plus_validation,24.0,24.0224794914459,20.0
Matale,2025-05-30,2025-06-07,2,test,train_plus_validation,17.0,22.317040266618502,20.0
Matale,2025-06-06,2025-06-14,2,test,train_plus_validation,24.0,22.65471892370757,24.0
Matale,2025-06-13,2025-06-21,2,test,train_plus_validation,23.0,20.605453166207905,17.0
Matale,2025-06-20,2025-06-28,2,test,train_plus_validation,14.0,23.056113069913273,24.0
Matale,2025-06-27,2025-07-05,2,test,train_plus_validation,12.0,25.600737226062066,23.0
Matale,2025-07-04,2025-07-12,2,test,train_plus_validation,19.0,20.176761354590692,14.0
Matale,2025-07-11,2025-07-19,2,test,train_plus_validation,27.0,17.231902567765232,12.0
Matale,2025-07-18,2025-07-26,2,test,train_plus_validation,19.0,15.497920634176014,19.0
Matale,2025-07-25,2025-08-02,2,test,train_plus_validation,17.0,20.312616585155016,27.0
Matale,2025-08-01,2025-08-09,2,test,train_plus_validation,13.0,19.5153417038307,19.0
Matale,2025-08-08,2025-08-16,2,test,train_plus_validation,17.0,18.605843764177042,17.0
Matale,2025-08-15,2025-08-23,2,test,train_plus_validation,11.0,16.836635538006412,13.0
Matale,2025-08-22,2025-08-30,2,test,train_plus_validation,31.0,15.818392861355282,17.0
Matale,2025-08-29,2025-09-06,2,test,train_plus_validation,22.0,13.511183605488643,11.0
Matale,2025-09-05,2025-09-13,2,test,train_plus_validation,34.0,25.092403242899902,31.0
Matale,2025-09-12,2025-09-20,2,test,train_plus_validation,24.0,21.753432264029534,22.0
Matale,2025-09-19,2025-09-27,2,test,train_plus_validation,19.0,32.293980242842274,34.0
Matale,2025-09-26,2025-10-04,2,test,train_plus_validation,9.0,25.6602848978969,24.0
Matale,2025-10-03,2025-10-11,2,test,train_plus_validation,15.0,21.718808051109757,19.0
Matale,2025-10-10,2025-10-18,2,test,train_plus_validation,24.0,13.207088148883244,9.0
Matale,2025-10-17,2025-10-25,2,test,train_plus_validation,22.0,17.19665904375532,15.0
Matale,2025-10-24,2025-11-01,2,test,train_plus_validation,12.0,20.98136889939773,24.0
Matale,2025-10-31,2025-11-08,2,test,train_plus_validation,22.0,23.347491992248518,22.0
Matale,2025-11-07,2025-11-15,2,test,train_plus_validation,20.0,23.577173183526956,12.0
Matale,2025-11-14,2025-11-22,2,test,train_plus_validation,15.0,30.143668192082796,22.0
Matale,2025-11-21,2025-11-29,2,test,train_plus_validation,21.0,23.400647762609708,20.0
Matale,2025-11-28,2025-12-06,2,test,train_plus_validation,25.0,20.153996462844816,15.0
Matale,2025-12-05,2025-12-13,2,test,train_plus_validation,16.0,25.686799853565105,21.0
Matara,2024-12-27,2025-01-04,2,test,train_plus_validation,23.0,23.52538358957232,26.0
Matara,2025-01-03,2025-01-11,2,test,train_plus_validation,45.0,33.154797658216985,28.0
Matara,2025-01-10,2025-01-18,2,test,train_plus_validation,32.0,26.99566121763651,23.0
Matara,2025-01-17,2025-01-25,2,test,train_plus_validation,59.0,38.59646620789727,45.0
Matara,2025-01-24,2025-02-01,2,test,train_plus_validation,34.0,38.223545068212026,32.0
Matara,2025-01-31,2025-02-08,2,test,train_plus_validation,34.0,50.75923639083631,59.0
Matara,2025-02-07,2025-02-15,2,test,train_plus_validation,35.0,41.77758176060944,34.0
Matara,2025-02-14,2025-02-22,2,test,train_plus_validation,24.0,37.945737776505645,34.0
Matara,2025-02-21,2025-03-01,2,test,train_plus_validation,50.0,38.02700426948306,35.0
Matara,2025-02-28,2025-03-08,2,test,train_plus_validation,32.0,29.127893272725746,24.0
Matara,2025-03-07,2025-03-15,2,test,train_plus_validation,30.0,42.79507074456808,50.0
Matara,2025-03-14,2025-03-22,2,test,train_plus_validation,44.0,36.696395693647865,32.0
Matara,2025-03-21,2025-03-29,2,test,train_plus_validation,38.0,34.00204156878264,30.0
Matara,2025-03-28,2025-04-05,2,test,train_plus_validation,32.0,41.3284561307659,44.0
Matara,2025-04-04,2025-04-12,2,test,train_plus_validation,35.0,39.470589094727764,38.0
Matara,2025-04-11,2025-04-19,2,test,train_plus_validation,38.0,36.923389908826415,32.0
Matara,2025-04-18,2025-04-26,2,test,train_plus_validation,38.0,37.92198904841791,35.0
Matara,2025-04-25,2025-05-03,2,test,train_plus_validation,17.0,41.14659397495759,38.0
Matara,2025-05-02,2025-05-10,2,test,train_plus_validation,27.0,42.37842996499682,38.0
Matara,2025-05-09,2025-05-17,2,test,train_plus_validation,21.0,28.822735847708064,17.0
Matara,2025-05-16,2025-05-24,2,test,train_plus_validation,26.0,26.677842583803123,27.0
Matara,2025-05-23,2025-05-31,2,test,train_plus_validation,34.0,26.507985696545283,21.0
Matara,2025-05-30,2025-06-07,2,test,train_plus_validation,70.0,28.719218593667108,26.0
Matara,2025-06-06,2025-06-14,2,test,train_plus_validation,39.0,34.82127654968357,34.0
Matara,2025-06-13,2025-06-21,2,test,train_plus_validation,58.0,54.90201409734272,70.0
Matara,2025-06-20,2025-06-28,2,test,train_plus_validation,39.0,44.81416323817749,39.0
Matara,2025-06-27,2025-07-05,2,test,train_plus_validation,28.0,53.4055316740797,58.0
Matara,2025-07-04,2025-07-12,2,test,train_plus_validation,41.0,51.0054611949152,39.0
Matara,2025-07-11,2025-07-19,2,test,train_plus_validation,42.0,35.30349294390151,28.0
Matara,2025-07-18,2025-07-26,2,test,train_plus_validation,30.0,37.71934542517818,41.0
Matara,2025-07-25,2025-08-02,2,test,train_plus_validation,20.0,39.190068884218086,42.0
Matara,2025-08-01,2025-08-09,2,test,train_plus_validation,35.0,30.02090545279215,30.0
Matara,2025-08-08,2025-08-16,2,test,train_plus_validation,26.0,26.9484228801701,20.0
Matara,2025-08-15,2025-08-23,2,test,train_plus_validation,26.0,34.613230060999854,35.0
Matara,2025-08-22,2025-08-30,2,test,train_plus_validation,16.0,28.944012423813337,26.0
Matara,2025-08-29,2025-09-06,2,test,train_plus_validation,18.0,24.65654225820335,26.0
Matara,2025-09-05,2025-09-13,2,test,train_plus_validation,12.0,19.749329737061714,16.0
Matara,2025-09-12,2025-09-20,2,test,train_plus_validation,12.0,17.25908813811614,18.0
Matara,2025-09-19,2025-09-27,2,test,train_plus_validation,12.0,15.753558888566408,12.0
Matara,2025-09-26,2025-10-04,2,test,train_plus_validation,20.0,15.825387410132326,12.0
Matara,2025-10-03,2025-10-11,2,test,train_plus_validation,22.0,15.066121302762005,12.0
Matara,2025-10-10,2025-10-18,2,test,train_plus_validation,10.0,19.849536098863826,20.0
Matara,2025-10-17,2025-10-25,2,test,train_plus_validation,23.0,23.27182721545533,22.0
Matara,2025-10-24,2025-11-01,2,test,train_plus_validation,17.0,18.428961483677003,10.0
Matara,2025-10-31,2025-11-08,2,test,train_plus_validation,36.0,21.082728131782975,23.0
Matara,2025-11-07,2025-11-15,2,test,train_plus_validation,22.0,21.332737062406764,17.0
Matara,2025-11-14,2025-11-22,2,test,train_plus_validation,37.0,34.83564379130368,36.0
Matara,2025-11-21,2025-11-29,2,test,train_plus_validation,45.0,28.726755562487824,22.0
Matara,2025-11-28,2025-12-06,2,test,train_plus_validation,67.0,35.8195712596678,37.0
Matara,2025-12-05,2025-12-13,2,test,train_plus_validation,44.0,49.361390194865024,45.0
Monaragala,2024-12-27,2025-01-04,2,test,train_plus_validation,26.0,18.570977412485828,13.0
Monaragala,2025-01-03,2025-01-11,2,test,train_plus_validation,23.0,26.445104501561822,25.0
Monaragala,2025-01-10,2025-01-18,2,test,train_plus_validation,24.0,26.634309401553438,26.0
Monaragala,2025-01-17,2025-01-25,2,test,train_plus_validation,20.0,25.16667524963359,23.0
Monaragala,2025-01-24,2025-02-01,2,test,train_plus_validation,6.0,25.61408118270289,24.0
Monaragala,2025-01-31,2025-02-08,2,test,train_plus_validation,6.0,23.737561299899408,20.0
Monaragala,2025-02-07,2025-02-15,2,test,train_plus_validation,15.0,18.279677301990382,6.0
Monaragala,2025-02-14,2025-02-22,2,test,train_plus_validation,10.0,14.50956143781959,6.0
Monaragala,2025-02-21,2025-03-01,2,test,train_plus_validation,17.0,12.431870946784567,15.0
Monaragala,2025-02-28,2025-03-08,2,test,train_plus_validation,23.0,11.577254345852298,10.0
Monaragala,2025-03-07,2025-03-15,2,test,train_plus_validation,24.0,13.450909539533004,17.0
Monaragala,2025-03-14,2025-03-22,2,test,train_plus_validation,21.0,17.966957913128514,23.0
Monaragala,2025-03-21,2025-03-29,2,test,train_plus_validation,15.0,25.00612736438712,24.0
Monaragala,2025-03-28,2025-04-05,2,test,train_plus_validation,29.0,26.114874345421537,21.0
Monaragala,2025-04-04,2025-04-12,2,test,train_plus_validation,27.0,22.48206986022631,15.0
Monaragala,2025-04-11,2025-04-19,2,test,train_plus_validation,12.0,26.606036677258874,29.0
Monaragala,2025-04-18,2025-04-26,2,test,train_plus_validation,22.0,28.207172448935882,27.0
Monaragala,2025-04-25,2025-05-03,2,test,train_plus_validation,10.0,21.844514954900955,12.0
Monaragala,2025-05-02,2025-05-10,2,test,train_plus_validation,17.0,24.154045042631076,22.0
Monaragala,2025-05-09,2025-05-17,2,test,train_plus_validation,15.0,18.960437394789338,10.0
Monaragala,2025-05-16,2025-05-24,2,test,train_plus_validation,26.0,19.395067597238057,17.0
Monaragala,2025-05-23,2025-05-31,2,test,train_plus_validation,29.0,18.331826003587278,15.0
Monaragala,2025-05-30,2025-06-07,2,test,train_plus_validation,26.0,24.313310687163536,26.0
Monaragala,2025-06-06,2025-06-14,2,test,train_plus_validation,24.0,25.866890747147067,29.0
Monaragala,2025-06-13,2025-06-21,2,test,train_plus_validation,27.0,25.28265114725668,26.0
Monaragala,2025-06-20,2025-06-28,2,test,train_plus_validation,12.0,22.49965928633933,24.0
Monaragala,2025-06-27,2025-07-05,2,test,train_plus_validation,13.0,26.05809103319424,27.0
Monaragala,2025-07-04,2025-07-12,2,test,train_plus_validation,19.0,20.343847614648528,12.0
Monaragala,2025-07-11,2025-07-19,2,test,train_plus_validation,17.0,15.338235787364079,13.0
Monaragala,2025-07-18,2025-07-26,2,test,train_plus_validation,17.0,15.843490803516348,19.0
Monaragala,2025-07-25,2025-08-02,2,test,train_plus_validation,11.0,16.94012644775191,17.0
Monaragala,2025-08-01,2025-08-09,2,test,train_plus_validation,17.0,16.550360577970924,17.0
Monaragala,2025-08-08,2025-08-16,2,test,train_plus_validation,8.0,17.425022030480907,11.0
Monaragala,2025-08-15,2025-08-23,2,test,train_plus_validation,16.0,17.0186626460633,17.0
Monaragala,2025-08-22,2025-08-30,2,test,train_plus_validation,3.0,11.883507081104188,8.0
Monaragala,2025-08-29,2025-09-06,2,test,train_plus_validation,16.0,14.901783507754905,16.0
Monaragala,2025-09-05,2025-09-13,2,test,train_plus_validation,10.0,8.601426191457016,3.0
Monaragala,2025-09-12,2025-09-20,2,test,train_plus_validation,8.0,12.68416075199786,16.0
Monaragala,2025-09-19,2025-09-27,2,test,train_plus_validation,9.0,11.812489687666284,10.0
Monaragala,2025-09-26,2025-10-04,2,test,train_plus_validation,4.0,10.890967850867563,8.0
Monaragala,2025-10-03,2025-10-11,2,test,train_plus_validation,11.0,9.43431492957375,9.0
Monaragala,2025-10-10,2025-10-18,2,test,train_plus_validation,17.0,8.915402837345098,4.0
Monaragala,2025-10-17,2025-10-25,2,test,train_plus_validation,16.0,11.720034966618911,11.0
Monaragala,2025-10-24,2025-11-01,2,test,train_plus_validation,7.0,14.558269052363537,17.0
Monaragala,2025-10-31,2025-11-08,2,test,train_plus_validation,10.0,16.20906384416388,16.0
Monaragala,2025-11-07,2025-11-15,2,test,train_plus_validation,15.0,13.333022195372276,7.0
Monaragala,2025-11-14,2025-11-22,2,test,train_plus_validation,15.0,14.315347877375682,10.0
Monaragala,2025-11-21,2025-11-29,2,test,train_plus_validation,10.0,14.513799034250775,15.0
Monaragala,2025-11-28,2025-12-06,2,test,train_plus_validation,14.0,15.551058990807888,15.0
Monaragala,2025-12-05,2025-12-13,2,test,train_plus_validation,24.0,14.484514458425503,10.0
Mullaitivu,2024-12-27,2025-01-04,2,test,train_plus_validation,1.0,9.21376944446323,4.0
Mullaitivu,2025-01-03,2025-01-11,2,test,train_plus_validation,1.0,11.183254038214146,3.0
Mullaitivu,2025-01-10,2025-01-18,2,test,train_plus_validation,4.0,6.319031035631686,1.0
Mullaitivu,2025-01-17,2025-01-25,2,test,train_plus_validation,1.0,3.9344371564113314,1.0
Mullaitivu,2025-01-24,2025-02-01,2,test,train_plus_validation,2.0,4.906090055115578,4.0
Mullaitivu,2025-01-31,2025-02-08,2,test,train_plus_validation,2.0,3.86979872034141,1.0
Mullaitivu,2025-02-07,2025-02-15,2,test,train_plus_validation,0.0,3.9085844976257573,2.0
Mullaitivu,2025-02-14,2025-02-22,2,test,train_plus_validation,1.0,4.039953322571116,2.0
Mullaitivu,2025-02-21,2025-03-01,2,test,train_plus_validation,1.0,2.641181654157656,0.0
Mullaitivu,2025-02-28,2025-03-08,2,test,train_plus_validation,3.0,2.8264961268758673,1.0
Mullaitivu,2025-03-07,2025-03-15,2,test,train_plus_validation,0.0,2.8972223825862735,1.0
Mullaitivu,2025-03-14,2025-03-22,2,test,train_plus_validation,0.0,3.073601998407042,3.0
Mullaitivu,2025-03-21,2025-03-29,2,test,train_plus_validation,2.0,4.230063413969919,0.0
Mullaitivu,2025-03-28,2025-04-05,2,test,train_plus_validation,2.0,2.784225337913473,0.0
Mullaitivu,2025-04-04,2025-04-12,2,test,train_plus_validation,1.0,3.1736061900470562,2.0
Mullaitivu,2025-04-11,2025-04-19,2,test,train_plus_validation,0.0,2.796922749732528,2.0
Mullaitivu,2025-04-18,2025-04-26,2,test,train_plus_validation,2.0,2.025923600526975,1.0
Mullaitivu,2025-04-25,2025-05-03,2,test,train_plus_validation,1.0,2.5917710518329966,0.0
Mullaitivu,2025-05-02,2025-05-10,2,test,train_plus_validation,2.0,2.7308552400181836,2.0
Mullaitivu,2025-05-09,2025-05-17,2,test,train_plus_validation,1.0,2.0788420575139877,1.0
Mullaitivu,2025-05-16,2025-05-24,2,test,train_plus_validation,1.0,1.825875112701169,2.0
Mullaitivu,2025-05-23,2025-05-31,2,test,train_plus_validation,4.0,2.3901344284971087,1.0
Mullaitivu,2025-05-30,2025-06-07,2,test,train_plus_validation,2.0,2.161924316747447,1.0
Mullaitivu,2025-06-06,2025-06-14,2,test,train_plus_validation,1.0,2.21929398824468,4.0
Mullaitivu,2025-06-13,2025-06-21,2,test,train_plus_validation,3.0,1.9448945533944084,2.0
Mullaitivu,2025-06-20,2025-06-28,2,test,train_plus_validation,2.0,1.942394368474391,1.0
Mullaitivu,2025-06-27,2025-07-05,2,test,train_plus_validation,0.0,3.022431549927007,3.0
Mullaitivu,2025-07-04,2025-07-12,2,test,train_plus_validation,0.0,2.8363743778731196,2.0
Mullaitivu,2025-07-11,2025-07-19,2,test,train_plus_validation,0.0,2.2961182077418556,0.0
Mullaitivu,2025-07-18,2025-07-26,2,test,train_plus_validation,0.0,1.5605469774739278,0.0
Mullaitivu,2025-07-25,2025-08-02,2,test,train_plus_validation,0.0,1.611531029744505,0.0
Mullaitivu,2025-08-01,2025-08-09,2,test,train_plus_validation,0.0,1.4432541785576003,0.0
Mullaitivu,2025-08-08,2025-08-16,2,test,train_plus_validation,0.0,1.695580989681963,0.0
Mullaitivu,2025-08-15,2025-08-23,2,test,train_plus_validation,1.0,1.263186217357756,0.0
Mullaitivu,2025-08-22,2025-08-30,2,test,train_plus_validation,0.0,1.2147023500071963,0.0
Mullaitivu,2025-08-29,2025-09-06,2,test,train_plus_validation,2.0,1.2503980068743104,1.0
Mullaitivu,2025-09-05,2025-09-13,2,test,train_plus_validation,2.0,1.5630975286245878,0.0
Mullaitivu,2025-09-12,2025-09-20,2,test,train_plus_validation,0.0,1.9705285122184786,2.0
Mullaitivu,2025-09-19,2025-09-27,2,test,train_plus_validation,1.0,2.597717197451957,2.0
Mullaitivu,2025-09-26,2025-10-04,2,test,train_plus_validation,0.0,2.0519730359194357,0.0
Mullaitivu,2025-10-03,2025-10-11,2,test,train_plus_validation,0.0,1.997430042174777,1.0
Mullaitivu,2025-10-10,2025-10-18,2,test,train_plus_validation,0.0,2.7394583263598813,0.0
Mullaitivu,2025-10-17,2025-10-25,2,test,train_plus_validation,1.0,2.787942193710443,0.0
Mullaitivu,2025-10-24,2025-11-01,2,test,train_plus_validation,0.0,4.004876735753189,0.0
Mullaitivu,2025-10-31,2025-11-08,2,test,train_plus_validation,2.0,3.7293089611247496,1.0
Mullaitivu,2025-11-07,2025-11-15,2,test,train_plus_validation,4.0,4.014204674064333,0.0
Mullaitivu,2025-11-14,2025-11-22,2,test,train_plus_validation,2.0,5.288605019636296,2.0
Mullaitivu,2025-11-21,2025-11-29,2,test,train_plus_validation,0.0,4.6893888098512,4.0
Mullaitivu,2025-11-28,2025-12-06,2,test,train_plus_validation,2.0,3.9232413790880596,2.0
Mullaitivu,2025-12-05,2025-12-13,2,test,train_plus_validation,3.0,3.8789218510899244,0.0
Nuwara Eliya,2024-12-27,2025-01-04,2,test,train_plus_validation,8.0,14.332091887471726,10.0
Nuwara Eliya,2025-01-03,2025-01-11,2,test,train_plus_validation,1.0,7.298301201703997,5.0
Nuwara Eliya,2025-01-10,2025-01-18,2,test,train_plus_validation,10.0,8.593857432874167,8.0
Nuwara Eliya,2025-01-17,2025-01-25,2,test,train_plus_validation,6.0,4.741565073238011,1.0
Nuwara Eliya,2025-01-24,2025-02-01,2,test,train_plus_validation,4.0,9.979538623293589,10.0
Nuwara Eliya,2025-01-31,2025-02-08,2,test,train_plus_validation,4.0,9.347560419545935,6.0
Nuwara Eliya,2025-02-07,2025-02-15,2,test,train_plus_validation,6.0,6.9129386716655015,4.0
Nuwara Eliya,2025-02-14,2025-02-22,2,test,train_plus_validation,2.0,11.362834237542797,4.0
Nuwara Eliya,2025-02-21,2025-03-01,2,test,train_plus_validation,2.0,12.211635426277414,6.0
Nuwara Eliya,2025-02-28,2025-03-08,2,test,train_plus_validation,1.0,2.8240528211278786,2.0
Nuwara Eliya,2025-03-07,2025-03-15,2,test,train_plus_validation,6.0,2.7210049191756855,2.0
Nuwara Eliya,2025-03-14,2025-03-22,2,test,train_plus_validation,4.0,2.9818594449268554,1.0
Nuwara Eliya,2025-03-21,2025-03-29,2,test,train_plus_validation,3.0,4.82848609199389,6.0
Nuwara Eliya,2025-03-28,2025-04-05,2,test,train_plus_validation,1.0,4.049262771482975,4.0
Nuwara Eliya,2025-04-04,2025-04-12,2,test,train_plus_validation,3.0,4.045660587277035,3.0
Nuwara Eliya,2025-04-11,2025-04-19,2,test,train_plus_validation,6.0,4.230764499668649,1.0
Nuwara Eliya,2025-04-18,2025-04-26,2,test,train_plus_validation,6.0,3.7071217386699633,3.0
Nuwara Eliya,2025-04-25,2025-05-03,2,test,train_plus_validation,7.0,5.384799175841446,6.0
Nuwara Eliya,2025-05-02,2025-05-10,2,test,train_plus_validation,9.0,6.749543444038234,6.0
Nuwara Eliya,2025-05-09,2025-05-17,2,test,train_plus_validation,4.0,6.162331519521425,7.0
Nuwara Eliya,2025-05-16,2025-05-24,2,test,train_plus_validation,7.0,8.692499365239629,9.0
Nuwara Eliya,2025-05-23,2025-05-31,2,test,train_plus_validation,9.0,8.354093573256636,4.0
Nuwara Eliya,2025-05-30,2025-06-07,2,test,train_plus_validation,17.0,7.141434752376958,7.0
Nuwara Eliya,2025-06-06,2025-06-14,2,test,train_plus_validation,20.0,7.863723251199426,9.0
Nuwara Eliya,2025-06-13,2025-06-21,2,test,train_plus_validation,6.0,13.726003490435096,17.0
Nuwara Eliya,2025-06-20,2025-06-28,2,test,train_plus_validation,8.0,18.862496553015305,20.0
Nuwara Eliya,2025-06-27,2025-07-05,2,test,train_plus_validation,10.0,12.749052338306194,6.0
Nuwara Eliya,2025-07-04,2025-07-12,2,test,train_plus_validation,24.0,14.09382775682049,8.0
Nuwara Eliya,2025-07-11,2025-07-19,2,test,train_plus_validation,18.0,12.062821273861367,10.0
Nuwara Eliya,2025-07-18,2025-07-26,2,test,train_plus_validation,9.0,15.679688271748905,24.0
Nuwara Eliya,2025-07-25,2025-08-02,2,test,train_plus_validation,10.0,16.205997481176816,18.0
Nuwara Eliya,2025-08-01,2025-08-09,2,test,train_plus_validation,3.0,12.948731131085578,9.0
Nuwara Eliya,2025-08-08,2025-08-16,2,test,train_plus_validation,8.0,13.776135438761214,10.0
Nuwara Eliya,2025-08-15,2025-08-23,2,test,train_plus_validation,5.0,9.117785812326206,3.0
Nuwara Eliya,2025-08-22,2025-08-30,2,test,train_plus_validation,7.0,7.135821740428217,8.0
Nuwara Eliya,2025-08-29,2025-09-06,2,test,train_plus_validation,5.0,5.363688340024412,5.0
Nuwara Eliya,2025-09-05,2025-09-13,2,test,train_plus_validation,6.0,5.771079095161416,7.0
Nuwara Eliya,2025-09-12,2025-09-20,2,test,train_plus_validation,6.0,4.815449261300929,5.0
Nuwara Eliya,2025-09-19,2025-09-27,2,test,train_plus_validation,10.0,6.4764436510279335,6.0
Nuwara Eliya,2025-09-26,2025-10-04,2,test,train_plus_validation,10.0,5.953625067548301,6.0
Nuwara Eliya,2025-10-03,2025-10-11,2,test,train_plus_validation,5.0,9.461000912795264,10.0
Nuwara Eliya,2025-10-10,2025-10-18,2,test,train_plus_validation,2.0,11.612115167792709,10.0
Nuwara Eliya,2025-10-17,2025-10-25,2,test,train_plus_validation,5.0,9.140640159278393,5.0
Nuwara Eliya,2025-10-24,2025-11-01,2,test,train_plus_validation,5.0,6.670851868336207,2.0
Nuwara Eliya,2025-10-31,2025-11-08,2,test,train_plus_validation,5.0,8.237499231611656,5.0
Nuwara Eliya,2025-11-07,2025-11-15,2,test,train_plus_validation,8.0,8.0525282275181,5.0
Nuwara Eliya,2025-11-14,2025-11-22,2,test,train_plus_validation,8.0,6.44537889566096,5.0
Nuwara Eliya,2025-11-21,2025-11-29,2,test,train_plus_validation,1.0,5.578822674221117,8.0
Nuwara Eliya,2025-11-28,2025-12-06,2,test,train_plus_validation,3.0,8.581159384752432,8.0
Nuwara Eliya,2025-12-05,2025-12-13,2,test,train_plus_validation,7.0,12.31996712409923,1.0
Polonnaruwa,2024-12-27,2025-01-04,2,test,train_plus_validation,6.0,13.829784548702115,6.0
Polonnaruwa,2025-01-03,2025-01-11,2,test,train_plus_validation,7.0,18.51274876441803,14.0
Polonnaruwa,2025-01-10,2025-01-18,2,test,train_plus_validation,3.0,11.444440122726139,6.0
Polonnaruwa,2025-01-17,2025-01-25,2,test,train_plus_validation,8.0,11.320876585862527,7.0
Polonnaruwa,2025-01-24,2025-02-01,2,test,train_plus_validation,10.0,6.438443897631119,3.0
Polonnaruwa,2025-01-31,2025-02-08,2,test,train_plus_validation,10.0,7.6455800516698895,8.0
Polonnaruwa,2025-02-07,2025-02-15,2,test,train_plus_validation,9.0,10.910872692814182,10.0
Polonnaruwa,2025-02-14,2025-02-22,2,test,train_plus_validation,6.0,11.085246952084836,10.0
Polonnaruwa,2025-02-21,2025-03-01,2,test,train_plus_validation,18.0,8.964981043623856,9.0
Polonnaruwa,2025-02-28,2025-03-08,2,test,train_plus_validation,3.0,7.473880230734876,6.0
Polonnaruwa,2025-03-07,2025-03-15,2,test,train_plus_validation,6.0,10.646436818501904,18.0
Polonnaruwa,2025-03-14,2025-03-22,2,test,train_plus_validation,4.0,7.99021521031749,3.0
Polonnaruwa,2025-03-21,2025-03-29,2,test,train_plus_validation,5.0,8.537712621777333,6.0
Polonnaruwa,2025-03-28,2025-04-05,2,test,train_plus_validation,6.0,5.780961595735239,4.0
Polonnaruwa,2025-04-04,2025-04-12,2,test,train_plus_validation,5.0,6.625557643586294,5.0
Polonnaruwa,2025-04-11,2025-04-19,2,test,train_plus_validation,8.0,6.464538094656551,6.0
Polonnaruwa,2025-04-18,2025-04-26,2,test,train_plus_validation,10.0,5.917619515828383,5.0
Polonnaruwa,2025-04-25,2025-05-03,2,test,train_plus_validation,10.0,7.432696416133937,8.0
Polonnaruwa,2025-05-02,2025-05-10,2,test,train_plus_validation,7.0,10.71368711949643,10.0
Polonnaruwa,2025-05-09,2025-05-17,2,test,train_plus_validation,6.0,11.316486847478608,10.0
Polonnaruwa,2025-05-16,2025-05-24,2,test,train_plus_validation,12.0,9.721711862820015,7.0
Polonnaruwa,2025-05-23,2025-05-31,2,test,train_plus_validation,15.0,9.243040227991157,6.0
Polonnaruwa,2025-05-30,2025-06-07,2,test,train_plus_validation,12.0,10.840516264207475,12.0
Polonnaruwa,2025-06-06,2025-06-14,2,test,train_plus_validation,21.0,11.144044906404183,15.0
Polonnaruwa,2025-06-13,2025-06-21,2,test,train_plus_validation,10.0,11.36766945038479,12.0
Polonnaruwa,2025-06-20,2025-06-28,2,test,train_plus_validation,14.0,15.889014113168178,21.0
Polonnaruwa,2025-06-27,2025-07-05,2,test,train_plus_validation,11.0,14.901522685287572,10.0
Polonnaruwa,2025-07-04,2025-07-12,2,test,train_plus_validation,14.0,13.45425639095179,14.0
Polonnaruwa,2025-07-11,2025-07-19,2,test,train_plus_validation,15.0,12.731654996524226,11.0
Polonnaruwa,2025-07-18,2025-07-26,2,test,train_plus_validation,8.0,12.459268352916874,14.0
Polonnaruwa,2025-07-25,2025-08-02,2,test,train_plus_validation,2.0,12.034686429237071,15.0
Polonnaruwa,2025-08-01,2025-08-09,2,test,train_plus_validation,3.0,9.670267264390999,8.0
Polonnaruwa,2025-08-08,2025-08-16,2,test,train_plus_validation,5.0,6.357367547737826,2.0
Polonnaruwa,2025-08-15,2025-08-23,2,test,train_plus_validation,2.0,3.317613646570519,3.0
Polonnaruwa,2025-08-22,2025-08-30,2,test,train_plus_validation,4.0,4.200824573072347,5.0
Polonnaruwa,2025-08-29,2025-09-06,2,test,train_plus_validation,2.0,2.595757360918892,2.0
Polonnaruwa,2025-09-05,2025-09-13,2,test,train_plus_validation,2.0,2.369144061348638,4.0
Polonnaruwa,2025-09-12,2025-09-20,2,test,train_plus_validation,3.0,2.7639866382349143,2.0
Polonnaruwa,2025-09-19,2025-09-27,2,test,train_plus_validation,7.0,2.7619104053553603,2.0
Polonnaruwa,2025-09-26,2025-10-04,2,test,train_plus_validation,6.0,2.342114972260387,3.0
Polonnaruwa,2025-10-03,2025-10-11,2,test,train_plus_validation,4.0,4.5325750208374656,7.0
Polonnaruwa,2025-10-10,2025-10-18,2,test,train_plus_validation,3.0,5.204585560329082,6.0
Polonnaruwa,2025-10-17,2025-10-25,2,test,train_plus_validation,3.0,4.85973306727702,4.0
Polonnaruwa,2025-10-24,2025-11-01,2,test,train_plus_validation,3.0,5.299075164952999,3.0
Polonnaruwa,2025-10-31,2025-11-08,2,test,train_plus_validation,15.0,5.018680886366421,3.0
Polonnaruwa,2025-11-07,2025-11-15,2,test,train_plus_validation,15.0,5.424476329362331,3.0
Polonnaruwa,2025-11-14,2025-11-22,2,test,train_plus_validation,8.0,11.800935046767004,15.0
Polonnaruwa,2025-11-21,2025-11-29,2,test,train_plus_validation,5.0,13.58830520058718,15.0
Polonnaruwa,2025-11-28,2025-12-06,2,test,train_plus_validation,6.0,12.521626430078868,8.0
Polonnaruwa,2025-12-05,2025-12-13,2,test,train_plus_validation,14.0,10.103447173968629,5.0
Puttalam,2024-12-27,2025-01-04,2,test,train_plus_validation,45.0,31.020972386806402,23.0
Puttalam,2025-01-03,2025-01-11,2,test,train_plus_validation,17.0,40.64922519851822,30.0
Puttalam,2025-01-10,2025-01-18,2,test,train_plus_validation,16.0,40.4798644355605,45.0
Puttalam,2025-01-17,2025-01-25,2,test,train_plus_validation,22.0,27.82666084152704,17.0
Puttalam,2025-01-24,2025-02-01,2,test,train_plus_validation,16.0,20.892152598804714,16.0
Puttalam,2025-01-31,2025-02-08,2,test,train_plus_validation,16.0,21.483386021316978,22.0
Puttalam,2025-02-07,2025-02-15,2,test,train_plus_validation,24.0,19.931713995520646,16.0
Puttalam,2025-02-14,2025-02-22,2,test,train_plus_validation,23.0,18.64948710267363,16.0
Puttalam,2025-02-21,2025-03-01,2,test,train_plus_validation,24.0,19.143142920546506,24.0
Puttalam,2025-02-28,2025-03-08,2,test,train_plus_validation,15.0,19.67432433919106,23.0
Puttalam,2025-03-07,2025-03-15,2,test,train_plus_validation,10.0,19.68185036410556,24.0
Puttalam,2025-03-14,2025-03-22,2,test,train_plus_validation,14.0,17.310831208004206,15.0
Puttalam,2025-03-21,2025-03-29,2,test,train_plus_validation,11.0,16.85712936363125,10.0
Puttalam,2025-03-28,2025-04-05,2,test,train_plus_validation,8.0,14.821637697103636,14.0
Puttalam,2025-04-04,2025-04-12,2,test,train_plus_validation,7.0,16.514706841491506,11.0
Puttalam,2025-04-11,2025-04-19,2,test,train_plus_validation,10.0,11.740383424921951,8.0
Puttalam,2025-04-18,2025-04-26,2,test,train_plus_validation,9.0,8.810328099915742,7.0
Puttalam,2025-04-25,2025-05-03,2,test,train_plus_validation,12.0,11.992053944799522,10.0
Puttalam,2025-05-02,2025-05-10,2,test,train_plus_validation,8.0,9.688525176061244,9.0
Puttalam,2025-05-09,2025-05-17,2,test,train_plus_validation,13.0,11.8278264256636,12.0
Puttalam,2025-05-16,2025-05-24,2,test,train_plus_validation,11.0,9.012197548551354,8.0
Puttalam,2025-05-23,2025-05-31,2,test,train_plus_validation,17.0,12.738162028158373,13.0
Puttalam,2025-05-30,2025-06-07,2,test,train_plus_validation,10.0,13.323179564507713,11.0
Puttalam,2025-06-06,2025-06-14,2,test,train_plus_validation,10.0,14.636685727734074,17.0
Puttalam,2025-06-13,2025-06-21,2,test,train_plus_validation,7.0,14.361572663588305,10.0
Puttalam,2025-06-20,2025-06-28,2,test,train_plus_validation,12.0,14.08536631295041,10.0
Puttalam,2025-06-27,2025-07-05,2,test,train_plus_validation,7.0,10.884512608722698,7.0
Puttalam,2025-07-04,2025-07-12,2,test,train_plus_validation,12.0,12.744839296881151,12.0
Puttalam,2025-07-11,2025-07-19,2,test,train_plus_validation,12.0,9.40578838855451,7.0
Puttalam,2025-07-18,2025-07-26,2,test,train_plus_validation,15.0,10.379682164029411,12.0
Puttalam,2025-07-25,2025-08-02,2,test,train_plus_validation,17.0,10.585216863388201,12.0
Puttalam,2025-08-01,2025-08-09,2,test,train_plus_validation,11.0,12.644052837245795,15.0
Puttalam,2025-08-08,2025-08-16,2,test,train_plus_validation,4.0,13.156383896112935,17.0
Puttalam,2025-08-15,2025-08-23,2,test,train_plus_validation,9.0,13.680419025610856,11.0
Puttalam,2025-08-22,2025-08-30,2,test,train_plus_validation,5.0,9.315227741814976,4.0
Puttalam,2025-08-29,2025-09-06,2,test,train_plus_validation,10.0,8.141675060803898,9.0
Puttalam,2025-09-05,2025-09-13,2,test,train_plus_validation,6.0,5.222773695791065,5.0
Puttalam,2025-09-12,2025-09-20,2,test,train_plus_validation,4.0,8.042535402108781,10.0
Puttalam,2025-09-19,2025-09-27,2,test,train_plus_validation,5.0,7.097655391621963,6.0
Puttalam,2025-09-26,2025-10-04,2,test,train_plus_validation,5.0,6.2878244407462125,4.0
Puttalam,2025-10-03,2025-10-11,2,test,train_plus_validation,12.0,5.661162110847179,5.0
Puttalam,2025-10-10,2025-10-18,2,test,train_plus_validation,5.0,5.976325129951321,5.0
Puttalam,2025-10-17,2025-10-25,2,test,train_plus_validation,11.0,10.984289609006225,12.0
Puttalam,2025-10-24,2025-11-01,2,test,train_plus_validation,23.0,9.521269373277574,5.0
Puttalam,2025-10-31,2025-11-08,2,test,train_plus_validation,20.0,12.122368148664963,11.0
Puttalam,2025-11-07,2025-11-15,2,test,train_plus_validation,18.0,20.108271946806116,23.0
Puttalam,2025-11-14,2025-11-22,2,test,train_plus_validation,10.0,23.885810616017483,20.0
Puttalam,2025-11-21,2025-11-29,2,test,train_plus_validation,13.0,20.40646022122356,18.0
Puttalam,2025-11-28,2025-12-06,2,test,train_plus_validation,30.0,16.716992656622583,10.0
Puttalam,2025-12-05,2025-12-13,2,test,train_plus_validation,22.0,19.322141504023442,13.0
Ratnapura,2024-12-27,2025-01-04,2,test,train_plus_validation,56.0,45.88418229697639,47.0
Ratnapura,2025-01-03,2025-01-11,2,test,train_plus_validation,46.0,42.432803975166166,30.0
Ratnapura,2025-01-10,2025-01-18,2,test,train_plus_validation,70.0,51.54946372206883,56.0
Ratnapura,2025-01-17,2025-01-25,2,test,train_plus_validation,58.0,46.635710526521656,46.0
Ratnapura,2025-01-24,2025-02-01,2,test,train_plus_validation,47.0,62.91392815128478,70.0
Ratnapura,2025-01-31,2025-02-08,2,test,train_plus_validation,47.0,57.911795601063105,58.0
Ratnapura,2025-02-07,2025-02-15,2,test,train_plus_validation,50.0,54.4622333028512,47.0
Ratnapura,2025-02-14,2025-02-22,2,test,train_plus_validation,47.0,66.15260892276848,47.0
Ratnapura,2025-02-21,2025-03-01,2,test,train_plus_validation,13.0,50.952137447484105,50.0
Ratnapura,2025-02-28,2025-03-08,2,test,train_plus_validation,46.0,45.436497599858434,47.0
Ratnapura,2025-03-07,2025-03-15,2,test,train_plus_validation,56.0,33.28389117281392,13.0
Ratnapura,2025-03-14,2025-03-22,2,test,train_plus_validation,45.0,39.34399255898668,46.0
Ratnapura,2025-03-21,2025-03-29,2,test,train_plus_validation,54.0,54.07722242288267,56.0
Ratnapura,2025-03-28,2025-04-05,2,test,train_plus_validation,146.0,51.67464292115385,45.0
Ratnapura,2025-04-04,2025-04-12,2,test,train_plus_validation,146.0,51.37485100059024,54.0
Ratnapura,2025-04-11,2025-04-19,2,test,train_plus_validation,319.0,172.18063941130737,146.0
Ratnapura,2025-04-18,2025-04-26,2,test,train_plus_validation,273.0,200.57616437433302,146.0
Ratnapura,2025-04-25,2025-05-03,2,test,train_plus_validation,242.0,358.43398254636264,319.0
Ratnapura,2025-05-02,2025-05-10,2,test,train_plus_validation,251.0,375.8704253788429,273.0
Ratnapura,2025-05-09,2025-05-17,2,test,train_plus_validation,203.0,268.52088798448824,242.0
Ratnapura,2025-05-16,2025-05-24,2,test,train_plus_validation,197.0,247.4235686112228,251.0
Ratnapura,2025-05-23,2025-05-31,2,test,train_plus_validation,172.0,187.80647023997494,203.0
Ratnapura,2025-05-30,2025-06-07,2,test,train_plus_validation,145.0,185.79162533613763,197.0
Ratnapura,2025-06-06,2025-06-14,2,test,train_plus_validation,118.0,161.03744573788208,172.0
Ratnapura,2025-06-13,2025-06-21,2,test,train_plus_validation,120.0,156.64617791531865,145.0
Ratnapura,2025-06-20,2025-06-28,2,test,train_plus_validation,104.0,165.5059530698318,118.0
Ratnapura,2025-06-27,2025-07-05,2,test,train_plus_validation,97.0,175.43351003542682,120.0
Ratnapura,2025-07-04,2025-07-12,2,test,train_plus_validation,93.0,146.2814860285486,104.0
Ratnapura,2025-07-11,2025-07-19,2,test,train_plus_validation,99.0,113.65595110307406,97.0
Ratnapura,2025-07-18,2025-07-26,2,test,train_plus_validation,91.0,86.86097105061233,93.0
Ratnapura,2025-07-25,2025-08-02,2,test,train_plus_validation,64.0,89.88301386443345,99.0
Ratnapura,2025-08-01,2025-08-09,2,test,train_plus_validation,79.0,91.75198517683482,91.0
Ratnapura,2025-08-08,2025-08-16,2,test,train_plus_validation,62.0,70.24986135410231,64.0
Ratnapura,2025-08-15,2025-08-23,2,test,train_plus_validation,60.0,71.9456949989091,79.0
Ratnapura,2025-08-22,2025-08-30,2,test,train_plus_validation,59.0,59.75012185380905,62.0
Ratnapura,2025-08-29,2025-09-06,2,test,train_plus_validation,15.0,56.69470402774852,60.0
Ratnapura,2025-09-05,2025-09-13,2,test,train_plus_validation,65.0,53.77589313495985,59.0
Ratnapura,2025-09-12,2025-09-20,2,test,train_plus_validation,63.0,33.02546528744517,15.0
Ratnapura,2025-09-19,2025-09-27,2,test,train_plus_validation,70.0,51.80737045959135,65.0
Ratnapura,2025-09-26,2025-10-04,2,test,train_plus_validation,41.0,61.400457683835604,63.0
Ratnapura,2025-10-03,2025-10-11,2,test,train_plus_validation,42.0,64.2277263340303,70.0
Ratnapura,2025-10-10,2025-10-18,2,test,train_plus_validation,36.0,50.49613992798365,41.0
Ratnapura,2025-10-17,2025-10-25,2,test,train_plus_validation,57.0,45.10575305741467,42.0
Ratnapura,2025-10-24,2025-11-01,2,test,train_plus_validation,47.0,43.19003182694256,36.0
Ratnapura,2025-10-31,2025-11-08,2,test,train_plus_validation,43.0,50.5500621483863,57.0
Ratnapura,2025-11-07,2025-11-15,2,test,train_plus_validation,54.0,53.33331399939774,47.0
Ratnapura,2025-11-14,2025-11-22,2,test,train_plus_validation,54.0,58.71999447402754,43.0
Ratnapura,2025-11-21,2025-11-29,2,test,train_plus_validation,64.0,67.42276465951724,54.0
Ratnapura,2025-11-28,2025-12-06,2,test,train_plus_validation,43.0,57.67404381537821,54.0
Ratnapura,2025-12-05,2025-12-13,2,test,train_plus_validation,60.0,67.88082198112384,64.0
Trincomalee,2024-12-27,2025-01-04,2,test,train_plus_validation,34.0,33.5368581754269,30.0
Trincomalee,2025-01-03,2025-01-11,2,test,train_plus_validation,34.0,35.0962864065447,28.0
Trincomalee,2025-01-10,2025-01-18,2,test,train_plus_validation,23.0,39.27764080806926,34.0
Trincomalee,2025-01-17,2025-01-25,2,test,train_plus_validation,22.0,38.940476086241766,34.0
Trincomalee,2025-01-24,2025-02-01,2,test,train_plus_validation,28.0,30.317193672478158,23.0
Trincomalee,2025-01-31,2025-02-08,2,test,train_plus_validation,28.0,25.432374634924194,22.0
Trincomalee,2025-02-07,2025-02-15,2,test,train_plus_validation,29.0,27.909321506404023,28.0
Trincomalee,2025-02-14,2025-02-22,2,test,train_plus_validation,25.0,27.66051766910539,28.0
Trincomalee,2025-02-21,2025-03-01,2,test,train_plus_validation,17.0,24.98228109018494,29.0
Trincomalee,2025-02-28,2025-03-08,2,test,train_plus_validation,25.0,22.75552563887327,25.0
Trincomalee,2025-03-07,2025-03-15,2,test,train_plus_validation,23.0,19.974527258077398,17.0
Trincomalee,2025-03-14,2025-03-22,2,test,train_plus_validation,28.0,23.319870769335594,25.0
Trincomalee,2025-03-21,2025-03-29,2,test,train_plus_validation,36.0,24.462314709023545,23.0
Trincomalee,2025-03-28,2025-04-05,2,test,train_plus_validation,33.0,25.74967937630615,28.0
Trincomalee,2025-04-04,2025-04-12,2,test,train_plus_validation,44.0,33.890512183755185,36.0
Trincomalee,2025-04-11,2025-04-19,2,test,train_plus_validation,46.0,36.320007991984106,33.0
Trincomalee,2025-04-18,2025-04-26,2,test,train_plus_validation,64.0,38.65231727211411,44.0
Trincomalee,2025-04-25,2025-05-03,2,test,train_plus_validation,55.0,44.39885401154162,46.0
Trincomalee,2025-05-02,2025-05-10,2,test,train_plus_validation,45.0,58.53532687408829,64.0
Trincomalee,2025-05-09,2025-05-17,2,test,train_plus_validation,43.0,51.3535091629744,55.0
Trincomalee,2025-05-16,2025-05-24,2,test,train_plus_validation,39.0,39.81639241819866,45.0
Trincomalee,2025-05-23,2025-05-31,2,test,train_plus_validation,40.0,44.216422445471075,43.0
Trincomalee,2025-05-30,2025-06-07,2,test,train_plus_validation,16.0,34.62347549072893,39.0
Trincomalee,2025-06-06,2025-06-14,2,test,train_plus_validation,16.0,32.996999345649556,40.0
Trincomalee,2025-06-13,2025-06-21,2,test,train_plus_validation,12.0,23.42042294199938,16.0
Trincomalee,2025-06-20,2025-06-28,2,test,train_plus_validation,8.0,17.207799124114505,16.0
Trincomalee,2025-06-27,2025-07-05,2,test,train_plus_validation,11.0,16.533107491897493,12.0
Trincomalee,2025-07-04,2025-07-12,2,test,train_plus_validation,11.0,11.637851494962684,8.0
Trincomalee,2025-07-11,2025-07-19,2,test,train_plus_validation,7.0,10.973916820817267,11.0
Trincomalee,2025-07-18,2025-07-26,2,test,train_plus_validation,9.0,9.955150959841863,11.0
Trincomalee,2025-07-25,2025-08-02,2,test,train_plus_validation,4.0,7.266801640679575,7.0
Trincomalee,2025-08-01,2025-08-09,2,test,train_plus_validation,2.0,7.1555470755509365,9.0
Trincomalee,2025-08-08,2025-08-16,2,test,train_plus_validation,4.0,5.402351839256737,4.0
Trincomalee,2025-08-15,2025-08-23,2,test,train_plus_validation,4.0,3.4855440293336684,2.0
Trincomalee,2025-08-22,2025-08-30,2,test,train_plus_validation,3.0,3.3406924567045118,4.0
Trincomalee,2025-08-29,2025-09-06,2,test,train_plus_validation,5.0,3.2661543372475905,4.0
Trincomalee,2025-09-05,2025-09-13,2,test,train_plus_validation,2.0,2.323919036193314,3.0
Trincomalee,2025-09-12,2025-09-20,2,test,train_plus_validation,6.0,3.6537236248477303,5.0
Trincomalee,2025-09-19,2025-09-27,2,test,train_plus_validation,8.0,3.355982632386247,2.0
Trincomalee,2025-09-26,2025-10-04,2,test,train_plus_validation,1.0,4.116536894597581,6.0
Trincomalee,2025-10-03,2025-10-11,2,test,train_plus_validation,5.0,4.779101431237218,8.0
Trincomalee,2025-10-10,2025-10-18,2,test,train_plus_validation,7.0,5.0640800903621175,1.0
Trincomalee,2025-10-17,2025-10-25,2,test,train_plus_validation,15.0,5.656394092614295,5.0
Trincomalee,2025-10-24,2025-11-01,2,test,train_plus_validation,12.0,7.339344035366863,7.0
Trincomalee,2025-10-31,2025-11-08,2,test,train_plus_validation,11.0,11.727698439968522,15.0
Trincomalee,2025-11-07,2025-11-15,2,test,train_plus_validation,19.0,12.873898696461152,12.0
Trincomalee,2025-11-14,2025-11-22,2,test,train_plus_validation,16.0,16.888484760615103,11.0
Trincomalee,2025-11-21,2025-11-29,2,test,train_plus_validation,8.0,17.959966160471037,19.0
Trincomalee,2025-11-28,2025-12-06,2,test,train_plus_validation,26.0,17.936341906047662,16.0
Trincomalee,2025-12-05,2025-12-13,2,test,train_plus_validation,9.0,17.05615829055326,8.0
Vavuniya,2024-12-27,2025-01-04,2,test,train_plus_validation,2.0,13.24889754045381,2.0
Vavuniya,2025-01-03,2025-01-11,2,test,train_plus_validation,2.0,7.870218285201105,4.0
Vavuniya,2025-01-10,2025-01-18,2,test,train_plus_validation,2.0,4.856327676119808,2.0
Vavuniya,2025-01-17,2025-01-25,2,test,train_plus_validation,3.0,3.536308373160352,2.0
Vavuniya,2025-01-24,2025-02-01,2,test,train_plus_validation,2.0,3.233909386681512,2.0
Vavuniya,2025-01-31,2025-02-08,2,test,train_plus_validation,2.0,3.4675369335620565,3.0
Vavuniya,2025-02-07,2025-02-15,2,test,train_plus_validation,0.0,3.58359158425304,2.0
Vavuniya,2025-02-14,2025-02-22,2,test,train_plus_validation,5.0,2.999129890776647,2.0
Vavuniya,2025-02-21,2025-03-01,2,test,train_plus_validation,0.0,1.6014845112130722,0.0
Vavuniya,2025-02-28,2025-03-08,2,test,train_plus_validation,1.0,3.665488205525114,5.0
Vavuniya,2025-03-07,2025-03-15,2,test,train_plus_validation,1.0,2.5304441260605812,0.0
Vavuniya,2025-03-14,2025-03-22,2,test,train_plus_validation,1.0,2.363986415651933,1.0
Vavuniya,2025-03-21,2025-03-29,2,test,train_plus_validation,3.0,3.348335355060682,1.0
Vavuniya,2025-03-28,2025-04-05,2,test,train_plus_validation,0.0,2.78981149655025,1.0
Vavuniya,2025-04-04,2025-04-12,2,test,train_plus_validation,5.0,3.415130842013296,3.0
Vavuniya,2025-04-11,2025-04-19,2,test,train_plus_validation,1.0,3.6425079178299318,0.0
Vavuniya,2025-04-18,2025-04-26,2,test,train_plus_validation,3.0,4.034991389418253,5.0
Vavuniya,2025-04-25,2025-05-03,2,test,train_plus_validation,0.0,3.7480716831421024,1.0
Vavuniya,2025-05-02,2025-05-10,2,test,train_plus_validation,2.0,3.5152861036156366,3.0
Vavuniya,2025-05-09,2025-05-17,2,test,train_plus_validation,2.0,3.5928938841160143,0.0
Vavuniya,2025-05-16,2025-05-24,2,test,train_plus_validation,1.0,2.9275680108877054,2.0
Vavuniya,2025-05-23,2025-05-31,2,test,train_plus_validation,5.0,4.320334874747566,2.0
Vavuniya,2025-05-30,2025-06-07,2,test,train_plus_validation,2.0,3.3819600029197514,1.0
Vavuniya,2025-06-06,2025-06-14,2,test,train_plus_validation,4.0,3.3946507896673954,5.0
Vavuniya,2025-06-13,2025-06-21,2,test,train_plus_validation,3.0,2.143678417490598,2.0
Vavuniya,2025-06-20,2025-06-28,2,test,train_plus_validation,3.0,2.9324622261073423,4.0
Vavuniya,2025-06-27,2025-07-05,2,test,train_plus_validation,2.0,3.4359915247443027,3.0
Vavuniya,2025-07-04,2025-07-12,2,test,train_plus_validation,3.0,3.3812702138948554,3.0
Vavuniya,2025-07-11,2025-07-19,2,test,train_plus_validation,0.0,2.7036190561650546,2.0
Vavuniya,2025-07-18,2025-07-26,2,test,train_plus_validation,1.0,2.205243061133602,3.0
Vavuniya,2025-07-25,2025-08-02,2,test,train_plus_validation,0.0,1.8035521544373208,0.0
Vavuniya,2025-08-01,2025-08-09,2,test,train_plus_validation,2.0,1.6760074766930844,1.0
Vavuniya,2025-08-08,2025-08-16,2,test,train_plus_validation,3.0,1.7893197214119438,0.0
Vavuniya,2025-08-15,2025-08-23,2,test,train_plus_validation,0.0,1.4968005439970873,2.0
Vavuniya,2025-08-22,2025-08-30,2,test,train_plus_validation,0.0,1.2956528712537312,3.0
Vavuniya,2025-08-29,2025-09-06,2,test,train_plus_validation,2.0,1.3017119976478286,0.0
Vavuniya,2025-09-05,2025-09-13,2,test,train_plus_validation,1.0,1.6083523930040098,0.0
Vavuniya,2025-09-12,2025-09-20,2,test,train_plus_validation,0.0,2.047990142404894,2.0
Vavuniya,2025-09-19,2025-09-27,2,test,train_plus_validation,0.0,2.5016676629254606,1.0
Vavuniya,2025-09-26,2025-10-04,2,test,train_plus_validation,4.0,2.326443189987193,0.0
Vavuniya,2025-10-03,2025-10-11,2,test,train_plus_validation,2.0,3.2969799266101383,0.0
Vavuniya,2025-10-10,2025-10-18,2,test,train_plus_validation,0.0,3.7448677185791537,4.0
Vavuniya,2025-10-17,2025-10-25,2,test,train_plus_validation,1.0,3.6246409760401352,2.0
Vavuniya,2025-10-24,2025-11-01,2,test,train_plus_validation,1.0,4.255298630067078,0.0
Vavuniya,2025-10-31,2025-11-08,2,test,train_plus_validation,2.0,4.194291049072801,1.0
Vavuniya,2025-11-07,2025-11-15,2,test,train_plus_validation,0.0,5.706686778864896,1.0
Vavuniya,2025-11-14,2025-11-22,2,test,train_plus_validation,0.0,5.729623413295304,2.0
Vavuniya,2025-11-21,2025-11-29,2,test,train_plus_validation,1.0,3.554647129578884,0.0
Vavuniya,2025-11-28,2025-12-06,2,test,train_plus_validation,2.0,5.291651474254152,0.0
Vavuniya,2025-12-05,2025-12-13,2,test,train_plus_validation,3.0,5.679085954557872,1.0
Ampara,2023-12-15,2024-01-06,4,validation,train_only,45.0,41.745400391289245,40.0
Ampara,2023-12-22,2024-01-13,4,validation,train_only,101.0,101.71199740830306,115.0
Ampara,2023-12-29,2024-01-20,4,validation,train_only,71.0,59.55570758342425,39.0
Ampara,2024-01-05,2024-01-27,4,validation,train_only,56.0,76.90426817773312,78.0
Ampara,2024-01-12,2024-02-03,4,validation,train_only,80.0,65.84052023676455,45.0
Ampara,2024-01-19,2024-02-10,4,validation,train_only,75.0,90.18939114215009,101.0
Ampara,2024-01-26,2024-02-17,4,validation,train_only,25.0,69.50426087259594,71.0
Ampara,2024-02-02,2024-02-24,4,validation,train_only,28.0,51.32124255850134,56.0
Ampara,2024-02-09,2024-03-02,4,validation,train_only,36.0,63.52372133721845,80.0
Ampara,2024-02-16,2024-03-09,4,validation,train_only,35.0,59.89092837440111,75.0
Ampara,2024-02-23,2024-03-16,4,validation,train_only,25.0,42.93601001555883,25.0
Ampara,2024-03-01,2024-03-23,4,validation,train_only,12.0,34.54705011139356,28.0
Ampara,2024-03-08,2024-03-30,4,validation,train_only,15.0,30.729767589143282,36.0
Ampara,2024-03-15,2024-04-06,4,validation,train_only,8.0,29.68126192459477,35.0
Ampara,2024-03-22,2024-04-13,4,validation,train_only,8.0,23.038681703459268,25.0
Ampara,2024-03-29,2024-04-20,4,validation,train_only,12.0,26.440818799003683,12.0
Ampara,2024-04-05,2024-04-27,4,validation,train_only,12.0,23.902582446440935,15.0
Ampara,2024-04-12,2024-05-04,4,validation,train_only,7.0,19.54978261327207,8.0
Ampara,2024-04-19,2024-05-11,4,validation,train_only,4.0,15.144637368851429,8.0
Ampara,2024-04-26,2024-05-18,4,validation,train_only,3.0,11.707580880078485,12.0
Ampara,2024-05-03,2024-05-25,4,validation,train_only,14.0,12.311725551140862,12.0
Ampara,2024-05-10,2024-06-01,4,validation,train_only,11.0,10.002320130962215,7.0
Ampara,2024-05-17,2024-06-08,4,validation,train_only,13.0,7.4312235645403275,4.0
Ampara,2024-05-24,2024-06-15,4,validation,train_only,8.0,7.817934310748235,3.0
Ampara,2024-05-31,2024-06-22,4,validation,train_only,23.0,11.64122550527928,14.0
Ampara,2024-06-07,2024-06-29,4,validation,train_only,11.0,13.529622117788637,11.0
Ampara,2024-06-14,2024-07-06,4,validation,train_only,18.0,14.5985583382835,13.0
Ampara,2024-06-21,2024-07-13,4,validation,train_only,12.0,11.724827395745352,8.0
Ampara,2024-06-28,2024-07-20,4,validation,train_only,8.0,20.444630040806313,23.0
Ampara,2024-07-05,2024-07-27,4,validation,train_only,20.0,11.94366632974321,11.0
Ampara,2024-07-12,2024-08-03,4,validation,train_only,12.0,13.865986112890822,18.0
Ampara,2024-07-19,2024-08-10,4,validation,train_only,16.0,10.289546416173357,12.0
Ampara,2024-07-26,2024-08-17,4,validation,train_only,38.0,9.887274232238278,8.0
Ampara,2024-08-02,2024-08-24,4,validation,train_only,17.0,13.760388179326414,20.0
Ampara,2024-08-09,2024-08-31,4,validation,train_only,9.0,11.27182017452476,12.0
Ampara,2024-08-16,2024-09-07,4,validation,train_only,24.0,12.58965119036082,16.0
Ampara,2024-08-23,2024-09-14,4,validation,train_only,5.0,25.830336891494714,38.0
Ampara,2024-08-30,2024-09-21,4,validation,train_only,7.0,22.69489256180917,17.0
Ampara,2024-09-06,2024-09-28,4,validation,train_only,4.0,21.582141349134314,9.0
Ampara,2024-09-13,2024-10-05,4,validation,train_only,7.0,24.17054222132954,24.0
Ampara,2024-09-20,2024-10-12,4,validation,train_only,6.0,17.364019512465696,5.0
Ampara,2024-09-27,2024-10-19,4,validation,train_only,6.0,10.494376705735041,7.0
Ampara,2024-10-04,2024-10-26,4,validation,train_only,1.0,8.355616650439813,4.0
Ampara,2024-10-11,2024-11-02,4,validation,train_only,14.0,9.25747860720544,7.0
Ampara,2024-10-18,2024-11-09,4,validation,train_only,6.0,6.278425951974392,6.0
Ampara,2024-10-25,2024-11-16,4,validation,train_only,9.0,7.550097750974587,6.0
Ampara,2024-11-01,2024-11-23,4,validation,train_only,5.0,8.477527379708745,1.0
Ampara,2024-11-08,2024-11-30,4,validation,train_only,5.0,12.74254084820545,14.0
Ampara,2024-11-15,2024-12-07,4,validation,train_only,10.0,11.85071491584681,6.0
Ampara,2024-11-22,2024-12-14,4,validation,train_only,6.0,13.928058160535196,9.0
Ampara,2024-11-29,2024-12-21,4,validation,train_only,15.0,12.936466165856082,5.0
Ampara,2024-12-06,2024-12-28,4,validation,train_only,58.0,15.34003024674026,5.0
Anuradhapura,2023-12-15,2024-01-06,4,validation,train_only,28.0,32.601013879121126,30.0
Anuradhapura,2023-12-22,2024-01-13,4,validation,train_only,95.0,31.77712541786871,22.0
Anuradhapura,2023-12-29,2024-01-20,4,validation,train_only,34.0,40.076816353708374,42.0
Anuradhapura,2024-01-05,2024-01-27,4,validation,train_only,11.0,33.00375524201381,28.0
Anuradhapura,2024-01-12,2024-02-03,4,validation,train_only,69.0,31.59876068048758,28.0
Anuradhapura,2024-01-19,2024-02-10,4,validation,train_only,29.0,62.2830192967317,95.0
Anuradhapura,2024-01-26,2024-02-17,4,validation,train_only,53.0,43.51394622288814,34.0
Anuradhapura,2024-02-02,2024-02-24,4,validation,train_only,50.0,33.58760757227417,11.0
Anuradhapura,2024-02-09,2024-03-02,4,validation,train_only,42.0,53.18386603026122,69.0
Anuradhapura,2024-02-16,2024-03-09,4,validation,train_only,33.0,27.3042337374404,29.0
Anuradhapura,2024-02-23,2024-03-16,4,validation,train_only,18.0,37.45543534582495,53.0
Anuradhapura,2024-03-01,2024-03-23,4,validation,train_only,11.0,34.842574900580956,50.0
Anuradhapura,2024-03-08,2024-03-30,4,validation,train_only,5.0,30.125037075622345,42.0
Anuradhapura,2024-03-15,2024-04-06,4,validation,train_only,5.0,27.101348956871714,33.0
Anuradhapura,2024-03-22,2024-04-13,4,validation,train_only,4.0,18.85000296661563,18.0
Anuradhapura,2024-03-29,2024-04-20,4,validation,train_only,3.0,18.045933575750222,11.0
Anuradhapura,2024-04-05,2024-04-27,4,validation,train_only,4.0,12.950898268957577,5.0
Anuradhapura,2024-04-12,2024-05-04,4,validation,train_only,5.0,10.193609959304412,5.0
Anuradhapura,2024-04-19,2024-05-11,4,validation,train_only,7.0,6.163666230281088,4.0
Anuradhapura,2024-04-26,2024-05-18,4,validation,train_only,4.0,4.960260781474704,3.0
Anuradhapura,2024-05-03,2024-05-25,4,validation,train_only,5.0,4.309512182713754,4.0
Anuradhapura,2024-05-10,2024-06-01,4,validation,train_only,14.0,4.685637924470963,5.0
Anuradhapura,2024-05-17,2024-06-08,4,validation,train_only,8.0,7.327226288763791,7.0
Anuradhapura,2024-05-24,2024-06-15,4,validation,train_only,5.0,8.630790223441814,4.0
Anuradhapura,2024-05-31,2024-06-22,4,validation,train_only,3.0,9.087566605784794,5.0
Anuradhapura,2024-06-07,2024-06-29,4,validation,train_only,5.0,12.831084459236013,14.0
Anuradhapura,2024-06-14,2024-07-06,4,validation,train_only,6.0,12.079640228424658,8.0
Anuradhapura,2024-06-21,2024-07-13,4,validation,train_only,11.0,10.241853113930583,5.0
Anuradhapura,2024-06-28,2024-07-20,4,validation,train_only,23.0,6.740797248125013,3.0
Anuradhapura,2024-07-05,2024-07-27,4,validation,train_only,5.0,5.077728129705329,5.0
Anuradhapura,2024-07-12,2024-08-03,4,validation,train_only,10.0,3.764257577144211,6.0
Anuradhapura,2024-07-19,2024-08-10,4,validation,train_only,16.0,6.050685297076443,11.0
Anuradhapura,2024-07-26,2024-08-17,4,validation,train_only,7.0,12.959967457788924,23.0
Anuradhapura,2024-08-02,2024-08-24,4,validation,train_only,8.0,7.56961798779008,5.0
Anuradhapura,2024-08-09,2024-08-31,4,validation,train_only,7.0,9.55400243747765,10.0
Anuradhapura,2024-08-16,2024-09-07,4,validation,train_only,8.0,11.576352165930471,16.0
Anuradhapura,2024-08-23,2024-09-14,4,validation,train_only,3.0,9.240178815743683,7.0
Anuradhapura,2024-08-30,2024-09-21,4,validation,train_only,9.0,7.881936662528706,8.0
Anuradhapura,2024-09-06,2024-09-28,4,validation,train_only,4.0,10.545532107872766,7.0
Anuradhapura,2024-09-13,2024-10-05,4,validation,train_only,10.0,9.85615350796411,8.0
Anuradhapura,2024-09-20,2024-10-12,4,validation,train_only,5.0,6.187782147137698,3.0
Anuradhapura,2024-09-27,2024-10-19,4,validation,train_only,6.0,7.345134900579908,9.0
Anuradhapura,2024-10-04,2024-10-26,4,validation,train_only,9.0,5.9910851449210005,4.0
Anuradhapura,2024-10-11,2024-11-02,4,validation,train_only,13.0,10.677144494921455,10.0
Anuradhapura,2024-10-18,2024-11-09,4,validation,train_only,13.0,8.458629670924747,5.0
Anuradhapura,2024-10-25,2024-11-16,4,validation,train_only,18.0,9.947270294040344,6.0
Anuradhapura,2024-11-01,2024-11-23,4,validation,train_only,12.0,9.891391113983959,9.0
Anuradhapura,2024-11-08,2024-11-30,4,validation,train_only,7.0,14.543956323246983,13.0
Anuradhapura,2024-11-15,2024-12-07,4,validation,train_only,18.0,15.465485236875633,13.0
Anuradhapura,2024-11-22,2024-12-14,4,validation,train_only,22.0,20.718188870936633,18.0
Anuradhapura,2024-11-29,2024-12-21,4,validation,train_only,12.0,20.561013505377854,12.0
Anuradhapura,2024-12-06,2024-12-28,4,validation,train_only,27.0,17.566866816376017,7.0
Badulla,2023-12-15,2024-01-06,4,validation,train_only,78.0,155.9811563605282,178.0
Badulla,2023-12-22,2024-01-13,4,validation,train_only,13.0,132.6509037512918,16.0
Badulla,2023-12-29,2024-01-20,4,validation,train_only,53.0,141.920086620738,120.0
Badulla,2024-01-05,2024-01-27,4,validation,train_only,24.0,120.58262110762426,111.0
Badulla,2024-01-12,2024-02-03,4,validation,train_only,44.0,148.5613749516898,78.0
Badulla,2024-01-19,2024-02-10,4,validation,train_only,12.0,112.6874405817435,13.0
Badulla,2024-01-26,2024-02-17,4,validation,train_only,15.0,53.66045630710515,53.0
Badulla,2024-02-02,2024-02-24,4,validation,train_only,8.0,37.44630919826408,24.0
Badulla,2024-02-09,2024-03-02,4,validation,train_only,11.0,38.61046616350782,44.0
Badulla,2024-02-16,2024-03-09,4,validation,train_only,13.0,22.557249663941246,12.0
Badulla,2024-02-23,2024-03-16,4,validation,train_only,7.0,19.991318862241805,15.0
Badulla,2024-03-01,2024-03-23,4,validation,train_only,8.0,15.02398025850383,8.0
Badulla,2024-03-08,2024-03-30,4,validation,train_only,7.0,13.479930061918205,11.0
Badulla,2024-03-15,2024-04-06,4,validation,train_only,3.0,9.561403134479004,13.0
Badulla,2024-03-22,2024-04-13,4,validation,train_only,9.0,8.031070017923147,7.0
Badulla,2024-03-29,2024-04-20,4,validation,train_only,5.0,7.453804321007472,8.0
Badulla,2024-04-05,2024-04-27,4,validation,train_only,7.0,8.360857995440877,7.0
Badulla,2024-04-12,2024-05-04,4,validation,train_only,7.0,7.582387075151248,3.0
Badulla,2024-04-19,2024-05-11,4,validation,train_only,2.0,8.093654555086452,9.0
Badulla,2024-04-26,2024-05-18,4,validation,train_only,7.0,6.121408389642447,5.0
Badulla,2024-05-03,2024-05-25,4,validation,train_only,7.0,7.0557464723194965,7.0
Badulla,2024-05-10,2024-06-01,4,validation,train_only,6.0,6.711168757305247,7.0
Badulla,2024-05-17,2024-06-08,4,validation,train_only,5.0,9.153246707017825,2.0
Badulla,2024-05-24,2024-06-15,4,validation,train_only,12.0,9.595181774292858,7.0
Badulla,2024-05-31,2024-06-22,4,validation,train_only,21.0,10.93131476544791,7.0
Badulla,2024-06-07,2024-06-29,4,validation,train_only,15.0,16.174205862890226,6.0
Badulla,2024-06-14,2024-07-06,4,validation,train_only,15.0,11.814524690907847,5.0
Badulla,2024-06-21,2024-07-13,4,validation,train_only,12.0,14.492776294340976,12.0
Badulla,2024-06-28,2024-07-20,4,validation,train_only,10.0,18.556039320165294,21.0
Badulla,2024-07-05,2024-07-27,4,validation,train_only,15.0,15.464336142227936,15.0
Badulla,2024-07-12,2024-08-03,4,validation,train_only,18.0,15.061882106804065,15.0
Badulla,2024-07-19,2024-08-10,4,validation,train_only,9.0,11.483276893946469,12.0
Badulla,2024-07-26,2024-08-17,4,validation,train_only,10.0,10.725966897361278,10.0
Badulla,2024-08-02,2024-08-24,4,validation,train_only,20.0,12.37371311812397,15.0
Badulla,2024-08-09,2024-08-31,4,validation,train_only,15.0,12.306763888344934,18.0
Badulla,2024-08-16,2024-09-07,4,validation,train_only,6.0,9.096586482986968,9.0
Badulla,2024-08-23,2024-09-14,4,validation,train_only,8.0,10.909656339893251,10.0
Badulla,2024-08-30,2024-09-21,4,validation,train_only,9.0,19.09694774619519,20.0
Badulla,2024-09-06,2024-09-28,4,validation,train_only,6.0,18.471426792188623,15.0
Badulla,2024-09-13,2024-10-05,4,validation,train_only,9.0,12.9203293142845,6.0
Badulla,2024-09-20,2024-10-12,4,validation,train_only,6.0,11.607505222495627,8.0
Badulla,2024-09-27,2024-10-19,4,validation,train_only,14.0,12.169028601461806,9.0
Badulla,2024-10-04,2024-10-26,4,validation,train_only,10.0,8.119090096384598,6.0
Badulla,2024-10-11,2024-11-02,4,validation,train_only,7.0,9.608226259867129,9.0
Badulla,2024-10-18,2024-11-09,4,validation,train_only,8.0,10.357995353117895,6.0
Badulla,2024-10-25,2024-11-16,4,validation,train_only,19.0,12.97300911353047,14.0
Badulla,2024-11-01,2024-11-23,4,validation,train_only,15.0,14.716793450231307,10.0
Badulla,2024-11-08,2024-11-30,4,validation,train_only,15.0,13.20173301829827,7.0
Badulla,2024-11-15,2024-12-07,4,validation,train_only,19.0,11.903851487894622,8.0
Badulla,2024-11-22,2024-12-14,4,validation,train_only,20.0,17.332403415625713,19.0
Badulla,2024-11-29,2024-12-21,4,validation,train_only,19.0,19.632131150921435,15.0
Badulla,2024-12-06,2024-12-28,4,validation,train_only,5.0,19.588225920760078,15.0
Batticaloa,2023-12-15,2024-01-06,4,validation,train_only,123.0,128.50443722043073,95.0
Batticaloa,2023-12-22,2024-01-13,4,validation,train_only,122.0,115.53964141035111,88.0
Batticaloa,2023-12-29,2024-01-20,4,validation,train_only,88.0,142.59589266425579,113.0
Batticaloa,2024-01-05,2024-01-27,4,validation,train_only,67.0,171.43409529899512,142.0
Batticaloa,2024-01-12,2024-02-03,4,validation,train_only,82.0,158.49004640098804,123.0
Batticaloa,2024-01-19,2024-02-10,4,validation,train_only,61.0,139.44889142368382,122.0
Batticaloa,2024-01-26,2024-02-17,4,validation,train_only,70.0,84.07806064521372,88.0
Batticaloa,2024-02-02,2024-02-24,4,validation,train_only,51.0,70.56110857139322,67.0
Batticaloa,2024-02-09,2024-03-02,4,validation,train_only,67.0,65.41979727487752,82.0
Batticaloa,2024-02-16,2024-03-09,4,validation,train_only,55.0,54.20814812156863,61.0
Batticaloa,2024-02-23,2024-03-16,4,validation,train_only,28.0,61.88180232216779,70.0
Batticaloa,2024-03-01,2024-03-23,4,validation,train_only,26.0,51.45255789601899,51.0
Batticaloa,2024-03-08,2024-03-30,4,validation,train_only,16.0,53.975426646479455,67.0
Batticaloa,2024-03-15,2024-04-06,4,validation,train_only,20.0,41.621572169278124,55.0
Batticaloa,2024-03-22,2024-04-13,4,validation,train_only,11.0,28.104839049464807,28.0
Batticaloa,2024-03-29,2024-04-20,4,validation,train_only,10.0,29.06060276412317,26.0
Batticaloa,2024-04-05,2024-04-27,4,validation,train_only,17.0,24.597786172665504,16.0
Batticaloa,2024-04-12,2024-05-04,4,validation,train_only,19.0,25.616036880106726,20.0
Batticaloa,2024-04-19,2024-05-11,4,validation,train_only,17.0,20.88432546804672,11.0
Batticaloa,2024-04-26,2024-05-18,4,validation,train_only,18.0,16.744004457165154,10.0
Batticaloa,2024-05-03,2024-05-25,4,validation,train_only,13.0,14.210704698324903,17.0
Batticaloa,2024-05-10,2024-06-01,4,validation,train_only,15.0,15.268496122224223,19.0
Batticaloa,2024-05-17,2024-06-08,4,validation,train_only,19.0,23.605732541043167,17.0
Batticaloa,2024-05-24,2024-06-15,4,validation,train_only,14.0,20.37010299841288,18.0
Batticaloa,2024-05-31,2024-06-22,4,validation,train_only,15.0,20.937842618785023,13.0
Batticaloa,2024-06-07,2024-06-29,4,validation,train_only,16.0,23.257010867015023,15.0
Batticaloa,2024-06-14,2024-07-06,4,validation,train_only,21.0,22.252371645189584,19.0
Batticaloa,2024-06-21,2024-07-13,4,validation,train_only,11.0,19.854172010584882,14.0
Batticaloa,2024-06-28,2024-07-20,4,validation,train_only,15.0,14.447594170129728,15.0
Batticaloa,2024-07-05,2024-07-27,4,validation,train_only,25.0,13.375632300811779,16.0
Batticaloa,2024-07-12,2024-08-03,4,validation,train_only,20.0,15.612468038847204,21.0
Batticaloa,2024-07-19,2024-08-10,4,validation,train_only,22.0,11.538729873402898,11.0
Batticaloa,2024-07-26,2024-08-17,4,validation,train_only,21.0,10.96804061827951,15.0
Batticaloa,2024-08-02,2024-08-24,4,validation,train_only,29.0,14.615506194075849,25.0
Batticaloa,2024-08-09,2024-08-31,4,validation,train_only,16.0,16.285554222222988,20.0
Batticaloa,2024-08-16,2024-09-07,4,validation,train_only,17.0,18.314919442300933,22.0
Batticaloa,2024-08-23,2024-09-14,4,validation,train_only,16.0,22.98434417575576,21.0
Batticaloa,2024-08-30,2024-09-21,4,validation,train_only,15.0,26.214867273349313,29.0
Batticaloa,2024-09-06,2024-09-28,4,validation,train_only,5.0,24.411003046795884,16.0
Batticaloa,2024-09-13,2024-10-05,4,validation,train_only,10.0,24.894794731734166,17.0
Batticaloa,2024-09-20,2024-10-12,4,validation,train_only,13.0,25.01467240721632,16.0
Batticaloa,2024-09-27,2024-10-19,4,validation,train_only,7.0,19.71960188039481,15.0
Batticaloa,2024-10-04,2024-10-26,4,validation,train_only,6.0,15.308097154482077,5.0
Batticaloa,2024-10-11,2024-11-02,4,validation,train_only,14.0,15.994907036190073,10.0
Batticaloa,2024-10-18,2024-11-09,4,validation,train_only,11.0,17.870646029453223,13.0
Batticaloa,2024-10-25,2024-11-16,4,validation,train_only,12.0,16.079429090778092,7.0
Batticaloa,2024-11-01,2024-11-23,4,validation,train_only,21.0,15.744166967216266,6.0
Batticaloa,2024-11-08,2024-11-30,4,validation,train_only,31.0,20.76639716984152,14.0
Batticaloa,2024-11-15,2024-12-07,4,validation,train_only,30.0,21.61317344378903,11.0
Batticaloa,2024-11-22,2024-12-14,4,validation,train_only,35.0,21.923053369398772,12.0
Batticaloa,2024-11-29,2024-12-21,4,validation,train_only,47.0,30.258473774883974,21.0
Batticaloa,2024-12-06,2024-12-28,4,validation,train_only,62.0,37.01272059706808,31.0
Colombo,2023-12-15,2024-01-06,4,validation,train_only,549.0,382.07324011190775,409.0
Colombo,2023-12-22,2024-01-13,4,validation,train_only,477.0,298.772820049433,476.0
Colombo,2023-12-29,2024-01-20,4,validation,train_only,499.0,397.37912505805593,375.0
Colombo,2024-01-05,2024-01-27,4,validation,train_only,349.0,312.20897667786744,299.0
Colombo,2024-01-12,2024-02-03,4,validation,train_only,382.0,585.3528546258543,549.0
Colombo,2024-01-19,2024-02-10,4,validation,train_only,286.0,453.14007638182073,477.0
Colombo,2024-01-26,2024-02-17,4,validation,train_only,269.0,502.51799304693645,499.0
Colombo,2024-02-02,2024-02-24,4,validation,train_only,252.0,436.19173221099345,349.0
Colombo,2024-02-09,2024-03-02,4,validation,train_only,170.0,277.2104854836881,382.0
Colombo,2024-02-16,2024-03-09,4,validation,train_only,207.0,222.35577664020735,286.0
Colombo,2024-02-23,2024-03-16,4,validation,train_only,146.0,159.40187955453163,269.0
Colombo,2024-03-01,2024-03-23,4,validation,train_only,130.0,155.7203599435666,252.0
Colombo,2024-03-08,2024-03-30,4,validation,train_only,132.0,78.38209158650749,170.0
Colombo,2024-03-15,2024-04-06,4,validation,train_only,68.0,120.24114952793994,207.0
Colombo,2024-03-22,2024-04-13,4,validation,train_only,111.0,71.08480467539087,146.0
Colombo,2024-03-29,2024-04-20,4,validation,train_only,111.0,81.39369680181396,130.0
Colombo,2024-04-05,2024-04-27,4,validation,train_only,114.0,108.08342490904074,132.0
Colombo,2024-04-12,2024-05-04,4,validation,train_only,75.0,95.39101891925051,68.0
Colombo,2024-04-19,2024-05-11,4,validation,train_only,133.0,121.70309148844757,111.0
Colombo,2024-04-26,2024-05-18,4,validation,train_only,119.0,122.15098552108498,111.0
Colombo,2024-05-03,2024-05-25,4,validation,train_only,156.0,126.45896366627686,114.0
Colombo,2024-05-10,2024-06-01,4,validation,train_only,158.0,107.50597391460087,75.0
Colombo,2024-05-17,2024-06-08,4,validation,train_only,182.0,174.62636275599033,133.0
Colombo,2024-05-24,2024-06-15,4,validation,train_only,218.0,170.52305617464066,119.0
Colombo,2024-05-31,2024-06-22,4,validation,train_only,245.0,317.4711506272469,156.0
Colombo,2024-06-07,2024-06-29,4,validation,train_only,292.0,355.95453068944505,158.0
Colombo,2024-06-14,2024-07-06,4,validation,train_only,320.0,324.8953042469607,182.0
Colombo,2024-06-21,2024-07-13,4,validation,train_only,312.0,325.1418875383926,218.0
Colombo,2024-06-28,2024-07-20,4,validation,train_only,321.0,350.85973683539504,245.0
Colombo,2024-07-05,2024-07-27,4,validation,train_only,308.0,340.4713467607416,292.0
Colombo,2024-07-12,2024-08-03,4,validation,train_only,279.0,295.9496667555071,320.0
Colombo,2024-07-19,2024-08-10,4,validation,train_only,266.0,256.2736881109683,312.0
Colombo,2024-07-26,2024-08-17,4,validation,train_only,263.0,234.6317094525166,321.0
Colombo,2024-08-02,2024-08-24,4,validation,train_only,250.0,192.02970608512462,308.0
Colombo,2024-08-09,2024-08-31,4,validation,train_only,192.0,214.077950832939,279.0
Colombo,2024-08-16,2024-09-07,4,validation,train_only,226.0,187.93639118939177,266.0
Colombo,2024-08-23,2024-09-14,4,validation,train_only,202.0,297.49545704899543,263.0
Colombo,2024-08-30,2024-09-21,4,validation,train_only,143.0,312.0544176554887,250.0
Colombo,2024-09-06,2024-09-28,4,validation,train_only,169.0,259.066315879061,192.0
Colombo,2024-09-13,2024-10-05,4,validation,train_only,172.0,343.853188384608,226.0
Colombo,2024-09-20,2024-10-12,4,validation,train_only,180.0,269.05455152961366,202.0
Colombo,2024-09-27,2024-10-19,4,validation,train_only,161.0,186.09364643758667,143.0
Colombo,2024-10-04,2024-10-26,4,validation,train_only,141.0,174.01817213484495,169.0
Colombo,2024-10-11,2024-11-02,4,validation,train_only,152.0,182.88749555390055,172.0
Colombo,2024-10-18,2024-11-09,4,validation,train_only,156.0,230.09265922810263,180.0
Colombo,2024-10-25,2024-11-16,4,validation,train_only,191.0,248.7427463466448,161.0
Colombo,2024-11-01,2024-11-23,4,validation,train_only,185.0,240.84284548032085,141.0
Colombo,2024-11-08,2024-11-30,4,validation,train_only,163.0,264.48985564201956,152.0
Colombo,2024-11-15,2024-12-07,4,validation,train_only,247.0,205.13872160710304,156.0
Colombo,2024-11-22,2024-12-14,4,validation,train_only,220.0,192.1639717299006,191.0
Colombo,2024-11-29,2024-12-21,4,validation,train_only,231.0,287.16787822915757,185.0
Colombo,2024-12-06,2024-12-28,4,validation,train_only,200.0,246.47733978801455,163.0
Galle,2023-12-15,2024-01-06,4,validation,train_only,84.0,142.43913846607845,113.0
Galle,2023-12-22,2024-01-13,4,validation,train_only,132.0,134.29138103210587,126.0
Galle,2023-12-29,2024-01-20,4,validation,train_only,119.0,118.25821622986456,93.0
Galle,2024-01-05,2024-01-27,4,validation,train_only,111.0,138.34035543303528,107.0
Galle,2024-01-12,2024-02-03,4,validation,train_only,103.0,110.61587665052127,84.0
Galle,2024-01-19,2024-02-10,4,validation,train_only,66.0,141.26322355188873,132.0
Galle,2024-01-26,2024-02-17,4,validation,train_only,42.0,124.93107665217661,119.0
Galle,2024-02-02,2024-02-24,4,validation,train_only,75.0,90.46779321061041,111.0
Galle,2024-02-09,2024-03-02,4,validation,train_only,40.0,90.60460805056289,103.0
Galle,2024-02-16,2024-03-09,4,validation,train_only,28.0,54.69302411795293,66.0
Galle,2024-02-23,2024-03-16,4,validation,train_only,30.0,47.020539787629836,42.0
Galle,2024-03-01,2024-03-23,4,validation,train_only,20.0,57.339830834152494,75.0
Galle,2024-03-08,2024-03-30,4,validation,train_only,32.0,36.780518600047,40.0
Galle,2024-03-15,2024-04-06,4,validation,train_only,18.0,26.69401301201525,28.0
Galle,2024-03-22,2024-04-13,4,validation,train_only,19.0,22.429062431600055,30.0
Galle,2024-03-29,2024-04-20,4,validation,train_only,23.0,22.039909842128615,20.0
Galle,2024-04-05,2024-04-27,4,validation,train_only,24.0,34.74568261247378,32.0
Galle,2024-04-12,2024-05-04,4,validation,train_only,21.0,26.894416418770497,18.0
Galle,2024-04-19,2024-05-11,4,validation,train_only,24.0,25.74220860099642,19.0
Galle,2024-04-26,2024-05-18,4,validation,train_only,13.0,31.782581718073047,23.0
Galle,2024-05-03,2024-05-25,4,validation,train_only,26.0,30.89226572200328,24.0
Galle,2024-05-10,2024-06-01,4,validation,train_only,9.0,29.794073250275204,21.0
Galle,2024-05-17,2024-06-08,4,validation,train_only,21.0,32.37818876057183,24.0
Galle,2024-05-24,2024-06-15,4,validation,train_only,26.0,25.44671567937235,13.0
Galle,2024-05-31,2024-06-22,4,validation,train_only,32.0,58.19941618506021,26.0
Galle,2024-06-07,2024-06-29,4,validation,train_only,29.0,54.370457327646825,9.0
Galle,2024-06-14,2024-07-06,4,validation,train_only,34.0,53.36539325455818,21.0
Galle,2024-06-21,2024-07-13,4,validation,train_only,31.0,42.9889196606878,26.0
Galle,2024-06-28,2024-07-20,4,validation,train_only,33.0,40.23786460675588,32.0
Galle,2024-07-05,2024-07-27,4,validation,train_only,32.0,31.964013260572123,29.0
Galle,2024-07-12,2024-08-03,4,validation,train_only,46.0,36.52242753587973,34.0
Galle,2024-07-19,2024-08-10,4,validation,train_only,40.0,30.52516915149658,31.0
Galle,2024-07-26,2024-08-17,4,validation,train_only,27.0,36.003837212035904,33.0
Galle,2024-08-02,2024-08-24,4,validation,train_only,50.0,31.867028077356636,32.0
Galle,2024-08-09,2024-08-31,4,validation,train_only,38.0,39.775214756461786,46.0
Galle,2024-08-16,2024-09-07,4,validation,train_only,35.0,39.076450510590746,40.0
Galle,2024-08-23,2024-09-14,4,validation,train_only,32.0,32.757195944685016,27.0
Galle,2024-08-30,2024-09-21,4,validation,train_only,46.0,46.943082716956376,50.0
Galle,2024-09-06,2024-09-28,4,validation,train_only,35.0,52.05029766754103,38.0
Galle,2024-09-13,2024-10-05,4,validation,train_only,35.0,46.557933358024705,35.0
Galle,2024-09-20,2024-10-12,4,validation,train_only,27.0,37.31601145554083,32.0
Galle,2024-09-27,2024-10-19,4,validation,train_only,21.0,50.91201317979547,46.0
Galle,2024-10-04,2024-10-26,4,validation,train_only,26.0,48.930828643009484,35.0
Galle,2024-10-11,2024-11-02,4,validation,train_only,27.0,48.908578514059684,35.0
Galle,2024-10-18,2024-11-09,4,validation,train_only,25.0,35.91772483446192,27.0
Galle,2024-10-25,2024-11-16,4,validation,train_only,59.0,29.665609033881122,21.0
Galle,2024-11-01,2024-11-23,4,validation,train_only,26.0,32.640579153419566,26.0
Galle,2024-11-08,2024-11-30,4,validation,train_only,37.0,31.8486773524736,27.0
Galle,2024-11-15,2024-12-07,4,validation,train_only,34.0,32.4830205024608,25.0
Galle,2024-11-22,2024-12-14,4,validation,train_only,27.0,54.069183032686375,59.0
Galle,2024-11-29,2024-12-21,4,validation,train_only,25.0,38.897955177585814,26.0
Galle,2024-12-06,2024-12-28,4,validation,train_only,30.0,43.04648142245719,37.0
Gampaha,2023-12-15,2024-01-06,4,validation,train_only,111.0,219.7638479064029,130.0
Gampaha,2023-12-22,2024-01-13,4,validation,train_only,147.0,191.4227834137325,217.0
Gampaha,2023-12-29,2024-01-20,4,validation,train_only,150.0,217.37623969563194,146.0
Gampaha,2024-01-05,2024-01-27,4,validation,train_only,144.0,159.5123128156739,146.0
Gampaha,2024-01-12,2024-02-03,4,validation,train_only,165.0,138.7392225451207,111.0
Gampaha,2024-01-19,2024-02-10,4,validation,train_only,155.0,141.00575154308024,147.0
Gampaha,2024-01-26,2024-02-17,4,validation,train_only,111.0,162.74090813262907,150.0
Gampaha,2024-02-02,2024-02-24,4,validation,train_only,102.0,163.76816468854037,144.0
Gampaha,2024-02-09,2024-03-02,4,validation,train_only,68.0,157.40279812175353,165.0
Gampaha,2024-02-16,2024-03-09,4,validation,train_only,90.0,127.0327908445859,155.0
Gampaha,2024-02-23,2024-03-16,4,validation,train_only,80.0,75.18442500654223,111.0
Gampaha,2024-03-01,2024-03-23,4,validation,train_only,60.0,60.60442544311184,102.0
Gampaha,2024-03-08,2024-03-30,4,validation,train_only,66.0,40.22929931879846,68.0
Gampaha,2024-03-15,2024-04-06,4,validation,train_only,46.0,54.120541696534055,90.0
Gampaha,2024-03-22,2024-04-13,4,validation,train_only,68.0,66.73564957149195,80.0
Gampaha,2024-03-29,2024-04-20,4,validation,train_only,43.0,63.82143894063016,60.0
Gampaha,2024-04-05,2024-04-27,4,validation,train_only,48.0,72.13492207618131,66.0
Gampaha,2024-04-12,2024-05-04,4,validation,train_only,55.0,65.33469142052263,46.0
Gampaha,2024-04-19,2024-05-11,4,validation,train_only,70.0,73.28016384426182,68.0
Gampaha,2024-04-26,2024-05-18,4,validation,train_only,40.0,56.71237180620407,43.0
Gampaha,2024-05-03,2024-05-25,4,validation,train_only,48.0,54.98592325797483,48.0
Gampaha,2024-05-10,2024-06-01,4,validation,train_only,77.0,70.80200608255129,55.0
Gampaha,2024-05-17,2024-06-08,4,validation,train_only,105.0,73.19982196565152,70.0
Gampaha,2024-05-24,2024-06-15,4,validation,train_only,81.0,55.79439985142712,40.0
Gampaha,2024-05-31,2024-06-22,4,validation,train_only,103.0,97.49930621248521,48.0
Gampaha,2024-06-07,2024-06-29,4,validation,train_only,139.0,122.13607657793713,77.0
Gampaha,2024-06-14,2024-07-06,4,validation,train_only,125.0,181.31922298404413,105.0
Gampaha,2024-06-21,2024-07-13,4,validation,train_only,129.0,165.20144139206656,81.0
Gampaha,2024-06-28,2024-07-20,4,validation,train_only,157.0,156.2112216639435,103.0
Gampaha,2024-07-05,2024-07-27,4,validation,train_only,148.0,150.4001156301457,139.0
Gampaha,2024-07-12,2024-08-03,4,validation,train_only,174.0,123.3380466310492,125.0
Gampaha,2024-07-19,2024-08-10,4,validation,train_only,123.0,125.94037259317902,129.0
Gampaha,2024-07-26,2024-08-17,4,validation,train_only,124.0,146.45200066577664,157.0
Gampaha,2024-08-02,2024-08-24,4,validation,train_only,122.0,136.7620880174384,148.0
Gampaha,2024-08-09,2024-08-31,4,validation,train_only,128.0,166.3314069787996,174.0
Gampaha,2024-08-16,2024-09-07,4,validation,train_only,84.0,116.77089996714616,123.0
Gampaha,2024-08-23,2024-09-14,4,validation,train_only,96.0,175.78217429540598,124.0
Gampaha,2024-08-30,2024-09-21,4,validation,train_only,91.0,143.21047827268538,122.0
Gampaha,2024-09-06,2024-09-28,4,validation,train_only,101.0,182.15946767067598,128.0
Gampaha,2024-09-13,2024-10-05,4,validation,train_only,120.0,144.02503228520067,84.0
Gampaha,2024-09-20,2024-10-12,4,validation,train_only,95.0,131.89016533259078,96.0
Gampaha,2024-09-27,2024-10-19,4,validation,train_only,98.0,124.15679574907323,91.0
Gampaha,2024-10-04,2024-10-26,4,validation,train_only,103.0,119.07076979924571,101.0
Gampaha,2024-10-11,2024-11-02,4,validation,train_only,111.0,146.68600030442354,120.0
Gampaha,2024-10-18,2024-11-09,4,validation,train_only,95.0,113.3508879641401,95.0
Gampaha,2024-10-25,2024-11-16,4,validation,train_only,153.0,113.69142355014795,98.0
Gampaha,2024-11-01,2024-11-23,4,validation,train_only,186.0,132.83893300356553,103.0
Gampaha,2024-11-08,2024-11-30,4,validation,train_only,133.0,134.2066083778772,111.0
Gampaha,2024-11-15,2024-12-07,4,validation,train_only,161.0,98.67775574567564,95.0
Gampaha,2024-11-22,2024-12-14,4,validation,train_only,103.0,166.64676573552538,153.0
Gampaha,2024-11-29,2024-12-21,4,validation,train_only,131.0,236.16405048107487,186.0
Gampaha,2024-12-06,2024-12-28,4,validation,train_only,186.0,161.98035620668426,133.0
Hambantota,2023-12-15,2024-01-06,4,validation,train_only,55.0,48.77766838334498,43.0
Hambantota,2023-12-22,2024-01-13,4,validation,train_only,33.0,60.92636233250915,72.0
Hambantota,2023-12-29,2024-01-20,4,validation,train_only,50.0,58.28256750005649,18.0
Hambantota,2024-01-05,2024-01-27,4,validation,train_only,37.0,44.51786474169225,38.0
Hambantota,2024-01-12,2024-02-03,4,validation,train_only,29.0,51.32218918295332,55.0
Hambantota,2024-01-19,2024-02-10,4,validation,train_only,14.0,44.1698093313672,33.0
Hambantota,2024-01-26,2024-02-17,4,validation,train_only,35.0,44.849273645157204,50.0
Hambantota,2024-02-02,2024-02-24,4,validation,train_only,18.0,41.89992226139583,37.0
Hambantota,2024-02-09,2024-03-02,4,validation,train_only,22.0,31.789806026755056,29.0
Hambantota,2024-02-16,2024-03-09,4,validation,train_only,27.0,19.83249233414449,14.0
Hambantota,2024-02-23,2024-03-16,4,validation,train_only,17.0,23.517061225480077,35.0
Hambantota,2024-03-01,2024-03-23,4,validation,train_only,29.0,15.462580899030911,18.0
Hambantota,2024-03-08,2024-03-30,4,validation,train_only,13.0,17.40672569978051,22.0
Hambantota,2024-03-15,2024-04-06,4,validation,train_only,10.0,17.775895797454382,27.0
Hambantota,2024-03-22,2024-04-13,4,validation,train_only,32.0,15.182498979328647,17.0
Hambantota,2024-03-29,2024-04-20,4,validation,train_only,12.0,21.3543794906521,29.0
Hambantota,2024-04-05,2024-04-27,4,validation,train_only,15.0,16.742244143447685,13.0
Hambantota,2024-04-12,2024-05-04,4,validation,train_only,18.0,18.09207373538722,10.0
Hambantota,2024-04-19,2024-05-11,4,validation,train_only,9.0,27.418071046988366,32.0
Hambantota,2024-04-26,2024-05-18,4,validation,train_only,6.0,22.126058674938175,12.0
Hambantota,2024-05-03,2024-05-25,4,validation,train_only,12.0,19.353559403370816,15.0
Hambantota,2024-05-10,2024-06-01,4,validation,train_only,16.0,19.170805138228182,18.0
Hambantota,2024-05-17,2024-06-08,4,validation,train_only,9.0,19.668342585465176,9.0
Hambantota,2024-05-24,2024-06-15,4,validation,train_only,8.0,12.651405784567647,6.0
Hambantota,2024-05-31,2024-06-22,4,validation,train_only,10.0,17.35920454430962,12.0
Hambantota,2024-06-07,2024-06-29,4,validation,train_only,12.0,21.53214854473793,16.0
Hambantota,2024-06-14,2024-07-06,4,validation,train_only,5.0,17.491668684930413,9.0
Hambantota,2024-06-21,2024-07-13,4,validation,train_only,15.0,17.876064323191315,8.0
Hambantota,2024-06-28,2024-07-20,4,validation,train_only,14.0,13.825398238506029,10.0
Hambantota,2024-07-05,2024-07-27,4,validation,train_only,11.0,11.633129970906237,12.0
Hambantota,2024-07-12,2024-08-03,4,validation,train_only,5.0,5.83135231973592,5.0
Hambantota,2024-07-19,2024-08-10,4,validation,train_only,8.0,8.932582016943655,15.0
Hambantota,2024-07-26,2024-08-17,4,validation,train_only,11.0,9.460168121406033,14.0
Hambantota,2024-08-02,2024-08-24,4,validation,train_only,15.0,9.986903648778503,11.0
Hambantota,2024-08-09,2024-08-31,4,validation,train_only,10.0,6.00691909104842,5.0
Hambantota,2024-08-16,2024-09-07,4,validation,train_only,14.0,7.386341413310022,8.0
Hambantota,2024-08-23,2024-09-14,4,validation,train_only,10.0,10.187185045005597,11.0
Hambantota,2024-08-30,2024-09-21,4,validation,train_only,10.0,15.67788571220587,15.0
Hambantota,2024-09-06,2024-09-28,4,validation,train_only,10.0,12.23225658964435,10.0
Hambantota,2024-09-13,2024-10-05,4,validation,train_only,11.0,16.746765535608144,14.0
Hambantota,2024-09-20,2024-10-12,4,validation,train_only,14.0,15.538953664894045,10.0
Hambantota,2024-09-27,2024-10-19,4,validation,train_only,9.0,11.94594117784423,10.0
Hambantota,2024-10-04,2024-10-26,4,validation,train_only,10.0,11.988607312779862,10.0
Hambantota,2024-10-11,2024-11-02,4,validation,train_only,12.0,12.447287551706694,11.0
Hambantota,2024-10-18,2024-11-09,4,validation,train_only,4.0,13.194164386922871,14.0
Hambantota,2024-10-25,2024-11-16,4,validation,train_only,23.0,12.08680676817232,9.0
Hambantota,2024-11-01,2024-11-23,4,validation,train_only,6.0,13.64808627510193,10.0
Hambantota,2024-11-08,2024-11-30,4,validation,train_only,15.0,13.9027859824147,12.0
Hambantota,2024-11-15,2024-12-07,4,validation,train_only,12.0,12.534711713804784,4.0
Hambantota,2024-11-22,2024-12-14,4,validation,train_only,22.0,24.878036833525517,23.0
Hambantota,2024-11-29,2024-12-21,4,validation,train_only,21.0,16.595282470031353,6.0
Hambantota,2024-12-06,2024-12-28,4,validation,train_only,36.0,21.808277324761022,15.0
Jaffna,2023-12-15,2024-01-06,4,validation,train_only,805.0,420.3683977853747,423.0
Jaffna,2023-12-22,2024-01-13,4,validation,train_only,595.0,652.8104424561558,706.0
Jaffna,2023-12-29,2024-01-20,4,validation,train_only,746.0,765.5331433163701,746.0
Jaffna,2024-01-05,2024-01-27,4,validation,train_only,483.0,679.6218270810714,623.0
Jaffna,2024-01-12,2024-02-03,4,validation,train_only,410.0,827.3519809042119,805.0
Jaffna,2024-01-19,2024-02-10,4,validation,train_only,292.0,708.8746716378848,595.0
Jaffna,2024-01-26,2024-02-17,4,validation,train_only,224.0,797.5306988591836,746.0
Jaffna,2024-02-02,2024-02-24,4,validation,train_only,148.0,293.3468960460804,483.0
Jaffna,2024-02-09,2024-03-02,4,validation,train_only,143.0,254.01919023785362,410.0
Jaffna,2024-02-16,2024-03-09,4,validation,train_only,99.0,105.22565682862786,292.0
Jaffna,2024-02-23,2024-03-16,4,validation,train_only,67.0,146.85143633577772,224.0
Jaffna,2024-03-01,2024-03-23,4,validation,train_only,68.0,56.37441148281593,148.0
Jaffna,2024-03-08,2024-03-30,4,validation,train_only,60.0,36.94988139947221,143.0
Jaffna,2024-03-15,2024-04-06,4,validation,train_only,42.0,39.78001650448944,99.0
Jaffna,2024-03-22,2024-04-13,4,validation,train_only,34.0,41.32113680903923,67.0
Jaffna,2024-03-29,2024-04-20,4,validation,train_only,35.0,52.56573634179944,68.0
Jaffna,2024-04-05,2024-04-27,4,validation,train_only,28.0,48.95673634192753,60.0
Jaffna,2024-04-12,2024-05-04,4,validation,train_only,19.0,39.33606484828747,42.0
Jaffna,2024-04-19,2024-05-11,4,validation,train_only,16.0,33.603069456680394,34.0
Jaffna,2024-04-26,2024-05-18,4,validation,train_only,5.0,27.513775545125284,35.0
Jaffna,2024-05-03,2024-05-25,4,validation,train_only,23.0,22.15093405886356,28.0
Jaffna,2024-05-10,2024-06-01,4,validation,train_only,22.0,18.47858076401068,19.0
Jaffna,2024-05-17,2024-06-08,4,validation,train_only,18.0,39.627780679037635,16.0
Jaffna,2024-05-24,2024-06-15,4,validation,train_only,11.0,58.06167003537608,5.0
Jaffna,2024-05-31,2024-06-22,4,validation,train_only,20.0,48.912539362512426,23.0
Jaffna,2024-06-07,2024-06-29,4,validation,train_only,21.0,50.97797430594783,22.0
Jaffna,2024-06-14,2024-07-06,4,validation,train_only,15.0,53.537877950093964,18.0
Jaffna,2024-06-21,2024-07-13,4,validation,train_only,18.0,34.55130667261414,11.0
Jaffna,2024-06-28,2024-07-20,4,validation,train_only,10.0,33.07482430336469,20.0
Jaffna,2024-07-05,2024-07-27,4,validation,train_only,13.0,28.30285309775998,21.0
Jaffna,2024-07-12,2024-08-03,4,validation,train_only,6.0,16.843017663204787,15.0
Jaffna,2024-07-19,2024-08-10,4,validation,train_only,11.0,15.593969216939627,18.0
Jaffna,2024-07-26,2024-08-17,4,validation,train_only,16.0,13.149187730859827,10.0
Jaffna,2024-08-02,2024-08-24,4,validation,train_only,15.0,12.802778993128772,13.0
Jaffna,2024-08-09,2024-08-31,4,validation,train_only,8.0,9.285308050987329,6.0
Jaffna,2024-08-16,2024-09-07,4,validation,train_only,11.0,14.612638715398214,11.0
Jaffna,2024-08-23,2024-09-14,4,validation,train_only,8.0,17.49391694431805,16.0
Jaffna,2024-08-30,2024-09-21,4,validation,train_only,15.0,23.148158051552286,15.0
Jaffna,2024-09-06,2024-09-28,4,validation,train_only,11.0,24.32732107763172,8.0
Jaffna,2024-09-13,2024-10-05,4,validation,train_only,10.0,24.907917670329173,11.0
Jaffna,2024-09-20,2024-10-12,4,validation,train_only,11.0,22.372935885861434,8.0
Jaffna,2024-09-27,2024-10-19,4,validation,train_only,7.0,24.920954735375076,15.0
Jaffna,2024-10-04,2024-10-26,4,validation,train_only,30.0,24.656303997611197,11.0
Jaffna,2024-10-11,2024-11-02,4,validation,train_only,26.0,36.66718242136515,10.0
Jaffna,2024-10-18,2024-11-09,4,validation,train_only,25.0,57.01054841193559,11.0
Jaffna,2024-10-25,2024-11-16,4,validation,train_only,37.0,55.244420820491904,7.0
Jaffna,2024-11-01,2024-11-23,4,validation,train_only,47.0,59.16424584510111,30.0
Jaffna,2024-11-08,2024-11-30,4,validation,train_only,35.0,67.97392479188875,26.0
Jaffna,2024-11-15,2024-12-07,4,validation,train_only,60.0,79.17304528261567,25.0
Jaffna,2024-11-22,2024-12-14,4,validation,train_only,76.0,87.04887631248315,37.0
Jaffna,2024-11-29,2024-12-21,4,validation,train_only,76.0,85.51051668613304,47.0
Jaffna,2024-12-06,2024-12-28,4,validation,train_only,58.0,101.91995821570893,35.0
Kalutara,2023-12-15,2024-01-06,4,validation,train_only,103.0,119.0357661973049,104.0
Kalutara,2023-12-22,2024-01-13,4,validation,train_only,105.0,346.91904298440005,693.0
Kalutara,2023-12-29,2024-01-20,4,validation,train_only,96.0,225.76110169220655,89.0
Kalutara,2024-01-05,2024-01-27,4,validation,train_only,118.0,71.22396204788022,77.0
Kalutara,2024-01-12,2024-02-03,4,validation,train_only,113.0,135.3793319659892,103.0
Kalutara,2024-01-19,2024-02-10,4,validation,train_only,81.0,130.88233358597302,105.0
Kalutara,2024-01-26,2024-02-17,4,validation,train_only,77.0,86.34438304525624,96.0
Kalutara,2024-02-02,2024-02-24,4,validation,train_only,54.0,119.00599642584851,118.0
Kalutara,2024-02-09,2024-03-02,4,validation,train_only,43.0,92.75757312067938,113.0
Kalutara,2024-02-16,2024-03-09,4,validation,train_only,91.0,62.855886858098295,81.0
Kalutara,2024-02-23,2024-03-16,4,validation,train_only,78.0,57.29077813596176,77.0
Kalutara,2024-03-01,2024-03-23,4,validation,train_only,69.0,37.21696331445475,54.0
Kalutara,2024-03-08,2024-03-30,4,validation,train_only,50.0,30.873093728442335,43.0
Kalutara,2024-03-15,2024-04-06,4,validation,train_only,35.0,65.56188611454948,91.0
Kalutara,2024-03-22,2024-04-13,4,validation,train_only,37.0,68.96150006552789,78.0
Kalutara,2024-03-29,2024-04-20,4,validation,train_only,24.0,68.06903810825685,69.0
Kalutara,2024-04-05,2024-04-27,4,validation,train_only,41.0,62.430222992974386,50.0
Kalutara,2024-04-12,2024-05-04,4,validation,train_only,31.0,52.435148986334596,35.0
Kalutara,2024-04-19,2024-05-11,4,validation,train_only,50.0,47.16542299105057,37.0
Kalutara,2024-04-26,2024-05-18,4,validation,train_only,32.0,38.917430556232674,24.0
Kalutara,2024-05-03,2024-05-25,4,validation,train_only,41.0,42.58742016108564,41.0
Kalutara,2024-05-10,2024-06-01,4,validation,train_only,41.0,38.080252638599305,31.0
Kalutara,2024-05-17,2024-06-08,4,validation,train_only,50.0,49.97364326792917,50.0
Kalutara,2024-05-24,2024-06-15,4,validation,train_only,46.0,41.636250942827125,32.0
Kalutara,2024-05-31,2024-06-22,4,validation,train_only,63.0,75.40938910785114,41.0
Kalutara,2024-06-07,2024-06-29,4,validation,train_only,60.0,65.51283096061049,41.0
Kalutara,2024-06-14,2024-07-06,4,validation,train_only,68.0,79.0736561922042,50.0
Kalutara,2024-06-21,2024-07-13,4,validation,train_only,55.0,74.07220094926362,46.0
Kalutara,2024-06-28,2024-07-20,4,validation,train_only,65.0,69.6451763133341,63.0
Kalutara,2024-07-05,2024-07-27,4,validation,train_only,27.0,77.40250652294813,60.0
Kalutara,2024-07-12,2024-08-03,4,validation,train_only,50.0,61.990379400447104,68.0
Kalutara,2024-07-19,2024-08-10,4,validation,train_only,48.0,52.52877683538423,55.0
Kalutara,2024-07-26,2024-08-17,4,validation,train_only,43.0,52.90515994046682,65.0
Kalutara,2024-08-02,2024-08-24,4,validation,train_only,57.0,35.22498356795916,27.0
Kalutara,2024-08-09,2024-08-31,4,validation,train_only,39.0,44.63801195885147,50.0
Kalutara,2024-08-16,2024-09-07,4,validation,train_only,23.0,44.36617619316057,48.0
Kalutara,2024-08-23,2024-09-14,4,validation,train_only,34.0,45.39617451364187,43.0
Kalutara,2024-08-30,2024-09-21,4,validation,train_only,48.0,58.21475476070509,57.0
Kalutara,2024-09-06,2024-09-28,4,validation,train_only,44.0,57.11970275024874,39.0
Kalutara,2024-09-13,2024-10-05,4,validation,train_only,44.0,43.94902805015225,23.0
Kalutara,2024-09-20,2024-10-12,4,validation,train_only,36.0,50.91938974783979,34.0
Kalutara,2024-09-27,2024-10-19,4,validation,train_only,31.0,52.40940081363654,48.0
Kalutara,2024-10-04,2024-10-26,4,validation,train_only,40.0,52.073241571568225,44.0
Kalutara,2024-10-11,2024-11-02,4,validation,train_only,36.0,56.06358898747784,44.0
Kalutara,2024-10-18,2024-11-09,4,validation,train_only,23.0,46.61054444014026,36.0
Kalutara,2024-10-25,2024-11-16,4,validation,train_only,30.0,37.17728817477086,31.0
Kalutara,2024-11-01,2024-11-23,4,validation,train_only,34.0,44.55442157502206,40.0
Kalutara,2024-11-08,2024-11-30,4,validation,train_only,28.0,42.66877363493649,36.0
Kalutara,2024-11-15,2024-12-07,4,validation,train_only,32.0,34.83027611891827,23.0
Kalutara,2024-11-22,2024-12-14,4,validation,train_only,49.0,36.516647579926435,30.0
Kalutara,2024-11-29,2024-12-21,4,validation,train_only,34.0,42.45810663774579,34.0
Kalutara,2024-12-06,2024-12-28,4,validation,train_only,65.0,38.354107811401704,28.0
Kandy,2023-12-15,2024-01-06,4,validation,train_only,199.0,389.10379196415187,353.0
Kandy,2023-12-22,2024-01-13,4,validation,train_only,165.0,287.6250906476088,418.0
Kandy,2023-12-29,2024-01-20,4,validation,train_only,186.0,332.65285911455237,330.0
Kandy,2024-01-05,2024-01-27,4,validation,train_only,126.0,229.61728000784962,237.0
Kandy,2024-01-12,2024-02-03,4,validation,train_only,126.0,173.41753907923743,199.0
Kandy,2024-01-19,2024-02-10,4,validation,train_only,86.0,147.54103562857154,165.0
Kandy,2024-01-26,2024-02-17,4,validation,train_only,83.0,117.53179325842348,186.0
Kandy,2024-02-02,2024-02-24,4,validation,train_only,58.0,103.01035779978976,126.0
Kandy,2024-02-09,2024-03-02,4,validation,train_only,68.0,103.28157510034761,126.0
Kandy,2024-02-16,2024-03-09,4,validation,train_only,59.0,63.26491475673462,86.0
Kandy,2024-02-23,2024-03-16,4,validation,train_only,42.0,71.27209890289473,83.0
Kandy,2024-03-01,2024-03-23,4,validation,train_only,51.0,59.98309709555193,58.0
Kandy,2024-03-08,2024-03-30,4,validation,train_only,47.0,48.41353339413784,68.0
Kandy,2024-03-15,2024-04-06,4,validation,train_only,44.0,50.85345891279576,59.0
Kandy,2024-03-22,2024-04-13,4,validation,train_only,73.0,44.708464516781824,42.0
Kandy,2024-03-29,2024-04-20,4,validation,train_only,64.0,54.851302148527836,51.0
Kandy,2024-04-05,2024-04-27,4,validation,train_only,66.0,64.45084976097104,47.0
Kandy,2024-04-12,2024-05-04,4,validation,train_only,71.0,70.18841010581049,44.0
Kandy,2024-04-19,2024-05-11,4,validation,train_only,98.0,92.39921864180562,73.0
Kandy,2024-04-26,2024-05-18,4,validation,train_only,62.0,83.69757024523966,64.0
Kandy,2024-05-03,2024-05-25,4,validation,train_only,66.0,77.7813229811865,66.0
Kandy,2024-05-10,2024-06-01,4,validation,train_only,69.0,86.40380273404755,71.0
Kandy,2024-05-17,2024-06-08,4,validation,train_only,70.0,112.45022483151081,98.0
Kandy,2024-05-24,2024-06-15,4,validation,train_only,85.0,109.7366662164294,62.0
Kandy,2024-05-31,2024-06-22,4,validation,train_only,91.0,121.17057155316985,66.0
Kandy,2024-06-07,2024-06-29,4,validation,train_only,110.0,135.97144869175756,69.0
Kandy,2024-06-14,2024-07-06,4,validation,train_only,141.0,126.6601230681754,70.0
Kandy,2024-06-21,2024-07-13,4,validation,train_only,105.0,128.4452766819375,85.0
Kandy,2024-06-28,2024-07-20,4,validation,train_only,120.0,123.66560112085848,91.0
Kandy,2024-07-05,2024-07-27,4,validation,train_only,107.0,96.58790988917987,110.0
Kandy,2024-07-12,2024-08-03,4,validation,train_only,120.0,119.92631850355268,141.0
Kandy,2024-07-19,2024-08-10,4,validation,train_only,114.0,79.2932545323244,105.0
Kandy,2024-07-26,2024-08-17,4,validation,train_only,72.0,106.12723501564982,120.0
Kandy,2024-08-02,2024-08-24,4,validation,train_only,94.0,90.34712867101435,107.0
Kandy,2024-08-09,2024-08-31,4,validation,train_only,73.0,111.69661748553546,120.0
Kandy,2024-08-16,2024-09-07,4,validation,train_only,76.0,103.54379994905774,114.0
Kandy,2024-08-23,2024-09-14,4,validation,train_only,64.0,85.34695430466401,72.0
Kandy,2024-08-30,2024-09-21,4,validation,train_only,75.0,80.89544937245827,94.0
Kandy,2024-09-06,2024-09-28,4,validation,train_only,58.0,71.43009610073165,73.0
Kandy,2024-09-13,2024-10-05,4,validation,train_only,59.0,81.64886620649762,76.0
Kandy,2024-09-20,2024-10-12,4,validation,train_only,68.0,67.02996387592584,64.0
Kandy,2024-09-27,2024-10-19,4,validation,train_only,74.0,81.36610198680096,75.0
Kandy,2024-10-04,2024-10-26,4,validation,train_only,66.0,72.11642068671866,58.0
Kandy,2024-10-11,2024-11-02,4,validation,train_only,70.0,83.71981033413536,59.0
Kandy,2024-10-18,2024-11-09,4,validation,train_only,68.0,76.08387976662014,68.0
Kandy,2024-10-25,2024-11-16,4,validation,train_only,84.0,73.10550889649619,74.0
Kandy,2024-11-01,2024-11-23,4,validation,train_only,63.0,72.8218386582177,66.0
Kandy,2024-11-08,2024-11-30,4,validation,train_only,71.0,78.44999523115317,70.0
Kandy,2024-11-15,2024-12-07,4,validation,train_only,73.0,69.94771842354778,68.0
Kandy,2024-11-22,2024-12-14,4,validation,train_only,57.0,75.78718296097986,84.0
Kandy,2024-11-29,2024-12-21,4,validation,train_only,76.0,75.00701607244704,63.0
Kandy,2024-12-06,2024-12-28,4,validation,train_only,66.0,120.17524819824519,71.0
Kegalle,2023-12-15,2024-01-06,4,validation,train_only,104.0,69.64174547466106,63.0
Kegalle,2023-12-22,2024-01-13,4,validation,train_only,77.0,77.70559102748122,90.0
Kegalle,2023-12-29,2024-01-20,4,validation,train_only,91.0,115.22788438343294,119.0
Kegalle,2024-01-05,2024-01-27,4,validation,train_only,73.0,85.02974178818832,112.0
Kegalle,2024-01-12,2024-02-03,4,validation,train_only,89.0,79.99511586921338,104.0
Kegalle,2024-01-19,2024-02-10,4,validation,train_only,48.0,73.28452256690501,77.0
Kegalle,2024-01-26,2024-02-17,4,validation,train_only,71.0,68.20960000717656,91.0
Kegalle,2024-02-02,2024-02-24,4,validation,train_only,43.0,60.938752888916284,73.0
Kegalle,2024-02-09,2024-03-02,4,validation,train_only,34.0,72.34679242305336,89.0
Kegalle,2024-02-16,2024-03-09,4,validation,train_only,44.0,38.40296824198785,48.0
Kegalle,2024-02-23,2024-03-16,4,validation,train_only,35.0,47.29908482769536,71.0
Kegalle,2024-03-01,2024-03-23,4,validation,train_only,30.0,30.997657003729103,43.0
Kegalle,2024-03-08,2024-03-30,4,validation,train_only,25.0,26.917305511727612,34.0
Kegalle,2024-03-15,2024-04-06,4,validation,train_only,25.0,27.300918712830835,44.0
Kegalle,2024-03-22,2024-04-13,4,validation,train_only,23.0,26.840914092251378,35.0
Kegalle,2024-03-29,2024-04-20,4,validation,train_only,42.0,25.123897333297787,30.0
Kegalle,2024-04-05,2024-04-27,4,validation,train_only,36.0,24.369289223673107,25.0
Kegalle,2024-04-12,2024-05-04,4,validation,train_only,56.0,29.038540483654984,25.0
Kegalle,2024-04-19,2024-05-11,4,validation,train_only,48.0,30.487678117310605,23.0
Kegalle,2024-04-26,2024-05-18,4,validation,train_only,28.0,38.479037673842974,42.0
Kegalle,2024-05-03,2024-05-25,4,validation,train_only,49.0,40.12606377246339,36.0
Kegalle,2024-05-10,2024-06-01,4,validation,train_only,31.0,55.2783543047254,56.0
Kegalle,2024-05-17,2024-06-08,4,validation,train_only,36.0,60.61073320768996,48.0
Kegalle,2024-05-24,2024-06-15,4,validation,train_only,24.0,44.78523091659481,28.0
Kegalle,2024-05-31,2024-06-22,4,validation,train_only,40.0,64.05645755180633,49.0
Kegalle,2024-06-07,2024-06-29,4,validation,train_only,38.0,50.091955165153934,31.0
Kegalle,2024-06-14,2024-07-06,4,validation,train_only,35.0,48.74617955072494,36.0
Kegalle,2024-06-21,2024-07-13,4,validation,train_only,35.0,44.20143201272869,24.0
Kegalle,2024-06-28,2024-07-20,4,validation,train_only,19.0,46.245523834978606,40.0
Kegalle,2024-07-05,2024-07-27,4,validation,train_only,39.0,38.05184304779049,38.0
Kegalle,2024-07-12,2024-08-03,4,validation,train_only,20.0,37.76046487836413,35.0
Kegalle,2024-07-19,2024-08-10,4,validation,train_only,37.0,36.739504674640706,35.0
Kegalle,2024-07-26,2024-08-17,4,validation,train_only,77.0,24.578558798216186,19.0
Kegalle,2024-08-02,2024-08-24,4,validation,train_only,23.0,35.49566054155786,39.0
Kegalle,2024-08-09,2024-08-31,4,validation,train_only,38.0,26.24995821695172,20.0
Kegalle,2024-08-16,2024-09-07,4,validation,train_only,37.0,38.13487317762524,37.0
Kegalle,2024-08-23,2024-09-14,4,validation,train_only,26.0,72.87536245951472,77.0
Kegalle,2024-08-30,2024-09-21,4,validation,train_only,25.0,46.987522091135936,23.0
Kegalle,2024-09-06,2024-09-28,4,validation,train_only,15.0,53.41838282327069,38.0
Kegalle,2024-09-13,2024-10-05,4,validation,train_only,13.0,46.4257741888725,37.0
Kegalle,2024-09-20,2024-10-12,4,validation,train_only,20.0,36.10207635681502,26.0
Kegalle,2024-09-27,2024-10-19,4,validation,train_only,24.0,33.83179754741502,25.0
Kegalle,2024-10-04,2024-10-26,4,validation,train_only,8.0,27.69317879916897,15.0
Kegalle,2024-10-11,2024-11-02,4,validation,train_only,21.0,25.027195340909987,13.0
Kegalle,2024-10-18,2024-11-09,4,validation,train_only,16.0,28.141609605127915,20.0
Kegalle,2024-10-25,2024-11-16,4,validation,train_only,26.0,30.94057502183365,24.0
Kegalle,2024-11-01,2024-11-23,4,validation,train_only,23.0,24.18913136615976,8.0
Kegalle,2024-11-08,2024-11-30,4,validation,train_only,21.0,25.990856286638614,21.0
Kegalle,2024-11-15,2024-12-07,4,validation,train_only,14.0,25.02611130024601,16.0
Kegalle,2024-11-22,2024-12-14,4,validation,train_only,17.0,31.567019102480224,26.0
Kegalle,2024-11-29,2024-12-21,4,validation,train_only,44.0,34.416349719682614,23.0
Kegalle,2024-12-06,2024-12-28,4,validation,train_only,64.0,33.386329207911025,21.0
Kilinochchi,2023-12-15,2024-01-06,4,validation,train_only,52.0,12.694400541362956,11.0
Kilinochchi,2023-12-22,2024-01-13,4,validation,train_only,20.0,26.363665262461282,20.0
Kilinochchi,2023-12-29,2024-01-20,4,validation,train_only,41.0,22.812618445484176,17.0
Kilinochchi,2024-01-05,2024-01-27,4,validation,train_only,22.0,29.43267265527036,29.0
Kilinochchi,2024-01-12,2024-02-03,4,validation,train_only,26.0,42.63867467804739,52.0
Kilinochchi,2024-01-19,2024-02-10,4,validation,train_only,22.0,31.561735644365452,20.0
Kilinochchi,2024-01-26,2024-02-17,4,validation,train_only,12.0,34.31126940767728,41.0
Kilinochchi,2024-02-02,2024-02-24,4,validation,train_only,9.0,23.538237027758004,22.0
Kilinochchi,2024-02-09,2024-03-02,4,validation,train_only,8.0,19.696171317969554,26.0
Kilinochchi,2024-02-16,2024-03-09,4,validation,train_only,8.0,18.971200502466896,22.0
Kilinochchi,2024-02-23,2024-03-16,4,validation,train_only,7.0,13.835518994192158,12.0
Kilinochchi,2024-03-01,2024-03-23,4,validation,train_only,2.0,12.287734458626394,9.0
Kilinochchi,2024-03-08,2024-03-30,4,validation,train_only,3.0,9.475760054975487,8.0
Kilinochchi,2024-03-15,2024-04-06,4,validation,train_only,3.0,8.087081968719673,8.0
Kilinochchi,2024-03-22,2024-04-13,4,validation,train_only,4.0,6.859840777471222,7.0
Kilinochchi,2024-03-29,2024-04-20,4,validation,train_only,0.0,6.659477785253907,2.0
Kilinochchi,2024-04-05,2024-04-27,4,validation,train_only,0.0,4.622690385757068,3.0
Kilinochchi,2024-04-12,2024-05-04,4,validation,train_only,0.0,5.029631078419421,3.0
Kilinochchi,2024-04-19,2024-05-11,4,validation,train_only,1.0,4.283321331590533,4.0
Kilinochchi,2024-04-26,2024-05-18,4,validation,train_only,0.0,2.9785632490192873,0.0
Kilinochchi,2024-05-03,2024-05-25,4,validation,train_only,0.0,2.4709451577613253,0.0
Kilinochchi,2024-05-10,2024-06-01,4,validation,train_only,0.0,2.9450132639859063,0.0
Kilinochchi,2024-05-17,2024-06-08,4,validation,train_only,0.0,3.5454900730454284,1.0
Kilinochchi,2024-05-24,2024-06-15,4,validation,train_only,0.0,5.107207142953954,0.0
Kilinochchi,2024-05-31,2024-06-22,4,validation,train_only,0.0,5.777926520405376,0.0
Kilinochchi,2024-06-07,2024-06-29,4,validation,train_only,0.0,6.483589555502877,0.0
Kilinochchi,2024-06-14,2024-07-06,4,validation,train_only,0.0,6.467398593846556,0.0
Kilinochchi,2024-06-21,2024-07-13,4,validation,train_only,2.0,4.518002237782366,0.0
Kilinochchi,2024-06-28,2024-07-20,4,validation,train_only,1.0,2.9305703586264835,0.0
Kilinochchi,2024-07-05,2024-07-27,4,validation,train_only,1.0,1.5275002336710621,0.0
Kilinochchi,2024-07-12,2024-08-03,4,validation,train_only,6.0,1.1202512070828163,0.0
Kilinochchi,2024-07-19,2024-08-10,4,validation,train_only,3.0,0.7654797695155783,2.0
Kilinochchi,2024-07-26,2024-08-17,4,validation,train_only,3.0,0.327454711446123,1.0
Kilinochchi,2024-08-02,2024-08-24,4,validation,train_only,1.0,0.37718624774475434,1.0
Kilinochchi,2024-08-09,2024-08-31,4,validation,train_only,0.0,1.0152778459881866,6.0
Kilinochchi,2024-08-16,2024-09-07,4,validation,train_only,0.0,0.9222781199904355,3.0
Kilinochchi,2024-08-23,2024-09-14,4,validation,train_only,0.0,1.0767282456311327,3.0
Kilinochchi,2024-08-30,2024-09-21,4,validation,train_only,2.0,2.057452473199687,1.0
Kilinochchi,2024-09-06,2024-09-28,4,validation,train_only,2.0,2.9178872310557216,0.0
Kilinochchi,2024-09-13,2024-10-05,4,validation,train_only,0.0,2.6192779219880853,0.0
Kilinochchi,2024-09-20,2024-10-12,4,validation,train_only,1.0,2.423852245169307,0.0
Kilinochchi,2024-09-27,2024-10-19,4,validation,train_only,1.0,3.1214676651077253,2.0
Kilinochchi,2024-10-04,2024-10-26,4,validation,train_only,3.0,3.644650355871244,2.0
Kilinochchi,2024-10-11,2024-11-02,4,validation,train_only,5.0,3.847775490731803,0.0
Kilinochchi,2024-10-18,2024-11-09,4,validation,train_only,3.0,4.52035821120437,1.0
Kilinochchi,2024-10-25,2024-11-16,4,validation,train_only,0.0,5.211982783749313,1.0
Kilinochchi,2024-11-01,2024-11-23,4,validation,train_only,1.0,6.010470731769001,3.0
Kilinochchi,2024-11-08,2024-11-30,4,validation,train_only,1.0,7.131799491642165,5.0
Kilinochchi,2024-11-15,2024-12-07,4,validation,train_only,8.0,7.4909443965874996,3.0
Kilinochchi,2024-11-22,2024-12-14,4,validation,train_only,6.0,16.69667910218859,0.0
Kilinochchi,2024-11-29,2024-12-21,4,validation,train_only,5.0,8.473081331335536,1.0
Kilinochchi,2024-12-06,2024-12-28,4,validation,train_only,5.0,11.689919549013455,1.0
Kurunegala,2023-12-15,2024-01-06,4,validation,train_only,127.0,193.8183893108928,155.0
Kurunegala,2023-12-22,2024-01-13,4,validation,train_only,62.0,164.98854520947688,172.0
Kurunegala,2023-12-29,2024-01-20,4,validation,train_only,135.0,149.1647502957477,164.0
Kurunegala,2024-01-05,2024-01-27,4,validation,train_only,103.0,133.74947937297736,155.0
Kurunegala,2024-01-12,2024-02-03,4,validation,train_only,108.0,96.73424655125518,127.0
Kurunegala,2024-01-19,2024-02-10,4,validation,train_only,26.0,51.534766880714365,62.0
Kurunegala,2024-01-26,2024-02-17,4,validation,train_only,61.0,81.0019054114172,135.0
Kurunegala,2024-02-02,2024-02-24,4,validation,train_only,58.0,69.91580181072466,103.0
Kurunegala,2024-02-09,2024-03-02,4,validation,train_only,67.0,75.48615057301468,108.0
Kurunegala,2024-02-16,2024-03-09,4,validation,train_only,50.0,54.588945983663166,26.0
Kurunegala,2024-02-23,2024-03-16,4,validation,train_only,29.0,40.52462576817973,61.0
Kurunegala,2024-03-01,2024-03-23,4,validation,train_only,19.0,37.98381459436908,58.0
Kurunegala,2024-03-08,2024-03-30,4,validation,train_only,26.0,42.83052240716367,67.0
Kurunegala,2024-03-15,2024-04-06,4,validation,train_only,6.0,38.95165509531385,50.0
Kurunegala,2024-03-22,2024-04-13,4,validation,train_only,21.0,27.75918735572877,29.0
Kurunegala,2024-03-29,2024-04-20,4,validation,train_only,20.0,23.729732577041286,19.0
Kurunegala,2024-04-05,2024-04-27,4,validation,train_only,19.0,23.443624823529525,26.0
Kurunegala,2024-04-12,2024-05-04,4,validation,train_only,34.0,19.90718399184694,6.0
Kurunegala,2024-04-19,2024-05-11,4,validation,train_only,44.0,24.53344584118288,21.0
Kurunegala,2024-04-26,2024-05-18,4,validation,train_only,39.0,23.25815554289659,20.0
Kurunegala,2024-05-03,2024-05-25,4,validation,train_only,39.0,20.976599509008615,19.0
Kurunegala,2024-05-10,2024-06-01,4,validation,train_only,37.0,33.547326030638814,34.0
Kurunegala,2024-05-17,2024-06-08,4,validation,train_only,36.0,46.384032921794706,44.0
Kurunegala,2024-05-24,2024-06-15,4,validation,train_only,21.0,47.953762672672816,39.0
Kurunegala,2024-05-31,2024-06-22,4,validation,train_only,47.0,57.18317914489559,39.0
Kurunegala,2024-06-07,2024-06-29,4,validation,train_only,39.0,55.79943480797849,37.0
Kurunegala,2024-06-14,2024-07-06,4,validation,train_only,32.0,54.11039721539629,36.0
Kurunegala,2024-06-21,2024-07-13,4,validation,train_only,38.0,41.02869336260973,21.0
Kurunegala,2024-06-28,2024-07-20,4,validation,train_only,27.0,49.81153498432212,47.0
Kurunegala,2024-07-05,2024-07-27,4,validation,train_only,61.0,39.469772464049655,39.0
Kurunegala,2024-07-12,2024-08-03,4,validation,train_only,39.0,34.37309584260129,32.0
Kurunegala,2024-07-19,2024-08-10,4,validation,train_only,31.0,36.50480102028799,38.0
Kurunegala,2024-07-26,2024-08-17,4,validation,train_only,20.0,28.806866897850558,27.0
Kurunegala,2024-08-02,2024-08-24,4,validation,train_only,20.0,47.09779664026135,61.0
Kurunegala,2024-08-09,2024-08-31,4,validation,train_only,21.0,37.36583202049513,39.0
Kurunegala,2024-08-16,2024-09-07,4,validation,train_only,26.0,36.190836675968846,31.0
Kurunegala,2024-08-23,2024-09-14,4,validation,train_only,22.0,34.96163811881109,20.0
Kurunegala,2024-08-30,2024-09-21,4,validation,train_only,28.0,31.86041045384494,20.0
Kurunegala,2024-09-06,2024-09-28,4,validation,train_only,17.0,44.148699732649604,21.0
Kurunegala,2024-09-13,2024-10-05,4,validation,train_only,16.0,35.66427148655365,26.0
Kurunegala,2024-09-20,2024-10-12,4,validation,train_only,16.0,31.1200430478628,22.0
Kurunegala,2024-09-27,2024-10-19,4,validation,train_only,21.0,30.10041017832666,28.0
Kurunegala,2024-10-04,2024-10-26,4,validation,train_only,30.0,25.44723972466613,17.0
Kurunegala,2024-10-11,2024-11-02,4,validation,train_only,20.0,25.36718824125779,16.0
Kurunegala,2024-10-18,2024-11-09,4,validation,train_only,14.0,25.157042962297886,16.0
Kurunegala,2024-10-25,2024-11-16,4,validation,train_only,25.0,28.69863296738569,21.0
Kurunegala,2024-11-01,2024-11-23,4,validation,train_only,20.0,30.76841598471853,30.0
Kurunegala,2024-11-08,2024-11-30,4,validation,train_only,17.0,29.919495260998875,20.0
Kurunegala,2024-11-15,2024-12-07,4,validation,train_only,14.0,24.987829550596242,14.0
Kurunegala,2024-11-22,2024-12-14,4,validation,train_only,25.0,33.89804229386592,25.0
Kurunegala,2024-11-29,2024-12-21,4,validation,train_only,26.0,33.2937248822167,20.0
Kurunegala,2024-12-06,2024-12-28,4,validation,train_only,26.0,30.923277443550667,17.0
Mannar,2023-12-15,2024-01-06,4,validation,train_only,35.0,15.438155809195177,14.0
Mannar,2023-12-22,2024-01-13,4,validation,train_only,13.0,18.70772247072811,17.0
Mannar,2023-12-29,2024-01-20,4,validation,train_only,10.0,28.903845220098624,25.0
Mannar,2024-01-05,2024-01-27,4,validation,train_only,19.0,39.691853973690755,53.0
Mannar,2024-01-12,2024-02-03,4,validation,train_only,21.0,41.80931867154689,35.0
Mannar,2024-01-19,2024-02-10,4,validation,train_only,2.0,32.312248432568424,13.0
Mannar,2024-01-26,2024-02-17,4,validation,train_only,4.0,25.508079256338448,10.0
Mannar,2024-02-02,2024-02-24,4,validation,train_only,4.0,20.646900937840822,19.0
Mannar,2024-02-09,2024-03-02,4,validation,train_only,4.0,22.601464680233992,21.0
Mannar,2024-02-16,2024-03-09,4,validation,train_only,1.0,8.877417663158225,2.0
Mannar,2024-02-23,2024-03-16,4,validation,train_only,1.0,7.574055201402435,4.0
Mannar,2024-03-01,2024-03-23,4,validation,train_only,2.0,6.391171089203607,4.0
Mannar,2024-03-08,2024-03-30,4,validation,train_only,1.0,4.712655313976645,4.0
Mannar,2024-03-15,2024-04-06,4,validation,train_only,2.0,2.498427633315028,1.0
Mannar,2024-03-22,2024-04-13,4,validation,train_only,1.0,2.832150869789004,1.0
Mannar,2024-03-29,2024-04-20,4,validation,train_only,9.0,2.6930076359744106,2.0
Mannar,2024-04-05,2024-04-27,4,validation,train_only,1.0,3.101173982763557,1.0
Mannar,2024-04-12,2024-05-04,4,validation,train_only,1.0,3.06413629540648,2.0
Mannar,2024-04-19,2024-05-11,4,validation,train_only,0.0,2.901289951962318,1.0
Mannar,2024-04-26,2024-05-18,4,validation,train_only,0.0,4.82353889243712,9.0
Mannar,2024-05-03,2024-05-25,4,validation,train_only,2.0,3.7347600323178707,1.0
Mannar,2024-05-10,2024-06-01,4,validation,train_only,2.0,4.105266276009574,1.0
Mannar,2024-05-17,2024-06-08,4,validation,train_only,1.0,12.569293283912865,0.0
Mannar,2024-05-24,2024-06-15,4,validation,train_only,1.0,12.242385431830705,0.0
Mannar,2024-05-31,2024-06-22,4,validation,train_only,3.0,6.2132031598425685,2.0
Mannar,2024-06-07,2024-06-29,4,validation,train_only,2.0,6.825458871088526,2.0
Mannar,2024-06-14,2024-07-06,4,validation,train_only,2.0,6.652395873034562,1.0
Mannar,2024-06-21,2024-07-13,4,validation,train_only,5.0,6.393770890193666,1.0
Mannar,2024-06-28,2024-07-20,4,validation,train_only,5.0,4.102593992159089,3.0
Mannar,2024-07-05,2024-07-27,4,validation,train_only,8.0,1.6222560275313618,2.0
Mannar,2024-07-12,2024-08-03,4,validation,train_only,3.0,1.439640056022082,2.0
Mannar,2024-07-19,2024-08-10,4,validation,train_only,10.0,1.2834301075567363,5.0
Mannar,2024-07-26,2024-08-17,4,validation,train_only,10.0,1.3361645975044032,5.0
Mannar,2024-08-02,2024-08-24,4,validation,train_only,8.0,2.7945552576929362,8.0
Mannar,2024-08-09,2024-08-31,4,validation,train_only,3.0,3.152018312562867,3.0
Mannar,2024-08-16,2024-09-07,4,validation,train_only,11.0,5.4152044266590655,10.0
Mannar,2024-08-23,2024-09-14,4,validation,train_only,14.0,6.9239327380409215,10.0
Mannar,2024-08-30,2024-09-21,4,validation,train_only,4.0,6.730453709952127,8.0
Mannar,2024-09-06,2024-09-28,4,validation,train_only,2.0,7.405992856414351,3.0
Mannar,2024-09-13,2024-10-05,4,validation,train_only,2.0,9.162712444714563,11.0
Mannar,2024-09-20,2024-10-12,4,validation,train_only,5.0,9.766340851135151,14.0
Mannar,2024-09-27,2024-10-19,4,validation,train_only,7.0,7.477672264807287,4.0
Mannar,2024-10-04,2024-10-26,4,validation,train_only,5.0,7.513812002411155,2.0
Mannar,2024-10-11,2024-11-02,4,validation,train_only,3.0,15.808482140495363,2.0
Mannar,2024-10-18,2024-11-09,4,validation,train_only,5.0,9.099537413423338,5.0
Mannar,2024-10-25,2024-11-16,4,validation,train_only,6.0,8.587236501978298,7.0
Mannar,2024-11-01,2024-11-23,4,validation,train_only,6.0,8.867456206498604,5.0
Mannar,2024-11-08,2024-11-30,4,validation,train_only,2.0,12.284510008829015,3.0
Mannar,2024-11-15,2024-12-07,4,validation,train_only,2.0,10.989120018293677,5.0
Mannar,2024-11-22,2024-12-14,4,validation,train_only,8.0,11.041987568751845,6.0
Mannar,2024-11-29,2024-12-21,4,validation,train_only,12.0,12.521367100609119,6.0
Mannar,2024-12-06,2024-12-28,4,validation,train_only,11.0,14.0582646876826,2.0
Matale,2023-12-15,2024-01-06,4,validation,train_only,39.0,79.05849916900344,74.0
Matale,2023-12-22,2024-01-13,4,validation,train_only,47.0,90.46750487923283,101.0
Matale,2023-12-29,2024-01-20,4,validation,train_only,28.0,69.03831899254196,71.0
Matale,2024-01-05,2024-01-27,4,validation,train_only,22.0,50.8337667328927,40.0
Matale,2024-01-12,2024-02-03,4,validation,train_only,27.0,48.28646447325461,39.0
Matale,2024-01-19,2024-02-10,4,validation,train_only,30.0,40.89295965904793,47.0
Matale,2024-01-26,2024-02-17,4,validation,train_only,18.0,31.611325475030668,28.0
Matale,2024-02-02,2024-02-24,4,validation,train_only,16.0,29.164591750137987,22.0
Matale,2024-02-09,2024-03-02,4,validation,train_only,11.0,27.308419631001957,27.0
Matale,2024-02-16,2024-03-09,4,validation,train_only,8.0,20.62968097068897,30.0
Matale,2024-02-23,2024-03-16,4,validation,train_only,6.0,15.819291669212365,18.0
Matale,2024-03-01,2024-03-23,4,validation,train_only,12.0,15.14846744441993,16.0
Matale,2024-03-08,2024-03-30,4,validation,train_only,3.0,13.450825685123808,11.0
Matale,2024-03-15,2024-04-06,4,validation,train_only,6.0,11.247387130446691,8.0
Matale,2024-03-22,2024-04-13,4,validation,train_only,16.0,8.069270898423133,6.0
Matale,2024-03-29,2024-04-20,4,validation,train_only,7.0,12.254934937737367,12.0
Matale,2024-04-05,2024-04-27,4,validation,train_only,6.0,7.3227907809375035,3.0
Matale,2024-04-12,2024-05-04,4,validation,train_only,13.0,7.523378145897784,6.0
Matale,2024-04-19,2024-05-11,4,validation,train_only,9.0,12.68695045931095,16.0
Matale,2024-04-26,2024-05-18,4,validation,train_only,5.0,9.547768461838855,7.0
Matale,2024-05-03,2024-05-25,4,validation,train_only,7.0,8.669700025066108,6.0
Matale,2024-05-10,2024-06-01,4,validation,train_only,8.0,11.52823701511231,13.0
Matale,2024-05-17,2024-06-08,4,validation,train_only,3.0,13.974101499344487,9.0
Matale,2024-05-24,2024-06-15,4,validation,train_only,15.0,12.495966532632552,5.0
Matale,2024-05-31,2024-06-22,4,validation,train_only,13.0,13.055819337779033,7.0
Matale,2024-06-07,2024-06-29,4,validation,train_only,14.0,12.704903147893694,8.0
Matale,2024-06-14,2024-07-06,4,validation,train_only,24.0,12.498838691308306,3.0
Matale,2024-06-21,2024-07-13,4,validation,train_only,18.0,17.90617655465859,15.0
Matale,2024-06-28,2024-07-20,4,validation,train_only,19.0,12.966414394931595,13.0
Matale,2024-07-05,2024-07-27,4,validation,train_only,16.0,11.60541165817075,14.0
Matale,2024-07-12,2024-08-03,4,validation,train_only,14.0,19.858147294239327,24.0
Matale,2024-07-19,2024-08-10,4,validation,train_only,18.0,18.431700780017632,18.0
Matale,2024-07-26,2024-08-17,4,validation,train_only,21.0,18.334017357411028,19.0
Matale,2024-08-02,2024-08-24,4,validation,train_only,8.0,18.482181756200976,16.0
Matale,2024-08-09,2024-08-31,4,validation,train_only,17.0,17.864958742700406,14.0
Matale,2024-08-16,2024-09-07,4,validation,train_only,22.0,18.88705965872104,18.0
Matale,2024-08-23,2024-09-14,4,validation,train_only,16.0,24.381951409905525,21.0
Matale,2024-08-30,2024-09-21,4,validation,train_only,12.0,16.88190472577748,8.0
Matale,2024-09-06,2024-09-28,4,validation,train_only,26.0,20.753145492268228,17.0
Matale,2024-09-13,2024-10-05,4,validation,train_only,32.0,26.371613952540812,22.0
Matale,2024-09-20,2024-10-12,4,validation,train_only,7.0,20.886984109960295,16.0
Matale,2024-09-27,2024-10-19,4,validation,train_only,43.0,16.44442291087113,12.0
Matale,2024-10-04,2024-10-26,4,validation,train_only,35.0,25.72774154359959,26.0
Matale,2024-10-11,2024-11-02,4,validation,train_only,25.0,33.244248067968165,32.0
Matale,2024-10-18,2024-11-09,4,validation,train_only,41.0,23.639712433484476,7.0
Matale,2024-10-25,2024-11-16,4,validation,train_only,41.0,40.29760324916485,43.0
Matale,2024-11-01,2024-11-23,4,validation,train_only,31.0,41.52922985155444,35.0
Matale,2024-11-08,2024-11-30,4,validation,train_only,37.0,35.8786730254636,25.0
Matale,2024-11-15,2024-12-07,4,validation,train_only,38.0,41.33273886351179,41.0
Matale,2024-11-22,2024-12-14,4,validation,train_only,52.0,44.43859275482859,41.0
Matale,2024-11-29,2024-12-21,4,validation,train_only,34.0,38.247749813922226,31.0
Matale,2024-12-06,2024-12-28,4,validation,train_only,52.0,49.264104341152034,37.0
Matara,2023-12-15,2024-01-06,4,validation,train_only,35.0,42.44016688160197,38.0
Matara,2023-12-22,2024-01-13,4,validation,train_only,27.0,46.992660415988006,36.0
Matara,2023-12-29,2024-01-20,4,validation,train_only,32.0,43.85017017169855,20.0
Matara,2024-01-05,2024-01-27,4,validation,train_only,29.0,58.8510897935164,46.0
Matara,2024-01-12,2024-02-03,4,validation,train_only,26.0,46.46898850232449,35.0
Matara,2024-01-19,2024-02-10,4,validation,train_only,23.0,37.00468023233778,27.0
Matara,2024-01-26,2024-02-17,4,validation,train_only,29.0,33.2171285841463,32.0
Matara,2024-02-02,2024-02-24,4,validation,train_only,15.0,33.74833822217087,29.0
Matara,2024-02-09,2024-03-02,4,validation,train_only,28.0,31.20472662735079,26.0
Matara,2024-02-16,2024-03-09,4,validation,train_only,23.0,18.61414989693108,23.0
Matara,2024-02-23,2024-03-16,4,validation,train_only,14.0,19.675946417564198,29.0
Matara,2024-03-01,2024-03-23,4,validation,train_only,14.0,15.14732427851265,15.0
Matara,2024-03-08,2024-03-30,4,validation,train_only,17.0,19.279379486673307,28.0
Matara,2024-03-15,2024-04-06,4,validation,train_only,11.0,18.910523435880517,23.0
Matara,2024-03-22,2024-04-13,4,validation,train_only,3.0,14.554725154752399,14.0
Matara,2024-03-29,2024-04-20,4,validation,train_only,10.0,15.743677259027544,14.0
Matara,2024-04-05,2024-04-27,4,validation,train_only,14.0,22.21819037333399,17.0
Matara,2024-04-12,2024-05-04,4,validation,train_only,16.0,17.61483485759202,11.0
Matara,2024-04-19,2024-05-11,4,validation,train_only,13.0,12.992780913376027,3.0
Matara,2024-04-26,2024-05-18,4,validation,train_only,7.0,15.603141844126053,10.0
Matara,2024-05-03,2024-05-25,4,validation,train_only,17.0,12.707778280764117,14.0
Matara,2024-05-10,2024-06-01,4,validation,train_only,16.0,16.041494195637913,16.0
Matara,2024-05-17,2024-06-08,4,validation,train_only,11.0,17.447505998055927,13.0
Matara,2024-05-24,2024-06-15,4,validation,train_only,5.0,23.413911114542174,7.0
Matara,2024-05-31,2024-06-22,4,validation,train_only,13.0,41.32213036379253,17.0
Matara,2024-06-07,2024-06-29,4,validation,train_only,22.0,38.192365420942686,16.0
Matara,2024-06-14,2024-07-06,4,validation,train_only,19.0,27.443755271486296,11.0
Matara,2024-06-21,2024-07-13,4,validation,train_only,27.0,21.13589153298819,5.0
Matara,2024-06-28,2024-07-20,4,validation,train_only,44.0,19.714963386241912,13.0
Matara,2024-07-05,2024-07-27,4,validation,train_only,31.0,25.958026890411233,22.0
Matara,2024-07-12,2024-08-03,4,validation,train_only,29.0,19.40054804591937,19.0
Matara,2024-07-19,2024-08-10,4,validation,train_only,38.0,26.521874289859074,27.0
Matara,2024-07-26,2024-08-17,4,validation,train_only,22.0,37.79646525386036,44.0
Matara,2024-08-02,2024-08-24,4,validation,train_only,13.0,28.315382960177544,31.0
Matara,2024-08-09,2024-08-31,4,validation,train_only,31.0,27.67506603651047,29.0
Matara,2024-08-16,2024-09-07,4,validation,train_only,22.0,36.19799379689739,38.0
Matara,2024-08-23,2024-09-14,4,validation,train_only,28.0,31.759525168987658,22.0
Matara,2024-08-30,2024-09-21,4,validation,train_only,22.0,33.753703280298446,13.0
Matara,2024-09-06,2024-09-28,4,validation,train_only,75.0,34.91240060204562,31.0
Matara,2024-09-13,2024-10-05,4,validation,train_only,46.0,37.84057539358055,22.0
Matara,2024-09-20,2024-10-12,4,validation,train_only,36.0,31.994077453526597,28.0
Matara,2024-09-27,2024-10-19,4,validation,train_only,29.0,30.807282541860967,22.0
Matara,2024-10-04,2024-10-26,4,validation,train_only,18.0,69.7763367796424,75.0
Matara,2024-10-11,2024-11-02,4,validation,train_only,19.0,66.33253570373984,46.0
Matara,2024-10-18,2024-11-09,4,validation,train_only,14.0,47.42961128768895,36.0
Matara,2024-10-25,2024-11-16,4,validation,train_only,20.0,36.750193586851594,29.0
Matara,2024-11-01,2024-11-23,4,validation,train_only,20.0,32.95353367891419,18.0
Matara,2024-11-08,2024-11-30,4,validation,train_only,15.0,27.699994485138077,19.0
Matara,2024-11-15,2024-12-07,4,validation,train_only,11.0,23.476811496017238,14.0
Matara,2024-11-22,2024-12-14,4,validation,train_only,12.0,29.59967797277385,20.0
Matara,2024-11-29,2024-12-21,4,validation,train_only,26.0,28.081062397873037,20.0
Matara,2024-12-06,2024-12-28,4,validation,train_only,28.0,27.907408056022604,15.0
Monaragala,2023-12-15,2024-01-06,4,validation,train_only,29.0,43.415305313056805,30.0
Monaragala,2023-12-22,2024-01-13,4,validation,train_only,87.0,121.83836119887684,172.0
Monaragala,2023-12-29,2024-01-20,4,validation,train_only,48.0,70.69463029454998,29.0
Monaragala,2024-01-05,2024-01-27,4,validation,train_only,36.0,43.945557133915486,42.0
Monaragala,2024-01-12,2024-02-03,4,validation,train_only,21.0,42.144144977452534,29.0
Monaragala,2024-01-19,2024-02-10,4,validation,train_only,15.0,68.26994724843725,87.0
Monaragala,2024-01-26,2024-02-17,4,validation,train_only,27.0,50.90208832692221,48.0
Monaragala,2024-02-02,2024-02-24,4,validation,train_only,25.0,46.48705300625833,36.0
Monaragala,2024-02-09,2024-03-02,4,validation,train_only,17.0,35.371613485401205,21.0
Monaragala,2024-02-16,2024-03-09,4,validation,train_only,19.0,29.333195477677688,15.0
Monaragala,2024-02-23,2024-03-16,4,validation,train_only,12.0,21.239956036744545,27.0
Monaragala,2024-03-01,2024-03-23,4,validation,train_only,10.0,23.963199570927955,25.0
Monaragala,2024-03-08,2024-03-30,4,validation,train_only,8.0,15.345704191072574,17.0
Monaragala,2024-03-15,2024-04-06,4,validation,train_only,12.0,14.903670575662588,19.0
Monaragala,2024-03-22,2024-04-13,4,validation,train_only,10.0,14.61952129486326,12.0
Monaragala,2024-03-29,2024-04-20,4,validation,train_only,15.0,15.216973071393426,10.0
Monaragala,2024-04-05,2024-04-27,4,validation,train_only,7.0,12.220461940494769,8.0
Monaragala,2024-04-12,2024-05-04,4,validation,train_only,12.0,13.751704468028663,12.0
Monaragala,2024-04-19,2024-05-11,4,validation,train_only,14.0,14.669109921595991,10.0
Monaragala,2024-04-26,2024-05-18,4,validation,train_only,5.0,17.733183101901375,15.0
Monaragala,2024-05-03,2024-05-25,4,validation,train_only,15.0,11.99303776014652,7.0
Monaragala,2024-05-10,2024-06-01,4,validation,train_only,20.0,14.834656840528591,12.0
Monaragala,2024-05-17,2024-06-08,4,validation,train_only,14.0,14.296296359256987,14.0
Monaragala,2024-05-24,2024-06-15,4,validation,train_only,16.0,12.7911483827346,5.0
Monaragala,2024-05-31,2024-06-22,4,validation,train_only,13.0,16.204674689710384,15.0
Monaragala,2024-06-07,2024-06-29,4,validation,train_only,11.0,23.920995181884116,20.0
Monaragala,2024-06-14,2024-07-06,4,validation,train_only,15.0,20.628577172665345,14.0
Monaragala,2024-06-21,2024-07-13,4,validation,train_only,12.0,19.025395893911604,16.0
Monaragala,2024-06-28,2024-07-20,4,validation,train_only,15.0,16.347473563079014,13.0
Monaragala,2024-07-05,2024-07-27,4,validation,train_only,12.0,11.447376516723692,11.0
Monaragala,2024-07-12,2024-08-03,4,validation,train_only,12.0,13.146199950276367,15.0
Monaragala,2024-07-19,2024-08-10,4,validation,train_only,13.0,11.304345386213935,12.0
Monaragala,2024-07-26,2024-08-17,4,validation,train_only,15.0,13.470923465777384,15.0
Monaragala,2024-08-02,2024-08-24,4,validation,train_only,18.0,11.382880252818357,12.0
Monaragala,2024-08-09,2024-08-31,4,validation,train_only,17.0,12.363116841625477,12.0
Monaragala,2024-08-16,2024-09-07,4,validation,train_only,4.0,12.558075771489948,13.0
Monaragala,2024-08-23,2024-09-14,4,validation,train_only,19.0,15.53432890685482,15.0
Monaragala,2024-08-30,2024-09-21,4,validation,train_only,21.0,18.457735781113634,18.0
Monaragala,2024-09-06,2024-09-28,4,validation,train_only,30.0,21.931056089524336,17.0
Monaragala,2024-09-13,2024-10-05,4,validation,train_only,34.0,14.338132927460185,4.0
Monaragala,2024-09-20,2024-10-12,4,validation,train_only,40.0,16.155838361887863,19.0
Monaragala,2024-09-27,2024-10-19,4,validation,train_only,28.0,20.25109037419696,21.0
Monaragala,2024-10-04,2024-10-26,4,validation,train_only,26.0,26.701203243210447,30.0
Monaragala,2024-10-11,2024-11-02,4,validation,train_only,19.0,42.76106458098249,34.0
Monaragala,2024-10-18,2024-11-09,4,validation,train_only,15.0,42.11036020276973,40.0
Monaragala,2024-10-25,2024-11-16,4,validation,train_only,45.0,36.42084388977303,28.0
Monaragala,2024-11-01,2024-11-23,4,validation,train_only,20.0,37.57518580291764,26.0
Monaragala,2024-11-08,2024-11-30,4,validation,train_only,13.0,30.937775440584097,19.0
Monaragala,2024-11-15,2024-12-07,4,validation,train_only,22.0,28.994068848463215,15.0
Monaragala,2024-11-22,2024-12-14,4,validation,train_only,13.0,46.820638611489365,45.0
Monaragala,2024-11-29,2024-12-21,4,validation,train_only,13.0,37.65767392518626,20.0
Monaragala,2024-12-06,2024-12-28,4,validation,train_only,25.0,26.943257545630562,13.0
Mullaitivu,2023-12-15,2024-01-06,4,validation,train_only,26.0,8.11745404503476,4.0
Mullaitivu,2023-12-22,2024-01-13,4,validation,train_only,31.0,14.803607030605487,13.0
Mullaitivu,2023-12-29,2024-01-20,4,validation,train_only,23.0,26.860091889392038,24.0
Mullaitivu,2024-01-05,2024-01-27,4,validation,train_only,11.0,29.96323439951195,25.0
Mullaitivu,2024-01-12,2024-02-03,4,validation,train_only,22.0,31.508175744584968,26.0
Mullaitivu,2024-01-19,2024-02-10,4,validation,train_only,8.0,31.464551962847544,31.0
Mullaitivu,2024-01-26,2024-02-17,4,validation,train_only,9.0,26.955998474100856,23.0
Mullaitivu,2024-02-02,2024-02-24,4,validation,train_only,2.0,19.18781916836171,11.0
Mullaitivu,2024-02-09,2024-03-02,4,validation,train_only,5.0,20.047219177902605,22.0
Mullaitivu,2024-02-16,2024-03-09,4,validation,train_only,7.0,13.416452687658733,8.0
Mullaitivu,2024-02-23,2024-03-16,4,validation,train_only,1.0,10.484352068389112,9.0
Mullaitivu,2024-03-01,2024-03-23,4,validation,train_only,1.0,7.121199881148347,2.0
Mullaitivu,2024-03-08,2024-03-30,4,validation,train_only,3.0,6.574292580297919,5.0
Mullaitivu,2024-03-15,2024-04-06,4,validation,train_only,2.0,4.451694737125393,7.0
Mullaitivu,2024-03-22,2024-04-13,4,validation,train_only,2.0,3.831963318771217,1.0
Mullaitivu,2024-03-29,2024-04-20,4,validation,train_only,1.0,4.28413749142695,1.0
Mullaitivu,2024-04-05,2024-04-27,4,validation,train_only,2.0,3.696095392963236,3.0
Mullaitivu,2024-04-12,2024-05-04,4,validation,train_only,2.0,3.7604671353731627,2.0
Mullaitivu,2024-04-19,2024-05-11,4,validation,train_only,0.0,3.0042293987548296,2.0
Mullaitivu,2024-04-26,2024-05-18,4,validation,train_only,0.0,2.363705395145889,1.0
Mullaitivu,2024-05-03,2024-05-25,4,validation,train_only,1.0,2.436407160678284,2.0
Mullaitivu,2024-05-10,2024-06-01,4,validation,train_only,0.0,2.910475266902865,2.0
Mullaitivu,2024-05-17,2024-06-08,4,validation,train_only,0.0,3.554139653472715,0.0
Mullaitivu,2024-05-24,2024-06-15,4,validation,train_only,1.0,5.026500237050194,0.0
Mullaitivu,2024-05-31,2024-06-22,4,validation,train_only,1.0,5.467142291140266,1.0
Mullaitivu,2024-06-07,2024-06-29,4,validation,train_only,1.0,5.888865975730033,0.0
Mullaitivu,2024-06-14,2024-07-06,4,validation,train_only,3.0,6.467398593846556,0.0
Mullaitivu,2024-06-21,2024-07-13,4,validation,train_only,0.0,4.261710240605273,1.0
Mullaitivu,2024-06-28,2024-07-20,4,validation,train_only,1.0,2.883367149076302,1.0
Mullaitivu,2024-07-05,2024-07-27,4,validation,train_only,1.0,1.4420932477789157,1.0
Mullaitivu,2024-07-12,2024-08-03,4,validation,train_only,1.0,1.1959184746370375,3.0
Mullaitivu,2024-07-19,2024-08-10,4,validation,train_only,1.0,0.6995780100801428,0.0
Mullaitivu,2024-07-26,2024-08-17,4,validation,train_only,0.0,0.29141166329099893,1.0
Mullaitivu,2024-08-02,2024-08-24,4,validation,train_only,2.0,0.1989794785840606,1.0
Mullaitivu,2024-08-09,2024-08-31,4,validation,train_only,2.0,0.687189955906191,1.0
Mullaitivu,2024-08-16,2024-09-07,4,validation,train_only,2.0,0.8086399899534643,1.0
Mullaitivu,2024-08-23,2024-09-14,4,validation,train_only,4.0,1.263054524331965,0.0
Mullaitivu,2024-08-30,2024-09-21,4,validation,train_only,1.0,1.674340120296139,2.0
Mullaitivu,2024-09-06,2024-09-28,4,validation,train_only,1.0,2.5312315881516225,2.0
Mullaitivu,2024-09-13,2024-10-05,4,validation,train_only,1.0,2.5163384751955737,2.0
Mullaitivu,2024-09-20,2024-10-12,4,validation,train_only,0.0,2.672805429943704,4.0
Mullaitivu,2024-09-27,2024-10-19,4,validation,train_only,1.0,3.698475218124817,1.0
Mullaitivu,2024-10-04,2024-10-26,4,validation,train_only,1.0,3.785398219291465,1.0
Mullaitivu,2024-10-11,2024-11-02,4,validation,train_only,3.0,3.9507149375243156,1.0
Mullaitivu,2024-10-18,2024-11-09,4,validation,train_only,1.0,4.846223987063619,0.0
Mullaitivu,2024-10-25,2024-11-16,4,validation,train_only,3.0,4.667820451909516,1.0
Mullaitivu,2024-11-01,2024-11-23,4,validation,train_only,3.0,5.7785778986539595,1.0
Mullaitivu,2024-11-08,2024-11-30,4,validation,train_only,0.0,6.369869413178431,3.0
Mullaitivu,2024-11-15,2024-12-07,4,validation,train_only,5.0,6.8536650691574845,1.0
Mullaitivu,2024-11-22,2024-12-14,4,validation,train_only,2.0,7.783690686740664,3.0
Mullaitivu,2024-11-29,2024-12-21,4,validation,train_only,4.0,8.318067850800288,3.0
Mullaitivu,2024-12-06,2024-12-28,4,validation,train_only,3.0,15.076652230647884,0.0
Nuwara Eliya,2023-12-15,2024-01-06,4,validation,train_only,28.0,60.328888763350776,25.0
Nuwara Eliya,2023-12-22,2024-01-13,4,validation,train_only,22.0,63.94141491258552,36.0
Nuwara Eliya,2023-12-29,2024-01-20,4,validation,train_only,18.0,52.58842483429974,13.0
Nuwara Eliya,2024-01-05,2024-01-27,4,validation,train_only,13.0,30.096962673125567,19.0
Nuwara Eliya,2024-01-12,2024-02-03,4,validation,train_only,18.0,34.31658574955031,28.0
Nuwara Eliya,2024-01-19,2024-02-10,4,validation,train_only,9.0,31.892639098532804,22.0
Nuwara Eliya,2024-01-26,2024-02-17,4,validation,train_only,9.0,22.245168464248604,18.0
Nuwara Eliya,2024-02-02,2024-02-24,4,validation,train_only,6.0,20.44245919203833,13.0
Nuwara Eliya,2024-02-09,2024-03-02,4,validation,train_only,10.0,21.050362132218755,18.0
Nuwara Eliya,2024-02-16,2024-03-09,4,validation,train_only,4.0,11.456606833831254,9.0
Nuwara Eliya,2024-02-23,2024-03-16,4,validation,train_only,6.0,10.144292249008831,9.0
Nuwara Eliya,2024-03-01,2024-03-23,4,validation,train_only,7.0,7.559030401865785,6.0
Nuwara Eliya,2024-03-08,2024-03-30,4,validation,train_only,3.0,7.884892803979489,10.0
Nuwara Eliya,2024-03-15,2024-04-06,4,validation,train_only,1.0,3.4925888235557525,4.0
Nuwara Eliya,2024-03-22,2024-04-13,4,validation,train_only,7.0,3.4927878116417337,6.0
Nuwara Eliya,2024-03-29,2024-04-20,4,validation,train_only,3.0,5.758031952244778,7.0
Nuwara Eliya,2024-04-05,2024-04-27,4,validation,train_only,3.0,5.577735199634568,3.0
Nuwara Eliya,2024-04-12,2024-05-04,4,validation,train_only,4.0,4.950407697698705,1.0
Nuwara Eliya,2024-04-19,2024-05-11,4,validation,train_only,2.0,5.344512535362378,7.0
Nuwara Eliya,2024-04-26,2024-05-18,4,validation,train_only,1.0,5.133043210330488,3.0
Nuwara Eliya,2024-05-03,2024-05-25,4,validation,train_only,2.0,3.2339570653280374,3.0
Nuwara Eliya,2024-05-10,2024-06-01,4,validation,train_only,5.0,3.92975012123961,4.0
Nuwara Eliya,2024-05-17,2024-06-08,4,validation,train_only,4.0,6.028825572981591,2.0
Nuwara Eliya,2024-05-24,2024-06-15,4,validation,train_only,2.0,5.773136833826487,1.0
Nuwara Eliya,2024-05-31,2024-06-22,4,validation,train_only,10.0,9.74704824108685,2.0
Nuwara Eliya,2024-06-07,2024-06-29,4,validation,train_only,7.0,17.569013913580818,5.0
Nuwara Eliya,2024-06-14,2024-07-06,4,validation,train_only,10.0,17.75925828721185,4.0
Nuwara Eliya,2024-06-21,2024-07-13,4,validation,train_only,6.0,10.532512461418357,2.0
Nuwara Eliya,2024-06-28,2024-07-20,4,validation,train_only,5.0,11.980862793379789,10.0
Nuwara Eliya,2024-07-05,2024-07-27,4,validation,train_only,9.0,6.397354068082813,7.0
Nuwara Eliya,2024-07-12,2024-08-03,4,validation,train_only,5.0,6.883199241281176,10.0
Nuwara Eliya,2024-07-19,2024-08-10,4,validation,train_only,10.0,4.8533126470914825,6.0
Nuwara Eliya,2024-07-26,2024-08-17,4,validation,train_only,7.0,6.889403407660839,5.0
Nuwara Eliya,2024-08-02,2024-08-24,4,validation,train_only,4.0,2.9776636330185187,9.0
Nuwara Eliya,2024-08-09,2024-08-31,4,validation,train_only,1.0,3.2854618132153246,5.0
Nuwara Eliya,2024-08-16,2024-09-07,4,validation,train_only,5.0,7.352660261796388,10.0
Nuwara Eliya,2024-08-23,2024-09-14,4,validation,train_only,6.0,6.503383927799648,7.0
Nuwara Eliya,2024-08-30,2024-09-21,4,validation,train_only,8.0,5.268459475926328,4.0
Nuwara Eliya,2024-09-06,2024-09-28,4,validation,train_only,7.0,4.02998377323384,1.0
Nuwara Eliya,2024-09-13,2024-10-05,4,validation,train_only,4.0,5.142112606181797,5.0
Nuwara Eliya,2024-09-20,2024-10-12,4,validation,train_only,5.0,5.365869630468816,6.0
Nuwara Eliya,2024-09-27,2024-10-19,4,validation,train_only,4.0,4.714612478769601,8.0
Nuwara Eliya,2024-10-04,2024-10-26,4,validation,train_only,6.0,7.888228032983776,7.0
Nuwara Eliya,2024-10-11,2024-11-02,4,validation,train_only,5.0,7.175314568153511,4.0
Nuwara Eliya,2024-10-18,2024-11-09,4,validation,train_only,0.0,6.802207590716236,5.0
Nuwara Eliya,2024-10-25,2024-11-16,4,validation,train_only,4.0,7.074112056175502,4.0
Nuwara Eliya,2024-11-01,2024-11-23,4,validation,train_only,3.0,7.547426735336303,6.0
Nuwara Eliya,2024-11-08,2024-11-30,4,validation,train_only,2.0,7.528303308480662,5.0
Nuwara Eliya,2024-11-15,2024-12-07,4,validation,train_only,1.0,5.77955211266063,0.0
Nuwara Eliya,2024-11-22,2024-12-14,4,validation,train_only,3.0,5.313892733675437,4.0
Nuwara Eliya,2024-11-29,2024-12-21,4,validation,train_only,10.0,6.087432461054415,3.0
Nuwara Eliya,2024-12-06,2024-12-28,4,validation,train_only,5.0,8.35446462335543,2.0
Polonnaruwa,2023-12-15,2024-01-06,4,validation,train_only,12.0,22.624688909814722,16.0
Polonnaruwa,2023-12-22,2024-01-13,4,validation,train_only,42.0,35.081651972321076,33.0
Polonnaruwa,2023-12-29,2024-01-20,4,validation,train_only,12.0,25.071068918032477,8.0
Polonnaruwa,2024-01-05,2024-01-27,4,validation,train_only,10.0,28.466565903266734,21.0
Polonnaruwa,2024-01-12,2024-02-03,4,validation,train_only,19.0,21.463679360177476,12.0
Polonnaruwa,2024-01-19,2024-02-10,4,validation,train_only,41.0,36.061485400616185,42.0
Polonnaruwa,2024-01-26,2024-02-17,4,validation,train_only,17.0,22.938796926887623,12.0
Polonnaruwa,2024-02-02,2024-02-24,4,validation,train_only,7.0,23.474074077972023,10.0
Polonnaruwa,2024-02-09,2024-03-02,4,validation,train_only,11.0,20.00991945845235,19.0
Polonnaruwa,2024-02-16,2024-03-09,4,validation,train_only,10.0,29.981157803837867,41.0
Polonnaruwa,2024-02-23,2024-03-16,4,validation,train_only,15.0,20.28775026382921,17.0
Polonnaruwa,2024-03-01,2024-03-23,4,validation,train_only,7.0,16.585614699278807,7.0
Polonnaruwa,2024-03-08,2024-03-30,4,validation,train_only,7.0,12.720662853478593,11.0
Polonnaruwa,2024-03-15,2024-04-06,4,validation,train_only,4.0,11.365527159032217,10.0
Polonnaruwa,2024-03-22,2024-04-13,4,validation,train_only,3.0,12.45360081750463,15.0
Polonnaruwa,2024-03-29,2024-04-20,4,validation,train_only,5.0,10.281921066477453,7.0
Polonnaruwa,2024-04-05,2024-04-27,4,validation,train_only,7.0,9.723758261103022,7.0
Polonnaruwa,2024-04-12,2024-05-04,4,validation,train_only,6.0,6.977810347547337,4.0
Polonnaruwa,2024-04-19,2024-05-11,4,validation,train_only,3.0,6.0759345399248375,3.0
Polonnaruwa,2024-04-26,2024-05-18,4,validation,train_only,6.0,5.094541221926495,5.0
Polonnaruwa,2024-05-03,2024-05-25,4,validation,train_only,2.0,5.979612189686342,7.0
Polonnaruwa,2024-05-10,2024-06-01,4,validation,train_only,2.0,5.360646038442643,6.0
Polonnaruwa,2024-05-17,2024-06-08,4,validation,train_only,6.0,7.45731402779348,3.0
Polonnaruwa,2024-05-24,2024-06-15,4,validation,train_only,5.0,10.029822087780362,6.0
Polonnaruwa,2024-05-31,2024-06-22,4,validation,train_only,13.0,21.39425312444759,2.0
Polonnaruwa,2024-06-07,2024-06-29,4,validation,train_only,3.0,19.528966772063814,2.0
Polonnaruwa,2024-06-14,2024-07-06,4,validation,train_only,7.0,18.88472551964228,6.0
Polonnaruwa,2024-06-21,2024-07-13,4,validation,train_only,14.0,8.054636150715053,5.0
Polonnaruwa,2024-06-28,2024-07-20,4,validation,train_only,6.0,7.905542696096216,13.0
Polonnaruwa,2024-07-05,2024-07-27,4,validation,train_only,11.0,4.656437499627286,3.0
Polonnaruwa,2024-07-12,2024-08-03,4,validation,train_only,4.0,5.2269447805661,7.0
Polonnaruwa,2024-07-19,2024-08-10,4,validation,train_only,8.0,6.011750659710653,14.0
Polonnaruwa,2024-07-26,2024-08-17,4,validation,train_only,10.0,4.824072093712407,6.0
Polonnaruwa,2024-08-02,2024-08-24,4,validation,train_only,7.0,6.501388212208124,11.0
Polonnaruwa,2024-08-09,2024-08-31,4,validation,train_only,3.0,4.588592762251428,4.0
Polonnaruwa,2024-08-16,2024-09-07,4,validation,train_only,5.0,5.583176875289331,8.0
Polonnaruwa,2024-08-23,2024-09-14,4,validation,train_only,5.0,5.506929362010611,10.0
Polonnaruwa,2024-08-30,2024-09-21,4,validation,train_only,8.0,6.253975308877856,7.0
Polonnaruwa,2024-09-06,2024-09-28,4,validation,train_only,8.0,5.442851495896685,3.0
Polonnaruwa,2024-09-13,2024-10-05,4,validation,train_only,10.0,5.065633664139266,5.0
Polonnaruwa,2024-09-20,2024-10-12,4,validation,train_only,1.0,5.266952318852954,5.0
Polonnaruwa,2024-09-27,2024-10-19,4,validation,train_only,6.0,6.480671635455163,8.0
Polonnaruwa,2024-10-04,2024-10-26,4,validation,train_only,3.0,7.083715385162051,8.0
Polonnaruwa,2024-10-11,2024-11-02,4,validation,train_only,8.0,9.686438429213592,10.0
Polonnaruwa,2024-10-18,2024-11-09,4,validation,train_only,7.0,8.577501994573373,1.0
Polonnaruwa,2024-10-25,2024-11-16,4,validation,train_only,6.0,7.295340909598293,6.0
Polonnaruwa,2024-11-01,2024-11-23,4,validation,train_only,17.0,11.355588384921905,3.0
Polonnaruwa,2024-11-08,2024-11-30,4,validation,train_only,6.0,15.482237820695751,8.0
Polonnaruwa,2024-11-15,2024-12-07,4,validation,train_only,5.0,13.513968012065224,7.0
Polonnaruwa,2024-11-22,2024-12-14,4,validation,train_only,3.0,17.99278468962264,6.0
Polonnaruwa,2024-11-29,2024-12-21,4,validation,train_only,6.0,19.27177912310392,17.0
Polonnaruwa,2024-12-06,2024-12-28,4,validation,train_only,14.0,14.22707916689395,6.0
Puttalam,2023-12-15,2024-01-06,4,validation,train_only,92.0,134.93867290297467,107.0
Puttalam,2023-12-22,2024-01-13,4,validation,train_only,127.0,122.54324833121689,96.0
Puttalam,2023-12-29,2024-01-20,4,validation,train_only,76.0,67.36938955444366,63.0
Puttalam,2024-01-05,2024-01-27,4,validation,train_only,52.0,72.31486148111446,90.0
Puttalam,2024-01-12,2024-02-03,4,validation,train_only,34.0,78.63085172391632,92.0
Puttalam,2024-01-19,2024-02-10,4,validation,train_only,102.0,120.242828480725,127.0
Puttalam,2024-01-26,2024-02-17,4,validation,train_only,29.0,69.05861877903374,76.0
Puttalam,2024-02-02,2024-02-24,4,validation,train_only,21.0,51.59219089471822,52.0
Puttalam,2024-02-09,2024-03-02,4,validation,train_only,14.0,44.66801936154792,34.0
Puttalam,2024-02-16,2024-03-09,4,validation,train_only,9.0,68.72997880479109,102.0
Puttalam,2024-02-23,2024-03-16,4,validation,train_only,12.0,32.7943934459031,29.0
Puttalam,2024-03-01,2024-03-23,4,validation,train_only,9.0,23.910005034190537,21.0
Puttalam,2024-03-08,2024-03-30,4,validation,train_only,18.0,21.6468532680879,14.0
Puttalam,2024-03-15,2024-04-06,4,validation,train_only,8.0,15.942941899195025,9.0
Puttalam,2024-03-22,2024-04-13,4,validation,train_only,19.0,12.934761197745585,12.0
Puttalam,2024-03-29,2024-04-20,4,validation,train_only,7.0,11.094244311823415,9.0
Puttalam,2024-04-05,2024-04-27,4,validation,train_only,7.0,15.207619052778181,18.0
Puttalam,2024-04-12,2024-05-04,4,validation,train_only,7.0,10.770424665343098,8.0
Puttalam,2024-04-19,2024-05-11,4,validation,train_only,13.0,16.72569766097349,19.0
Puttalam,2024-04-26,2024-05-18,4,validation,train_only,11.0,11.923032364526629,7.0
Puttalam,2024-05-03,2024-05-25,4,validation,train_only,11.0,11.104691041034052,7.0
Puttalam,2024-05-10,2024-06-01,4,validation,train_only,7.0,10.312137043077938,7.0
Puttalam,2024-05-17,2024-06-08,4,validation,train_only,10.0,22.133056052962623,13.0
Puttalam,2024-05-24,2024-06-15,4,validation,train_only,9.0,24.11579362738976,11.0
Puttalam,2024-05-31,2024-06-22,4,validation,train_only,27.0,24.711547531414517,11.0
Puttalam,2024-06-07,2024-06-29,4,validation,train_only,21.0,27.0186685858025,7.0
Puttalam,2024-06-14,2024-07-06,4,validation,train_only,13.0,29.413256965228094,10.0
Puttalam,2024-06-21,2024-07-13,4,validation,train_only,28.0,12.01731372264322,9.0
Puttalam,2024-06-28,2024-07-20,4,validation,train_only,24.0,21.346024470298946,27.0
Puttalam,2024-07-05,2024-07-27,4,validation,train_only,19.0,18.565797980853446,21.0
Puttalam,2024-07-12,2024-08-03,4,validation,train_only,24.0,15.940487698402968,13.0
Puttalam,2024-07-19,2024-08-10,4,validation,train_only,16.0,22.055128265305644,28.0
Puttalam,2024-07-26,2024-08-17,4,validation,train_only,9.0,24.158123619491313,24.0
Puttalam,2024-08-02,2024-08-24,4,validation,train_only,17.0,19.256265159303574,19.0
Puttalam,2024-08-09,2024-08-31,4,validation,train_only,11.0,24.09881368901695,24.0
Puttalam,2024-08-16,2024-09-07,4,validation,train_only,11.0,21.15119815977794,16.0
Puttalam,2024-08-23,2024-09-14,4,validation,train_only,16.0,18.781257290800035,9.0
Puttalam,2024-08-30,2024-09-21,4,validation,train_only,16.0,18.318603810015123,17.0
Puttalam,2024-09-06,2024-09-28,4,validation,train_only,23.0,17.72407051490825,11.0
Puttalam,2024-09-13,2024-10-05,4,validation,train_only,11.0,16.798826830382342,11.0
Puttalam,2024-09-20,2024-10-12,4,validation,train_only,28.0,15.241032495047312,16.0
Puttalam,2024-09-27,2024-10-19,4,validation,train_only,15.0,17.12817322502734,16.0
Puttalam,2024-10-04,2024-10-26,4,validation,train_only,21.0,22.705406885685615,23.0
Puttalam,2024-10-11,2024-11-02,4,validation,train_only,28.0,18.34145446167593,11.0
Puttalam,2024-10-18,2024-11-09,4,validation,train_only,19.0,27.097379468919737,28.0
Puttalam,2024-10-25,2024-11-16,4,validation,train_only,30.0,25.75025066547782,15.0
Puttalam,2024-11-01,2024-11-23,4,validation,train_only,23.0,30.036182048248985,21.0
Puttalam,2024-11-08,2024-11-30,4,validation,train_only,28.0,33.94231878736363,28.0
Puttalam,2024-11-15,2024-12-07,4,validation,train_only,31.0,28.398023302011225,19.0
Puttalam,2024-11-22,2024-12-14,4,validation,train_only,39.0,35.56886005058544,30.0
Puttalam,2024-11-29,2024-12-21,4,validation,train_only,23.0,37.062505677491345,23.0
Puttalam,2024-12-06,2024-12-28,4,validation,train_only,30.0,33.96041698725611,28.0
Ratnapura,2023-12-15,2024-01-06,4,validation,train_only,77.0,160.8790314819722,106.0
Ratnapura,2023-12-22,2024-01-13,4,validation,train_only,43.0,149.5745631858558,44.0
Ratnapura,2023-12-29,2024-01-20,4,validation,train_only,67.0,138.01753820276494,54.0
Ratnapura,2024-01-05,2024-01-27,4,validation,train_only,72.0,113.5367844185601,76.0
Ratnapura,2024-01-12,2024-02-03,4,validation,train_only,82.0,122.92973954424173,77.0
Ratnapura,2024-01-19,2024-02-10,4,validation,train_only,14.0,78.23524240359191,43.0
Ratnapura,2024-01-26,2024-02-17,4,validation,train_only,57.0,67.46186584183502,67.0
Ratnapura,2024-02-02,2024-02-24,4,validation,train_only,57.0,80.22539943404438,72.0
Ratnapura,2024-02-09,2024-03-02,4,validation,train_only,38.0,74.8176051688723,82.0
Ratnapura,2024-02-16,2024-03-09,4,validation,train_only,56.0,55.056358117589525,14.0
Ratnapura,2024-02-23,2024-03-16,4,validation,train_only,48.0,49.6444394056523,57.0
Ratnapura,2024-03-01,2024-03-23,4,validation,train_only,53.0,49.04166628884837,57.0
Ratnapura,2024-03-08,2024-03-30,4,validation,train_only,49.0,39.68310164147458,38.0
Ratnapura,2024-03-15,2024-04-06,4,validation,train_only,39.0,47.457810150241876,56.0
Ratnapura,2024-03-22,2024-04-13,4,validation,train_only,44.0,43.97012933364847,48.0
Ratnapura,2024-03-29,2024-04-20,4,validation,train_only,67.0,54.34391495442455,53.0
Ratnapura,2024-04-05,2024-04-27,4,validation,train_only,74.0,58.2577226598461,49.0
Ratnapura,2024-04-12,2024-05-04,4,validation,train_only,88.0,51.09119311117757,39.0
Ratnapura,2024-04-19,2024-05-11,4,validation,train_only,72.0,63.051688257020224,44.0
Ratnapura,2024-04-26,2024-05-18,4,validation,train_only,76.0,70.0951233829635,67.0
Ratnapura,2024-05-03,2024-05-25,4,validation,train_only,84.0,95.82696193570328,74.0
Ratnapura,2024-05-10,2024-06-01,4,validation,train_only,60.0,129.66831943311098,88.0
Ratnapura,2024-05-17,2024-06-08,4,validation,train_only,47.0,97.80165087377164,72.0
Ratnapura,2024-05-24,2024-06-15,4,validation,train_only,57.0,167.02889278724086,76.0
Ratnapura,2024-05-31,2024-06-22,4,validation,train_only,58.0,246.93477141948748,84.0
Ratnapura,2024-06-07,2024-06-29,4,validation,train_only,52.0,241.24568113061943,60.0
Ratnapura,2024-06-14,2024-07-06,4,validation,train_only,51.0,183.47421507380955,47.0
Ratnapura,2024-06-21,2024-07-13,4,validation,train_only,81.0,177.26290713060945,57.0
Ratnapura,2024-06-28,2024-07-20,4,validation,train_only,76.0,153.07560003070677,58.0
Ratnapura,2024-07-05,2024-07-27,4,validation,train_only,72.0,88.4280187915554,52.0
Ratnapura,2024-07-12,2024-08-03,4,validation,train_only,51.0,61.519085959068974,51.0
Ratnapura,2024-07-19,2024-08-10,4,validation,train_only,38.0,64.82898235295806,81.0
Ratnapura,2024-07-26,2024-08-17,4,validation,train_only,25.0,54.246299499957516,76.0
Ratnapura,2024-08-02,2024-08-24,4,validation,train_only,48.0,53.853393885070716,72.0
Ratnapura,2024-08-09,2024-08-31,4,validation,train_only,51.0,41.63831065707182,51.0
Ratnapura,2024-08-16,2024-09-07,4,validation,train_only,18.0,33.91765765143362,38.0
Ratnapura,2024-08-23,2024-09-14,4,validation,train_only,32.0,37.157651508141115,25.0
Ratnapura,2024-08-30,2024-09-21,4,validation,train_only,40.0,67.0274099983738,48.0
Ratnapura,2024-09-06,2024-09-28,4,validation,train_only,31.0,50.25443090833441,51.0
Ratnapura,2024-09-13,2024-10-05,4,validation,train_only,45.0,61.86719348509875,18.0
Ratnapura,2024-09-20,2024-10-12,4,validation,train_only,42.0,60.80204522473552,32.0
Ratnapura,2024-09-27,2024-10-19,4,validation,train_only,54.0,47.356376924753796,40.0
Ratnapura,2024-10-04,2024-10-26,4,validation,train_only,61.0,52.59590832559936,31.0
Ratnapura,2024-10-11,2024-11-02,4,validation,train_only,48.0,45.14241024462867,45.0
Ratnapura,2024-10-18,2024-11-09,4,validation,train_only,41.0,37.801789329820224,42.0
Ratnapura,2024-10-25,2024-11-16,4,validation,train_only,54.0,45.76613835480111,54.0
Ratnapura,2024-11-01,2024-11-23,4,validation,train_only,53.0,57.06472462688655,61.0
Ratnapura,2024-11-08,2024-11-30,4,validation,train_only,38.0,63.62372058299646,48.0
Ratnapura,2024-11-15,2024-12-07,4,validation,train_only,44.0,59.190095556134914,41.0
Ratnapura,2024-11-22,2024-12-14,4,validation,train_only,20.0,51.000787100649845,54.0
Ratnapura,2024-11-29,2024-12-21,4,validation,train_only,47.0,72.02931995692792,53.0
Ratnapura,2024-12-06,2024-12-28,4,validation,train_only,30.0,64.03871183180694,38.0
Trincomalee,2023-12-15,2024-01-06,4,validation,train_only,50.0,28.75832270933512,21.0
Trincomalee,2023-12-22,2024-01-13,4,validation,train_only,33.0,35.67167337177558,28.0
Trincomalee,2023-12-29,2024-01-20,4,validation,train_only,42.0,36.42074503388221,23.0
Trincomalee,2024-01-05,2024-01-27,4,validation,train_only,29.0,41.64493839556938,42.0
Trincomalee,2024-01-12,2024-02-03,4,validation,train_only,31.0,49.93379668339764,50.0
Trincomalee,2024-01-19,2024-02-10,4,validation,train_only,33.0,43.76033308314253,33.0
Trincomalee,2024-01-26,2024-02-17,4,validation,train_only,26.0,41.991281056795756,42.0
Trincomalee,2024-02-02,2024-02-24,4,validation,train_only,26.0,37.03384775223192,29.0
Trincomalee,2024-02-09,2024-03-02,4,validation,train_only,13.0,34.35923275578441,31.0
Trincomalee,2024-02-16,2024-03-09,4,validation,train_only,23.0,31.042530272777864,33.0
Trincomalee,2024-02-23,2024-03-16,4,validation,train_only,21.0,23.123443372439276,26.0
Trincomalee,2024-03-01,2024-03-23,4,validation,train_only,12.0,21.471239311732536,26.0
Trincomalee,2024-03-08,2024-03-30,4,validation,train_only,7.0,14.02978535528654,13.0
Trincomalee,2024-03-15,2024-04-06,4,validation,train_only,9.0,16.978176379292464,23.0
Trincomalee,2024-03-22,2024-04-13,4,validation,train_only,17.0,17.95618625717189,21.0
Trincomalee,2024-03-29,2024-04-20,4,validation,train_only,9.0,16.50307121065251,12.0
Trincomalee,2024-04-05,2024-04-27,4,validation,train_only,19.0,11.163862111675856,7.0
Trincomalee,2024-04-12,2024-05-04,4,validation,train_only,18.0,11.135270871677637,9.0
Trincomalee,2024-04-19,2024-05-11,4,validation,train_only,12.0,14.786519536865052,17.0
Trincomalee,2024-04-26,2024-05-18,4,validation,train_only,6.0,10.361509604791447,9.0
Trincomalee,2024-05-03,2024-05-25,4,validation,train_only,7.0,13.509390120437978,19.0
Trincomalee,2024-05-10,2024-06-01,4,validation,train_only,10.0,15.548099549983649,18.0
Trincomalee,2024-05-17,2024-06-08,4,validation,train_only,7.0,21.519996432492423,12.0
Trincomalee,2024-05-24,2024-06-15,4,validation,train_only,12.0,13.653361921036462,6.0
Trincomalee,2024-05-31,2024-06-22,4,validation,train_only,10.0,14.648406293571515,7.0
Trincomalee,2024-06-07,2024-06-29,4,validation,train_only,11.0,16.046494520078692,10.0
Trincomalee,2024-06-14,2024-07-06,4,validation,train_only,7.0,12.401120234792495,7.0
Trincomalee,2024-06-21,2024-07-13,4,validation,train_only,14.0,12.405123871354423,12.0
Trincomalee,2024-06-28,2024-07-20,4,validation,train_only,8.0,9.31785797264717,10.0
Trincomalee,2024-07-05,2024-07-27,4,validation,train_only,12.0,8.532980103889047,11.0
Trincomalee,2024-07-12,2024-08-03,4,validation,train_only,12.0,7.779190154859292,7.0
Trincomalee,2024-07-19,2024-08-10,4,validation,train_only,10.0,9.458145041219755,14.0
Trincomalee,2024-07-26,2024-08-17,4,validation,train_only,3.0,6.938971176166525,8.0
Trincomalee,2024-08-02,2024-08-24,4,validation,train_only,8.0,9.156635414806706,12.0
Trincomalee,2024-08-09,2024-08-31,4,validation,train_only,2.0,9.882130294013985,12.0
Trincomalee,2024-08-16,2024-09-07,4,validation,train_only,6.0,9.762670590408014,10.0
Trincomalee,2024-08-23,2024-09-14,4,validation,train_only,3.0,8.179425569378663,3.0
Trincomalee,2024-08-30,2024-09-21,4,validation,train_only,2.0,6.848290481628566,8.0
Trincomalee,2024-09-06,2024-09-28,4,validation,train_only,2.0,6.80253719516556,2.0
Trincomalee,2024-09-13,2024-10-05,4,validation,train_only,5.0,6.253715427649308,6.0
Trincomalee,2024-09-20,2024-10-12,4,validation,train_only,3.0,4.416743033517905,3.0
Trincomalee,2024-09-27,2024-10-19,4,validation,train_only,4.0,5.729812078836053,2.0
Trincomalee,2024-10-04,2024-10-26,4,validation,train_only,9.0,5.059985759397802,2.0
Trincomalee,2024-10-11,2024-11-02,4,validation,train_only,8.0,5.3567691095730385,5.0
Trincomalee,2024-10-18,2024-11-09,4,validation,train_only,16.0,5.741979609156861,3.0
Trincomalee,2024-10-25,2024-11-16,4,validation,train_only,13.0,5.7745093958466045,4.0
Trincomalee,2024-11-01,2024-11-23,4,validation,train_only,9.0,8.538924424200959,9.0
Trincomalee,2024-11-08,2024-11-30,4,validation,train_only,14.0,12.206969639656373,8.0
Trincomalee,2024-11-15,2024-12-07,4,validation,train_only,20.0,17.835715751336263,16.0
Trincomalee,2024-11-22,2024-12-14,4,validation,train_only,19.0,17.25671830561808,13.0
Trincomalee,2024-11-29,2024-12-21,4,validation,train_only,30.0,19.67857863585029,9.0
Trincomalee,2024-12-06,2024-12-28,4,validation,train_only,28.0,28.030433352212075,14.0
Vavuniya,2023-12-15,2024-01-06,4,validation,train_only,27.0,8.93677699349609,5.0
Vavuniya,2023-12-22,2024-01-13,4,validation,train_only,14.0,20.117919358749983,22.0
Vavuniya,2023-12-29,2024-01-20,4,validation,train_only,19.0,17.450220630585868,19.0
Vavuniya,2024-01-05,2024-01-27,4,validation,train_only,5.0,23.137795795413,20.0
Vavuniya,2024-01-12,2024-02-03,4,validation,train_only,7.0,28.008036019863802,27.0
Vavuniya,2024-01-19,2024-02-10,4,validation,train_only,3.0,22.350560735759622,14.0
Vavuniya,2024-01-26,2024-02-17,4,validation,train_only,4.0,20.362080803294393,19.0
Vavuniya,2024-02-02,2024-02-24,4,validation,train_only,3.0,16.9880257959776,5.0
Vavuniya,2024-02-09,2024-03-02,4,validation,train_only,5.0,12.807915585200385,7.0
Vavuniya,2024-02-16,2024-03-09,4,validation,train_only,5.0,6.447533720402862,3.0
Vavuniya,2024-02-23,2024-03-16,4,validation,train_only,2.0,4.794955918159892,4.0
Vavuniya,2024-03-01,2024-03-23,4,validation,train_only,2.0,3.51205352088036,3.0
Vavuniya,2024-03-08,2024-03-30,4,validation,train_only,1.0,3.009983541614306,5.0
Vavuniya,2024-03-15,2024-04-06,4,validation,train_only,0.0,2.9305023091837312,5.0
Vavuniya,2024-03-22,2024-04-13,4,validation,train_only,0.0,3.0093122387308777,2.0
Vavuniya,2024-03-29,2024-04-20,4,validation,train_only,0.0,4.246329074799236,2.0
Vavuniya,2024-04-05,2024-04-27,4,validation,train_only,0.0,4.131312730824866,1.0
Vavuniya,2024-04-12,2024-05-04,4,validation,train_only,4.0,3.1670757421989917,0.0
Vavuniya,2024-04-19,2024-05-11,4,validation,train_only,2.0,2.9866969378544663,0.0
Vavuniya,2024-04-26,2024-05-18,4,validation,train_only,0.0,2.416753979483688,0.0
Vavuniya,2024-05-03,2024-05-25,4,validation,train_only,1.0,2.927480803085542,0.0
Vavuniya,2024-05-10,2024-06-01,4,validation,train_only,4.0,3.1764339878599364,4.0
Vavuniya,2024-05-17,2024-06-08,4,validation,train_only,2.0,4.9272197329547565,2.0
Vavuniya,2024-05-24,2024-06-15,4,validation,train_only,1.0,6.592159959988131,0.0
Vavuniya,2024-05-31,2024-06-22,4,validation,train_only,1.0,6.094031591858472,1.0
Vavuniya,2024-06-07,2024-06-29,4,validation,train_only,4.0,6.747550033168406,4.0
Vavuniya,2024-06-14,2024-07-06,4,validation,train_only,3.0,5.608445381489992,2.0
Vavuniya,2024-06-21,2024-07-13,4,validation,train_only,1.0,4.0976479061265385,1.0
Vavuniya,2024-06-28,2024-07-20,4,validation,train_only,5.0,3.1037945040081247,1.0
Vavuniya,2024-07-05,2024-07-27,4,validation,train_only,1.0,2.0449732785756174,4.0
Vavuniya,2024-07-12,2024-08-03,4,validation,train_only,0.0,1.29885792142955,3.0
Vavuniya,2024-07-19,2024-08-10,4,validation,train_only,5.0,0.8684192163080904,1.0
Vavuniya,2024-07-26,2024-08-17,4,validation,train_only,3.0,0.862468834107337,5.0
Vavuniya,2024-08-02,2024-08-24,4,validation,train_only,0.0,1.6674433901579286,1.0
Vavuniya,2024-08-09,2024-08-31,4,validation,train_only,1.0,0.7523209860709889,0.0
Vavuniya,2024-08-16,2024-09-07,4,validation,train_only,1.0,1.9713458558101944,5.0
Vavuniya,2024-08-23,2024-09-14,4,validation,train_only,2.0,2.9516126227169535,3.0
Vavuniya,2024-08-30,2024-09-21,4,validation,train_only,0.0,2.715242962318072,0.0
Vavuniya,2024-09-06,2024-09-28,4,validation,train_only,0.0,3.7455119519524427,1.0
Vavuniya,2024-09-13,2024-10-05,4,validation,train_only,1.0,4.207644510064213,1.0
Vavuniya,2024-09-20,2024-10-12,4,validation,train_only,3.0,2.5628493896047457,2.0
Vavuniya,2024-09-27,2024-10-19,4,validation,train_only,1.0,3.595535771332309,0.0
Vavuniya,2024-10-04,2024-10-26,4,validation,train_only,1.0,3.644650355871244,0.0
Vavuniya,2024-10-11,2024-11-02,4,validation,train_only,2.0,5.52588793820974,1.0
Vavuniya,2024-10-18,2024-11-09,4,validation,train_only,0.0,4.963082508909367,3.0
Vavuniya,2024-10-25,2024-11-16,4,validation,train_only,5.0,5.600980814788412,1.0
Vavuniya,2024-11-01,2024-11-23,4,validation,train_only,3.0,6.475266544968378,1.0
Vavuniya,2024-11-08,2024-11-30,4,validation,train_only,2.0,5.890694014406641,2.0
Vavuniya,2024-11-15,2024-12-07,4,validation,train_only,4.0,7.058901097747113,0.0
Vavuniya,2024-11-22,2024-12-14,4,validation,train_only,4.0,7.459982324110584,5.0
Vavuniya,2024-11-29,2024-12-21,4,validation,train_only,2.0,7.07266523267131,3.0
Vavuniya,2024-12-06,2024-12-28,4,validation,train_only,4.0,9.206246206590768,2.0
Ampara,2024-12-13,2025-01-04,4,test,train_plus_validation,20.0,14.29058945318628,10.0
Ampara,2024-12-20,2025-01-11,4,test,train_plus_validation,27.0,17.98113550375341,6.0
Ampara,2024-12-27,2025-01-18,4,test,train_plus_validation,16.0,17.44161788663077,15.0
Ampara,2025-01-03,2025-01-25,4,test,train_plus_validation,13.0,42.55151592437611,58.0
Ampara,2025-01-10,2025-02-01,4,test,train_plus_validation,17.0,28.650212922722346,20.0
Ampara,2025-01-17,2025-02-08,4,test,train_plus_validation,17.0,30.63471489083031,27.0
Ampara,2025-01-24,2025-02-15,4,test,train_plus_validation,15.0,28.960441975807814,16.0
Ampara,2025-01-31,2025-02-22,4,test,train_plus_validation,11.0,25.081064858082353,13.0
Ampara,2025-02-07,2025-03-01,4,test,train_plus_validation,16.0,23.239462382118397,17.0
Ampara,2025-02-14,2025-03-08,4,test,train_plus_validation,11.0,22.75187190014826,17.0
Ampara,2025-02-21,2025-03-15,4,test,train_plus_validation,9.0,19.063389966813478,15.0
Ampara,2025-02-28,2025-03-22,4,test,train_plus_validation,12.0,13.276691249802273,11.0
Ampara,2025-03-07,2025-03-29,4,test,train_plus_validation,15.0,16.019298034566397,16.0
Ampara,2025-03-14,2025-04-05,4,test,train_plus_validation,22.0,13.914463820669246,11.0
Ampara,2025-03-21,2025-04-12,4,test,train_plus_validation,13.0,12.972003522969732,9.0
Ampara,2025-03-28,2025-04-19,4,test,train_plus_validation,15.0,15.142266618034393,12.0
Ampara,2025-04-04,2025-04-26,4,test,train_plus_validation,24.0,15.6978924668342,15.0
Ampara,2025-04-11,2025-05-03,4,test,train_plus_validation,17.0,24.260583871839852,22.0
Ampara,2025-04-18,2025-05-10,4,test,train_plus_validation,16.0,18.17427969023377,13.0
Ampara,2025-04-25,2025-05-17,4,test,train_plus_validation,14.0,19.106589607060936,15.0
Ampara,2025-05-02,2025-05-24,4,test,train_plus_validation,14.0,27.994655268964426,24.0
Ampara,2025-05-09,2025-05-31,4,test,train_plus_validation,28.0,24.35674036191037,17.0
Ampara,2025-05-16,2025-06-07,4,test,train_plus_validation,11.0,18.305902210512144,16.0
Ampara,2025-05-23,2025-06-14,4,test,train_plus_validation,12.0,17.575991514951546,14.0
Ampara,2025-05-30,2025-06-21,4,test,train_plus_validation,12.0,15.190203456457224,14.0
Ampara,2025-06-06,2025-06-28,4,test,train_plus_validation,22.0,18.066275667691258,28.0
Ampara,2025-06-13,2025-07-05,4,test,train_plus_validation,16.0,14.858274420731863,11.0
Ampara,2025-06-20,2025-07-12,4,test,train_plus_validation,17.0,15.970293347815444,12.0
Ampara,2025-06-27,2025-07-19,4,test,train_plus_validation,8.0,13.969221267142311,12.0
Ampara,2025-07-04,2025-07-26,4,test,train_plus_validation,11.0,17.070536961543414,22.0
Ampara,2025-07-11,2025-08-02,4,test,train_plus_validation,3.0,12.810013725234143,16.0
Ampara,2025-07-18,2025-08-09,4,test,train_plus_validation,6.0,13.337388334407033,17.0
Ampara,2025-07-25,2025-08-16,4,test,train_plus_validation,7.0,8.249112856613394,8.0
Ampara,2025-08-01,2025-08-23,4,test,train_plus_validation,7.0,10.456150873258977,11.0
Ampara,2025-08-08,2025-08-30,4,test,train_plus_validation,6.0,5.936639583547065,3.0
Ampara,2025-08-15,2025-09-06,4,test,train_plus_validation,17.0,5.771310019374944,6.0
Ampara,2025-08-22,2025-09-13,4,test,train_plus_validation,15.0,3.894276839327998,7.0
Ampara,2025-08-29,2025-09-20,4,test,train_plus_validation,4.0,5.5267599719539895,7.0
Ampara,2025-09-05,2025-09-27,4,test,train_plus_validation,6.0,5.281120899568484,6.0
Ampara,2025-09-12,2025-10-04,4,test,train_plus_validation,9.0,11.072729320650023,17.0
Ampara,2025-09-19,2025-10-11,4,test,train_plus_validation,14.0,13.736771764018027,15.0
Ampara,2025-09-26,2025-10-18,4,test,train_plus_validation,9.0,11.857839535802901,4.0
Ampara,2025-10-03,2025-10-25,4,test,train_plus_validation,15.0,10.484676069734295,6.0
Ampara,2025-10-10,2025-11-01,4,test,train_plus_validation,10.0,11.453728056295418,9.0
Ampara,2025-10-17,2025-11-08,4,test,train_plus_validation,17.0,13.29480143900422,14.0
Ampara,2025-10-24,2025-11-15,4,test,train_plus_validation,24.0,11.548028123350052,9.0
Ampara,2025-10-31,2025-11-22,4,test,train_plus_validation,11.0,16.437637125242947,15.0
Ampara,2025-11-07,2025-11-29,4,test,train_plus_validation,7.0,15.809210285112648,10.0
Ampara,2025-11-14,2025-12-06,4,test,train_plus_validation,22.0,18.66266645309392,17.0
Ampara,2025-11-21,2025-12-13,4,test,train_plus_validation,18.0,25.10540914226867,24.0
Anuradhapura,2024-12-13,2025-01-04,4,test,train_plus_validation,20.0,22.458413195449786,18.0
Anuradhapura,2024-12-20,2025-01-11,4,test,train_plus_validation,29.0,27.810309928007086,22.0
Anuradhapura,2024-12-27,2025-01-18,4,test,train_plus_validation,16.0,20.646743446488056,12.0
Anuradhapura,2025-01-03,2025-01-25,4,test,train_plus_validation,22.0,25.076462774037747,27.0
Anuradhapura,2025-01-10,2025-02-01,4,test,train_plus_validation,39.0,25.194478793703603,20.0
Anuradhapura,2025-01-17,2025-02-08,4,test,train_plus_validation,39.0,29.319062141914365,29.0
Anuradhapura,2025-01-24,2025-02-15,4,test,train_plus_validation,24.0,21.890379127939784,16.0
Anuradhapura,2025-01-31,2025-02-22,4,test,train_plus_validation,18.0,28.268352291617212,22.0
Anuradhapura,2025-02-07,2025-03-01,4,test,train_plus_validation,25.0,33.63731914473827,39.0
Anuradhapura,2025-02-14,2025-03-08,4,test,train_plus_validation,12.0,36.49799723103684,39.0
Anuradhapura,2025-02-21,2025-03-15,4,test,train_plus_validation,8.0,26.98540398608602,24.0
Anuradhapura,2025-02-28,2025-03-22,4,test,train_plus_validation,9.0,16.096074333442242,18.0
Anuradhapura,2025-03-07,2025-03-29,4,test,train_plus_validation,6.0,19.837534831631885,25.0
Anuradhapura,2025-03-14,2025-04-05,4,test,train_plus_validation,3.0,15.307433078187918,12.0
Anuradhapura,2025-03-21,2025-04-12,4,test,train_plus_validation,4.0,16.70160290681701,8.0
Anuradhapura,2025-03-28,2025-04-19,4,test,train_plus_validation,8.0,12.275793013553391,9.0
Anuradhapura,2025-04-04,2025-04-26,4,test,train_plus_validation,10.0,10.818629200492397,6.0
Anuradhapura,2025-04-11,2025-05-03,4,test,train_plus_validation,11.0,9.843416552119496,3.0
Anuradhapura,2025-04-18,2025-05-10,4,test,train_plus_validation,11.0,6.4400411462402,4.0
Anuradhapura,2025-04-25,2025-05-17,4,test,train_plus_validation,13.0,8.058364412398875,8.0
Anuradhapura,2025-05-02,2025-05-24,4,test,train_plus_validation,11.0,10.214396714124204,10.0
Anuradhapura,2025-05-09,2025-05-31,4,test,train_plus_validation,10.0,11.98912089473129,11.0
Anuradhapura,2025-05-16,2025-06-07,4,test,train_plus_validation,7.0,10.972632416266109,11.0
Anuradhapura,2025-05-23,2025-06-14,4,test,train_plus_validation,8.0,13.993731218240198,13.0
Anuradhapura,2025-05-30,2025-06-21,4,test,train_plus_validation,17.0,13.93331949523778,11.0
Anuradhapura,2025-06-06,2025-06-28,4,test,train_plus_validation,8.0,11.35979947972809,10.0
Anuradhapura,2025-06-13,2025-07-05,4,test,train_plus_validation,8.0,9.90100703446344,7.0
Anuradhapura,2025-06-20,2025-07-12,4,test,train_plus_validation,12.0,9.930241721937065,8.0
Anuradhapura,2025-06-27,2025-07-19,4,test,train_plus_validation,11.0,13.08563051815508,17.0
Anuradhapura,2025-07-04,2025-07-26,4,test,train_plus_validation,3.0,9.325573881886141,8.0
Anuradhapura,2025-07-11,2025-08-02,4,test,train_plus_validation,6.0,7.420911177456647,8.0
Anuradhapura,2025-07-18,2025-08-09,4,test,train_plus_validation,11.0,9.57057982521226,12.0
Anuradhapura,2025-07-25,2025-08-16,4,test,train_plus_validation,6.0,9.764552424004426,11.0
Anuradhapura,2025-08-01,2025-08-23,4,test,train_plus_validation,9.0,5.320584176577072,3.0
Anuradhapura,2025-08-08,2025-08-30,4,test,train_plus_validation,2.0,5.200100648886538,6.0
Anuradhapura,2025-08-15,2025-09-06,4,test,train_plus_validation,6.0,6.599435509950614,11.0
Anuradhapura,2025-08-22,2025-09-13,4,test,train_plus_validation,3.0,4.686698348082587,6.0
Anuradhapura,2025-08-29,2025-09-20,4,test,train_plus_validation,2.0,6.07383405253421,9.0
Anuradhapura,2025-09-05,2025-09-27,4,test,train_plus_validation,0.0,4.518510019230255,2.0
Anuradhapura,2025-09-12,2025-10-04,4,test,train_plus_validation,7.0,5.830854677607582,6.0
Anuradhapura,2025-09-19,2025-10-11,4,test,train_plus_validation,9.0,6.227311788302848,3.0
Anuradhapura,2025-09-26,2025-10-18,4,test,train_plus_validation,4.0,5.468824431555373,2.0
Anuradhapura,2025-10-03,2025-10-25,4,test,train_plus_validation,9.0,5.041183685580499,0.0
Anuradhapura,2025-10-10,2025-11-01,4,test,train_plus_validation,3.0,6.674247106026513,7.0
Anuradhapura,2025-10-17,2025-11-08,4,test,train_plus_validation,8.0,7.794789836113747,9.0
Anuradhapura,2025-10-24,2025-11-15,4,test,train_plus_validation,10.0,9.96220482575238,4.0
Anuradhapura,2025-10-31,2025-11-22,4,test,train_plus_validation,8.0,11.90681375597358,9.0
Anuradhapura,2025-11-07,2025-11-29,4,test,train_plus_validation,11.0,9.7693047375281,3.0
Anuradhapura,2025-11-14,2025-12-06,4,test,train_plus_validation,12.0,11.078370850445443,8.0
Anuradhapura,2025-11-21,2025-12-13,4,test,train_plus_validation,13.0,11.744953621002974,10.0
Badulla,2024-12-13,2025-01-04,4,test,train_plus_validation,17.0,20.91891656280006,19.0
Badulla,2024-12-20,2025-01-11,4,test,train_plus_validation,28.0,26.23742036821774,20.0
Badulla,2024-12-27,2025-01-18,4,test,train_plus_validation,27.0,22.753914286822457,19.0
Badulla,2025-01-03,2025-01-25,4,test,train_plus_validation,26.0,17.522675612168246,5.0
Badulla,2025-01-10,2025-02-01,4,test,train_plus_validation,17.0,14.591288420590562,17.0
Badulla,2025-01-17,2025-02-08,4,test,train_plus_validation,17.0,21.880761312531767,28.0
Badulla,2025-01-24,2025-02-15,4,test,train_plus_validation,8.0,24.418442685468772,27.0
Badulla,2025-01-31,2025-02-22,4,test,train_plus_validation,11.0,56.37207958585907,26.0
Badulla,2025-02-07,2025-03-01,4,test,train_plus_validation,3.0,30.084837486445853,17.0
Badulla,2025-02-14,2025-03-08,4,test,train_plus_validation,17.0,23.797332871651637,17.0
Badulla,2025-02-21,2025-03-15,4,test,train_plus_validation,6.0,17.421022895923254,8.0
Badulla,2025-02-28,2025-03-22,4,test,train_plus_validation,12.0,12.01202156545331,11.0
Badulla,2025-03-07,2025-03-29,4,test,train_plus_validation,9.0,7.404624040854958,3.0
Badulla,2025-03-14,2025-04-05,4,test,train_plus_validation,18.0,12.860047943756777,17.0
Badulla,2025-03-21,2025-04-12,4,test,train_plus_validation,11.0,9.118921387711216,6.0
Badulla,2025-03-28,2025-04-19,4,test,train_plus_validation,19.0,14.561506246042027,12.0
Badulla,2025-04-04,2025-04-26,4,test,train_plus_validation,12.0,11.322440899814113,9.0
Badulla,2025-04-11,2025-05-03,4,test,train_plus_validation,7.0,18.984656005522382,18.0
Badulla,2025-04-18,2025-05-10,4,test,train_plus_validation,7.0,16.774032867724266,11.0
Badulla,2025-04-25,2025-05-17,4,test,train_plus_validation,25.0,19.599777523991378,19.0
Badulla,2025-05-02,2025-05-24,4,test,train_plus_validation,26.0,19.751919068373756,12.0
Badulla,2025-05-09,2025-05-31,4,test,train_plus_validation,24.0,20.948414798772788,7.0
Badulla,2025-05-16,2025-06-07,4,test,train_plus_validation,24.0,16.750427879174552,7.0
Badulla,2025-05-23,2025-06-14,4,test,train_plus_validation,31.0,27.46451044535631,25.0
Badulla,2025-05-30,2025-06-21,4,test,train_plus_validation,17.0,26.98881629189592,26.0
Badulla,2025-06-06,2025-06-28,4,test,train_plus_validation,17.0,26.672724411730723,24.0
Badulla,2025-06-13,2025-07-05,4,test,train_plus_validation,16.0,26.185432648617926,24.0
Badulla,2025-06-20,2025-07-12,4,test,train_plus_validation,37.0,27.909793045876015,31.0
Badulla,2025-06-27,2025-07-19,4,test,train_plus_validation,20.0,22.49787756931378,17.0
Badulla,2025-07-04,2025-07-26,4,test,train_plus_validation,16.0,17.352958678789943,17.0
Badulla,2025-07-11,2025-08-02,4,test,train_plus_validation,13.0,13.600207374752621,16.0
Badulla,2025-07-18,2025-08-09,4,test,train_plus_validation,12.0,20.914380419001407,37.0
Badulla,2025-07-25,2025-08-16,4,test,train_plus_validation,14.0,17.3391665398397,20.0
Badulla,2025-08-01,2025-08-23,4,test,train_plus_validation,18.0,17.66314695462174,16.0
Badulla,2025-08-08,2025-08-30,4,test,train_plus_validation,8.0,16.67152316532783,13.0
Badulla,2025-08-15,2025-09-06,4,test,train_plus_validation,11.0,15.45051748085177,12.0
Badulla,2025-08-22,2025-09-13,4,test,train_plus_validation,19.0,14.41588260312834,14.0
Badulla,2025-08-29,2025-09-20,4,test,train_plus_validation,8.0,15.705728734497077,18.0
Badulla,2025-09-05,2025-09-27,4,test,train_plus_validation,13.0,8.862526913078634,8.0
Badulla,2025-09-12,2025-10-04,4,test,train_plus_validation,4.0,12.341100867826462,11.0
Badulla,2025-09-19,2025-10-11,4,test,train_plus_validation,8.0,17.20217207080888,19.0
Badulla,2025-09-26,2025-10-18,4,test,train_plus_validation,11.0,14.469721504497295,8.0
Badulla,2025-10-03,2025-10-25,4,test,train_plus_validation,7.0,15.276439798389692,13.0
Badulla,2025-10-10,2025-11-01,4,test,train_plus_validation,14.0,13.56097441651657,4.0
Badulla,2025-10-17,2025-11-08,4,test,train_plus_validation,17.0,15.43041118379344,8.0
Badulla,2025-10-24,2025-11-15,4,test,train_plus_validation,18.0,13.29847205810143,11.0
Badulla,2025-10-31,2025-11-22,4,test,train_plus_validation,14.0,11.533012341548922,7.0
Badulla,2025-11-07,2025-11-29,4,test,train_plus_validation,10.0,13.711903278955788,14.0
Badulla,2025-11-14,2025-12-06,4,test,train_plus_validation,18.0,18.4529726191541,17.0
Badulla,2025-11-21,2025-12-13,4,test,train_plus_validation,25.0,20.94713345361075,18.0
Batticaloa,2024-12-13,2025-01-04,4,test,train_plus_validation,55.0,39.81034624501904,30.0
Batticaloa,2024-12-20,2025-01-11,4,test,train_plus_validation,65.0,45.53738648245851,35.0
Batticaloa,2024-12-27,2025-01-18,4,test,train_plus_validation,64.0,55.85316010002635,47.0
Batticaloa,2025-01-03,2025-01-25,4,test,train_plus_validation,53.0,55.95125439970209,62.0
Batticaloa,2025-01-10,2025-02-01,4,test,train_plus_validation,60.0,51.52888720298405,55.0
Batticaloa,2025-01-17,2025-02-08,4,test,train_plus_validation,60.0,57.753249363402546,65.0
Batticaloa,2025-01-24,2025-02-15,4,test,train_plus_validation,81.0,65.26086676122242,64.0
Batticaloa,2025-01-31,2025-02-22,4,test,train_plus_validation,59.0,53.29352729227226,53.0
Batticaloa,2025-02-07,2025-03-01,4,test,train_plus_validation,56.0,52.96217554136218,60.0
Batticaloa,2025-02-14,2025-03-08,4,test,train_plus_validation,31.0,55.80248424497022,60.0
Batticaloa,2025-02-21,2025-03-15,4,test,train_plus_validation,28.0,65.42343253770683,81.0
Batticaloa,2025-02-28,2025-03-22,4,test,train_plus_validation,28.0,60.718760747059775,59.0
Batticaloa,2025-03-07,2025-03-29,4,test,train_plus_validation,46.0,58.79367295914343,56.0
Batticaloa,2025-03-14,2025-04-05,4,test,train_plus_validation,70.0,40.51965794649851,31.0
Batticaloa,2025-03-21,2025-04-12,4,test,train_plus_validation,62.0,32.97085144954608,28.0
Batticaloa,2025-03-28,2025-04-19,4,test,train_plus_validation,94.0,32.44266184644392,28.0
Batticaloa,2025-04-04,2025-04-26,4,test,train_plus_validation,84.0,43.52025949831005,46.0
Batticaloa,2025-04-11,2025-05-03,4,test,train_plus_validation,59.0,63.56776733563667,70.0
Batticaloa,2025-04-18,2025-05-10,4,test,train_plus_validation,58.0,63.409402597892566,62.0
Batticaloa,2025-04-25,2025-05-17,4,test,train_plus_validation,53.0,87.84654956490941,94.0
Batticaloa,2025-05-02,2025-05-24,4,test,train_plus_validation,52.0,82.28202531073282,84.0
Batticaloa,2025-05-09,2025-05-31,4,test,train_plus_validation,59.0,71.63428219809539,59.0
Batticaloa,2025-05-16,2025-06-07,4,test,train_plus_validation,30.0,55.97138172320002,58.0
Batticaloa,2025-05-23,2025-06-14,4,test,train_plus_validation,40.0,51.51894928848262,53.0
Batticaloa,2025-05-30,2025-06-21,4,test,train_plus_validation,16.0,47.63680263978659,52.0
Batticaloa,2025-06-06,2025-06-28,4,test,train_plus_validation,20.0,47.23658358830681,59.0
Batticaloa,2025-06-13,2025-07-05,4,test,train_plus_validation,13.0,26.204203517087823,30.0
Batticaloa,2025-06-20,2025-07-12,4,test,train_plus_validation,19.0,29.08790118127108,40.0
Batticaloa,2025-06-27,2025-07-19,4,test,train_plus_validation,6.0,21.379835240226413,16.0
Batticaloa,2025-07-04,2025-07-26,4,test,train_plus_validation,6.0,17.794653849934516,20.0
Batticaloa,2025-07-11,2025-08-02,4,test,train_plus_validation,12.0,11.98205243913095,13.0
Batticaloa,2025-07-18,2025-08-09,4,test,train_plus_validation,5.0,12.953857515590949,19.0
Batticaloa,2025-07-25,2025-08-16,4,test,train_plus_validation,6.0,7.951957002095004,6.0
Batticaloa,2025-08-01,2025-08-23,4,test,train_plus_validation,9.0,7.72872293970657,6.0
Batticaloa,2025-08-08,2025-08-30,4,test,train_plus_validation,8.0,9.108149405796423,12.0
Batticaloa,2025-08-15,2025-09-06,4,test,train_plus_validation,8.0,7.268140100260124,5.0
Batticaloa,2025-08-22,2025-09-13,4,test,train_plus_validation,9.0,4.355502814550672,6.0
Batticaloa,2025-08-29,2025-09-20,4,test,train_plus_validation,9.0,5.685039078472054,9.0
Batticaloa,2025-09-05,2025-09-27,4,test,train_plus_validation,14.0,6.269285686056459,8.0
Batticaloa,2025-09-12,2025-10-04,4,test,train_plus_validation,16.0,9.538630630831229,8.0
Batticaloa,2025-09-19,2025-10-11,4,test,train_plus_validation,17.0,11.846179664613748,9.0
Batticaloa,2025-09-26,2025-10-18,4,test,train_plus_validation,13.0,11.801549175685874,9.0
Batticaloa,2025-10-03,2025-10-25,4,test,train_plus_validation,19.0,13.90635841400539,14.0
Batticaloa,2025-10-10,2025-11-01,4,test,train_plus_validation,29.0,18.047959738273395,16.0
Batticaloa,2025-10-17,2025-11-08,4,test,train_plus_validation,21.0,20.486683556901713,17.0
Batticaloa,2025-10-24,2025-11-15,4,test,train_plus_validation,21.0,19.290794190433072,13.0
Batticaloa,2025-10-31,2025-11-22,4,test,train_plus_validation,10.0,24.227642283044016,19.0
Batticaloa,2025-11-07,2025-11-29,4,test,train_plus_validation,16.0,31.719629267106857,29.0
Batticaloa,2025-11-14,2025-12-06,4,test,train_plus_validation,14.0,29.67402540211125,21.0
Batticaloa,2025-11-21,2025-12-13,4,test,train_plus_validation,20.0,32.24477173095483,21.0
Colombo,2024-12-13,2025-01-04,4,test,train_plus_validation,245.0,268.2277577141396,247.0
Colombo,2024-12-20,2025-01-11,4,test,train_plus_validation,247.0,225.59700278422127,220.0
Colombo,2024-12-27,2025-01-18,4,test,train_plus_validation,284.0,192.09314918827627,231.0
Colombo,2025-01-03,2025-01-25,4,test,train_plus_validation,225.0,146.90890369994312,200.0
Colombo,2025-01-10,2025-02-01,4,test,train_plus_validation,252.0,184.4255537486785,245.0
Colombo,2025-01-17,2025-02-08,4,test,train_plus_validation,252.0,228.4090731469637,247.0
Colombo,2025-01-24,2025-02-15,4,test,train_plus_validation,217.0,367.0189151385406,284.0
Colombo,2025-01-31,2025-02-22,4,test,train_plus_validation,219.0,284.87448125435185,225.0
Colombo,2025-02-07,2025-03-01,4,test,train_plus_validation,262.0,256.2779529577712,252.0
Colombo,2025-02-14,2025-03-08,4,test,train_plus_validation,214.0,232.70132018654957,252.0
Colombo,2025-02-21,2025-03-15,4,test,train_plus_validation,242.0,171.52947941355677,217.0
Colombo,2025-02-28,2025-03-22,4,test,train_plus_validation,239.0,151.29756315469922,219.0
Colombo,2025-03-07,2025-03-29,4,test,train_plus_validation,204.0,221.976147727703,262.0
Colombo,2025-03-14,2025-04-05,4,test,train_plus_validation,277.0,188.2743158639157,214.0
Colombo,2025-03-21,2025-04-12,4,test,train_plus_validation,230.0,252.774245126328,242.0
Colombo,2025-03-28,2025-04-19,4,test,train_plus_validation,306.0,276.4497826924271,239.0
Colombo,2025-04-04,2025-04-26,4,test,train_plus_validation,276.0,238.30552636314457,204.0
Colombo,2025-04-11,2025-05-03,4,test,train_plus_validation,310.0,371.31058445447405,277.0
Colombo,2025-04-18,2025-05-10,4,test,train_plus_validation,359.0,307.66797310135286,230.0
Colombo,2025-04-25,2025-05-17,4,test,train_plus_validation,336.0,376.2600131053516,306.0
Colombo,2025-05-02,2025-05-24,4,test,train_plus_validation,302.0,385.0006925671545,276.0
Colombo,2025-05-09,2025-05-31,4,test,train_plus_validation,245.0,342.3576586572579,310.0
Colombo,2025-05-16,2025-06-07,4,test,train_plus_validation,279.0,378.9276260154635,359.0
Colombo,2025-05-23,2025-06-14,4,test,train_plus_validation,316.0,401.7517360461663,336.0
Colombo,2025-05-30,2025-06-21,4,test,train_plus_validation,276.0,361.9582943634748,302.0
Colombo,2025-06-06,2025-06-28,4,test,train_plus_validation,285.0,282.1638665478767,245.0
Colombo,2025-06-13,2025-07-05,4,test,train_plus_validation,222.0,316.2745766579863,279.0
Colombo,2025-06-20,2025-07-12,4,test,train_plus_validation,226.0,340.5272674194432,316.0
Colombo,2025-06-27,2025-07-19,4,test,train_plus_validation,237.0,372.9319007800738,276.0
Colombo,2025-07-04,2025-07-26,4,test,train_plus_validation,246.0,285.4585896553369,285.0
Colombo,2025-07-11,2025-08-02,4,test,train_plus_validation,156.0,161.98076439049345,222.0
Colombo,2025-07-18,2025-08-09,4,test,train_plus_validation,87.0,137.5893755145336,226.0
Colombo,2025-07-25,2025-08-16,4,test,train_plus_validation,137.0,171.674699159667,237.0
Colombo,2025-08-01,2025-08-23,4,test,train_plus_validation,104.0,199.40720765628993,246.0
Colombo,2025-08-08,2025-08-30,4,test,train_plus_validation,103.0,120.35975606170334,156.0
Colombo,2025-08-15,2025-09-06,4,test,train_plus_validation,117.0,74.90733207187981,87.0
Colombo,2025-08-22,2025-09-13,4,test,train_plus_validation,120.0,96.33833115493887,137.0
Colombo,2025-08-29,2025-09-20,4,test,train_plus_validation,155.0,66.47991251553763,104.0
Colombo,2025-09-05,2025-09-27,4,test,train_plus_validation,129.0,90.87225527566014,103.0
Colombo,2025-09-12,2025-10-04,4,test,train_plus_validation,130.0,127.1821559140456,117.0
Colombo,2025-09-19,2025-10-11,4,test,train_plus_validation,157.0,132.89698590848243,120.0
Colombo,2025-09-26,2025-10-18,4,test,train_plus_validation,214.0,205.65298528053646,155.0
Colombo,2025-10-03,2025-10-25,4,test,train_plus_validation,153.0,167.0522066359021,129.0
Colombo,2025-10-10,2025-11-01,4,test,train_plus_validation,184.0,158.17482515909992,130.0
Colombo,2025-10-17,2025-11-08,4,test,train_plus_validation,266.0,178.09224896231407,157.0
Colombo,2025-10-24,2025-11-15,4,test,train_plus_validation,226.0,263.812965861827,214.0
Colombo,2025-10-31,2025-11-22,4,test,train_plus_validation,286.0,276.90954555899634,153.0
Colombo,2025-11-07,2025-11-29,4,test,train_plus_validation,272.0,221.7166866413774,184.0
Colombo,2025-11-14,2025-12-06,4,test,train_plus_validation,318.0,279.45567270240133,266.0
Colombo,2025-11-21,2025-12-13,4,test,train_plus_validation,340.0,228.65093857661356,226.0
Galle,2024-12-13,2025-01-04,4,test,train_plus_validation,82.0,39.188574161046866,34.0
Galle,2024-12-20,2025-01-11,4,test,train_plus_validation,51.0,34.338536032195265,27.0
Galle,2024-12-27,2025-01-18,4,test,train_plus_validation,48.0,31.793237942765565,25.0
Galle,2025-01-03,2025-01-25,4,test,train_plus_validation,53.0,29.352897514191582,30.0
Galle,2025-01-10,2025-02-01,4,test,train_plus_validation,44.0,53.17666274209546,82.0
Galle,2025-01-17,2025-02-08,4,test,train_plus_validation,44.0,51.68748845938376,51.0
Galle,2025-01-24,2025-02-15,4,test,train_plus_validation,43.0,51.00492658166726,48.0
Galle,2025-01-31,2025-02-22,4,test,train_plus_validation,21.0,51.01987515316543,53.0
Galle,2025-02-07,2025-03-01,4,test,train_plus_validation,40.0,45.22058219188873,44.0
Galle,2025-02-14,2025-03-08,4,test,train_plus_validation,24.0,45.39441428664277,44.0
Galle,2025-02-21,2025-03-15,4,test,train_plus_validation,35.0,39.15793585233372,43.0
Galle,2025-02-28,2025-03-22,4,test,train_plus_validation,31.0,28.294069378420367,21.0
Galle,2025-03-07,2025-03-29,4,test,train_plus_validation,34.0,37.465113901010525,40.0
Galle,2025-03-14,2025-04-05,4,test,train_plus_validation,29.0,32.992610596938334,24.0
Galle,2025-03-21,2025-04-12,4,test,train_plus_validation,23.0,39.22709340921371,35.0
Galle,2025-03-28,2025-04-19,4,test,train_plus_validation,55.0,38.221460702265546,31.0
Galle,2025-04-04,2025-04-26,4,test,train_plus_validation,29.0,41.326289287115,34.0
Galle,2025-04-11,2025-05-03,4,test,train_plus_validation,32.0,37.287864478763304,29.0
Galle,2025-04-18,2025-05-10,4,test,train_plus_validation,44.0,33.61428968276568,23.0
Galle,2025-04-25,2025-05-17,4,test,train_plus_validation,56.0,46.92755013425054,55.0
Galle,2025-05-02,2025-05-24,4,test,train_plus_validation,44.0,37.03313281495856,29.0
Galle,2025-05-09,2025-05-31,4,test,train_plus_validation,49.0,35.29788615350778,32.0
Galle,2025-05-16,2025-06-07,4,test,train_plus_validation,44.0,43.258125940258225,44.0
Galle,2025-05-23,2025-06-14,4,test,train_plus_validation,73.0,53.897511291233116,56.0
Galle,2025-05-30,2025-06-21,4,test,train_plus_validation,79.0,51.188809787779824,44.0
Galle,2025-06-06,2025-06-28,4,test,train_plus_validation,47.0,49.6613645201734,49.0
Galle,2025-06-13,2025-07-05,4,test,train_plus_validation,56.0,50.81513674587534,44.0
Galle,2025-06-20,2025-07-12,4,test,train_plus_validation,43.0,72.96555557260042,73.0
Galle,2025-06-27,2025-07-19,4,test,train_plus_validation,66.0,79.76004557302703,79.0
Galle,2025-07-04,2025-07-26,4,test,train_plus_validation,44.0,64.6249004013967,47.0
Galle,2025-07-11,2025-08-02,4,test,train_plus_validation,37.0,50.13061656967096,56.0
Galle,2025-07-18,2025-08-09,4,test,train_plus_validation,48.0,39.31250424534291,43.0
Galle,2025-07-25,2025-08-16,4,test,train_plus_validation,27.0,55.03357501769148,66.0
Galle,2025-08-01,2025-08-23,4,test,train_plus_validation,37.0,42.698865972354106,44.0
Galle,2025-08-08,2025-08-30,4,test,train_plus_validation,33.0,36.13158362313716,37.0
Galle,2025-08-15,2025-09-06,4,test,train_plus_validation,44.0,39.563359660072805,48.0
Galle,2025-08-22,2025-09-13,4,test,train_plus_validation,29.0,31.425331022020817,27.0
Galle,2025-08-29,2025-09-20,4,test,train_plus_validation,35.0,33.36567986330702,37.0
Galle,2025-09-05,2025-09-27,4,test,train_plus_validation,30.0,35.311451167355216,33.0
Galle,2025-09-12,2025-10-04,4,test,train_plus_validation,34.0,41.25543132762552,44.0
Galle,2025-09-19,2025-10-11,4,test,train_plus_validation,40.0,31.229626118061763,29.0
Galle,2025-09-26,2025-10-18,4,test,train_plus_validation,29.0,42.66720248510933,35.0
Galle,2025-10-03,2025-10-25,4,test,train_plus_validation,30.0,34.909028905605545,30.0
Galle,2025-10-10,2025-11-01,4,test,train_plus_validation,27.0,39.52154999598976,34.0
Galle,2025-10-17,2025-11-08,4,test,train_plus_validation,36.0,42.08870528036087,40.0
Galle,2025-10-24,2025-11-15,4,test,train_plus_validation,48.0,37.59506068071086,29.0
Galle,2025-10-31,2025-11-22,4,test,train_plus_validation,68.0,34.541623335919226,30.0
Galle,2025-11-07,2025-11-29,4,test,train_plus_validation,68.0,31.583688782233633,27.0
Galle,2025-11-14,2025-12-06,4,test,train_plus_validation,81.0,36.71402126474126,36.0
Galle,2025-11-21,2025-12-13,4,test,train_plus_validation,82.0,45.11956468380482,48.0
Gampaha,2024-12-13,2025-01-04,4,test,train_plus_validation,191.0,153.24772496739757,161.0
Gampaha,2024-12-20,2025-01-11,4,test,train_plus_validation,157.0,111.66830846296484,103.0
Gampaha,2024-12-27,2025-01-18,4,test,train_plus_validation,184.0,100.00256101266525,131.0
Gampaha,2025-01-03,2025-01-25,4,test,train_plus_validation,162.0,105.53702194876178,186.0
Gampaha,2025-01-10,2025-02-01,4,test,train_plus_validation,131.0,140.79419443213277,191.0
Gampaha,2025-01-17,2025-02-08,4,test,train_plus_validation,131.0,157.17910364474872,157.0
Gampaha,2025-01-24,2025-02-15,4,test,train_plus_validation,132.0,180.35320024179376,184.0
Gampaha,2025-01-31,2025-02-22,4,test,train_plus_validation,119.0,173.83274473178642,162.0
Gampaha,2025-02-07,2025-03-01,4,test,train_plus_validation,142.0,122.74061714635363,131.0
Gampaha,2025-02-14,2025-03-08,4,test,train_plus_validation,132.0,112.04773106434862,131.0
Gampaha,2025-02-21,2025-03-15,4,test,train_plus_validation,125.0,121.32067658070311,132.0
Gampaha,2025-02-28,2025-03-22,4,test,train_plus_validation,135.0,88.54923833647439,119.0
Gampaha,2025-03-07,2025-03-29,4,test,train_plus_validation,135.0,123.77946635004406,142.0
Gampaha,2025-03-14,2025-04-05,4,test,train_plus_validation,137.0,138.65296777716136,132.0
Gampaha,2025-03-21,2025-04-12,4,test,train_plus_validation,171.0,135.39630446104235,125.0
Gampaha,2025-03-28,2025-04-19,4,test,train_plus_validation,166.0,180.31732557256552,135.0
Gampaha,2025-04-04,2025-04-26,4,test,train_plus_validation,158.0,178.21606981510953,135.0
Gampaha,2025-04-11,2025-05-03,4,test,train_plus_validation,194.0,185.0996926948047,137.0
Gampaha,2025-04-18,2025-05-10,4,test,train_plus_validation,224.0,227.8648016277211,171.0
Gampaha,2025-04-25,2025-05-17,4,test,train_plus_validation,208.0,218.29920262921942,166.0
Gampaha,2025-05-02,2025-05-24,4,test,train_plus_validation,197.0,227.132083814517,158.0
Gampaha,2025-05-09,2025-05-31,4,test,train_plus_validation,228.0,225.4274082260659,194.0
Gampaha,2025-05-16,2025-06-07,4,test,train_plus_validation,207.0,255.14283934067169,224.0
Gampaha,2025-05-23,2025-06-14,4,test,train_plus_validation,217.0,254.486149916213,208.0
Gampaha,2025-05-30,2025-06-21,4,test,train_plus_validation,167.0,232.46353176110443,197.0
Gampaha,2025-06-06,2025-06-28,4,test,train_plus_validation,181.0,259.50900817977566,228.0
Gampaha,2025-06-13,2025-07-05,4,test,train_plus_validation,154.0,237.6350218245295,207.0
Gampaha,2025-06-20,2025-07-12,4,test,train_plus_validation,193.0,248.24912771402668,217.0
Gampaha,2025-06-27,2025-07-19,4,test,train_plus_validation,175.0,211.96957991205193,167.0
Gampaha,2025-07-04,2025-07-26,4,test,train_plus_validation,148.0,158.72450889601936,181.0
Gampaha,2025-07-11,2025-08-02,4,test,train_plus_validation,96.0,142.99630430579836,154.0
Gampaha,2025-07-18,2025-08-09,4,test,train_plus_validation,91.0,135.3010834485977,193.0
Gampaha,2025-07-25,2025-08-16,4,test,train_plus_validation,108.0,152.27385500172255,175.0
Gampaha,2025-08-01,2025-08-23,4,test,train_plus_validation,63.0,137.79179557327558,148.0
Gampaha,2025-08-08,2025-08-30,4,test,train_plus_validation,58.0,81.30269453568134,96.0
Gampaha,2025-08-15,2025-09-06,4,test,train_plus_validation,92.0,67.04085129300317,91.0
Gampaha,2025-08-22,2025-09-13,4,test,train_plus_validation,93.0,69.75823556782355,108.0
Gampaha,2025-08-29,2025-09-20,4,test,train_plus_validation,78.0,72.19065116237331,63.0
Gampaha,2025-09-05,2025-09-27,4,test,train_plus_validation,56.0,55.235124901319125,58.0
Gampaha,2025-09-12,2025-10-04,4,test,train_plus_validation,82.0,76.42593681037224,92.0
Gampaha,2025-09-19,2025-10-11,4,test,train_plus_validation,83.0,96.00655059419526,93.0
Gampaha,2025-09-26,2025-10-18,4,test,train_plus_validation,95.0,106.02398123433261,78.0
Gampaha,2025-10-03,2025-10-25,4,test,train_plus_validation,112.0,79.82964830548318,56.0
Gampaha,2025-10-10,2025-11-01,4,test,train_plus_validation,128.0,93.85539844145163,82.0
Gampaha,2025-10-17,2025-11-08,4,test,train_plus_validation,131.0,86.22072606163292,83.0
Gampaha,2025-10-24,2025-11-15,4,test,train_plus_validation,159.0,102.20043189729832,95.0
Gampaha,2025-10-31,2025-11-22,4,test,train_plus_validation,138.0,128.41041839890173,112.0
Gampaha,2025-11-07,2025-11-29,4,test,train_plus_validation,186.0,131.11210779390365,128.0
Gampaha,2025-11-14,2025-12-06,4,test,train_plus_validation,202.0,148.83629659144572,131.0
Gampaha,2025-11-21,2025-12-13,4,test,train_plus_validation,214.0,164.68030184485522,159.0
Hambantota,2024-12-13,2025-01-04,4,test,train_plus_validation,35.0,17.82897704839418,12.0
Hambantota,2024-12-20,2025-01-11,4,test,train_plus_validation,32.0,26.154032120904358,22.0
Hambantota,2024-12-27,2025-01-18,4,test,train_plus_validation,24.0,23.66769242541196,21.0
Hambantota,2025-01-03,2025-01-25,4,test,train_plus_validation,22.0,33.656003537496574,36.0
Hambantota,2025-01-10,2025-02-01,4,test,train_plus_validation,15.0,36.89697774625958,35.0
Hambantota,2025-01-17,2025-02-08,4,test,train_plus_validation,15.0,36.119852056508435,32.0
Hambantota,2025-01-24,2025-02-15,4,test,train_plus_validation,10.0,36.5680161291581,24.0
Hambantota,2025-01-31,2025-02-22,4,test,train_plus_validation,12.0,33.66184329209199,22.0
Hambantota,2025-02-07,2025-03-01,4,test,train_plus_validation,17.0,23.086240746448485,15.0
Hambantota,2025-02-14,2025-03-08,4,test,train_plus_validation,14.0,22.297701229978024,15.0
Hambantota,2025-02-21,2025-03-15,4,test,train_plus_validation,18.0,16.86005570894268,10.0
Hambantota,2025-02-28,2025-03-22,4,test,train_plus_validation,12.0,12.529168812596874,12.0
Hambantota,2025-03-07,2025-03-29,4,test,train_plus_validation,13.0,15.809596187528928,17.0
Hambantota,2025-03-14,2025-04-05,4,test,train_plus_validation,10.0,14.490759978889466,14.0
Hambantota,2025-03-21,2025-04-12,4,test,train_plus_validation,12.0,20.056387981310134,18.0
Hambantota,2025-03-28,2025-04-19,4,test,train_plus_validation,23.0,18.937684852508333,12.0
Hambantota,2025-04-04,2025-04-26,4,test,train_plus_validation,24.0,18.998749230947077,13.0
Hambantota,2025-04-11,2025-05-03,4,test,train_plus_validation,16.0,17.60430650643378,10.0
Hambantota,2025-04-18,2025-05-10,4,test,train_plus_validation,20.0,17.694761702314164,12.0
Hambantota,2025-04-25,2025-05-17,4,test,train_plus_validation,20.0,24.205673473840974,23.0
Hambantota,2025-05-02,2025-05-24,4,test,train_plus_validation,8.0,27.653858520346418,24.0
Hambantota,2025-05-09,2025-05-31,4,test,train_plus_validation,24.0,23.714967113161045,16.0
Hambantota,2025-05-16,2025-06-07,4,test,train_plus_validation,15.0,24.535352797122606,20.0
Hambantota,2025-05-23,2025-06-14,4,test,train_plus_validation,22.0,25.630340652304096,20.0
Hambantota,2025-05-30,2025-06-21,4,test,train_plus_validation,21.0,19.395068792236188,8.0
Hambantota,2025-06-06,2025-06-28,4,test,train_plus_validation,24.0,21.827445896573316,24.0
Hambantota,2025-06-13,2025-07-05,4,test,train_plus_validation,31.0,17.22943836924894,15.0
Hambantota,2025-06-20,2025-07-12,4,test,train_plus_validation,46.0,20.943246963131756,22.0
Hambantota,2025-06-27,2025-07-19,4,test,train_plus_validation,31.0,18.95982650786231,21.0
Hambantota,2025-07-04,2025-07-26,4,test,train_plus_validation,24.0,19.019644773310038,24.0
Hambantota,2025-07-11,2025-08-02,4,test,train_plus_validation,17.0,18.565357007294235,31.0
Hambantota,2025-07-18,2025-08-09,4,test,train_plus_validation,15.0,26.567075259410675,46.0
Hambantota,2025-07-25,2025-08-16,4,test,train_plus_validation,7.0,20.17138587701376,31.0
Hambantota,2025-08-01,2025-08-23,4,test,train_plus_validation,18.0,19.312909702507152,24.0
Hambantota,2025-08-08,2025-08-30,4,test,train_plus_validation,9.0,13.77858618375293,17.0
Hambantota,2025-08-15,2025-09-06,4,test,train_plus_validation,9.0,13.335670367017512,15.0
Hambantota,2025-08-22,2025-09-13,4,test,train_plus_validation,7.0,9.750115482608438,7.0
Hambantota,2025-08-29,2025-09-20,4,test,train_plus_validation,19.0,12.381451433840196,18.0
Hambantota,2025-09-05,2025-09-27,4,test,train_plus_validation,15.0,9.304386596893425,9.0
Hambantota,2025-09-12,2025-10-04,4,test,train_plus_validation,10.0,9.4604046231612,9.0
Hambantota,2025-09-19,2025-10-11,4,test,train_plus_validation,10.0,8.751727464498188,7.0
Hambantota,2025-09-26,2025-10-18,4,test,train_plus_validation,6.0,15.105643461600907,19.0
Hambantota,2025-10-03,2025-10-25,4,test,train_plus_validation,14.0,14.027967047025555,15.0
Hambantota,2025-10-10,2025-11-01,4,test,train_plus_validation,18.0,13.135335010114739,10.0
Hambantota,2025-10-17,2025-11-08,4,test,train_plus_validation,14.0,12.563391288364848,10.0
Hambantota,2025-10-24,2025-11-15,4,test,train_plus_validation,15.0,11.633759216815736,6.0
Hambantota,2025-10-31,2025-11-22,4,test,train_plus_validation,13.0,16.712723577984935,14.0
Hambantota,2025-11-07,2025-11-29,4,test,train_plus_validation,24.0,17.155356524685704,18.0
Hambantota,2025-11-14,2025-12-06,4,test,train_plus_validation,28.0,17.43138287214071,14.0
Hambantota,2025-11-21,2025-12-13,4,test,train_plus_validation,42.0,18.306608762371507,15.0
Jaffna,2024-12-13,2025-01-04,4,test,train_plus_validation,52.0,98.04643849802372,60.0
Jaffna,2024-12-20,2025-01-11,4,test,train_plus_validation,37.0,84.90087330626507,76.0
Jaffna,2024-12-27,2025-01-18,4,test,train_plus_validation,57.0,102.20963388906786,76.0
Jaffna,2025-01-03,2025-01-25,4,test,train_plus_validation,39.0,63.803810374185744,58.0
Jaffna,2025-01-10,2025-02-01,4,test,train_plus_validation,35.0,50.163239233159715,52.0
Jaffna,2025-01-17,2025-02-08,4,test,train_plus_validation,35.0,46.622750680153274,37.0
Jaffna,2025-01-24,2025-02-15,4,test,train_plus_validation,30.0,65.39096774804294,57.0
Jaffna,2025-01-31,2025-02-22,4,test,train_plus_validation,28.0,51.78490971531272,39.0
Jaffna,2025-02-07,2025-03-01,4,test,train_plus_validation,15.0,52.03204930085206,35.0
Jaffna,2025-02-14,2025-03-08,4,test,train_plus_validation,23.0,43.88577293269038,35.0
Jaffna,2025-02-21,2025-03-15,4,test,train_plus_validation,25.0,34.60997000047869,30.0
Jaffna,2025-02-28,2025-03-22,4,test,train_plus_validation,24.0,24.57613283271119,28.0
Jaffna,2025-03-07,2025-03-29,4,test,train_plus_validation,15.0,23.376332949762777,15.0
Jaffna,2025-03-14,2025-04-05,4,test,train_plus_validation,11.0,27.846465250281923,23.0
Jaffna,2025-03-21,2025-04-12,4,test,train_plus_validation,18.0,30.056882689621474,25.0
Jaffna,2025-03-28,2025-04-19,4,test,train_plus_validation,44.0,31.793089752968967,24.0
Jaffna,2025-04-04,2025-04-26,4,test,train_plus_validation,20.0,23.715592302213842,15.0
Jaffna,2025-04-11,2025-05-03,4,test,train_plus_validation,18.0,21.914781396069046,11.0
Jaffna,2025-04-18,2025-05-10,4,test,train_plus_validation,27.0,17.650512070368542,18.0
Jaffna,2025-04-25,2025-05-17,4,test,train_plus_validation,35.0,28.930541358334068,44.0
Jaffna,2025-05-02,2025-05-24,4,test,train_plus_validation,20.0,23.3831046927874,20.0
Jaffna,2025-05-09,2025-05-31,4,test,train_plus_validation,26.0,19.896366471432444,18.0
Jaffna,2025-05-16,2025-06-07,4,test,train_plus_validation,25.0,20.77013013771645,27.0
Jaffna,2025-05-23,2025-06-14,4,test,train_plus_validation,24.0,32.75511775844643,35.0
Jaffna,2025-05-30,2025-06-21,4,test,train_plus_validation,12.0,31.579206428119,20.0
Jaffna,2025-06-06,2025-06-28,4,test,train_plus_validation,17.0,28.081371359054323,26.0
Jaffna,2025-06-13,2025-07-05,4,test,train_plus_validation,26.0,32.74044409793598,25.0
Jaffna,2025-06-20,2025-07-12,4,test,train_plus_validation,31.0,29.066635466146344,24.0
Jaffna,2025-06-27,2025-07-19,4,test,train_plus_validation,19.0,17.409808898053527,12.0
Jaffna,2025-07-04,2025-07-26,4,test,train_plus_validation,15.0,18.347142132895332,17.0
Jaffna,2025-07-11,2025-08-02,4,test,train_plus_validation,9.0,19.303860653638854,26.0
Jaffna,2025-07-18,2025-08-09,4,test,train_plus_validation,20.0,20.298372826138024,31.0
Jaffna,2025-07-25,2025-08-16,4,test,train_plus_validation,6.0,18.69153840007176,19.0
Jaffna,2025-08-01,2025-08-23,4,test,train_plus_validation,12.0,19.887820998986594,15.0
Jaffna,2025-08-08,2025-08-30,4,test,train_plus_validation,22.0,14.731438993396976,9.0
Jaffna,2025-08-15,2025-09-06,4,test,train_plus_validation,14.0,25.53184151448563,20.0
Jaffna,2025-08-22,2025-09-13,4,test,train_plus_validation,5.0,15.159404683049956,6.0
Jaffna,2025-08-29,2025-09-20,4,test,train_plus_validation,14.0,16.22072664239641,12.0
Jaffna,2025-09-05,2025-09-27,4,test,train_plus_validation,18.0,21.464871401399154,22.0
Jaffna,2025-09-12,2025-10-04,4,test,train_plus_validation,19.0,25.10151010512291,14.0
Jaffna,2025-09-19,2025-10-11,4,test,train_plus_validation,26.0,24.23917034645255,5.0
Jaffna,2025-09-26,2025-10-18,4,test,train_plus_validation,26.0,26.09550362931228,14.0
Jaffna,2025-10-03,2025-10-25,4,test,train_plus_validation,55.0,28.319924728807802,18.0
Jaffna,2025-10-10,2025-11-01,4,test,train_plus_validation,54.0,29.292201558089946,19.0
Jaffna,2025-10-17,2025-11-08,4,test,train_plus_validation,54.0,47.77449388749726,26.0
Jaffna,2025-10-24,2025-11-15,4,test,train_plus_validation,57.0,72.58983215809607,26.0
Jaffna,2025-10-31,2025-11-22,4,test,train_plus_validation,49.0,85.12484239192577,55.0
Jaffna,2025-11-07,2025-11-29,4,test,train_plus_validation,58.0,80.42274917147317,54.0
Jaffna,2025-11-14,2025-12-06,4,test,train_plus_validation,78.0,80.38446210448343,54.0
Jaffna,2025-11-21,2025-12-13,4,test,train_plus_validation,76.0,81.65305924118712,57.0
Kalutara,2024-12-13,2025-01-04,4,test,train_plus_validation,24.0,39.055192903436975,32.0
Kalutara,2024-12-20,2025-01-11,4,test,train_plus_validation,51.0,48.2085705201897,49.0
Kalutara,2024-12-27,2025-01-18,4,test,train_plus_validation,38.0,39.09476749786853,34.0
Kalutara,2025-01-03,2025-01-25,4,test,train_plus_validation,29.0,55.22670614319678,65.0
Kalutara,2025-01-10,2025-02-01,4,test,train_plus_validation,29.0,37.36191570297074,24.0
Kalutara,2025-01-17,2025-02-08,4,test,train_plus_validation,29.0,47.67187754244494,51.0
Kalutara,2025-01-24,2025-02-15,4,test,train_plus_validation,44.0,42.22226878104589,38.0
Kalutara,2025-01-31,2025-02-22,4,test,train_plus_validation,31.0,36.63429738594947,29.0
Kalutara,2025-02-07,2025-03-01,4,test,train_plus_validation,43.0,29.620073284207578,29.0
Kalutara,2025-02-14,2025-03-08,4,test,train_plus_validation,37.0,29.252214252054618,29.0
Kalutara,2025-02-21,2025-03-15,4,test,train_plus_validation,35.0,37.37283873300417,44.0
Kalutara,2025-02-28,2025-03-22,4,test,train_plus_validation,30.0,24.59577106761246,31.0
Kalutara,2025-03-07,2025-03-29,4,test,train_plus_validation,39.0,32.50094201758934,43.0
Kalutara,2025-03-14,2025-04-05,4,test,train_plus_validation,36.0,38.57465135468592,37.0
Kalutara,2025-03-21,2025-04-12,4,test,train_plus_validation,42.0,39.67204134148187,35.0
Kalutara,2025-03-28,2025-04-19,4,test,train_plus_validation,64.0,38.21954929316076,30.0
Kalutara,2025-04-04,2025-04-26,4,test,train_plus_validation,59.0,39.6602395865873,39.0
Kalutara,2025-04-11,2025-05-03,4,test,train_plus_validation,63.0,46.045353821765545,36.0
Kalutara,2025-04-18,2025-05-10,4,test,train_plus_validation,35.0,44.985601154152505,42.0
Kalutara,2025-04-25,2025-05-17,4,test,train_plus_validation,92.0,58.70293478500031,64.0
Kalutara,2025-05-02,2025-05-24,4,test,train_plus_validation,71.0,67.19704140586188,59.0
Kalutara,2025-05-09,2025-05-31,4,test,train_plus_validation,68.0,59.22191936461424,63.0
Kalutara,2025-05-16,2025-06-07,4,test,train_plus_validation,74.0,46.63492805273473,35.0
Kalutara,2025-05-23,2025-06-14,4,test,train_plus_validation,62.0,86.25359775994632,92.0
Kalutara,2025-05-30,2025-06-21,4,test,train_plus_validation,92.0,77.92134456911687,71.0
Kalutara,2025-06-06,2025-06-28,4,test,train_plus_validation,57.0,73.3233846138876,68.0
Kalutara,2025-06-13,2025-07-05,4,test,train_plus_validation,66.0,83.5390039709958,74.0
Kalutara,2025-06-20,2025-07-12,4,test,train_plus_validation,80.0,85.35402241576512,62.0
Kalutara,2025-06-27,2025-07-19,4,test,train_plus_validation,53.0,115.40141422073053,92.0
Kalutara,2025-07-04,2025-07-26,4,test,train_plus_validation,30.0,81.28714609125272,57.0
Kalutara,2025-07-11,2025-08-02,4,test,train_plus_validation,47.0,63.271960598426936,66.0
Kalutara,2025-07-18,2025-08-09,4,test,train_plus_validation,56.0,64.09772459456535,80.0
Kalutara,2025-07-25,2025-08-16,4,test,train_plus_validation,39.0,54.457851556877486,53.0
Kalutara,2025-08-01,2025-08-23,4,test,train_plus_validation,40.0,35.008483335220426,30.0
Kalutara,2025-08-08,2025-08-30,4,test,train_plus_validation,34.0,39.22126567597996,47.0
Kalutara,2025-08-15,2025-09-06,4,test,train_plus_validation,32.0,46.112620991367386,56.0
Kalutara,2025-08-22,2025-09-13,4,test,train_plus_validation,27.0,38.7507700065639,39.0
Kalutara,2025-08-29,2025-09-20,4,test,train_plus_validation,43.0,37.8307074828519,40.0
Kalutara,2025-09-05,2025-09-27,4,test,train_plus_validation,32.0,35.14465918574537,34.0
Kalutara,2025-09-12,2025-10-04,4,test,train_plus_validation,35.0,34.32661870898675,32.0
Kalutara,2025-09-19,2025-10-11,4,test,train_plus_validation,24.0,32.19624966567716,27.0
Kalutara,2025-09-26,2025-10-18,4,test,train_plus_validation,35.0,43.40650386945601,43.0
Kalutara,2025-10-03,2025-10-25,4,test,train_plus_validation,32.0,37.78906246047447,32.0
Kalutara,2025-10-10,2025-11-01,4,test,train_plus_validation,27.0,43.76476914244935,35.0
Kalutara,2025-10-17,2025-11-08,4,test,train_plus_validation,35.0,34.586832106152364,24.0
Kalutara,2025-10-24,2025-11-15,4,test,train_plus_validation,34.0,42.50069394281234,35.0
Kalutara,2025-10-31,2025-11-22,4,test,train_plus_validation,57.0,41.72670519761967,32.0
Kalutara,2025-11-07,2025-11-29,4,test,train_plus_validation,63.0,35.93207119861584,27.0
Kalutara,2025-11-14,2025-12-06,4,test,train_plus_validation,53.0,41.55999539567912,35.0
Kalutara,2025-11-21,2025-12-13,4,test,train_plus_validation,85.0,41.2640053879275,34.0
Kandy,2024-12-13,2025-01-04,4,test,train_plus_validation,65.0,59.78787398238447,73.0
Kandy,2024-12-20,2025-01-11,4,test,train_plus_validation,77.0,62.77210119898644,57.0
Kandy,2024-12-27,2025-01-18,4,test,train_plus_validation,62.0,61.90782446400446,76.0
Kandy,2025-01-03,2025-01-25,4,test,train_plus_validation,80.0,58.239523015682,66.0
Kandy,2025-01-10,2025-02-01,4,test,train_plus_validation,50.0,43.32520200437186,65.0
Kandy,2025-01-17,2025-02-08,4,test,train_plus_validation,50.0,50.53029307902865,77.0
Kandy,2025-01-24,2025-02-15,4,test,train_plus_validation,63.0,50.57945318271531,62.0
Kandy,2025-01-31,2025-02-22,4,test,train_plus_validation,58.0,94.22008173545862,80.0
Kandy,2025-02-07,2025-03-01,4,test,train_plus_validation,49.0,76.13855890078321,50.0
Kandy,2025-02-14,2025-03-08,4,test,train_plus_validation,59.0,42.95935779450743,50.0
Kandy,2025-02-21,2025-03-15,4,test,train_plus_validation,59.0,54.33991042113324,63.0
Kandy,2025-02-28,2025-03-22,4,test,train_plus_validation,56.0,50.595125575344134,58.0
Kandy,2025-03-07,2025-03-29,4,test,train_plus_validation,65.0,46.35968339922462,49.0
Kandy,2025-03-14,2025-04-05,4,test,train_plus_validation,50.0,62.092781974730265,59.0
Kandy,2025-03-21,2025-04-12,4,test,train_plus_validation,53.0,64.61900530071166,59.0
Kandy,2025-03-28,2025-04-19,4,test,train_plus_validation,73.0,68.05038259547058,56.0
Kandy,2025-04-04,2025-04-26,4,test,train_plus_validation,60.0,78.23438212761187,65.0
Kandy,2025-04-11,2025-05-03,4,test,train_plus_validation,77.0,66.05505287240105,50.0
Kandy,2025-04-18,2025-05-10,4,test,train_plus_validation,98.0,67.50331067336394,53.0
Kandy,2025-04-25,2025-05-17,4,test,train_plus_validation,126.0,79.66847924340686,73.0
Kandy,2025-05-02,2025-05-24,4,test,train_plus_validation,105.0,73.74755334240298,60.0
Kandy,2025-05-09,2025-05-31,4,test,train_plus_validation,126.0,87.38170712254276,77.0
Kandy,2025-05-16,2025-06-07,4,test,train_plus_validation,118.0,116.21343609126075,98.0
Kandy,2025-05-23,2025-06-14,4,test,train_plus_validation,192.0,156.88138361614773,126.0
Kandy,2025-05-30,2025-06-21,4,test,train_plus_validation,161.0,139.20328866085893,105.0
Kandy,2025-06-06,2025-06-28,4,test,train_plus_validation,174.0,160.9128168858965,126.0
Kandy,2025-06-13,2025-07-05,4,test,train_plus_validation,141.0,153.8735065982565,118.0
Kandy,2025-06-20,2025-07-12,4,test,train_plus_validation,184.0,208.2193856230683,192.0
Kandy,2025-06-27,2025-07-19,4,test,train_plus_validation,168.0,211.22252270928163,161.0
Kandy,2025-07-04,2025-07-26,4,test,train_plus_validation,107.0,179.43565492423028,174.0
Kandy,2025-07-11,2025-08-02,4,test,train_plus_validation,145.0,123.69633160653432,141.0
Kandy,2025-07-18,2025-08-09,4,test,train_plus_validation,80.0,119.7072394351784,184.0
Kandy,2025-07-25,2025-08-16,4,test,train_plus_validation,92.0,121.95791926582908,168.0
Kandy,2025-08-01,2025-08-23,4,test,train_plus_validation,94.0,104.28422410224393,107.0
Kandy,2025-08-08,2025-08-30,4,test,train_plus_validation,87.0,132.8774291353864,145.0
Kandy,2025-08-15,2025-09-06,4,test,train_plus_validation,60.0,88.21922892546415,80.0
Kandy,2025-08-22,2025-09-13,4,test,train_plus_validation,79.0,79.17471908553202,92.0
Kandy,2025-08-29,2025-09-20,4,test,train_plus_validation,37.0,68.58453876812648,94.0
Kandy,2025-09-05,2025-09-27,4,test,train_plus_validation,39.0,72.52998842891469,87.0
Kandy,2025-09-12,2025-10-04,4,test,train_plus_validation,44.0,63.963982323453216,60.0
Kandy,2025-09-19,2025-10-11,4,test,train_plus_validation,44.0,79.666078110375,79.0
Kandy,2025-09-26,2025-10-18,4,test,train_plus_validation,52.0,63.00824117896346,37.0
Kandy,2025-10-03,2025-10-25,4,test,train_plus_validation,58.0,57.92827759759901,39.0
Kandy,2025-10-10,2025-11-01,4,test,train_plus_validation,56.0,52.822851464480856,44.0
Kandy,2025-10-17,2025-11-08,4,test,train_plus_validation,71.0,52.60000980758496,44.0
Kandy,2025-10-24,2025-11-15,4,test,train_plus_validation,88.0,60.37492935864002,52.0
Kandy,2025-10-31,2025-11-22,4,test,train_plus_validation,60.0,67.55315933878786,58.0
Kandy,2025-11-07,2025-11-29,4,test,train_plus_validation,50.0,63.723961578043955,56.0
Kandy,2025-11-14,2025-12-06,4,test,train_plus_validation,82.0,64.96605585256023,71.0
Kandy,2025-11-21,2025-12-13,4,test,train_plus_validation,85.0,82.92583505592373,88.0
Kegalle,2024-12-13,2025-01-04,4,test,train_plus_validation,40.0,28.828396247821857,14.0
Kegalle,2024-12-20,2025-01-11,4,test,train_plus_validation,34.0,26.536650563812643,17.0
Kegalle,2024-12-27,2025-01-18,4,test,train_plus_validation,26.0,34.35160005824132,44.0
Kegalle,2025-01-03,2025-01-25,4,test,train_plus_validation,24.0,48.79518420393515,64.0
Kegalle,2025-01-10,2025-02-01,4,test,train_plus_validation,29.0,39.63999049028602,40.0
Kegalle,2025-01-17,2025-02-08,4,test,train_plus_validation,29.0,40.27938641472437,34.0
Kegalle,2025-01-24,2025-02-15,4,test,train_plus_validation,35.0,33.12241404982879,26.0
Kegalle,2025-01-31,2025-02-22,4,test,train_plus_validation,22.0,31.724747273793334,24.0
Kegalle,2025-02-07,2025-03-01,4,test,train_plus_validation,43.0,29.059932454624562,29.0
Kegalle,2025-02-14,2025-03-08,4,test,train_plus_validation,20.0,28.2743239166089,29.0
Kegalle,2025-02-21,2025-03-15,4,test,train_plus_validation,32.0,31.16680667551774,35.0
Kegalle,2025-02-28,2025-03-22,4,test,train_plus_validation,24.0,20.276975603523532,22.0
Kegalle,2025-03-07,2025-03-29,4,test,train_plus_validation,20.0,26.73808374580794,43.0
Kegalle,2025-03-14,2025-04-05,4,test,train_plus_validation,29.0,21.506482112233776,20.0
Kegalle,2025-03-21,2025-04-12,4,test,train_plus_validation,13.0,30.38995590685699,32.0
Kegalle,2025-03-28,2025-04-19,4,test,train_plus_validation,35.0,29.49062211441909,24.0
Kegalle,2025-04-04,2025-04-26,4,test,train_plus_validation,38.0,26.058784501326677,20.0
Kegalle,2025-04-11,2025-05-03,4,test,train_plus_validation,43.0,28.471464055256426,29.0
Kegalle,2025-04-18,2025-05-10,4,test,train_plus_validation,45.0,22.50628049295066,13.0
Kegalle,2025-04-25,2025-05-17,4,test,train_plus_validation,43.0,36.421792516275424,35.0
Kegalle,2025-05-02,2025-05-24,4,test,train_plus_validation,61.0,40.94018611033549,38.0
Kegalle,2025-05-09,2025-05-31,4,test,train_plus_validation,54.0,44.25135459015632,43.0
Kegalle,2025-05-16,2025-06-07,4,test,train_plus_validation,46.0,46.472402890037266,45.0
Kegalle,2025-05-23,2025-06-14,4,test,train_plus_validation,48.0,46.29589216592698,43.0
Kegalle,2025-05-30,2025-06-21,4,test,train_plus_validation,35.0,60.052976595752746,61.0
Kegalle,2025-06-06,2025-06-28,4,test,train_plus_validation,39.0,57.058616432342106,54.0
Kegalle,2025-06-13,2025-07-05,4,test,train_plus_validation,30.0,57.73932070033891,46.0
Kegalle,2025-06-20,2025-07-12,4,test,train_plus_validation,41.0,56.95262139743316,48.0
Kegalle,2025-06-27,2025-07-19,4,test,train_plus_validation,33.0,49.09914039340011,35.0
Kegalle,2025-07-04,2025-07-26,4,test,train_plus_validation,29.0,41.86806269944903,39.0
Kegalle,2025-07-11,2025-08-02,4,test,train_plus_validation,31.0,34.60990446027732,30.0
Kegalle,2025-07-18,2025-08-09,4,test,train_plus_validation,19.0,34.6561869887533,41.0
Kegalle,2025-07-25,2025-08-16,4,test,train_plus_validation,24.0,35.893535290398226,33.0
Kegalle,2025-08-01,2025-08-23,4,test,train_plus_validation,27.0,31.29993614374602,29.0
Kegalle,2025-08-08,2025-08-30,4,test,train_plus_validation,19.0,30.091298009915988,31.0
Kegalle,2025-08-15,2025-09-06,4,test,train_plus_validation,67.0,24.58074258916463,19.0
Kegalle,2025-08-22,2025-09-13,4,test,train_plus_validation,20.0,28.540075993965324,24.0
Kegalle,2025-08-29,2025-09-20,4,test,train_plus_validation,18.0,26.291489721881664,27.0
Kegalle,2025-09-05,2025-09-27,4,test,train_plus_validation,19.0,21.73465769958749,19.0
Kegalle,2025-09-12,2025-10-04,4,test,train_plus_validation,18.0,49.82226697596351,67.0
Kegalle,2025-09-19,2025-10-11,4,test,train_plus_validation,11.0,40.39584974203673,20.0
Kegalle,2025-09-26,2025-10-18,4,test,train_plus_validation,17.0,29.977031382137202,18.0
Kegalle,2025-10-03,2025-10-25,4,test,train_plus_validation,19.0,29.10951664916303,19.0
Kegalle,2025-10-10,2025-11-01,4,test,train_plus_validation,17.0,26.14526935064406,18.0
Kegalle,2025-10-17,2025-11-08,4,test,train_plus_validation,18.0,21.329770982651464,11.0
Kegalle,2025-10-24,2025-11-15,4,test,train_plus_validation,34.0,23.7855466938371,17.0
Kegalle,2025-10-31,2025-11-22,4,test,train_plus_validation,30.0,35.18059909728112,19.0
Kegalle,2025-11-07,2025-11-29,4,test,train_plus_validation,18.0,34.01028479902345,17.0
Kegalle,2025-11-14,2025-12-06,4,test,train_plus_validation,36.0,35.87044959927539,18.0
Kegalle,2025-11-21,2025-12-13,4,test,train_plus_validation,37.0,41.34561024732102,34.0
Kilinochchi,2024-12-13,2025-01-04,4,test,train_plus_validation,8.0,18.645023054733123,8.0
Kilinochchi,2024-12-20,2025-01-11,4,test,train_plus_validation,3.0,21.889585174481457,6.0
Kilinochchi,2024-12-27,2025-01-18,4,test,train_plus_validation,6.0,14.096040973974581,5.0
Kilinochchi,2025-01-03,2025-01-25,4,test,train_plus_validation,3.0,8.98514470286501,5.0
Kilinochchi,2025-01-10,2025-02-01,4,test,train_plus_validation,2.0,8.568025137895638,8.0
Kilinochchi,2025-01-17,2025-02-08,4,test,train_plus_validation,2.0,6.117616698775194,3.0
Kilinochchi,2025-01-24,2025-02-15,4,test,train_plus_validation,2.0,7.542649811832043,6.0
Kilinochchi,2025-01-31,2025-02-22,4,test,train_plus_validation,1.0,6.706136062644171,3.0
Kilinochchi,2025-02-07,2025-03-01,4,test,train_plus_validation,3.0,5.445483804459065,2.0
Kilinochchi,2025-02-14,2025-03-08,4,test,train_plus_validation,6.0,4.454735826421406,2.0
Kilinochchi,2025-02-21,2025-03-15,4,test,train_plus_validation,0.0,2.7385859784946605,2.0
Kilinochchi,2025-02-28,2025-03-22,4,test,train_plus_validation,2.0,2.6903236473889334,1.0
Kilinochchi,2025-03-07,2025-03-29,4,test,train_plus_validation,0.0,3.6739611303230424,3.0
Kilinochchi,2025-03-14,2025-04-05,4,test,train_plus_validation,1.0,4.5254376258031765,6.0
Kilinochchi,2025-03-21,2025-04-12,4,test,train_plus_validation,1.0,4.070253966332631,0.0
Kilinochchi,2025-03-28,2025-04-19,4,test,train_plus_validation,7.0,4.335091163808273,2.0
Kilinochchi,2025-04-04,2025-04-26,4,test,train_plus_validation,1.0,3.5072785291363973,0.0
Kilinochchi,2025-04-11,2025-05-03,4,test,train_plus_validation,1.0,3.284965695116489,1.0
Kilinochchi,2025-04-18,2025-05-10,4,test,train_plus_validation,4.0,2.3396472588735167,1.0
Kilinochchi,2025-04-25,2025-05-17,4,test,train_plus_validation,2.0,4.021578222073305,7.0
Kilinochchi,2025-05-02,2025-05-24,4,test,train_plus_validation,2.0,2.853526578735519,1.0
Kilinochchi,2025-05-09,2025-05-31,4,test,train_plus_validation,1.0,2.2606281809714526,1.0
Kilinochchi,2025-05-16,2025-06-07,4,test,train_plus_validation,2.0,2.3213536365896164,4.0
Kilinochchi,2025-05-23,2025-06-14,4,test,train_plus_validation,0.0,3.171686001700474,2.0
Kilinochchi,2025-05-30,2025-06-21,4,test,train_plus_validation,1.0,2.239211798758776,2.0
Kilinochchi,2025-06-06,2025-06-28,4,test,train_plus_validation,2.0,2.036164845527075,1.0
Kilinochchi,2025-06-13,2025-07-05,4,test,train_plus_validation,0.0,2.751634844538868,2.0
Kilinochchi,2025-06-20,2025-07-12,4,test,train_plus_validation,3.0,2.9691165561667914,0.0
Kilinochchi,2025-06-27,2025-07-19,4,test,train_plus_validation,1.0,3.0054849057758846,1.0
Kilinochchi,2025-07-04,2025-07-26,4,test,train_plus_validation,0.0,2.2886218335229502,2.0
Kilinochchi,2025-07-11,2025-08-02,4,test,train_plus_validation,0.0,1.1855787472944435,0.0
Kilinochchi,2025-07-18,2025-08-09,4,test,train_plus_validation,2.0,0.6653528178774547,3.0
Kilinochchi,2025-07-25,2025-08-16,4,test,train_plus_validation,0.0,1.2728333772211704,1.0
Kilinochchi,2025-08-01,2025-08-23,4,test,train_plus_validation,0.0,0.5614310328409776,0.0
Kilinochchi,2025-08-08,2025-08-30,4,test,train_plus_validation,2.0,1.131281431934914,0.0
Kilinochchi,2025-08-15,2025-09-06,4,test,train_plus_validation,1.0,0.7474364317253991,2.0
Kilinochchi,2025-08-22,2025-09-13,4,test,train_plus_validation,1.0,0.826060142948483,0.0
Kilinochchi,2025-08-29,2025-09-20,4,test,train_plus_validation,0.0,1.239823159444987,0.0
Kilinochchi,2025-09-05,2025-09-27,4,test,train_plus_validation,3.0,1.4722703737777778,2.0
Kilinochchi,2025-09-12,2025-10-04,4,test,train_plus_validation,4.0,2.7918631439516544,1.0
Kilinochchi,2025-09-19,2025-10-11,4,test,train_plus_validation,2.0,3.360537169342054,1.0
Kilinochchi,2025-09-26,2025-10-18,4,test,train_plus_validation,2.0,3.1140178935299487,0.0
Kilinochchi,2025-10-03,2025-10-25,4,test,train_plus_validation,2.0,2.888531665715908,3.0
Kilinochchi,2025-10-10,2025-11-01,4,test,train_plus_validation,6.0,3.4814300634799746,4.0
Kilinochchi,2025-10-17,2025-11-08,4,test,train_plus_validation,5.0,3.6974241124029246,2.0
Kilinochchi,2025-10-24,2025-11-15,4,test,train_plus_validation,3.0,5.438212082166434,2.0
Kilinochchi,2025-10-31,2025-11-22,4,test,train_plus_validation,1.0,6.467359806511561,2.0
Kilinochchi,2025-11-07,2025-11-29,4,test,train_plus_validation,4.0,7.15018391421679,6.0
Kilinochchi,2025-11-14,2025-12-06,4,test,train_plus_validation,10.0,9.399513138891924,5.0
Kilinochchi,2025-11-21,2025-12-13,4,test,train_plus_validation,5.0,7.544409775579318,3.0
Kurunegala,2024-12-13,2025-01-04,4,test,train_plus_validation,39.0,27.423940033256947,14.0
Kurunegala,2024-12-20,2025-01-11,4,test,train_plus_validation,30.0,32.97696711307747,25.0
Kurunegala,2024-12-27,2025-01-18,4,test,train_plus_validation,34.0,29.465126578980563,26.0
Kurunegala,2025-01-03,2025-01-25,4,test,train_plus_validation,18.0,26.92416476365869,26.0
Kurunegala,2025-01-10,2025-02-01,4,test,train_plus_validation,27.0,33.62119824401636,39.0
Kurunegala,2025-01-17,2025-02-08,4,test,train_plus_validation,27.0,32.79053520600894,30.0
Kurunegala,2025-01-24,2025-02-15,4,test,train_plus_validation,20.0,37.747185804715556,34.0
Kurunegala,2025-01-31,2025-02-22,4,test,train_plus_validation,25.0,27.674624905013207,18.0
Kurunegala,2025-02-07,2025-03-01,4,test,train_plus_validation,17.0,29.001195060096876,27.0
Kurunegala,2025-02-14,2025-03-08,4,test,train_plus_validation,23.0,28.507336680436723,27.0
Kurunegala,2025-02-21,2025-03-15,4,test,train_plus_validation,21.0,21.19268221633481,20.0
Kurunegala,2025-02-28,2025-03-22,4,test,train_plus_validation,19.0,19.319317612047037,25.0
Kurunegala,2025-03-07,2025-03-29,4,test,train_plus_validation,19.0,16.07553852953199,17.0
Kurunegala,2025-03-14,2025-04-05,4,test,train_plus_validation,17.0,19.6482150441959,23.0
Kurunegala,2025-03-21,2025-04-12,4,test,train_plus_validation,13.0,23.00672555597381,21.0
Kurunegala,2025-03-28,2025-04-19,4,test,train_plus_validation,53.0,22.41182815178248,19.0
Kurunegala,2025-04-04,2025-04-26,4,test,train_plus_validation,34.0,23.291742857745714,19.0
Kurunegala,2025-04-11,2025-05-03,4,test,train_plus_validation,30.0,24.99633942279823,17.0
Kurunegala,2025-04-18,2025-05-10,4,test,train_plus_validation,44.0,20.521896139712638,13.0
Kurunegala,2025-04-25,2025-05-17,4,test,train_plus_validation,47.0,42.97585824281442,53.0
Kurunegala,2025-05-02,2025-05-24,4,test,train_plus_validation,60.0,42.70569002880505,34.0
Kurunegala,2025-05-09,2025-05-31,4,test,train_plus_validation,43.0,35.880540129791015,30.0
Kurunegala,2025-05-16,2025-06-07,4,test,train_plus_validation,68.0,44.16778926487225,44.0
Kurunegala,2025-05-23,2025-06-14,4,test,train_plus_validation,77.0,49.88871995404949,47.0
Kurunegala,2025-05-30,2025-06-21,4,test,train_plus_validation,70.0,64.98328694356123,60.0
Kurunegala,2025-06-06,2025-06-28,4,test,train_plus_validation,51.0,48.68440222323285,43.0
Kurunegala,2025-06-13,2025-07-05,4,test,train_plus_validation,50.0,69.9146052202825,68.0
Kurunegala,2025-06-20,2025-07-12,4,test,train_plus_validation,49.0,91.00628076272451,77.0
Kurunegala,2025-06-27,2025-07-19,4,test,train_plus_validation,84.0,82.27437477103311,70.0
Kurunegala,2025-07-04,2025-07-26,4,test,train_plus_validation,39.0,61.35051741670519,51.0
Kurunegala,2025-07-11,2025-08-02,4,test,train_plus_validation,37.0,47.75915678904478,50.0
Kurunegala,2025-07-18,2025-08-09,4,test,train_plus_validation,23.0,46.999433873286364,49.0
Kurunegala,2025-07-25,2025-08-16,4,test,train_plus_validation,24.0,64.25489702453795,84.0
Kurunegala,2025-08-01,2025-08-23,4,test,train_plus_validation,24.0,45.596619313838374,39.0
Kurunegala,2025-08-08,2025-08-30,4,test,train_plus_validation,8.0,37.961171335075086,37.0
Kurunegala,2025-08-15,2025-09-06,4,test,train_plus_validation,19.0,31.75299540539538,23.0
Kurunegala,2025-08-22,2025-09-13,4,test,train_plus_validation,15.0,26.939389541682573,24.0
Kurunegala,2025-08-29,2025-09-20,4,test,train_plus_validation,19.0,26.05071692294806,24.0
Kurunegala,2025-09-05,2025-09-27,4,test,train_plus_validation,8.0,16.06754560505519,8.0
Kurunegala,2025-09-12,2025-10-04,4,test,train_plus_validation,15.0,19.610768566056656,19.0
Kurunegala,2025-09-19,2025-10-11,4,test,train_plus_validation,24.0,19.528921090754633,15.0
Kurunegala,2025-09-26,2025-10-18,4,test,train_plus_validation,17.0,21.468990880734875,19.0
Kurunegala,2025-10-03,2025-10-25,4,test,train_plus_validation,15.0,15.379542509975545,8.0
Kurunegala,2025-10-10,2025-11-01,4,test,train_plus_validation,13.0,18.12858441860997,15.0
Kurunegala,2025-10-17,2025-11-08,4,test,train_plus_validation,20.0,26.23569386553742,24.0
Kurunegala,2025-10-24,2025-11-15,4,test,train_plus_validation,23.0,25.763894784082332,17.0
Kurunegala,2025-10-31,2025-11-22,4,test,train_plus_validation,21.0,28.027072438270043,15.0
Kurunegala,2025-11-07,2025-11-29,4,test,train_plus_validation,19.0,27.506351218608312,13.0
Kurunegala,2025-11-14,2025-12-06,4,test,train_plus_validation,24.0,34.71805935530472,20.0
Kurunegala,2025-11-21,2025-12-13,4,test,train_plus_validation,32.0,30.73674160014044,23.0
Mannar,2024-12-13,2025-01-04,4,test,train_plus_validation,15.0,13.15996255827001,2.0
Mannar,2024-12-20,2025-01-11,4,test,train_plus_validation,12.0,17.2334485742736,8.0
Mannar,2024-12-27,2025-01-18,4,test,train_plus_validation,7.0,14.381515240701841,12.0
Mannar,2025-01-03,2025-01-25,4,test,train_plus_validation,12.0,11.523236441432465,11.0
Mannar,2025-01-10,2025-02-01,4,test,train_plus_validation,3.0,13.566154896054051,15.0
Mannar,2025-01-17,2025-02-08,4,test,train_plus_validation,3.0,13.07753496342076,12.0
Mannar,2025-01-24,2025-02-15,4,test,train_plus_validation,4.0,11.691940580042562,7.0
Mannar,2025-01-31,2025-02-22,4,test,train_plus_validation,3.0,13.967718950438151,12.0
Mannar,2025-02-07,2025-03-01,4,test,train_plus_validation,0.0,8.675316093571329,3.0
Mannar,2025-02-14,2025-03-08,4,test,train_plus_validation,2.0,7.314596584178857,3.0
Mannar,2025-02-21,2025-03-15,4,test,train_plus_validation,2.0,4.105907455635968,4.0
Mannar,2025-02-28,2025-03-22,4,test,train_plus_validation,4.0,4.211407041076098,3.0
Mannar,2025-03-07,2025-03-29,4,test,train_plus_validation,2.0,3.244089661810758,0.0
Mannar,2025-03-14,2025-04-05,4,test,train_plus_validation,1.0,2.5605241075344063,2.0
Mannar,2025-03-21,2025-04-12,4,test,train_plus_validation,2.0,3.395987673661151,2.0
Mannar,2025-03-28,2025-04-19,4,test,train_plus_validation,1.0,4.229292550012984,4.0
Mannar,2025-04-04,2025-04-26,4,test,train_plus_validation,6.0,3.3124739180387905,2.0
Mannar,2025-04-11,2025-05-03,4,test,train_plus_validation,1.0,3.9942611144463416,1.0
Mannar,2025-04-18,2025-05-10,4,test,train_plus_validation,3.0,2.916732396459661,2.0
Mannar,2025-04-25,2025-05-17,4,test,train_plus_validation,4.0,2.600568159743125,1.0
Mannar,2025-05-02,2025-05-24,4,test,train_plus_validation,2.0,4.697608207788762,6.0
Mannar,2025-05-09,2025-05-31,4,test,train_plus_validation,3.0,2.6363403432010792,1.0
Mannar,2025-05-16,2025-06-07,4,test,train_plus_validation,2.0,2.4951547365794853,3.0
Mannar,2025-05-23,2025-06-14,4,test,train_plus_validation,4.0,3.0582192232588423,4.0
Mannar,2025-05-30,2025-06-21,4,test,train_plus_validation,0.0,4.8143757216969645,2.0
Mannar,2025-06-06,2025-06-28,4,test,train_plus_validation,2.0,2.708903235519864,3.0
Mannar,2025-06-13,2025-07-05,4,test,train_plus_validation,1.0,3.3534405368698263,2.0
Mannar,2025-06-20,2025-07-12,4,test,train_plus_validation,2.0,4.156258936965177,4.0
Mannar,2025-06-27,2025-07-19,4,test,train_plus_validation,4.0,3.7604891667800877,0.0
Mannar,2025-07-04,2025-07-26,4,test,train_plus_validation,2.0,2.365875061310822,2.0
Mannar,2025-07-11,2025-08-02,4,test,train_plus_validation,3.0,1.2359053394311688,1.0
Mannar,2025-07-18,2025-08-09,4,test,train_plus_validation,1.0,0.9851482420701253,2.0
Mannar,2025-07-25,2025-08-16,4,test,train_plus_validation,1.0,1.3702311595880448,4.0
Mannar,2025-08-01,2025-08-23,4,test,train_plus_validation,2.0,1.137703002633798,2.0
Mannar,2025-08-08,2025-08-30,4,test,train_plus_validation,2.0,1.2790058064385137,3.0
Mannar,2025-08-15,2025-09-06,4,test,train_plus_validation,2.0,1.2895086581940338,1.0
Mannar,2025-08-22,2025-09-13,4,test,train_plus_validation,3.0,0.9033133707363538,1.0
Mannar,2025-08-29,2025-09-20,4,test,train_plus_validation,2.0,1.476155150466134,2.0
Mannar,2025-09-05,2025-09-27,4,test,train_plus_validation,0.0,1.7755553849068957,2.0
Mannar,2025-09-12,2025-10-04,4,test,train_plus_validation,1.0,2.8187897796028007,2.0
Mannar,2025-09-19,2025-10-11,4,test,train_plus_validation,3.0,3.590074829270511,3.0
Mannar,2025-09-26,2025-10-18,4,test,train_plus_validation,5.0,3.5042844644383466,2.0
Mannar,2025-10-03,2025-10-25,4,test,train_plus_validation,7.0,3.273084406742676,0.0
Mannar,2025-10-10,2025-11-01,4,test,train_plus_validation,6.0,3.690980741940139,1.0
Mannar,2025-10-17,2025-11-08,4,test,train_plus_validation,12.0,3.985591295958797,3.0
Mannar,2025-10-24,2025-11-15,4,test,train_plus_validation,5.0,11.331273796230784,5.0
Mannar,2025-10-31,2025-11-22,4,test,train_plus_validation,5.0,8.676935508792598,7.0
Mannar,2025-11-07,2025-11-29,4,test,train_plus_validation,0.0,8.117322930284477,6.0
Mannar,2025-11-14,2025-12-06,4,test,train_plus_validation,5.0,15.161333906696406,12.0
Mannar,2025-11-21,2025-12-13,4,test,train_plus_validation,0.0,12.251478673622941,5.0
Matale,2024-12-13,2025-01-04,4,test,train_plus_validation,39.0,43.44565788123579,38.0
Matale,2024-12-20,2025-01-11,4,test,train_plus_validation,44.0,48.17130375113898,52.0
Matale,2024-12-27,2025-01-18,4,test,train_plus_validation,39.0,42.88969610309694,34.0
Matale,2025-01-03,2025-01-25,4,test,train_plus_validation,45.0,49.29221399151536,52.0
Matale,2025-01-10,2025-02-01,4,test,train_plus_validation,38.0,37.01389240050641,39.0
Matale,2025-01-17,2025-02-08,4,test,train_plus_validation,38.0,45.47162950536557,44.0
Matale,2025-01-24,2025-02-15,4,test,train_plus_validation,40.0,41.50596353841928,39.0
Matale,2025-01-31,2025-02-22,4,test,train_plus_validation,28.0,40.52271343034539,45.0
Matale,2025-02-07,2025-03-01,4,test,train_plus_validation,39.0,37.35603471720455,38.0
Matale,2025-02-14,2025-03-08,4,test,train_plus_validation,22.0,37.396937007768344,38.0
Matale,2025-02-21,2025-03-15,4,test,train_plus_validation,20.0,34.83691158308848,40.0
Matale,2025-02-28,2025-03-22,4,test,train_plus_validation,32.0,21.430536946205347,28.0
Matale,2025-03-07,2025-03-29,4,test,train_plus_validation,21.0,27.57362698291763,39.0
Matale,2025-03-14,2025-04-05,4,test,train_plus_validation,30.0,25.714834612934567,22.0
Matale,2025-03-21,2025-04-12,4,test,train_plus_validation,28.0,26.899508669377425,20.0
Matale,2025-03-28,2025-04-19,4,test,train_plus_validation,42.0,32.454470593401616,32.0
Matale,2025-04-04,2025-04-26,4,test,train_plus_validation,28.0,30.055577017640207,21.0
Matale,2025-04-11,2025-05-03,4,test,train_plus_validation,23.0,33.4461592110007,30.0
Matale,2025-04-18,2025-05-10,4,test,train_plus_validation,16.0,31.40223616325779,28.0
Matale,2025-04-25,2025-05-17,4,test,train_plus_validation,20.0,39.08246796801292,42.0
Matale,2025-05-02,2025-05-24,4,test,train_plus_validation,20.0,34.90897290910149,28.0
Matale,2025-05-09,2025-05-31,4,test,train_plus_validation,24.0,34.44820312281024,23.0
Matale,2025-05-16,2025-06-07,4,test,train_plus_validation,17.0,24.25149787564675,16.0
Matale,2025-05-23,2025-06-14,4,test,train_plus_validation,24.0,26.398228352003148,20.0
Matale,2025-05-30,2025-06-21,4,test,train_plus_validation,23.0,25.83870909073848,20.0
Matale,2025-06-06,2025-06-28,4,test,train_plus_validation,14.0,29.35184465058766,24.0
Matale,2025-06-13,2025-07-05,4,test,train_plus_validation,12.0,23.912322362767746,17.0
Matale,2025-06-20,2025-07-12,4,test,train_plus_validation,19.0,30.108379473896083,24.0
Matale,2025-06-27,2025-07-19,4,test,train_plus_validation,27.0,31.465290420533428,23.0
Matale,2025-07-04,2025-07-26,4,test,train_plus_validation,19.0,20.722080900644603,14.0
Matale,2025-07-11,2025-08-02,4,test,train_plus_validation,17.0,16.80228987598505,12.0
Matale,2025-07-18,2025-08-09,4,test,train_plus_validation,13.0,17.52644867753448,19.0
Matale,2025-07-25,2025-08-16,4,test,train_plus_validation,17.0,22.089445689700458,27.0
Matale,2025-08-01,2025-08-23,4,test,train_plus_validation,11.0,21.671071774962723,19.0
Matale,2025-08-08,2025-08-30,4,test,train_plus_validation,31.0,20.25917138369125,17.0
Matale,2025-08-15,2025-09-06,4,test,train_plus_validation,22.0,18.06110462015389,13.0
Matale,2025-08-22,2025-09-13,4,test,train_plus_validation,34.0,18.123073441264342,17.0
Matale,2025-08-29,2025-09-20,4,test,train_plus_validation,24.0,12.457605925326678,11.0
Matale,2025-09-05,2025-09-27,4,test,train_plus_validation,19.0,20.05603690357835,31.0
Matale,2025-09-12,2025-10-04,4,test,train_plus_validation,9.0,22.89011363270117,22.0
Matale,2025-09-19,2025-10-11,4,test,train_plus_validation,15.0,34.65187855974403,34.0
Matale,2025-09-26,2025-10-18,4,test,train_plus_validation,24.0,29.880554126224364,24.0
Matale,2025-10-03,2025-10-25,4,test,train_plus_validation,22.0,23.889589698412895,19.0
Matale,2025-10-10,2025-11-01,4,test,train_plus_validation,12.0,18.9015215842219,9.0
Matale,2025-10-17,2025-11-08,4,test,train_plus_validation,22.0,20.1793559338951,15.0
Matale,2025-10-24,2025-11-15,4,test,train_plus_validation,20.0,31.447554506041072,24.0
Matale,2025-10-31,2025-11-22,4,test,train_plus_validation,15.0,37.3098072886124,22.0
Matale,2025-11-07,2025-11-29,4,test,train_plus_validation,21.0,31.57057247694148,12.0
Matale,2025-11-14,2025-12-06,4,test,train_plus_validation,25.0,35.85741648237299,22.0
Matale,2025-11-21,2025-12-13,4,test,train_plus_validation,16.0,27.819315941565954,20.0
Matara,2024-12-13,2025-01-04,4,test,train_plus_validation,23.0,20.14716055161272,11.0
Matara,2024-12-20,2025-01-11,4,test,train_plus_validation,45.0,20.060533230906767,12.0
Matara,2024-12-27,2025-01-18,4,test,train_plus_validation,32.0,25.575563173547458,26.0
Matara,2025-01-03,2025-01-25,4,test,train_plus_validation,59.0,24.960396028274264,28.0
Matara,2025-01-10,2025-02-01,4,test,train_plus_validation,34.0,29.39601292875334,23.0
Matara,2025-01-17,2025-02-08,4,test,train_plus_validation,34.0,40.019924252505106,45.0
Matara,2025-01-24,2025-02-15,4,test,train_plus_validation,35.0,36.78145418829249,32.0
Matara,2025-01-31,2025-02-22,4,test,train_plus_validation,24.0,52.43800717784536,59.0
Matara,2025-02-07,2025-03-01,4,test,train_plus_validation,50.0,42.12494014862975,34.0
Matara,2025-02-14,2025-03-08,4,test,train_plus_validation,32.0,40.75726835849303,34.0
Matara,2025-02-21,2025-03-15,4,test,train_plus_validation,30.0,39.35223146867984,35.0
Matara,2025-02-28,2025-03-22,4,test,train_plus_validation,44.0,29.642140754706197,24.0
Matara,2025-03-07,2025-03-29,4,test,train_plus_validation,38.0,49.65426843728527,50.0
Matara,2025-03-14,2025-04-05,4,test,train_plus_validation,32.0,37.431851333873325,32.0
Matara,2025-03-21,2025-04-12,4,test,train_plus_validation,35.0,34.71564890875485,30.0
Matara,2025-03-28,2025-04-19,4,test,train_plus_validation,38.0,46.6181850784804,44.0
Matara,2025-04-04,2025-04-26,4,test,train_plus_validation,38.0,44.506387207331954,38.0
Matara,2025-04-11,2025-05-03,4,test,train_plus_validation,17.0,44.96556125867659,32.0
Matara,2025-04-18,2025-05-10,4,test,train_plus_validation,27.0,44.1305762020483,35.0
Matara,2025-04-25,2025-05-17,4,test,train_plus_validation,21.0,40.803755681408106,38.0
Matara,2025-05-02,2025-05-24,4,test,train_plus_validation,26.0,42.072238586820326,38.0
Matara,2025-05-09,2025-05-31,4,test,train_plus_validation,34.0,31.452105192488546,17.0
Matara,2025-05-16,2025-06-07,4,test,train_plus_validation,70.0,31.628074234314887,27.0
Matara,2025-05-23,2025-06-14,4,test,train_plus_validation,39.0,28.799428631306604,21.0
Matara,2025-05-30,2025-06-21,4,test,train_plus_validation,58.0,30.274538331763985,26.0
Matara,2025-06-06,2025-06-28,4,test,train_plus_validation,39.0,37.2575994974026,34.0
Matara,2025-06-13,2025-07-05,4,test,train_plus_validation,28.0,59.94994489374192,70.0
Matara,2025-06-20,2025-07-12,4,test,train_plus_validation,41.0,56.048995156604434,39.0
Matara,2025-06-27,2025-07-19,4,test,train_plus_validation,42.0,56.12689149019016,58.0
Matara,2025-07-04,2025-07-26,4,test,train_plus_validation,30.0,44.79342101134636,39.0
Matara,2025-07-11,2025-08-02,4,test,train_plus_validation,20.0,35.07780008648888,28.0
Matara,2025-07-18,2025-08-09,4,test,train_plus_validation,35.0,32.76209343492852,41.0
Matara,2025-07-25,2025-08-16,4,test,train_plus_validation,26.0,32.81920796237885,42.0
Matara,2025-08-01,2025-08-23,4,test,train_plus_validation,26.0,28.39011623596291,30.0
Matara,2025-08-08,2025-08-30,4,test,train_plus_validation,16.0,23.192407252735343,20.0
Matara,2025-08-15,2025-09-06,4,test,train_plus_validation,18.0,31.810845385734044,35.0
Matara,2025-08-22,2025-09-13,4,test,train_plus_validation,12.0,27.53742351056795,26.0
Matara,2025-08-29,2025-09-20,4,test,train_plus_validation,12.0,24.96899078065289,26.0
Matara,2025-09-05,2025-09-27,4,test,train_plus_validation,12.0,18.611362572563266,16.0
Matara,2025-09-12,2025-10-04,4,test,train_plus_validation,20.0,20.046021636606227,18.0
Matara,2025-09-19,2025-10-11,4,test,train_plus_validation,22.0,17.474158893292692,12.0
Matara,2025-09-26,2025-10-18,4,test,train_plus_validation,10.0,19.18859106228304,12.0
Matara,2025-10-03,2025-10-25,4,test,train_plus_validation,23.0,16.77601552612452,12.0
Matara,2025-10-10,2025-11-01,4,test,train_plus_validation,17.0,20.696161350531067,20.0
Matara,2025-10-17,2025-11-08,4,test,train_plus_validation,36.0,27.23650358672895,22.0
Matara,2025-10-24,2025-11-15,4,test,train_plus_validation,22.0,21.641268353731995,10.0
Matara,2025-10-31,2025-11-22,4,test,train_plus_validation,37.0,29.56640979376228,23.0
Matara,2025-11-07,2025-11-29,4,test,train_plus_validation,45.0,23.73176209163422,17.0
Matara,2025-11-14,2025-12-06,4,test,train_plus_validation,67.0,38.34960448495562,36.0
Matara,2025-11-21,2025-12-13,4,test,train_plus_validation,44.0,33.97753223303848,22.0
Monaragala,2024-12-13,2025-01-04,4,test,train_plus_validation,26.0,31.464907340701913,22.0
Monaragala,2024-12-20,2025-01-11,4,test,train_plus_validation,23.0,21.662969953690222,13.0
Monaragala,2024-12-27,2025-01-18,4,test,train_plus_validation,24.0,20.186504162856924,13.0
Monaragala,2025-01-03,2025-01-25,4,test,train_plus_validation,20.0,24.55747084090257,25.0
Monaragala,2025-01-10,2025-02-01,4,test,train_plus_validation,6.0,28.975075928073853,26.0
Monaragala,2025-01-17,2025-02-08,4,test,train_plus_validation,6.0,29.469088457471436,23.0
Monaragala,2025-01-24,2025-02-15,4,test,train_plus_validation,15.0,33.23876513321199,24.0
Monaragala,2025-01-31,2025-02-22,4,test,train_plus_validation,10.0,29.70024129749474,20.0
Monaragala,2025-02-07,2025-03-01,4,test,train_plus_validation,17.0,22.144665002860325,6.0
Monaragala,2025-02-14,2025-03-08,4,test,train_plus_validation,23.0,20.623582961934975,6.0
Monaragala,2025-02-21,2025-03-15,4,test,train_plus_validation,24.0,15.91530253497591,15.0
Monaragala,2025-02-28,2025-03-22,4,test,train_plus_validation,21.0,11.581836110549878,10.0
Monaragala,2025-03-07,2025-03-29,4,test,train_plus_validation,15.0,15.22721325208186,17.0
Monaragala,2025-03-14,2025-04-05,4,test,train_plus_validation,29.0,23.268737816334877,23.0
Monaragala,2025-03-21,2025-04-12,4,test,train_plus_validation,27.0,29.11549945613751,24.0
Monaragala,2025-03-28,2025-04-19,4,test,train_plus_validation,12.0,29.29632782913174,21.0
Monaragala,2025-04-04,2025-04-26,4,test,train_plus_validation,22.0,25.898983200150884,15.0
Monaragala,2025-04-11,2025-05-03,4,test,train_plus_validation,10.0,31.511670434682745,29.0
Monaragala,2025-04-18,2025-05-10,4,test,train_plus_validation,17.0,31.71492204145519,27.0
Monaragala,2025-04-25,2025-05-17,4,test,train_plus_validation,15.0,24.814294068497485,12.0
Monaragala,2025-05-02,2025-05-24,4,test,train_plus_validation,26.0,31.114216489761972,22.0
Monaragala,2025-05-09,2025-05-31,4,test,train_plus_validation,29.0,22.91420459247225,10.0
Monaragala,2025-05-16,2025-06-07,4,test,train_plus_validation,26.0,23.06290386352528,17.0
Monaragala,2025-05-23,2025-06-14,4,test,train_plus_validation,24.0,19.779222276563036,15.0
Monaragala,2025-05-30,2025-06-21,4,test,train_plus_validation,27.0,27.35958075950857,26.0
Monaragala,2025-06-06,2025-06-28,4,test,train_plus_validation,12.0,26.518743106612206,29.0
Monaragala,2025-06-13,2025-07-05,4,test,train_plus_validation,13.0,26.128683051679346,26.0
Monaragala,2025-06-20,2025-07-12,4,test,train_plus_validation,19.0,27.3958719284554,24.0
Monaragala,2025-06-27,2025-07-19,4,test,train_plus_validation,17.0,27.00995415781057,27.0
Monaragala,2025-07-04,2025-07-26,4,test,train_plus_validation,17.0,18.806549369688224,12.0
Monaragala,2025-07-11,2025-08-02,4,test,train_plus_validation,11.0,15.679253468857342,13.0
Monaragala,2025-07-18,2025-08-09,4,test,train_plus_validation,17.0,17.384702573656693,19.0
Monaragala,2025-07-25,2025-08-16,4,test,train_plus_validation,8.0,19.568034893768083,17.0
Monaragala,2025-08-01,2025-08-23,4,test,train_plus_validation,16.0,17.026743579006652,17.0
Monaragala,2025-08-08,2025-08-30,4,test,train_plus_validation,3.0,18.08771282999028,11.0
Monaragala,2025-08-15,2025-09-06,4,test,train_plus_validation,16.0,20.000513268096515,17.0
Monaragala,2025-08-22,2025-09-13,4,test,train_plus_validation,10.0,10.600011654469435,8.0
Monaragala,2025-08-29,2025-09-20,4,test,train_plus_validation,8.0,15.751208466644199,16.0
Monaragala,2025-09-05,2025-09-27,4,test,train_plus_validation,9.0,9.651761878018617,3.0
Monaragala,2025-09-12,2025-10-04,4,test,train_plus_validation,4.0,14.457109057835336,16.0
Monaragala,2025-09-19,2025-10-11,4,test,train_plus_validation,11.0,13.91990400011368,10.0
Monaragala,2025-09-26,2025-10-18,4,test,train_plus_validation,17.0,14.473338680960067,8.0
Monaragala,2025-10-03,2025-10-25,4,test,train_plus_validation,16.0,10.77728464468668,9.0
Monaragala,2025-10-10,2025-11-01,4,test,train_plus_validation,7.0,11.862876508812983,4.0
Monaragala,2025-10-17,2025-11-08,4,test,train_plus_validation,10.0,14.741296520581177,11.0
Monaragala,2025-10-24,2025-11-15,4,test,train_plus_validation,15.0,17.511479337162694,17.0
Monaragala,2025-10-31,2025-11-22,4,test,train_plus_validation,15.0,19.406645765547765,16.0
Monaragala,2025-11-07,2025-11-29,4,test,train_plus_validation,10.0,15.989059140130799,7.0
Monaragala,2025-11-14,2025-12-06,4,test,train_plus_validation,14.0,16.5723332279841,10.0
Monaragala,2025-11-21,2025-12-13,4,test,train_plus_validation,24.0,19.83227426903377,15.0
Mullaitivu,2024-12-13,2025-01-04,4,test,train_plus_validation,1.0,18.542482139923315,5.0
Mullaitivu,2024-12-20,2025-01-11,4,test,train_plus_validation,1.0,22.019558910145147,2.0
Mullaitivu,2024-12-27,2025-01-18,4,test,train_plus_validation,4.0,16.471059541444674,4.0
Mullaitivu,2025-01-03,2025-01-25,4,test,train_plus_validation,1.0,6.158452508593812,3.0
Mullaitivu,2025-01-10,2025-02-01,4,test,train_plus_validation,2.0,5.360131640066439,1.0
Mullaitivu,2025-01-17,2025-02-08,4,test,train_plus_validation,2.0,4.6674009952595314,1.0
Mullaitivu,2025-01-24,2025-02-15,4,test,train_plus_validation,0.0,6.246816622127185,4.0
Mullaitivu,2025-01-31,2025-02-22,4,test,train_plus_validation,1.0,6.0810895712319155,1.0
Mullaitivu,2025-02-07,2025-03-01,4,test,train_plus_validation,1.0,4.549777451100366,2.0
Mullaitivu,2025-02-14,2025-03-08,4,test,train_plus_validation,3.0,4.603550123889884,2.0
Mullaitivu,2025-02-21,2025-03-15,4,test,train_plus_validation,0.0,2.8771105772742898,0.0
Mullaitivu,2025-02-28,2025-03-22,4,test,train_plus_validation,0.0,2.831906197340239,1.0
Mullaitivu,2025-03-07,2025-03-29,4,test,train_plus_validation,2.0,4.265697731094717,1.0
Mullaitivu,2025-03-14,2025-04-05,4,test,train_plus_validation,2.0,3.9207954337913624,3.0
Mullaitivu,2025-03-21,2025-04-12,4,test,train_plus_validation,1.0,4.386751328768316,0.0
Mullaitivu,2025-03-28,2025-04-19,4,test,train_plus_validation,0.0,4.394405193231405,0.0
Mullaitivu,2025-04-04,2025-04-26,4,test,train_plus_validation,2.0,3.6563970115488065,2.0
Mullaitivu,2025-04-11,2025-05-03,4,test,train_plus_validation,1.0,3.69689056151449,2.0
Mullaitivu,2025-04-18,2025-05-10,4,test,train_plus_validation,2.0,2.3396472588735167,1.0
Mullaitivu,2025-04-25,2025-05-17,4,test,train_plus_validation,1.0,2.5233149319552526,0.0
Mullaitivu,2025-05-02,2025-05-24,4,test,train_plus_validation,1.0,3.0328952196379606,2.0
Mullaitivu,2025-05-09,2025-05-31,4,test,train_plus_validation,4.0,2.6899017751254095,1.0
Mullaitivu,2025-05-16,2025-06-07,4,test,train_plus_validation,2.0,2.2274825333883075,2.0
Mullaitivu,2025-05-23,2025-06-14,4,test,train_plus_validation,1.0,2.5996568424827102,1.0
Mullaitivu,2025-05-30,2025-06-21,4,test,train_plus_validation,3.0,2.463488538436766,1.0
Mullaitivu,2025-06-06,2025-06-28,4,test,train_plus_validation,2.0,2.05630940010608,4.0
Mullaitivu,2025-06-13,2025-07-05,4,test,train_plus_validation,0.0,2.751634844538868,2.0
Mullaitivu,2025-06-20,2025-07-12,4,test,train_plus_validation,0.0,2.9691165561667914,1.0
Mullaitivu,2025-06-27,2025-07-19,4,test,train_plus_validation,0.0,3.273157108967063,3.0
Mullaitivu,2025-07-04,2025-07-26,4,test,train_plus_validation,0.0,2.365875061310822,2.0
Mullaitivu,2025-07-11,2025-08-02,4,test,train_plus_validation,0.0,1.2359053394311688,0.0
Mullaitivu,2025-07-18,2025-08-09,4,test,train_plus_validation,0.0,0.9348216499333998,0.0
Mullaitivu,2025-07-25,2025-08-16,4,test,train_plus_validation,0.0,1.2997600128723161,0.0
Mullaitivu,2025-08-01,2025-08-23,4,test,train_plus_validation,1.0,0.5614310328409776,0.0
Mullaitivu,2025-08-08,2025-08-30,4,test,train_plus_validation,0.0,1.1582080675860595,0.0
Mullaitivu,2025-08-15,2025-09-06,4,test,train_plus_validation,2.0,0.7474364317253991,0.0
Mullaitivu,2025-08-22,2025-09-13,4,test,train_plus_validation,2.0,0.826060142948483,0.0
Mullaitivu,2025-08-29,2025-09-20,4,test,train_plus_validation,0.0,1.239823159444987,1.0
Mullaitivu,2025-09-05,2025-09-27,4,test,train_plus_validation,1.0,1.5392233938857502,0.0
Mullaitivu,2025-09-12,2025-10-04,4,test,train_plus_validation,0.0,2.8187897796028007,2.0
Mullaitivu,2025-09-19,2025-10-11,4,test,train_plus_validation,0.0,3.239581857378889,2.0
Mullaitivu,2025-09-26,2025-10-18,4,test,train_plus_validation,0.0,3.2227578146059503,0.0
Mullaitivu,2025-10-03,2025-10-25,4,test,train_plus_validation,1.0,2.8180605190001797,1.0
Mullaitivu,2025-10-10,2025-11-01,4,test,train_plus_validation,0.0,3.6406541498034133,0.0
Mullaitivu,2025-10-17,2025-11-08,4,test,train_plus_validation,2.0,3.832748923552318,0.0
Mullaitivu,2025-10-24,2025-11-15,4,test,train_plus_validation,4.0,6.561692522362563,0.0
Mullaitivu,2025-10-31,2025-11-22,4,test,train_plus_validation,2.0,6.567311762038752,1.0
Mullaitivu,2025-11-07,2025-11-29,4,test,train_plus_validation,0.0,6.047863937787894,0.0
Mullaitivu,2025-11-14,2025-12-06,4,test,train_plus_validation,2.0,6.637104523266725,2.0
Mullaitivu,2025-11-21,2025-12-13,4,test,train_plus_validation,3.0,7.548463907004049,4.0
Nuwara Eliya,2024-12-13,2025-01-04,4,test,train_plus_validation,8.0,5.996507894982029,1.0
Nuwara Eliya,2024-12-20,2025-01-11,4,test,train_plus_validation,1.0,5.284068042864914,3.0
Nuwara Eliya,2024-12-27,2025-01-18,4,test,train_plus_validation,10.0,4.888473986524702,10.0
Nuwara Eliya,2025-01-03,2025-01-25,4,test,train_plus_validation,6.0,4.602258170414956,5.0
Nuwara Eliya,2025-01-10,2025-02-01,4,test,train_plus_validation,4.0,3.061352537236917,8.0
Nuwara Eliya,2025-01-17,2025-02-08,4,test,train_plus_validation,4.0,3.694236913898262,1.0
Nuwara Eliya,2025-01-24,2025-02-15,4,test,train_plus_validation,6.0,6.479936331921815,10.0
Nuwara Eliya,2025-01-31,2025-02-22,4,test,train_plus_validation,2.0,12.85332044479094,6.0
Nuwara Eliya,2025-02-07,2025-03-01,4,test,train_plus_validation,2.0,11.465539880447107,4.0
Nuwara Eliya,2025-02-14,2025-03-08,4,test,train_plus_validation,1.0,5.342736051393207,4.0
Nuwara Eliya,2025-02-21,2025-03-15,4,test,train_plus_validation,6.0,7.080810180350265,6.0
Nuwara Eliya,2025-02-28,2025-03-22,4,test,train_plus_validation,4.0,2.3604541044855862,2.0
Nuwara Eliya,2025-03-07,2025-03-29,4,test,train_plus_validation,3.0,2.2163999669603385,2.0
Nuwara Eliya,2025-03-14,2025-04-05,4,test,train_plus_validation,1.0,3.0908888780426946,1.0
Nuwara Eliya,2025-03-21,2025-04-12,4,test,train_plus_validation,3.0,3.85939984130514,6.0
Nuwara Eliya,2025-03-28,2025-04-19,4,test,train_plus_validation,6.0,4.481558367085037,4.0
Nuwara Eliya,2025-04-04,2025-04-26,4,test,train_plus_validation,6.0,5.0653919594663295,3.0
Nuwara Eliya,2025-04-11,2025-05-03,4,test,train_plus_validation,7.0,4.904061313024609,1.0
Nuwara Eliya,2025-04-18,2025-05-10,4,test,train_plus_validation,9.0,4.721902106912369,3.0
Nuwara Eliya,2025-04-25,2025-05-17,4,test,train_plus_validation,4.0,5.188142089556101,6.0
Nuwara Eliya,2025-05-02,2025-05-24,4,test,train_plus_validation,7.0,6.969304430995974,6.0
Nuwara Eliya,2025-05-09,2025-05-31,4,test,train_plus_validation,9.0,6.583236117458989,7.0
Nuwara Eliya,2025-05-16,2025-06-07,4,test,train_plus_validation,17.0,8.210723091512751,9.0
Nuwara Eliya,2025-05-23,2025-06-14,4,test,train_plus_validation,20.0,7.590308809031868,4.0
Nuwara Eliya,2025-05-30,2025-06-21,4,test,train_plus_validation,6.0,7.673520456447686,7.0
Nuwara Eliya,2025-06-06,2025-06-28,4,test,train_plus_validation,8.0,7.779066416633447,9.0
Nuwara Eliya,2025-06-13,2025-07-05,4,test,train_plus_validation,10.0,13.302216070266663,17.0
Nuwara Eliya,2025-06-20,2025-07-12,4,test,train_plus_validation,24.0,20.949013334372648,20.0
Nuwara Eliya,2025-06-27,2025-07-19,4,test,train_plus_validation,18.0,14.402103293683734,6.0
Nuwara Eliya,2025-07-04,2025-07-26,4,test,train_plus_validation,9.0,10.149440822652867,8.0
Nuwara Eliya,2025-07-11,2025-08-02,4,test,train_plus_validation,10.0,9.507035791463554,10.0
Nuwara Eliya,2025-07-18,2025-08-09,4,test,train_plus_validation,3.0,19.625770853499954,24.0
Nuwara Eliya,2025-07-25,2025-08-16,4,test,train_plus_validation,8.0,14.782019307228664,18.0
Nuwara Eliya,2025-08-01,2025-08-23,4,test,train_plus_validation,5.0,13.773417907882871,9.0
Nuwara Eliya,2025-08-08,2025-08-30,4,test,train_plus_validation,7.0,12.742361059292028,10.0
Nuwara Eliya,2025-08-15,2025-09-06,4,test,train_plus_validation,5.0,9.56780591221082,3.0
Nuwara Eliya,2025-08-22,2025-09-13,4,test,train_plus_validation,6.0,8.377582291387476,8.0
Nuwara Eliya,2025-08-29,2025-09-20,4,test,train_plus_validation,6.0,4.4715100963769325,5.0
Nuwara Eliya,2025-09-05,2025-09-27,4,test,train_plus_validation,10.0,5.486960008975934,7.0
Nuwara Eliya,2025-09-12,2025-10-04,4,test,train_plus_validation,10.0,5.502471389524628,5.0
Nuwara Eliya,2025-09-19,2025-10-11,4,test,train_plus_validation,5.0,8.158723459927563,6.0
Nuwara Eliya,2025-09-26,2025-10-18,4,test,train_plus_validation,2.0,8.059543449474427,6.0
Nuwara Eliya,2025-10-03,2025-10-25,4,test,train_plus_validation,5.0,9.797529984208186,10.0
Nuwara Eliya,2025-10-10,2025-11-01,4,test,train_plus_validation,5.0,13.094655859179896,10.0
Nuwara Eliya,2025-10-17,2025-11-08,4,test,train_plus_validation,5.0,10.83533266128057,5.0
Nuwara Eliya,2025-10-24,2025-11-15,4,test,train_plus_validation,8.0,9.229730639513239,2.0
Nuwara Eliya,2025-10-31,2025-11-22,4,test,train_plus_validation,8.0,9.307341727296238,5.0
Nuwara Eliya,2025-11-07,2025-11-29,4,test,train_plus_validation,1.0,8.672123850282542,5.0
Nuwara Eliya,2025-11-14,2025-12-06,4,test,train_plus_validation,3.0,5.058078390182906,5.0
Nuwara Eliya,2025-11-21,2025-12-13,4,test,train_plus_validation,7.0,5.585984373719709,8.0
Polonnaruwa,2024-12-13,2025-01-04,4,test,train_plus_validation,6.0,14.707982232768646,5.0
Polonnaruwa,2024-12-20,2025-01-11,4,test,train_plus_validation,7.0,15.004184854598272,3.0
Polonnaruwa,2024-12-27,2025-01-18,4,test,train_plus_validation,3.0,14.454050583328216,6.0
Polonnaruwa,2025-01-03,2025-01-25,4,test,train_plus_validation,8.0,11.897975235842056,14.0
Polonnaruwa,2025-01-10,2025-02-01,4,test,train_plus_validation,10.0,9.945532531547862,6.0
Polonnaruwa,2025-01-17,2025-02-08,4,test,train_plus_validation,10.0,10.068220356665421,7.0
Polonnaruwa,2025-01-24,2025-02-15,4,test,train_plus_validation,9.0,9.647891386295555,3.0
Polonnaruwa,2025-01-31,2025-02-22,4,test,train_plus_validation,6.0,9.075371071878076,8.0
Polonnaruwa,2025-02-07,2025-03-01,4,test,train_plus_validation,18.0,9.28098291197514,10.0
Polonnaruwa,2025-02-14,2025-03-08,4,test,train_plus_validation,3.0,11.901276989217855,10.0
Polonnaruwa,2025-02-21,2025-03-15,4,test,train_plus_validation,6.0,9.170841959096112,9.0
Polonnaruwa,2025-02-28,2025-03-22,4,test,train_plus_validation,4.0,6.7263995979963385,6.0
Polonnaruwa,2025-03-07,2025-03-29,4,test,train_plus_validation,5.0,12.024216426416722,18.0
Polonnaruwa,2025-03-14,2025-04-05,4,test,train_plus_validation,6.0,8.400993594096885,3.0
Polonnaruwa,2025-03-21,2025-04-12,4,test,train_plus_validation,5.0,8.377154378130564,6.0
Polonnaruwa,2025-03-28,2025-04-19,4,test,train_plus_validation,8.0,6.724413614916462,4.0
Polonnaruwa,2025-04-04,2025-04-26,4,test,train_plus_validation,10.0,7.409552688660907,5.0
Polonnaruwa,2025-04-11,2025-05-03,4,test,train_plus_validation,10.0,7.979368016371498,6.0
Polonnaruwa,2025-04-18,2025-05-10,4,test,train_plus_validation,7.0,7.29494981411985,5.0
Polonnaruwa,2025-04-25,2025-05-17,4,test,train_plus_validation,6.0,7.492197952592973,8.0
Polonnaruwa,2025-05-02,2025-05-24,4,test,train_plus_validation,12.0,11.383097608244926,10.0
Polonnaruwa,2025-05-09,2025-05-31,4,test,train_plus_validation,15.0,13.26397360049235,10.0
Polonnaruwa,2025-05-16,2025-06-07,4,test,train_plus_validation,12.0,10.209281680846193,7.0
Polonnaruwa,2025-05-23,2025-06-14,4,test,train_plus_validation,21.0,10.704332883440244,6.0
Polonnaruwa,2025-05-30,2025-06-21,4,test,train_plus_validation,10.0,13.264950998591466,12.0
Polonnaruwa,2025-06-06,2025-06-28,4,test,train_plus_validation,14.0,10.651274809107916,15.0
Polonnaruwa,2025-06-13,2025-07-05,4,test,train_plus_validation,11.0,12.05724504172522,12.0
Polonnaruwa,2025-06-20,2025-07-12,4,test,train_plus_validation,14.0,17.012858099242592,21.0
Polonnaruwa,2025-06-27,2025-07-19,4,test,train_plus_validation,15.0,13.2521075859064,10.0
Polonnaruwa,2025-07-04,2025-07-26,4,test,train_plus_validation,8.0,12.602919396226737,14.0
Polonnaruwa,2025-07-11,2025-08-02,4,test,train_plus_validation,2.0,10.242118288653383,11.0
Polonnaruwa,2025-07-18,2025-08-09,4,test,train_plus_validation,3.0,10.89686561350138,14.0
Polonnaruwa,2025-07-25,2025-08-16,4,test,train_plus_validation,5.0,11.263839870352468,15.0
Polonnaruwa,2025-08-01,2025-08-23,4,test,train_plus_validation,2.0,8.120743651908034,8.0
Polonnaruwa,2025-08-08,2025-08-30,4,test,train_plus_validation,4.0,6.630853360834448,2.0
Polonnaruwa,2025-08-15,2025-09-06,4,test,train_plus_validation,2.0,3.1967348123876342,3.0
Polonnaruwa,2025-08-22,2025-09-13,4,test,train_plus_validation,2.0,3.3106308979479198,5.0
Polonnaruwa,2025-08-29,2025-09-20,4,test,train_plus_validation,3.0,2.5161745481279407,2.0
Polonnaruwa,2025-09-05,2025-09-27,4,test,train_plus_validation,7.0,1.8612226293735727,4.0
Polonnaruwa,2025-09-12,2025-10-04,4,test,train_plus_validation,6.0,3.2048135399361475,2.0
Polonnaruwa,2025-09-19,2025-10-11,4,test,train_plus_validation,4.0,3.332284099481858,2.0
Polonnaruwa,2025-09-26,2025-10-18,4,test,train_plus_validation,3.0,3.1010219827657446,3.0
Polonnaruwa,2025-10-03,2025-10-25,4,test,train_plus_validation,3.0,5.019867267106395,7.0
Polonnaruwa,2025-10-10,2025-11-01,4,test,train_plus_validation,3.0,5.924898083315331,6.0
Polonnaruwa,2025-10-17,2025-11-08,4,test,train_plus_validation,15.0,5.924677395473197,4.0
Polonnaruwa,2025-10-24,2025-11-15,4,test,train_plus_validation,15.0,7.888229065852575,3.0
Polonnaruwa,2025-10-31,2025-11-22,4,test,train_plus_validation,8.0,8.263895460437146,3.0
Polonnaruwa,2025-11-07,2025-11-29,4,test,train_plus_validation,5.0,6.930144057824282,3.0
Polonnaruwa,2025-11-14,2025-12-06,4,test,train_plus_validation,6.0,12.77745262378481,15.0
Polonnaruwa,2025-11-21,2025-12-13,4,test,train_plus_validation,14.0,15.217021377234541,15.0
Puttalam,2024-12-13,2025-01-04,4,test,train_plus_validation,45.0,32.412261868997135,31.0
Puttalam,2024-12-20,2025-01-11,4,test,train_plus_validation,17.0,36.36513258561118,39.0
Puttalam,2024-12-27,2025-01-18,4,test,train_plus_validation,16.0,31.397975039749088,23.0
Puttalam,2025-01-03,2025-01-25,4,test,train_plus_validation,22.0,30.440212404740524,30.0
Puttalam,2025-01-10,2025-02-01,4,test,train_plus_validation,16.0,35.43775875128615,45.0
Puttalam,2025-01-17,2025-02-08,4,test,train_plus_validation,16.0,24.80666552896455,17.0
Puttalam,2025-01-24,2025-02-15,4,test,train_plus_validation,24.0,21.919484977756305,16.0
Puttalam,2025-01-31,2025-02-22,4,test,train_plus_validation,23.0,27.834837816359517,22.0
Puttalam,2025-02-07,2025-03-01,4,test,train_plus_validation,24.0,20.763558595625216,16.0
Puttalam,2025-02-14,2025-03-08,4,test,train_plus_validation,15.0,18.470824533763132,16.0
Puttalam,2025-02-21,2025-03-15,4,test,train_plus_validation,10.0,21.445465082672264,24.0
Puttalam,2025-02-28,2025-03-22,4,test,train_plus_validation,14.0,19.627589913546814,23.0
Puttalam,2025-03-07,2025-03-29,4,test,train_plus_validation,11.0,20.20446694798858,24.0
Puttalam,2025-03-14,2025-04-05,4,test,train_plus_validation,8.0,17.994095476859492,15.0
Puttalam,2025-03-21,2025-04-12,4,test,train_plus_validation,7.0,18.921832431789547,10.0
Puttalam,2025-03-28,2025-04-19,4,test,train_plus_validation,10.0,19.839995934899243,14.0
Puttalam,2025-04-04,2025-04-26,4,test,train_plus_validation,9.0,15.236776169369202,11.0
Puttalam,2025-04-11,2025-05-03,4,test,train_plus_validation,12.0,13.790781729075444,8.0
Puttalam,2025-04-18,2025-05-10,4,test,train_plus_validation,8.0,11.526663313425631,7.0
Puttalam,2025-04-25,2025-05-17,4,test,train_plus_validation,13.0,12.614662937039052,10.0
Puttalam,2025-05-02,2025-05-24,4,test,train_plus_validation,11.0,10.759548815115219,9.0
Puttalam,2025-05-09,2025-05-31,4,test,train_plus_validation,17.0,12.030055522506773,12.0
Puttalam,2025-05-16,2025-06-07,4,test,train_plus_validation,10.0,9.025207394818473,8.0
Puttalam,2025-05-23,2025-06-14,4,test,train_plus_validation,10.0,11.979487775615576,13.0
Puttalam,2025-05-30,2025-06-21,4,test,train_plus_validation,7.0,14.691025493005878,11.0
Puttalam,2025-06-06,2025-06-28,4,test,train_plus_validation,12.0,16.763504492601463,17.0
Puttalam,2025-06-13,2025-07-05,4,test,train_plus_validation,7.0,14.111879798890428,10.0
Puttalam,2025-06-20,2025-07-12,4,test,train_plus_validation,12.0,17.031577212456867,10.0
Puttalam,2025-06-27,2025-07-19,4,test,train_plus_validation,12.0,13.279250639209742,7.0
Puttalam,2025-07-04,2025-07-26,4,test,train_plus_validation,15.0,13.096415420704398,12.0
Puttalam,2025-07-11,2025-08-02,4,test,train_plus_validation,17.0,8.065022085327472,7.0
Puttalam,2025-07-18,2025-08-09,4,test,train_plus_validation,11.0,9.323136024489317,12.0
Puttalam,2025-07-25,2025-08-16,4,test,train_plus_validation,4.0,8.981063923629913,12.0
Puttalam,2025-08-01,2025-08-23,4,test,train_plus_validation,9.0,12.006425080528118,15.0
Puttalam,2025-08-08,2025-08-30,4,test,train_plus_validation,5.0,13.069668437978175,17.0
Puttalam,2025-08-15,2025-09-06,4,test,train_plus_validation,10.0,12.133016021963533,11.0
Puttalam,2025-08-22,2025-09-13,4,test,train_plus_validation,6.0,7.101060597784687,4.0
Puttalam,2025-08-29,2025-09-20,4,test,train_plus_validation,4.0,8.840758499384064,9.0
Puttalam,2025-09-05,2025-09-27,4,test,train_plus_validation,5.0,7.4154371160226304,5.0
Puttalam,2025-09-12,2025-10-04,4,test,train_plus_validation,5.0,7.500931639382344,10.0
Puttalam,2025-09-19,2025-10-11,4,test,train_plus_validation,12.0,6.865057579038245,6.0
Puttalam,2025-09-26,2025-10-18,4,test,train_plus_validation,5.0,6.6155452795834675,4.0
Puttalam,2025-10-03,2025-10-25,4,test,train_plus_validation,11.0,7.034771044262065,5.0
Puttalam,2025-10-10,2025-11-01,4,test,train_plus_validation,23.0,7.016066148706218,5.0
Puttalam,2025-10-17,2025-11-08,4,test,train_plus_validation,20.0,10.954601174413344,12.0
Puttalam,2025-10-24,2025-11-15,4,test,train_plus_validation,18.0,12.752756359378367,5.0
Puttalam,2025-10-31,2025-11-22,4,test,train_plus_validation,10.0,13.694835242137778,11.0
Puttalam,2025-11-07,2025-11-29,4,test,train_plus_validation,13.0,23.207205960759744,23.0
Puttalam,2025-11-14,2025-12-06,4,test,train_plus_validation,30.0,23.940817814848685,20.0
Puttalam,2025-11-21,2025-12-13,4,test,train_plus_validation,22.0,21.647186509532617,18.0
Ratnapura,2024-12-13,2025-01-04,4,test,train_plus_validation,56.0,46.47698134389265,44.0
Ratnapura,2024-12-20,2025-01-11,4,test,train_plus_validation,46.0,43.48574624708637,20.0
Ratnapura,2024-12-27,2025-01-18,4,test,train_plus_validation,70.0,36.416414647719435,47.0
Ratnapura,2025-01-03,2025-01-25,4,test,train_plus_validation,58.0,32.29487158412963,30.0
Ratnapura,2025-01-10,2025-02-01,4,test,train_plus_validation,47.0,45.75548364996166,56.0
Ratnapura,2025-01-17,2025-02-08,4,test,train_plus_validation,47.0,44.182296391170624,46.0
Ratnapura,2025-01-24,2025-02-15,4,test,train_plus_validation,50.0,67.04297785508251,70.0
Ratnapura,2025-01-31,2025-02-22,4,test,train_plus_validation,47.0,60.36613365739366,58.0
Ratnapura,2025-02-07,2025-03-01,4,test,train_plus_validation,13.0,54.36348708736077,47.0
Ratnapura,2025-02-14,2025-03-08,4,test,train_plus_validation,46.0,58.83340161503388,47.0
Ratnapura,2025-02-21,2025-03-15,4,test,train_plus_validation,56.0,48.57700424569916,50.0
Ratnapura,2025-02-28,2025-03-22,4,test,train_plus_validation,45.0,48.026790659438035,47.0
Ratnapura,2025-03-07,2025-03-29,4,test,train_plus_validation,54.0,36.07078872366994,13.0
Ratnapura,2025-03-14,2025-04-05,4,test,train_plus_validation,146.0,45.1342294424838,46.0
Ratnapura,2025-03-21,2025-04-12,4,test,train_plus_validation,146.0,53.68508198779563,56.0
Ratnapura,2025-03-28,2025-04-19,4,test,train_plus_validation,319.0,56.25570247901429,45.0
Ratnapura,2025-04-04,2025-04-26,4,test,train_plus_validation,273.0,50.50465073497211,54.0
Ratnapura,2025-04-11,2025-05-03,4,test,train_plus_validation,242.0,177.4677192731167,146.0
Ratnapura,2025-04-18,2025-05-10,4,test,train_plus_validation,251.0,195.3970020682744,146.0
Ratnapura,2025-04-25,2025-05-17,4,test,train_plus_validation,203.0,353.8463132551805,319.0
Ratnapura,2025-05-02,2025-05-24,4,test,train_plus_validation,197.0,365.7446689368098,273.0
Ratnapura,2025-05-09,2025-05-31,4,test,train_plus_validation,172.0,305.42854808637594,242.0
Ratnapura,2025-05-16,2025-06-07,4,test,train_plus_validation,145.0,302.97406657746205,251.0
Ratnapura,2025-05-23,2025-06-14,4,test,train_plus_validation,118.0,212.1139060562657,203.0
Ratnapura,2025-05-30,2025-06-21,4,test,train_plus_validation,120.0,191.5114415254245,197.0
Ratnapura,2025-06-06,2025-06-28,4,test,train_plus_validation,104.0,207.9930223617454,172.0
Ratnapura,2025-06-13,2025-07-05,4,test,train_plus_validation,97.0,181.7609259435229,145.0
Ratnapura,2025-06-20,2025-07-12,4,test,train_plus_validation,93.0,200.0243780082697,118.0
Ratnapura,2025-06-27,2025-07-19,4,test,train_plus_validation,99.0,172.76810835209437,120.0
Ratnapura,2025-07-04,2025-07-26,4,test,train_plus_validation,91.0,109.58128750050763,104.0
Ratnapura,2025-07-11,2025-08-02,4,test,train_plus_validation,64.0,72.50669338669765,97.0
Ratnapura,2025-07-18,2025-08-09,4,test,train_plus_validation,79.0,70.56845668061375,93.0
Ratnapura,2025-07-25,2025-08-16,4,test,train_plus_validation,62.0,85.0333898010521,99.0
Ratnapura,2025-08-01,2025-08-23,4,test,train_plus_validation,60.0,86.49042159159966,91.0
Ratnapura,2025-08-08,2025-08-30,4,test,train_plus_validation,59.0,68.17209703767787,64.0
Ratnapura,2025-08-15,2025-09-06,4,test,train_plus_validation,15.0,66.57700806120587,79.0
Ratnapura,2025-08-22,2025-09-13,4,test,train_plus_validation,65.0,53.19123388618328,62.0
Ratnapura,2025-08-29,2025-09-20,4,test,train_plus_validation,63.0,47.87095954578068,60.0
Ratnapura,2025-09-05,2025-09-27,4,test,train_plus_validation,70.0,48.71324501277504,59.0
Ratnapura,2025-09-12,2025-10-04,4,test,train_plus_validation,41.0,36.392401880683494,15.0
Ratnapura,2025-09-19,2025-10-11,4,test,train_plus_validation,42.0,50.89014099428675,65.0
Ratnapura,2025-09-26,2025-10-18,4,test,train_plus_validation,36.0,68.4400259752711,63.0
Ratnapura,2025-10-03,2025-10-25,4,test,train_plus_validation,57.0,78.0313659794726,70.0
Ratnapura,2025-10-10,2025-11-01,4,test,train_plus_validation,47.0,55.627400619729336,41.0
Ratnapura,2025-10-17,2025-11-08,4,test,train_plus_validation,43.0,42.51203059702755,42.0
Ratnapura,2025-10-24,2025-11-15,4,test,train_plus_validation,54.0,49.59401419488464,36.0
Ratnapura,2025-10-31,2025-11-22,4,test,train_plus_validation,54.0,55.6469758726696,57.0
Ratnapura,2025-11-07,2025-11-29,4,test,train_plus_validation,64.0,57.5948975167483,47.0
Ratnapura,2025-11-14,2025-12-06,4,test,train_plus_validation,43.0,48.650234338970954,43.0
Ratnapura,2025-11-21,2025-12-13,4,test,train_plus_validation,60.0,51.77422529111331,54.0
Trincomalee,2024-12-13,2025-01-04,4,test,train_plus_validation,34.0,29.455637464898455,20.0
Trincomalee,2024-12-20,2025-01-11,4,test,train_plus_validation,34.0,37.24402544662111,19.0
Trincomalee,2024-12-27,2025-01-18,4,test,train_plus_validation,23.0,39.66459214043376,30.0
Trincomalee,2025-01-03,2025-01-25,4,test,train_plus_validation,22.0,30.515620609319654,28.0
Trincomalee,2025-01-10,2025-02-01,4,test,train_plus_validation,28.0,40.37557199072452,34.0
Trincomalee,2025-01-17,2025-02-08,4,test,train_plus_validation,28.0,39.95553223215113,34.0
Trincomalee,2025-01-24,2025-02-15,4,test,train_plus_validation,29.0,36.175297881195036,23.0
Trincomalee,2025-01-31,2025-02-22,4,test,train_plus_validation,25.0,31.821298152725,22.0
Trincomalee,2025-02-07,2025-03-01,4,test,train_plus_validation,17.0,28.725827525913466,28.0
Trincomalee,2025-02-14,2025-03-08,4,test,train_plus_validation,25.0,28.644889933879764,28.0
Trincomalee,2025-02-21,2025-03-15,4,test,train_plus_validation,23.0,27.028822434135044,29.0
Trincomalee,2025-02-28,2025-03-22,4,test,train_plus_validation,28.0,20.191597789081413,25.0
Trincomalee,2025-03-07,2025-03-29,4,test,train_plus_validation,36.0,21.99586236226422,17.0
Trincomalee,2025-03-14,2025-04-05,4,test,train_plus_validation,33.0,26.494316112216566,25.0
Trincomalee,2025-03-21,2025-04-12,4,test,train_plus_validation,44.0,28.75449894388466,23.0
Trincomalee,2025-03-28,2025-04-19,4,test,train_plus_validation,46.0,30.939619893603535,28.0
Trincomalee,2025-04-04,2025-04-26,4,test,train_plus_validation,64.0,35.870991182327174,36.0
Trincomalee,2025-04-11,2025-05-03,4,test,train_plus_validation,55.0,41.4157905810289,33.0
Trincomalee,2025-04-18,2025-05-10,4,test,train_plus_validation,45.0,42.00109265451325,44.0
Trincomalee,2025-04-25,2025-05-17,4,test,train_plus_validation,43.0,45.9699077092949,46.0
Trincomalee,2025-05-02,2025-05-24,4,test,train_plus_validation,39.0,62.06691909890531,64.0
Trincomalee,2025-05-09,2025-05-31,4,test,train_plus_validation,40.0,56.45350080308893,55.0
Trincomalee,2025-05-16,2025-06-07,4,test,train_plus_validation,16.0,47.23657993946233,45.0
Trincomalee,2025-05-23,2025-06-14,4,test,train_plus_validation,16.0,43.49503865921539,43.0
Trincomalee,2025-05-30,2025-06-21,4,test,train_plus_validation,12.0,36.73729909951506,39.0
Trincomalee,2025-06-06,2025-06-28,4,test,train_plus_validation,8.0,25.727913711390514,40.0
Trincomalee,2025-06-13,2025-07-05,4,test,train_plus_validation,11.0,18.56848040073642,16.0
Trincomalee,2025-06-20,2025-07-12,4,test,train_plus_validation,11.0,15.129725727038661,16.0
Trincomalee,2025-06-27,2025-07-19,4,test,train_plus_validation,7.0,13.785876679191253,12.0
Trincomalee,2025-07-04,2025-07-26,4,test,train_plus_validation,9.0,10.894676395812175,8.0
Trincomalee,2025-07-11,2025-08-02,4,test,train_plus_validation,4.0,9.729545378837809,11.0
Trincomalee,2025-07-18,2025-08-09,4,test,train_plus_validation,2.0,8.833621424457283,11.0
Trincomalee,2025-07-25,2025-08-16,4,test,train_plus_validation,4.0,7.3977565296996355,7.0
Trincomalee,2025-08-01,2025-08-23,4,test,train_plus_validation,4.0,6.3320967536684,9.0
Trincomalee,2025-08-08,2025-08-30,4,test,train_plus_validation,3.0,4.5605030828370765,4.0
Trincomalee,2025-08-15,2025-09-06,4,test,train_plus_validation,5.0,3.236424200856257,2.0
Trincomalee,2025-08-22,2025-09-13,4,test,train_plus_validation,2.0,2.577263044078081,4.0
Trincomalee,2025-08-29,2025-09-20,4,test,train_plus_validation,6.0,2.771351933378623,4.0
Trincomalee,2025-09-05,2025-09-27,4,test,train_plus_validation,8.0,2.5485903142420634,3.0
Trincomalee,2025-09-12,2025-10-04,4,test,train_plus_validation,1.0,4.554161536603048,5.0
Trincomalee,2025-09-19,2025-10-11,4,test,train_plus_validation,5.0,3.328892291983559,2.0
Trincomalee,2025-09-26,2025-10-18,4,test,train_plus_validation,7.0,4.574596705666933,6.0
Trincomalee,2025-10-03,2025-10-25,4,test,train_plus_validation,15.0,4.826492058008304,8.0
Trincomalee,2025-10-10,2025-11-01,4,test,train_plus_validation,12.0,5.989925907921683,1.0
Trincomalee,2025-10-17,2025-11-08,4,test,train_plus_validation,11.0,6.738505286413295,5.0
Trincomalee,2025-10-24,2025-11-15,4,test,train_plus_validation,19.0,9.68255766125119,7.0
Trincomalee,2025-10-31,2025-11-22,4,test,train_plus_validation,16.0,15.220159571360172,15.0
Trincomalee,2025-11-07,2025-11-29,4,test,train_plus_validation,8.0,14.40518775398595,12.0
Trincomalee,2025-11-14,2025-12-06,4,test,train_plus_validation,26.0,16.008624341970847,11.0
Trincomalee,2025-11-21,2025-12-13,4,test,train_plus_validation,9.0,21.784124890720218,19.0
Vavuniya,2024-12-13,2025-01-04,4,test,train_plus_validation,2.0,7.752879111610167,4.0
Vavuniya,2024-12-20,2025-01-11,4,test,train_plus_validation,2.0,7.4683083245038,4.0
Vavuniya,2024-12-27,2025-01-18,4,test,train_plus_validation,2.0,6.2719593722190154,2.0
Vavuniya,2025-01-03,2025-01-25,4,test,train_plus_validation,3.0,5.169224017315064,4.0
Vavuniya,2025-01-10,2025-02-01,4,test,train_plus_validation,2.0,4.786951592859918,2.0
Vavuniya,2025-01-17,2025-02-08,4,test,train_plus_validation,2.0,4.24948481232546,2.0
Vavuniya,2025-01-24,2025-02-15,4,test,train_plus_validation,0.0,4.175942762510743,2.0
Vavuniya,2025-01-31,2025-02-22,4,test,train_plus_validation,5.0,4.850660663956034,3.0
Vavuniya,2025-02-07,2025-03-01,4,test,train_plus_validation,0.0,4.065796561937254,2.0
Vavuniya,2025-02-14,2025-03-08,4,test,train_plus_validation,1.0,4.201317159551176,2.0
Vavuniya,2025-02-21,2025-03-15,4,test,train_plus_validation,1.0,2.5745279311603273,0.0
Vavuniya,2025-02-28,2025-03-22,4,test,train_plus_validation,1.0,3.526929729177872,5.0
Vavuniya,2025-03-07,2025-03-29,4,test,train_plus_validation,3.0,3.026696053191844,0.0
Vavuniya,2025-03-14,2025-04-05,4,test,train_plus_validation,0.0,2.658746937819855,1.0
Vavuniya,2025-03-21,2025-04-12,4,test,train_plus_validation,5.0,3.5854953635020355,1.0
Vavuniya,2025-03-28,2025-04-19,4,test,train_plus_validation,1.0,4.0811954850307535,1.0
Vavuniya,2025-04-04,2025-04-26,4,test,train_plus_validation,3.0,3.8102607441823158,3.0
Vavuniya,2025-04-11,2025-05-03,4,test,train_plus_validation,0.0,4.744536693511038,0.0
Vavuniya,2025-04-18,2025-05-10,4,test,train_plus_validation,2.0,5.264671363011345,5.0
Vavuniya,2025-04-25,2025-05-17,4,test,train_plus_validation,2.0,4.12112563494414,1.0
Vavuniya,2025-05-02,2025-05-24,4,test,train_plus_validation,1.0,4.74481215319269,3.0
Vavuniya,2025-05-09,2025-05-31,4,test,train_plus_validation,5.0,5.245940496470535,0.0
Vavuniya,2025-05-16,2025-06-07,4,test,train_plus_validation,2.0,3.8661405715854733,2.0
Vavuniya,2025-05-23,2025-06-14,4,test,train_plus_validation,4.0,4.738895082463305,2.0
Vavuniya,2025-05-30,2025-06-21,4,test,train_plus_validation,3.0,4.42719614837047,1.0
Vavuniya,2025-06-06,2025-06-28,4,test,train_plus_validation,3.0,3.717545081572,5.0
Vavuniya,2025-06-13,2025-07-05,4,test,train_plus_validation,2.0,2.7785614801900147,2.0
Vavuniya,2025-06-20,2025-07-12,4,test,train_plus_validation,3.0,3.379527681654194,4.0
Vavuniya,2025-06-27,2025-07-19,4,test,train_plus_validation,0.0,3.4213637970228303,3.0
Vavuniya,2025-07-04,2025-07-26,4,test,train_plus_validation,1.0,2.8961878647798964,3.0
Vavuniya,2025-07-11,2025-08-02,4,test,train_plus_validation,0.0,1.50405985617451,2.0
Vavuniya,2025-07-18,2025-08-09,4,test,train_plus_validation,2.0,1.3507005411803419,3.0
Vavuniya,2025-07-25,2025-08-16,4,test,train_plus_validation,3.0,1.2450552045958685,0.0
Vavuniya,2025-08-01,2025-08-23,4,test,train_plus_validation,0.0,1.0225292608383632,1.0
Vavuniya,2025-08-08,2025-08-30,4,test,train_plus_validation,0.0,1.1582080675860595,0.0
Vavuniya,2025-08-15,2025-09-06,4,test,train_plus_validation,2.0,0.825515077327143,2.0
Vavuniya,2025-08-22,2025-09-13,4,test,train_plus_validation,1.0,0.6435728706718168,3.0
Vavuniya,2025-08-29,2025-09-20,4,test,train_plus_validation,0.0,1.3067761795529593,0.0
Vavuniya,2025-09-05,2025-09-27,4,test,train_plus_validation,0.0,1.5392233938857502,0.0
Vavuniya,2025-09-12,2025-10-04,4,test,train_plus_validation,4.0,2.9200693856315776,2.0
Vavuniya,2025-09-19,2025-10-11,4,test,train_plus_validation,2.0,3.728068513869401,1.0
Vavuniya,2025-09-26,2025-10-18,4,test,train_plus_validation,0.0,3.468542669575416,0.0
Vavuniya,2025-10-03,2025-10-25,4,test,train_plus_validation,1.0,3.261663670233148,0.0
Vavuniya,2025-10-10,2025-11-01,4,test,train_plus_validation,1.0,4.616269541324864,4.0
Vavuniya,2025-10-17,2025-11-08,4,test,train_plus_validation,2.0,5.675344220914941,2.0
Vavuniya,2025-10-24,2025-11-15,4,test,train_plus_validation,0.0,7.476522930497672,0.0
Vavuniya,2025-10-31,2025-11-22,4,test,train_plus_validation,0.0,8.19750972386483,1.0
Vavuniya,2025-11-07,2025-11-29,4,test,train_plus_validation,1.0,7.038260480570223,1.0
Vavuniya,2025-11-14,2025-12-06,4,test,train_plus_validation,2.0,7.324783162133176,2.0
Vavuniya,2025-11-21,2025-12-13,4,test,train_plus_validation,3.0,6.505025853428627,0.0
