row_id,district,forecast_origin_date,target_date,actual_cases,prediction_random_forest,prediction_persistence,base_value
0,Ampara,2025-01-03,2025-01-04,20.0,54.441024080839185,58.0,45.197009781209786
1,Anuradhapura,2025-01-03,2025-01-04,20.0,25.271306830913947,27.0,45.197009781209786
2,Badulla,2025-01-03,2025-01-04,17.0,18.2232909011022,5.0,45.197009781209786
3,Batticaloa,2025-01-03,2025-01-04,55.0,56.00434312784297,62.0,45.197009781209786
4,Colombo,2025-01-03,2025-01-04,245.0,185.3366758933609,200.0,45.197009781209786
5,Galle,2025-01-03,2025-01-04,82.0,32.07224767154592,30.0,45.197009781209786
6,Gampaha,2025-01-03,2025-01-04,191.0,162.08706250944252,186.0,45.197009781209786
7,Hambantota,2025-01-03,2025-01-04,35.0,33.905951025764736,36.0,45.197009781209786
8,Jaffna,2025-01-03,2025-01-04,52.0,61.00635885717688,58.0,45.197009781209786
9,Kalutara,2025-01-03,2025-01-04,24.0,57.27829917749694,65.0,45.197009781209786
10,Kandy,2025-01-03,2025-01-04,65.0,62.807504590536674,66.0,45.197009781209786
11,Kegalle,2025-01-03,2025-01-04,40.0,58.46351489863281,64.0,45.197009781209786
12,Kilinochchi,2025-01-03,2025-01-04,8.0,6.6172366478744165,5.0,45.197009781209786
13,Kurunegala,2025-01-03,2025-01-04,39.0,28.811982132991318,26.0,45.197009781209786
14,Mannar,2025-01-03,2025-01-04,15.0,13.242541465274702,11.0,45.197009781209786
15,Matale,2025-01-03,2025-01-04,39.0,46.23870766174706,52.0,45.197009781209786
16,Matara,2025-01-03,2025-01-04,23.0,29.16262834615998,28.0,45.197009781209786
17,Monaragala,2025-01-03,2025-01-04,26.0,22.071528829403086,25.0,45.197009781209786
18,Mullaitivu,2025-01-03,2025-01-04,1.0,4.219390795177355,3.0,45.197009781209786
19,Nuwara Eliya,2025-01-03,2025-01-04,8.0,6.8520293834509465,5.0,45.197009781209786
20,Polonnaruwa,2025-01-03,2025-01-04,6.0,10.385827656102771,14.0,45.197009781209786
21,Puttalam,2025-01-03,2025-01-04,45.0,31.449427963225784,30.0,45.197009781209786
22,Ratnapura,2025-01-03,2025-01-04,56.0,36.286306381535425,30.0,45.197009781209786
23,Trincomalee,2025-01-03,2025-01-04,34.0,30.739166615519444,28.0,45.197009781209786
24,Vavuniya,2025-01-03,2025-01-04,2.0,3.9843349686144514,4.0,45.197009781209786
25,Ampara,2025-01-10,2025-01-11,27.0,33.77135060494119,20.0,45.197009781209786
26,Anuradhapura,2025-01-10,2025-01-11,29.0,22.612030703910346,20.0,45.197009781209786
27,Badulla,2025-01-10,2025-01-11,28.0,16.882711309367828,17.0,45.197009781209786
28,Batticaloa,2025-01-10,2025-01-11,65.0,57.55474955364435,55.0,45.197009781209786
29,Colombo,2025-01-10,2025-01-11,247.0,222.03352843945396,245.0,45.197009781209786
30,Galle,2025-01-10,2025-01-11,51.0,61.68253071736941,82.0,45.197009781209786
31,Gampaha,2025-01-10,2025-01-11,157.0,181.65960079037086,191.0,45.197009781209786
32,Hambantota,2025-01-10,2025-01-11,32.0,34.28268312295668,35.0,45.197009781209786
33,Jaffna,2025-01-10,2025-01-11,37.0,56.57514000431684,52.0,45.197009781209786
34,Kalutara,2025-01-10,2025-01-11,51.0,39.06419946728073,24.0,45.197009781209786
35,Kandy,2025-01-10,2025-01-11,77.0,63.76643436960033,65.0,45.197009781209786
36,Kegalle,2025-01-10,2025-01-11,34.0,42.267662275501905,40.0,45.197009781209786
37,Kilinochchi,2025-01-10,2025-01-11,3.0,8.205398641112449,8.0,45.197009781209786
38,Kurunegala,2025-01-10,2025-01-11,30.0,35.215463830292165,39.0,45.197009781209786
39,Mannar,2025-01-10,2025-01-11,12.0,14.478676969309314,15.0,45.197009781209786
40,Matale,2025-01-10,2025-01-11,44.0,40.942351411974045,39.0,45.197009781209786
41,Matara,2025-01-10,2025-01-11,45.0,27.05358972913914,23.0,45.197009781209786
42,Monaragala,2025-01-10,2025-01-11,23.0,23.524319530100282,26.0,45.197009781209786
43,Mullaitivu,2025-01-10,2025-01-11,1.0,3.912678244236393,1.0,45.197009781209786
44,Nuwara Eliya,2025-01-10,2025-01-11,1.0,8.106450601453092,8.0,45.197009781209786
45,Polonnaruwa,2025-01-10,2025-01-11,7.0,9.132555288190476,6.0,45.197009781209786
46,Puttalam,2025-01-10,2025-01-11,17.0,39.578911008130305,45.0,45.197009781209786
47,Ratnapura,2025-01-10,2025-01-11,46.0,50.53190744436006,56.0,45.197009781209786
48,Trincomalee,2025-01-10,2025-01-11,34.0,34.85628565315994,34.0,45.197009781209786
49,Vavuniya,2025-01-10,2025-01-11,2.0,3.883552545917392,2.0,45.197009781209786
50,Ampara,2025-01-17,2025-01-18,16.0,27.457849284360158,27.0,45.197009781209786
51,Anuradhapura,2025-01-17,2025-01-18,16.0,25.02191089373089,29.0,45.197009781209786
52,Badulla,2025-01-17,2025-01-18,27.0,23.11197945074831,28.0,45.197009781209786
53,Batticaloa,2025-01-17,2025-01-18,64.0,62.71688831761346,65.0,45.197009781209786
54,Colombo,2025-01-17,2025-01-18,284.0,244.70336439628193,247.0,45.197009781209786
55,Galle,2025-01-17,2025-01-18,48.0,53.30849809409183,51.0,45.197009781209786
56,Gampaha,2025-01-17,2025-01-18,184.0,164.93573461466843,157.0,45.197009781209786
57,Hambantota,2025-01-17,2025-01-18,24.0,34.804173490026095,32.0,45.197009781209786
58,Jaffna,2025-01-17,2025-01-18,57.0,38.53954724483011,37.0,45.197009781209786
59,Kalutara,2025-01-17,2025-01-18,38.0,43.49755052466292,51.0,45.197009781209786
60,Kandy,2025-01-17,2025-01-18,62.0,64.95014655779933,77.0,45.197009781209786
61,Kegalle,2025-01-17,2025-01-18,26.0,36.79942932656062,34.0,45.197009781209786
62,Kilinochchi,2025-01-17,2025-01-18,6.0,5.413024055594067,3.0,45.197009781209786
63,Kurunegala,2025-01-17,2025-01-18,34.0,31.71599665451733,30.0,45.197009781209786
64,Mannar,2025-01-17,2025-01-18,7.0,14.230531862555075,12.0,45.197009781209786
65,Matale,2025-01-17,2025-01-18,39.0,45.8175249272295,44.0,45.197009781209786
66,Matara,2025-01-17,2025-01-18,32.0,40.42669729519329,45.0,45.197009781209786
67,Monaragala,2025-01-17,2025-01-18,24.0,25.33566032553644,23.0,45.197009781209786
68,Mullaitivu,2025-01-17,2025-01-18,4.0,3.1160061563578436,1.0,45.197009781209786
69,Nuwara Eliya,2025-01-17,2025-01-18,10.0,6.430524261974216,1.0,45.197009781209786
70,Polonnaruwa,2025-01-17,2025-01-18,3.0,8.488216404985849,7.0,45.197009781209786
71,Puttalam,2025-01-17,2025-01-18,16.0,30.38321284295471,17.0,45.197009781209786
72,Ratnapura,2025-01-17,2025-01-18,70.0,56.301140786856074,46.0,45.197009781209786
73,Trincomalee,2025-01-17,2025-01-18,23.0,38.86848912901767,34.0,45.197009781209786
74,Vavuniya,2025-01-17,2025-01-18,2.0,3.5676318872205464,2.0,45.197009781209786
75,Ampara,2025-01-24,2025-01-25,13.0,26.272030767180375,16.0,45.197009781209786
76,Anuradhapura,2025-01-24,2025-01-25,22.0,22.79849422759977,16.0,45.197009781209786
77,Badulla,2025-01-24,2025-01-25,26.0,26.53367315170238,27.0,45.197009781209786
78,Batticaloa,2025-01-24,2025-01-25,53.0,65.04998510626126,64.0,45.197009781209786
79,Colombo,2025-01-24,2025-01-25,225.0,278.6978176826053,284.0,45.197009781209786
80,Galle,2025-01-24,2025-01-25,53.0,55.22494200184214,48.0,45.197009781209786
81,Gampaha,2025-01-24,2025-01-25,162.0,167.52191547830824,184.0,45.197009781209786
82,Hambantota,2025-01-24,2025-01-25,22.0,30.370059275433825,24.0,45.197009781209786
83,Jaffna,2025-01-24,2025-01-25,39.0,58.87269706820896,57.0,45.197009781209786
84,Kalutara,2025-01-24,2025-01-25,29.0,37.45438440253886,38.0,45.197009781209786
85,Kandy,2025-01-24,2025-01-25,80.0,65.78785407075152,62.0,45.197009781209786
86,Kegalle,2025-01-24,2025-01-25,24.0,31.060479913129495,26.0,45.197009781209786
87,Kilinochchi,2025-01-24,2025-01-25,3.0,6.111264806705728,6.0,45.197009781209786
88,Kurunegala,2025-01-24,2025-01-25,18.0,33.226940418840655,34.0,45.197009781209786
89,Mannar,2025-01-24,2025-01-25,12.0,11.218834469853062,7.0,45.197009781209786
90,Matale,2025-01-24,2025-01-25,45.0,38.02905794392264,39.0,45.197009781209786
91,Matara,2025-01-24,2025-01-25,59.0,34.33873121831644,32.0,45.197009781209786
92,Monaragala,2025-01-24,2025-01-25,20.0,24.270463917688843,24.0,45.197009781209786
93,Mullaitivu,2025-01-24,2025-01-25,1.0,3.1946325860355187,4.0,45.197009781209786
94,Nuwara Eliya,2025-01-24,2025-01-25,6.0,8.121380642979096,10.0,45.197009781209786
95,Polonnaruwa,2025-01-24,2025-01-25,8.0,6.361261788955423,3.0,45.197009781209786
96,Puttalam,2025-01-24,2025-01-25,22.0,23.102062525483923,16.0,45.197009781209786
97,Ratnapura,2025-01-24,2025-01-25,58.0,63.17189329479798,70.0,45.197009781209786
98,Trincomalee,2025-01-24,2025-01-25,22.0,29.57097074730598,23.0,45.197009781209786
99,Vavuniya,2025-01-24,2025-01-25,3.0,3.24809771996481,2.0,45.197009781209786
100,Ampara,2025-01-31,2025-02-01,17.0,20.248602135551945,13.0,45.197009781209786
101,Anuradhapura,2025-01-31,2025-02-01,39.0,21.511670423282524,22.0,45.197009781209786
102,Badulla,2025-01-31,2025-02-01,17.0,35.444270158834506,26.0,45.197009781209786
103,Batticaloa,2025-01-31,2025-02-01,60.0,63.73618487988937,53.0,45.197009781209786
104,Colombo,2025-01-31,2025-02-01,252.0,218.15677014408496,225.0,45.197009781209786
105,Galle,2025-01-31,2025-02-01,44.0,60.66077436014755,53.0,45.197009781209786
106,Gampaha,2025-01-31,2025-02-01,131.0,166.34430284506925,162.0,45.197009781209786
107,Hambantota,2025-01-31,2025-02-01,15.0,27.829136723342376,22.0,45.197009781209786
108,Jaffna,2025-01-31,2025-02-01,35.0,42.95558409652371,39.0,45.197009781209786
109,Kalutara,2025-01-31,2025-02-01,29.0,34.69252157857921,29.0,45.197009781209786
110,Kandy,2025-01-31,2025-02-01,50.0,105.12318721701418,80.0,45.197009781209786
111,Kegalle,2025-01-31,2025-02-01,29.0,28.65270196860324,24.0,45.197009781209786
112,Kilinochchi,2025-01-31,2025-02-01,2.0,5.090815438064973,3.0,45.197009781209786
113,Kurunegala,2025-01-31,2025-02-01,27.0,29.302608366900714,18.0,45.197009781209786
114,Mannar,2025-01-31,2025-02-01,3.0,11.144668373632324,12.0,45.197009781209786
115,Matale,2025-01-31,2025-02-01,38.0,46.81160843132397,45.0,45.197009781209786
116,Matara,2025-01-31,2025-02-01,34.0,52.459096761992534,59.0,45.197009781209786
117,Monaragala,2025-01-31,2025-02-01,6.0,26.145786865074886,20.0,45.197009781209786
118,Mullaitivu,2025-01-31,2025-02-01,2.0,3.0725197428652766,1.0,45.197009781209786
119,Nuwara Eliya,2025-01-31,2025-02-01,4.0,8.410562665192701,6.0,45.197009781209786
120,Polonnaruwa,2025-01-31,2025-02-01,10.0,7.856455145953419,8.0,45.197009781209786
121,Puttalam,2025-01-31,2025-02-01,16.0,22.81808905872484,22.0,45.197009781209786
122,Ratnapura,2025-01-31,2025-02-01,47.0,64.76818933236827,58.0,45.197009781209786
123,Trincomalee,2025-01-31,2025-02-01,28.0,26.008628459159564,22.0,45.197009781209786
124,Vavuniya,2025-01-31,2025-02-01,2.0,3.142849100704204,3.0,45.197009781209786
125,Ampara,2025-02-07,2025-02-08,17.0,17.443182908984245,17.0,45.197009781209786
126,Anuradhapura,2025-02-07,2025-02-08,39.0,32.785780331205814,39.0,45.197009781209786
127,Badulla,2025-02-07,2025-02-08,17.0,26.671433888080887,17.0,45.197009781209786
128,Batticaloa,2025-02-07,2025-02-08,60.0,56.538485051834044,60.0,45.197009781209786
129,Colombo,2025-02-07,2025-02-08,252.0,232.29991567281812,252.0,45.197009781209786
130,Galle,2025-02-07,2025-02-08,44.0,51.55535097423941,44.0,45.197009781209786
131,Gampaha,2025-02-07,2025-02-08,131.0,131.50265923853385,131.0,45.197009781209786
132,Hambantota,2025-02-07,2025-02-08,15.0,20.13738992231725,15.0,45.197009781209786
133,Jaffna,2025-02-07,2025-02-08,35.0,35.88242135364138,35.0,45.197009781209786
134,Kalutara,2025-02-07,2025-02-08,29.0,28.669523764285877,29.0,45.197009781209786
135,Kandy,2025-02-07,2025-02-08,50.0,61.61660636813851,50.0,45.197009781209786
136,Kegalle,2025-02-07,2025-02-08,29.0,25.087060435434328,29.0,45.197009781209786
137,Kilinochchi,2025-02-07,2025-02-08,2.0,4.245435354397476,2.0,45.197009781209786
138,Kurunegala,2025-02-07,2025-02-08,27.0,25.26195685768471,27.0,45.197009781209786
139,Mannar,2025-02-07,2025-02-08,3.0,7.652934350887379,3.0,45.197009781209786
140,Matale,2025-02-07,2025-02-08,38.0,35.8866642078013,38.0,45.197009781209786
141,Matara,2025-02-07,2025-02-08,34.0,39.78202860461584,34.0,45.197009781209786
142,Monaragala,2025-02-07,2025-02-08,6.0,24.45016813863571,6.0,45.197009781209786
143,Mullaitivu,2025-02-07,2025-02-08,2.0,2.4585115589329707,2.0,45.197009781209786
144,Nuwara Eliya,2025-02-07,2025-02-08,4.0,7.455821960581267,4.0,45.197009781209786
145,Polonnaruwa,2025-02-07,2025-02-08,10.0,8.741681892239571,10.0,45.197009781209786
146,Puttalam,2025-02-07,2025-02-08,16.0,17.921680880422514,16.0,45.197009781209786
147,Ratnapura,2025-02-07,2025-02-08,47.0,60.44308600793265,47.0,45.197009781209786
148,Trincomalee,2025-02-07,2025-02-08,28.0,24.39035275119152,28.0,45.197009781209786
149,Vavuniya,2025-02-07,2025-02-08,2.0,2.6340826777276605,2.0,45.197009781209786
150,Ampara,2025-02-14,2025-02-15,15.0,17.820962346978128,17.0,45.197009781209786
151,Anuradhapura,2025-02-14,2025-02-15,24.0,35.39377049260356,39.0,45.197009781209786
152,Badulla,2025-02-14,2025-02-15,8.0,21.225043723468325,17.0,45.197009781209786
153,Batticaloa,2025-02-14,2025-02-15,81.0,55.49644251468434,60.0,45.197009781209786
154,Colombo,2025-02-14,2025-02-15,217.0,247.2828415424308,252.0,45.197009781209786
155,Galle,2025-02-14,2025-02-15,43.0,46.12063719858399,44.0,45.197009781209786
156,Gampaha,2025-02-14,2025-02-15,132.0,129.48512803287272,131.0,45.197009781209786
157,Hambantota,2025-02-14,2025-02-15,10.0,18.3366360760601,15.0,45.197009781209786
158,Jaffna,2025-02-14,2025-02-15,30.0,34.70204770970343,35.0,45.197009781209786
159,Kalutara,2025-02-14,2025-02-15,44.0,28.91018308418388,29.0,45.197009781209786
160,Kandy,2025-02-14,2025-02-15,63.0,51.80346406817033,50.0,45.197009781209786
161,Kegalle,2025-02-14,2025-02-15,35.0,26.927566245667446,29.0,45.197009781209786
162,Kilinochchi,2025-02-14,2025-02-15,2.0,2.7823867257848596,2.0,45.197009781209786
163,Kurunegala,2025-02-14,2025-02-15,20.0,24.850819048892834,27.0,45.197009781209786
164,Mannar,2025-02-14,2025-02-15,4.0,5.834158064743419,3.0,45.197009781209786
165,Matale,2025-02-14,2025-02-15,40.0,37.530411676030845,38.0,45.197009781209786
166,Matara,2025-02-14,2025-02-15,35.0,36.77293478435656,34.0,45.197009781209786
167,Monaragala,2025-02-14,2025-02-15,15.0,15.0844442890305,6.0,45.197009781209786
168,Mullaitivu,2025-02-14,2025-02-15,0.0,2.4091474554493018,2.0,45.197009781209786
169,Nuwara Eliya,2025-02-14,2025-02-15,6.0,5.9082618790478385,4.0,45.197009781209786
170,Polonnaruwa,2025-02-14,2025-02-15,9.0,11.049217299898839,10.0,45.197009781209786
171,Puttalam,2025-02-14,2025-02-15,24.0,16.893189509442422,16.0,45.197009781209786
172,Ratnapura,2025-02-14,2025-02-15,50.0,56.82396872605879,47.0,45.197009781209786
173,Trincomalee,2025-02-14,2025-02-15,29.0,25.787108852785163,28.0,45.197009781209786
174,Vavuniya,2025-02-14,2025-02-15,0.0,2.6277277847655998,2.0,45.197009781209786
175,Ampara,2025-02-21,2025-02-22,11.0,16.418011573948657,15.0,45.197009781209786
176,Anuradhapura,2025-02-21,2025-02-22,18.0,29.892899671563004,24.0,45.197009781209786
177,Badulla,2025-02-21,2025-02-22,11.0,16.071290653977805,8.0,45.197009781209786
178,Batticaloa,2025-02-21,2025-02-22,59.0,69.35544677263303,81.0,45.197009781209786
179,Colombo,2025-02-21,2025-02-22,219.0,195.26913547923667,217.0,45.197009781209786
180,Galle,2025-02-21,2025-02-22,21.0,46.2459711341114,43.0,45.197009781209786
181,Gampaha,2025-02-21,2025-02-22,119.0,124.41316867740902,132.0,45.197009781209786
182,Hambantota,2025-02-21,2025-02-22,12.0,15.391030378423132,10.0,45.197009781209786
183,Jaffna,2025-02-21,2025-02-22,28.0,30.191678590238904,30.0,45.197009781209786
184,Kalutara,2025-02-21,2025-02-22,31.0,38.80030831984303,44.0,45.197009781209786
185,Kandy,2025-02-21,2025-02-22,58.0,51.460932942349515,63.0,45.197009781209786
186,Kegalle,2025-02-21,2025-02-22,22.0,34.49420089978142,35.0,45.197009781209786
187,Kilinochchi,2025-02-21,2025-02-22,1.0,2.2796865521042693,2.0,45.197009781209786
188,Kurunegala,2025-02-21,2025-02-22,25.0,22.16977154549979,20.0,45.197009781209786
189,Mannar,2025-02-21,2025-02-22,3.0,4.350278714795456,4.0,45.197009781209786
190,Matale,2025-02-21,2025-02-22,28.0,37.65918565360536,40.0,45.197009781209786
191,Matara,2025-02-21,2025-02-22,24.0,35.404263726770246,35.0,45.197009781209786
192,Monaragala,2025-02-21,2025-02-22,10.0,13.692028418405702,15.0,45.197009781209786
193,Mullaitivu,2025-02-21,2025-02-22,1.0,2.1621382145083614,0.0,45.197009781209786
194,Nuwara Eliya,2025-02-21,2025-02-22,2.0,7.836774544329375,6.0,45.197009781209786
195,Polonnaruwa,2025-02-21,2025-02-22,6.0,10.477215693843592,9.0,45.197009781209786
196,Puttalam,2025-02-21,2025-02-22,23.0,19.621121492319407,24.0,45.197009781209786
197,Ratnapura,2025-02-21,2025-02-22,47.0,52.57660930600853,50.0,45.197009781209786
198,Trincomalee,2025-02-21,2025-02-22,25.0,26.53697943329116,29.0,45.197009781209786
199,Vavuniya,2025-02-21,2025-02-22,5.0,2.2163269345717214,0.0,45.197009781209786
200,Ampara,2025-02-28,2025-03-01,16.0,14.89142855177025,11.0,45.197009781209786
201,Anuradhapura,2025-02-28,2025-03-01,25.0,21.067433779995046,18.0,45.197009781209786
202,Badulla,2025-02-28,2025-03-01,3.0,13.777156691438616,11.0,45.197009781209786
203,Batticaloa,2025-02-28,2025-03-01,56.0,56.326051081745014,59.0,45.197009781209786
204,Colombo,2025-02-28,2025-03-01,262.0,185.23361442279574,219.0,45.197009781209786
205,Galle,2025-02-28,2025-03-01,40.0,33.74943465282974,21.0,45.197009781209786
206,Gampaha,2025-02-28,2025-03-01,142.0,102.88257945729083,119.0,45.197009781209786
207,Hambantota,2025-02-28,2025-03-01,17.0,12.903979077318537,12.0,45.197009781209786
208,Jaffna,2025-02-28,2025-03-01,15.0,24.680254761965788,28.0,45.197009781209786
209,Kalutara,2025-02-28,2025-03-01,43.0,32.28849310099564,31.0,45.197009781209786
210,Kandy,2025-02-28,2025-03-01,49.0,51.02857510080485,58.0,45.197009781209786
211,Kegalle,2025-02-28,2025-03-01,43.0,24.549019440268456,22.0,45.197009781209786
212,Kilinochchi,2025-02-28,2025-03-01,3.0,2.376156783203388,1.0,45.197009781209786
213,Kurunegala,2025-02-28,2025-03-01,17.0,20.687241779026916,25.0,45.197009781209786
214,Mannar,2025-02-28,2025-03-01,0.0,3.4247261454144065,3.0,45.197009781209786
215,Matale,2025-02-28,2025-03-01,39.0,30.241245921495125,28.0,45.197009781209786
216,Matara,2025-02-28,2025-03-01,50.0,28.735117710860965,24.0,45.197009781209786
217,Monaragala,2025-02-28,2025-03-01,17.0,11.645388088681083,10.0,45.197009781209786
218,Mullaitivu,2025-02-28,2025-03-01,1.0,1.7930682672628169,1.0,45.197009781209786
219,Nuwara Eliya,2025-02-28,2025-03-01,2.0,4.236563668475828,2.0,45.197009781209786
220,Polonnaruwa,2025-02-28,2025-03-01,18.0,7.194876816259046,6.0,45.197009781209786
221,Puttalam,2025-02-28,2025-03-01,24.0,19.31891751204577,23.0,45.197009781209786
222,Ratnapura,2025-02-28,2025-03-01,13.0,51.05495829301745,47.0,45.197009781209786
223,Trincomalee,2025-02-28,2025-03-01,17.0,23.279875705982995,25.0,45.197009781209786
224,Vavuniya,2025-02-28,2025-03-01,0.0,3.2453862547416765,5.0,45.197009781209786
225,Ampara,2025-03-07,2025-03-08,11.0,14.030339132395568,16.0,45.197009781209786
226,Anuradhapura,2025-03-07,2025-03-08,12.0,20.804851692221035,25.0,45.197009781209786
227,Badulla,2025-03-07,2025-03-08,17.0,8.66307972405709,3.0,45.197009781209786
228,Batticaloa,2025-03-07,2025-03-08,31.0,56.76624977534979,56.0,45.197009781209786
229,Colombo,2025-03-07,2025-03-08,214.0,260.5819964548949,262.0,45.197009781209786
230,Galle,2025-03-07,2025-03-08,24.0,33.80277294170745,40.0,45.197009781209786
231,Gampaha,2025-03-07,2025-03-08,132.0,127.04799149195935,142.0,45.197009781209786
232,Hambantota,2025-03-07,2025-03-08,14.0,14.034576385073827,17.0,45.197009781209786
233,Jaffna,2025-03-07,2025-03-08,23.0,21.464069324097867,15.0,45.197009781209786
234,Kalutara,2025-03-07,2025-03-08,37.0,38.2901370929382,43.0,45.197009781209786
235,Kandy,2025-03-07,2025-03-08,59.0,50.84184962731421,49.0,45.197009781209786
236,Kegalle,2025-03-07,2025-03-08,20.0,36.12968223926109,43.0,45.197009781209786
237,Kilinochchi,2025-03-07,2025-03-08,6.0,2.0228101728033137,3.0,45.197009781209786
238,Kurunegala,2025-03-07,2025-03-08,23.0,17.98079090386644,17.0,45.197009781209786
239,Mannar,2025-03-07,2025-03-08,2.0,2.3619680829956127,0.0,45.197009781209786
240,Matale,2025-03-07,2025-03-08,22.0,30.42930730821782,39.0,45.197009781209786
241,Matara,2025-03-07,2025-03-08,32.0,40.95579822279542,50.0,45.197009781209786
242,Monaragala,2025-03-07,2025-03-08,23.0,14.38072934205052,17.0,45.197009781209786
243,Mullaitivu,2025-03-07,2025-03-08,3.0,1.4371241457509774,1.0,45.197009781209786
244,Nuwara Eliya,2025-03-07,2025-03-08,1.0,2.9451877054796904,2.0,45.197009781209786
245,Polonnaruwa,2025-03-07,2025-03-08,3.0,13.621197086842972,18.0,45.197009781209786
246,Puttalam,2025-03-07,2025-03-08,15.0,20.866366186037407,24.0,45.197009781209786
247,Ratnapura,2025-03-07,2025-03-08,46.0,34.988277937094715,13.0,45.197009781209786
248,Trincomalee,2025-03-07,2025-03-08,25.0,22.687124753755896,17.0,45.197009781209786
249,Vavuniya,2025-03-07,2025-03-08,1.0,2.4794577790365393,0.0,45.197009781209786
250,Ampara,2025-03-14,2025-03-15,9.0,13.882909026553621,11.0,45.197009781209786
251,Anuradhapura,2025-03-14,2025-03-15,8.0,17.399066286728797,12.0,45.197009781209786
252,Badulla,2025-03-14,2025-03-15,6.0,13.033912674425027,17.0,45.197009781209786
253,Batticaloa,2025-03-14,2025-03-15,28.0,36.88866946686674,31.0,45.197009781209786
254,Colombo,2025-03-14,2025-03-15,242.0,197.9378306472494,214.0,45.197009781209786
255,Galle,2025-03-14,2025-03-15,35.0,29.92650217619988,24.0,45.197009781209786
256,Gampaha,2025-03-14,2025-03-15,125.0,124.23957117140104,132.0,45.197009781209786
257,Hambantota,2025-03-14,2025-03-15,18.0,14.240017309437917,14.0,45.197009781209786
258,Jaffna,2025-03-14,2025-03-15,25.0,21.590805671211218,23.0,45.197009781209786
259,Kalutara,2025-03-14,2025-03-15,35.0,34.155540866686316,37.0,45.197009781209786
260,Kandy,2025-03-14,2025-03-15,59.0,54.6113131503973,59.0,45.197009781209786
261,Kegalle,2025-03-14,2025-03-15,32.0,27.75235484571654,20.0,45.197009781209786
262,Kilinochchi,2025-03-14,2025-03-15,0.0,3.680768333493861,6.0,45.197009781209786
263,Kurunegala,2025-03-14,2025-03-15,21.0,19.20241138733508,23.0,45.197009781209786
264,Mannar,2025-03-14,2025-03-15,2.0,2.1480203138023195,2.0,45.197009781209786
265,Matale,2025-03-14,2025-03-15,20.0,26.41849254655268,22.0,45.197009781209786
266,Matara,2025-03-14,2025-03-15,30.0,34.839621999370976,32.0,45.197009781209786
267,Monaragala,2025-03-14,2025-03-15,24.0,19.435022789139474,23.0,45.197009781209786
268,Mullaitivu,2025-03-14,2025-03-15,0.0,1.6509863857853635,3.0,45.197009781209786
269,Nuwara Eliya,2025-03-14,2025-03-15,6.0,2.7016145071351554,1.0,45.197009781209786
270,Polonnaruwa,2025-03-14,2025-03-15,6.0,7.852696992997376,3.0,45.197009781209786
271,Puttalam,2025-03-14,2025-03-15,10.0,18.45774024206859,15.0,45.197009781209786
272,Ratnapura,2025-03-14,2025-03-15,56.0,43.10369349525516,46.0,45.197009781209786
273,Trincomalee,2025-03-14,2025-03-15,23.0,21.321689699002334,25.0,45.197009781209786
274,Vavuniya,2025-03-14,2025-03-15,1.0,1.8904142018048178,1.0,45.197009781209786
275,Ampara,2025-03-21,2025-03-22,12.0,12.328540317385938,9.0,45.197009781209786
276,Anuradhapura,2025-03-21,2025-03-22,9.0,12.070486416528215,8.0,45.197009781209786
277,Badulla,2025-03-21,2025-03-22,12.0,8.429776705201071,6.0,45.197009781209786
278,Batticaloa,2025-03-21,2025-03-22,28.0,32.284627507326846,28.0,45.197009781209786
279,Colombo,2025-03-21,2025-03-22,239.0,229.61405320169172,242.0,45.197009781209786
280,Galle,2025-03-21,2025-03-22,31.0,33.333419414161945,35.0,45.197009781209786
281,Gampaha,2025-03-21,2025-03-22,135.0,110.43713403244338,125.0,45.197009781209786
282,Hambantota,2025-03-21,2025-03-22,12.0,16.300384800868468,18.0,45.197009781209786
283,Jaffna,2025-03-21,2025-03-22,24.0,21.806643831288728,25.0,45.197009781209786
284,Kalutara,2025-03-21,2025-03-22,30.0,34.90425500583307,35.0,45.197009781209786
285,Kandy,2025-03-21,2025-03-22,56.0,55.988740114960684,59.0,45.197009781209786
286,Kegalle,2025-03-21,2025-03-22,24.0,27.123031599590803,32.0,45.197009781209786
287,Kilinochchi,2025-03-21,2025-03-22,2.0,3.4312132233001966,0.0,45.197009781209786
288,Kurunegala,2025-03-21,2025-03-22,19.0,18.992051097320157,21.0,45.197009781209786
289,Mannar,2025-03-21,2025-03-22,4.0,2.211924233226107,2.0,45.197009781209786
290,Matale,2025-03-21,2025-03-22,32.0,23.128455990778296,20.0,45.197009781209786
291,Matara,2025-03-21,2025-03-22,44.0,30.974308526588242,30.0,45.197009781209786
292,Monaragala,2025-03-21,2025-03-22,21.0,21.686503907627174,24.0,45.197009781209786
293,Mullaitivu,2025-03-21,2025-03-22,0.0,1.9460435898964457,0.0,45.197009781209786
294,Nuwara Eliya,2025-03-21,2025-03-22,4.0,3.591650448451579,6.0,45.197009781209786
295,Polonnaruwa,2025-03-21,2025-03-22,4.0,7.078840399409073,6.0,45.197009781209786
296,Puttalam,2025-03-21,2025-03-22,14.0,15.319458301324957,10.0,45.197009781209786
297,Ratnapura,2025-03-21,2025-03-22,45.0,49.98920842034029,56.0,45.197009781209786
298,Trincomalee,2025-03-21,2025-03-22,28.0,22.527053409481585,23.0,45.197009781209786
299,Vavuniya,2025-03-21,2025-03-22,1.0,2.0702929618701416,1.0,45.197009781209786
300,Ampara,2025-03-28,2025-03-29,15.0,11.626585582292732,12.0,45.197009781209786
301,Anuradhapura,2025-03-28,2025-03-29,6.0,10.06504318115876,9.0,45.197009781209786
302,Badulla,2025-03-28,2025-03-29,9.0,11.952584310206882,12.0,45.197009781209786
303,Batticaloa,2025-03-28,2025-03-29,46.0,27.893339848511847,28.0,45.197009781209786
304,Colombo,2025-03-28,2025-03-29,204.0,218.21510986367358,239.0,45.197009781209786
305,Galle,2025-03-28,2025-03-29,34.0,31.81492879467205,31.0,45.197009781209786
306,Gampaha,2025-03-28,2025-03-29,135.0,134.55428274387089,135.0,45.197009781209786
307,Hambantota,2025-03-28,2025-03-29,13.0,15.563445357641719,12.0,45.197009781209786
308,Jaffna,2025-03-28,2025-03-29,15.0,23.49636353139047,24.0,45.197009781209786
309,Kalutara,2025-03-28,2025-03-29,39.0,32.23055823098776,30.0,45.197009781209786
310,Kandy,2025-03-28,2025-03-29,65.0,57.31476711285532,56.0,45.197009781209786
311,Kegalle,2025-03-28,2025-03-29,20.0,25.47354683258797,24.0,45.197009781209786
312,Kilinochchi,2025-03-28,2025-03-29,0.0,2.5612314336939908,2.0,45.197009781209786
313,Kurunegala,2025-03-28,2025-03-29,19.0,19.26729553663891,19.0,45.197009781209786
314,Mannar,2025-03-28,2025-03-29,2.0,2.605804642736624,4.0,45.197009781209786
315,Matale,2025-03-28,2025-03-29,21.0,24.504356427599763,32.0,45.197009781209786
316,Matara,2025-03-28,2025-03-29,38.0,40.4072865335244,44.0,45.197009781209786
317,Monaragala,2025-03-28,2025-03-29,15.0,22.194663358754145,21.0,45.197009781209786
318,Mullaitivu,2025-03-28,2025-03-29,2.0,1.664111221520561,0.0,45.197009781209786
319,Nuwara Eliya,2025-03-28,2025-03-29,3.0,3.2750387788841056,4.0,45.197009781209786
320,Polonnaruwa,2025-03-28,2025-03-29,5.0,5.761011173382128,4.0,45.197009781209786
321,Puttalam,2025-03-28,2025-03-29,11.0,13.91198551316086,14.0,45.197009781209786
322,Ratnapura,2025-03-28,2025-03-29,54.0,57.07726840492002,45.0,45.197009781209786
323,Trincomalee,2025-03-28,2025-03-29,36.0,24.331359713723913,28.0,45.197009781209786
324,Vavuniya,2025-03-28,2025-03-29,3.0,1.9088805706536398,1.0,45.197009781209786
325,Ampara,2025-04-04,2025-04-05,22.0,12.945807487179755,15.0,45.197009781209786
326,Anuradhapura,2025-04-04,2025-04-05,3.0,8.920670227049412,6.0,45.197009781209786
327,Badulla,2025-04-04,2025-04-05,18.0,9.590086613680175,9.0,45.197009781209786
328,Batticaloa,2025-04-04,2025-04-05,70.0,39.88216776115796,46.0,45.197009781209786
329,Colombo,2025-04-04,2025-04-05,277.0,189.53699928948845,204.0,45.197009781209786
330,Galle,2025-04-04,2025-04-05,29.0,33.140592234158945,34.0,45.197009781209786
331,Gampaha,2025-04-04,2025-04-05,137.0,135.23772380416136,135.0,45.197009781209786
332,Hambantota,2025-04-04,2025-04-05,10.0,15.22056600896054,13.0,45.197009781209786
333,Jaffna,2025-04-04,2025-04-05,11.0,19.814529848906524,15.0,45.197009781209786
334,Kalutara,2025-04-04,2025-04-05,36.0,34.66775814095123,39.0,45.197009781209786
335,Kandy,2025-04-04,2025-04-05,50.0,58.780860399463116,65.0,45.197009781209786
336,Kegalle,2025-04-04,2025-04-05,29.0,24.054252723286677,20.0,45.197009781209786
337,Kilinochchi,2025-04-04,2025-04-05,1.0,2.010726790439146,0.0,45.197009781209786
338,Kurunegala,2025-04-04,2025-04-05,17.0,18.01432637588724,19.0,45.197009781209786
339,Mannar,2025-04-04,2025-04-05,1.0,1.945173147986324,2.0,45.197009781209786
340,Matale,2025-04-04,2025-04-05,30.0,26.048917633834183,21.0,45.197009781209786
341,Matara,2025-04-04,2025-04-05,32.0,36.29065002637235,38.0,45.197009781209786
342,Monaragala,2025-04-04,2025-04-05,29.0,20.705496658853534,15.0,45.197009781209786
343,Mullaitivu,2025-04-04,2025-04-05,2.0,1.5830673609509676,2.0,45.197009781209786
344,Nuwara Eliya,2025-04-04,2025-04-05,1.0,3.386406741288453,3.0,45.197009781209786
345,Polonnaruwa,2025-04-04,2025-04-05,6.0,5.882230199141549,5.0,45.197009781209786
346,Puttalam,2025-04-04,2025-04-05,8.0,13.30613438074128,11.0,45.197009781209786
347,Ratnapura,2025-04-04,2025-04-05,146.0,55.9336014377689,54.0,45.197009781209786
348,Trincomalee,2025-04-04,2025-04-05,33.0,31.053002684433395,36.0,45.197009781209786
349,Vavuniya,2025-04-04,2025-04-05,0.0,1.325134657810183,3.0,45.197009781209786
350,Ampara,2025-04-11,2025-04-12,13.0,20.604690380770165,22.0,45.197009781209786
351,Anuradhapura,2025-04-11,2025-04-12,4.0,6.076121825903266,3.0,45.197009781209786
352,Badulla,2025-04-11,2025-04-12,11.0,14.677981876319713,18.0,45.197009781209786
353,Batticaloa,2025-04-11,2025-04-12,62.0,51.528578960998296,70.0,45.197009781209786
354,Colombo,2025-04-11,2025-04-12,230.0,278.5131620314408,277.0,45.197009781209786
355,Galle,2025-04-11,2025-04-12,23.0,33.44458229871293,29.0,45.197009781209786
356,Gampaha,2025-04-11,2025-04-12,171.0,156.6422792170801,137.0,45.197009781209786
357,Hambantota,2025-04-11,2025-04-12,12.0,14.722393529723062,10.0,45.197009781209786
358,Jaffna,2025-04-11,2025-04-12,18.0,15.846429283657553,11.0,45.197009781209786
359,Kalutara,2025-04-11,2025-04-12,42.0,35.69208573498836,36.0,45.197009781209786
360,Kandy,2025-04-11,2025-04-12,53.0,55.77615712306862,50.0,45.197009781209786
361,Kegalle,2025-04-11,2025-04-12,13.0,22.149339297839834,29.0,45.197009781209786
362,Kilinochchi,2025-04-11,2025-04-12,1.0,1.7172063079112734,1.0,45.197009781209786
363,Kurunegala,2025-04-11,2025-04-12,13.0,17.26377853505041,17.0,45.197009781209786
364,Mannar,2025-04-11,2025-04-12,2.0,2.03157831763362,1.0,45.197009781209786
365,Matale,2025-04-11,2025-04-12,28.0,27.6779477395083,30.0,45.197009781209786
366,Matara,2025-04-11,2025-04-12,35.0,37.765972160157794,32.0,45.197009781209786
367,Monaragala,2025-04-11,2025-04-12,27.0,23.35112271654653,29.0,45.197009781209786
368,Mullaitivu,2025-04-11,2025-04-12,1.0,1.718233140428601,2.0,45.197009781209786
369,Nuwara Eliya,2025-04-11,2025-04-12,3.0,3.2659617296969383,1.0,45.197009781209786
370,Polonnaruwa,2025-04-11,2025-04-12,5.0,5.387751723161073,6.0,45.197009781209786
371,Puttalam,2025-04-11,2025-04-12,7.0,11.421077064065146,8.0,45.197009781209786
372,Ratnapura,2025-04-11,2025-04-12,146.0,132.45371496937565,146.0,45.197009781209786
373,Trincomalee,2025-04-11,2025-04-12,44.0,31.947677590076875,33.0,45.197009781209786
374,Vavuniya,2025-04-11,2025-04-12,5.0,1.9170470283170864,0.0,45.197009781209786
375,Ampara,2025-04-18,2025-04-19,15.0,16.095167429106137,13.0,45.197009781209786
376,Anuradhapura,2025-04-18,2025-04-19,8.0,5.157860819939957,4.0,45.197009781209786
377,Badulla,2025-04-18,2025-04-19,19.0,13.473498733708626,11.0,45.197009781209786
378,Batticaloa,2025-04-18,2025-04-19,94.0,62.09332627211358,62.0,45.197009781209786
379,Colombo,2025-04-18,2025-04-19,306.0,223.5397819748693,230.0,45.197009781209786
380,Galle,2025-04-18,2025-04-19,55.0,29.78431720054811,23.0,45.197009781209786
381,Gampaha,2025-04-18,2025-04-19,166.0,161.82784683165565,171.0,45.197009781209786
382,Hambantota,2025-04-18,2025-04-19,23.0,13.259338086318877,12.0,45.197009781209786
383,Jaffna,2025-04-18,2025-04-19,44.0,14.884114631898614,18.0,45.197009781209786
384,Kalutara,2025-04-18,2025-04-19,64.0,40.72143940868063,42.0,45.197009781209786
385,Kandy,2025-04-18,2025-04-19,73.0,54.32433529313486,53.0,45.197009781209786
386,Kegalle,2025-04-18,2025-04-19,35.0,21.946222310102634,13.0,45.197009781209786
387,Kilinochchi,2025-04-18,2025-04-19,7.0,1.0562536310644883,1.0,45.197009781209786
388,Kurunegala,2025-04-18,2025-04-19,53.0,15.415359233746052,13.0,45.197009781209786
389,Mannar,2025-04-18,2025-04-19,1.0,2.0750667178899107,2.0,45.197009781209786
390,Matale,2025-04-18,2025-04-19,42.0,26.403001533310505,28.0,45.197009781209786
391,Matara,2025-04-18,2025-04-19,38.0,34.4725094621944,35.0,45.197009781209786
392,Monaragala,2025-04-18,2025-04-19,12.0,25.016564984199583,27.0,45.197009781209786
393,Mullaitivu,2025-04-18,2025-04-19,0.0,1.4478248919463996,1.0,45.197009781209786
394,Nuwara Eliya,2025-04-18,2025-04-19,6.0,3.2298784933149616,3.0,45.197009781209786
395,Polonnaruwa,2025-04-18,2025-04-19,8.0,5.326966179287862,5.0,45.197009781209786
396,Puttalam,2025-04-18,2025-04-19,10.0,8.358799935441295,7.0,45.197009781209786
397,Ratnapura,2025-04-18,2025-04-19,319.0,160.8241520401062,146.0,45.197009781209786
398,Trincomalee,2025-04-18,2025-04-19,46.0,37.9917127591242,44.0,45.197009781209786
399,Vavuniya,2025-04-18,2025-04-19,1.0,2.963936766078378,5.0,45.197009781209786
400,Ampara,2025-04-25,2025-04-26,24.0,14.913443827587962,15.0,45.197009781209786
401,Anuradhapura,2025-04-25,2025-04-26,10.0,5.718659841689808,8.0,45.197009781209786
402,Badulla,2025-04-25,2025-04-26,12.0,17.561317896456845,19.0,45.197009781209786
403,Batticaloa,2025-04-25,2025-04-26,84.0,91.49174733140151,94.0,45.197009781209786
404,Colombo,2025-04-25,2025-04-26,276.0,313.607023621876,306.0,45.197009781209786
405,Galle,2025-04-25,2025-04-26,29.0,45.83065921274686,55.0,45.197009781209786
406,Gampaha,2025-04-25,2025-04-26,158.0,171.20218960548374,166.0,45.197009781209786
407,Hambantota,2025-04-25,2025-04-26,24.0,19.227987180969084,23.0,45.197009781209786
408,Jaffna,2025-04-25,2025-04-26,20.0,33.41237322657559,44.0,45.197009781209786
409,Kalutara,2025-04-25,2025-04-26,59.0,53.71792133911632,64.0,45.197009781209786
410,Kandy,2025-04-25,2025-04-26,60.0,59.81085287114465,73.0,45.197009781209786
411,Kegalle,2025-04-25,2025-04-26,38.0,30.777708888689684,35.0,45.197009781209786
412,Kilinochchi,2025-04-25,2025-04-26,1.0,3.4910426664353773,7.0,45.197009781209786
413,Kurunegala,2025-04-25,2025-04-26,34.0,39.799681444002594,53.0,45.197009781209786
414,Mannar,2025-04-25,2025-04-26,6.0,1.9642757170699512,1.0,45.197009781209786
415,Matale,2025-04-25,2025-04-26,28.0,36.65059942547264,42.0,45.197009781209786
416,Matara,2025-04-25,2025-04-26,38.0,36.650330564259335,38.0,45.197009781209786
417,Monaragala,2025-04-25,2025-04-26,22.0,25.42775850386679,12.0,45.197009781209786
418,Mullaitivu,2025-04-25,2025-04-26,2.0,1.601184558897395,0.0,45.197009781209786
419,Nuwara Eliya,2025-04-25,2025-04-26,6.0,4.554675068656182,6.0,45.197009781209786
420,Polonnaruwa,2025-04-25,2025-04-26,10.0,5.767863054941327,8.0,45.197009781209786
421,Puttalam,2025-04-25,2025-04-26,9.0,8.925672308792326,10.0,45.197009781209786
422,Ratnapura,2025-04-25,2025-04-26,273.0,304.92923926169414,319.0,45.197009781209786
423,Trincomalee,2025-04-25,2025-04-26,64.0,40.12827472561234,46.0,45.197009781209786
424,Vavuniya,2025-04-25,2025-04-26,3.0,2.3510450069895503,1.0,45.197009781209786
425,Ampara,2025-05-02,2025-05-03,17.0,22.547290164442916,24.0,45.197009781209786
426,Anuradhapura,2025-05-02,2025-05-03,11.0,9.240268793067099,10.0,45.197009781209786
427,Badulla,2025-05-02,2025-05-03,7.0,16.656519400925024,12.0,45.197009781209786
428,Batticaloa,2025-05-02,2025-05-03,59.0,85.74615640890447,84.0,45.197009781209786
429,Colombo,2025-05-02,2025-05-03,310.0,314.1292434451212,276.0,45.197009781209786
430,Galle,2025-05-02,2025-05-03,32.0,38.64742472394052,29.0,45.197009781209786
431,Gampaha,2025-05-02,2025-05-03,194.0,172.35615259149438,158.0,45.197009781209786
432,Hambantota,2025-05-02,2025-05-03,16.0,22.736806339626703,24.0,45.197009781209786
433,Jaffna,2025-05-02,2025-05-03,18.0,24.028353736885148,20.0,45.197009781209786
434,Kalutara,2025-05-02,2025-05-03,63.0,57.232842539511694,59.0,45.197009781209786
435,Kandy,2025-05-02,2025-05-03,77.0,63.804851492203284,60.0,45.197009781209786
436,Kegalle,2025-05-02,2025-05-03,43.0,33.066941384844604,38.0,45.197009781209786
437,Kilinochchi,2025-05-02,2025-05-03,1.0,2.8628919188415267,1.0,45.197009781209786
438,Kurunegala,2025-05-02,2025-05-03,30.0,32.81834644402091,34.0,45.197009781209786
439,Mannar,2025-05-02,2025-05-03,1.0,2.884079379495987,6.0,45.197009781209786
440,Matale,2025-05-02,2025-05-03,23.0,32.56632525138054,28.0,45.197009781209786
441,Matara,2025-05-02,2025-05-03,17.0,35.911641538657875,38.0,45.197009781209786
442,Monaragala,2025-05-02,2025-05-03,10.0,22.48304775831359,22.0,45.197009781209786
443,Mullaitivu,2025-05-02,2025-05-03,1.0,1.6505757007505177,2.0,45.197009781209786
444,Nuwara Eliya,2025-05-02,2025-05-03,7.0,6.060352970285176,6.0,45.197009781209786
445,Polonnaruwa,2025-05-02,2025-05-03,10.0,9.790580985021938,10.0,45.197009781209786
446,Puttalam,2025-05-02,2025-05-03,12.0,10.122415841164758,9.0,45.197009781209786
447,Ratnapura,2025-05-02,2025-05-03,242.0,336.0378796837333,273.0,45.197009781209786
448,Trincomalee,2025-05-02,2025-05-03,55.0,53.5581086222146,64.0,45.197009781209786
449,Vavuniya,2025-05-02,2025-05-03,0.0,2.5811592817634477,3.0,45.197009781209786
450,Ampara,2025-05-09,2025-05-10,16.0,17.80448690681704,17.0,45.197009781209786
451,Anuradhapura,2025-05-09,2025-05-10,11.0,10.125168379917284,11.0,45.197009781209786
452,Badulla,2025-05-09,2025-05-10,7.0,13.318403666568404,7.0,45.197009781209786
453,Batticaloa,2025-05-09,2025-05-10,58.0,64.67119628924424,59.0,45.197009781209786
454,Colombo,2025-05-09,2025-05-10,359.0,321.8713719229783,310.0,45.197009781209786
455,Galle,2025-05-09,2025-05-10,44.0,33.124336428443925,32.0,45.197009781209786
456,Gampaha,2025-05-09,2025-05-10,224.0,188.02864089050945,194.0,45.197009781209786
457,Hambantota,2025-05-09,2025-05-10,20.0,20.805404896625113,16.0,45.197009781209786
458,Jaffna,2025-05-09,2025-05-10,27.0,21.25254181489102,18.0,45.197009781209786
459,Kalutara,2025-05-09,2025-05-10,35.0,61.02483572369186,63.0,45.197009781209786
460,Kandy,2025-05-09,2025-05-10,98.0,67.81490903705259,77.0,45.197009781209786
461,Kegalle,2025-05-09,2025-05-10,45.0,42.13861868357619,43.0,45.197009781209786
462,Kilinochchi,2025-05-09,2025-05-10,4.0,2.135147958688972,1.0,45.197009781209786
463,Kurunegala,2025-05-09,2025-05-10,44.0,32.92752988934666,30.0,45.197009781209786
464,Mannar,2025-05-09,2025-05-10,3.0,2.6893902299713597,1.0,45.197009781209786
465,Matale,2025-05-09,2025-05-10,16.0,27.248549024503735,23.0,45.197009781209786
466,Matara,2025-05-09,2025-05-10,27.0,33.53348071397334,17.0,45.197009781209786
467,Monaragala,2025-05-09,2025-05-10,17.0,17.996406864624934,10.0,45.197009781209786
468,Mullaitivu,2025-05-09,2025-05-10,2.0,1.3864599795665944,1.0,45.197009781209786
469,Nuwara Eliya,2025-05-09,2025-05-10,9.0,6.37043655593353,7.0,45.197009781209786
470,Polonnaruwa,2025-05-09,2025-05-10,7.0,9.93763343924973,10.0,45.197009781209786
471,Puttalam,2025-05-09,2025-05-10,8.0,10.296938802439646,12.0,45.197009781209786
472,Ratnapura,2025-05-09,2025-05-10,251.0,247.71472188743786,242.0,45.197009781209786
473,Trincomalee,2025-05-09,2025-05-10,45.0,53.61539520154959,55.0,45.197009781209786
474,Vavuniya,2025-05-09,2025-05-10,2.0,2.4349363532441184,0.0,45.197009781209786
475,Ampara,2025-05-16,2025-05-17,14.0,16.51994485379524,16.0,45.197009781209786
476,Anuradhapura,2025-05-16,2025-05-17,13.0,10.123202157273273,11.0,45.197009781209786
477,Badulla,2025-05-16,2025-05-17,25.0,10.216287727929977,7.0,45.197009781209786
478,Batticaloa,2025-05-16,2025-05-17,53.0,55.66593564456199,58.0,45.197009781209786
479,Colombo,2025-05-16,2025-05-17,336.0,348.7302595704055,359.0,45.197009781209786
480,Galle,2025-05-16,2025-05-17,56.0,43.56786579728349,44.0,45.197009781209786
481,Gampaha,2025-05-16,2025-05-17,208.0,193.36366374427078,224.0,45.197009781209786
482,Hambantota,2025-05-16,2025-05-17,20.0,19.326117541913437,20.0,45.197009781209786
483,Jaffna,2025-05-16,2025-05-17,35.0,22.94596760039087,27.0,45.197009781209786
484,Kalutara,2025-05-16,2025-05-17,92.0,44.082345823370915,35.0,45.197009781209786
485,Kandy,2025-05-16,2025-05-17,126.0,83.31556360585442,98.0,45.197009781209786
486,Kegalle,2025-05-16,2025-05-17,43.0,43.60851822439279,45.0,45.197009781209786
487,Kilinochchi,2025-05-16,2025-05-17,2.0,2.3596922631709467,4.0,45.197009781209786
488,Kurunegala,2025-05-16,2025-05-17,47.0,41.1424633142121,44.0,45.197009781209786
489,Mannar,2025-05-16,2025-05-17,4.0,2.3034162628715715,3.0,45.197009781209786
490,Matale,2025-05-16,2025-05-17,20.0,21.263680276497894,16.0,45.197009781209786
491,Matara,2025-05-16,2025-05-17,21.0,26.79987811723651,27.0,45.197009781209786
492,Monaragala,2025-05-16,2025-05-17,15.0,16.571936495396642,17.0,45.197009781209786
493,Mullaitivu,2025-05-16,2025-05-17,1.0,1.4602529124819625,2.0,45.197009781209786
494,Nuwara Eliya,2025-05-16,2025-05-17,4.0,8.182144873144068,9.0,45.197009781209786
495,Polonnaruwa,2025-05-16,2025-05-17,6.0,8.353819686366617,7.0,45.197009781209786
496,Puttalam,2025-05-16,2025-05-17,13.0,9.45121934760036,8.0,45.197009781209786
497,Ratnapura,2025-05-16,2025-05-17,203.0,254.60960893922564,251.0,45.197009781209786
498,Trincomalee,2025-05-16,2025-05-17,43.0,47.738626204523264,45.0,45.197009781209786
499,Vavuniya,2025-05-16,2025-05-17,2.0,2.28716687975357,2.0,45.197009781209786
500,Ampara,2025-05-23,2025-05-24,14.0,15.223331967614817,14.0,45.197009781209786
501,Anuradhapura,2025-05-23,2025-05-24,11.0,11.792414673700806,13.0,45.197009781209786
502,Badulla,2025-05-23,2025-05-24,26.0,23.515901716986047,25.0,45.197009781209786
503,Batticaloa,2025-05-23,2025-05-24,52.0,49.11436905559857,53.0,45.197009781209786
504,Colombo,2025-05-23,2025-05-24,302.0,358.1071930210249,336.0,45.197009781209786
505,Galle,2025-05-23,2025-05-24,44.0,49.74595627138438,56.0,45.197009781209786
506,Gampaha,2025-05-23,2025-05-24,197.0,185.18021865739132,208.0,45.197009781209786
507,Hambantota,2025-05-23,2025-05-24,8.0,20.3279256926118,20.0,45.197009781209786
508,Jaffna,2025-05-23,2025-05-24,20.0,29.53863411960583,35.0,45.197009781209786
509,Kalutara,2025-05-23,2025-05-24,71.0,80.37292603600662,92.0,45.197009781209786
510,Kandy,2025-05-23,2025-05-24,105.0,117.41503824699168,126.0,45.197009781209786
511,Kegalle,2025-05-23,2025-05-24,61.0,43.9722048524801,43.0,45.197009781209786
512,Kilinochchi,2025-05-23,2025-05-24,2.0,2.3286592203009477,2.0,45.197009781209786
513,Kurunegala,2025-05-23,2025-05-24,60.0,42.402146666599066,47.0,45.197009781209786
514,Mannar,2025-05-23,2025-05-24,2.0,2.5188980178539566,4.0,45.197009781209786
515,Matale,2025-05-23,2025-05-24,20.0,21.020708250974103,20.0,45.197009781209786
516,Matara,2025-05-23,2025-05-24,26.0,24.701610178933823,21.0,45.197009781209786
517,Monaragala,2025-05-23,2025-05-24,26.0,15.700035314596072,15.0,45.197009781209786
518,Mullaitivu,2025-05-23,2025-05-24,1.0,1.7512518109579978,1.0,45.197009781209786
519,Nuwara Eliya,2025-05-23,2025-05-24,7.0,7.093773260062586,4.0,45.197009781209786
520,Polonnaruwa,2025-05-23,2025-05-24,12.0,8.193942232967983,6.0,45.197009781209786
521,Puttalam,2025-05-23,2025-05-24,11.0,11.10133899132397,13.0,45.197009781209786
522,Ratnapura,2025-05-23,2025-05-24,197.0,199.5518823758295,203.0,45.197009781209786
523,Trincomalee,2025-05-23,2025-05-24,39.0,41.196333322203806,43.0,45.197009781209786
524,Vavuniya,2025-05-23,2025-05-24,1.0,1.9924175680535139,2.0,45.197009781209786
525,Ampara,2025-05-30,2025-05-31,28.0,14.823341773084094,14.0,45.197009781209786
526,Anuradhapura,2025-05-30,2025-05-31,10.0,11.963818968115321,11.0,45.197009781209786
527,Badulla,2025-05-30,2025-05-31,24.0,24.42318198097036,26.0,45.197009781209786
528,Batticaloa,2025-05-30,2025-05-31,59.0,49.54810421226837,52.0,45.197009781209786
529,Colombo,2025-05-30,2025-05-31,245.0,341.8173969483581,302.0,45.197009781209786
530,Galle,2025-05-30,2025-05-31,49.0,53.90906654199013,44.0,45.197009781209786
531,Gampaha,2025-05-30,2025-05-31,228.0,185.43837820787732,197.0,45.197009781209786
532,Hambantota,2025-05-30,2025-05-31,24.0,12.322107370712903,8.0,45.197009781209786
533,Jaffna,2025-05-30,2025-05-31,26.0,25.4857641646681,20.0,45.197009781209786
534,Kalutara,2025-05-30,2025-05-31,68.0,73.15896708046688,71.0,45.197009781209786
535,Kandy,2025-05-30,2025-05-31,126.0,113.1227018834036,105.0,45.197009781209786
536,Kegalle,2025-05-30,2025-05-31,54.0,54.94361913823495,61.0,45.197009781209786
537,Kilinochchi,2025-05-30,2025-05-31,1.0,1.908947823695134,2.0,45.197009781209786
538,Kurunegala,2025-05-30,2025-05-31,43.0,55.96545431611875,60.0,45.197009781209786
539,Mannar,2025-05-30,2025-05-31,3.0,2.6007461829206866,2.0,45.197009781209786
540,Matale,2025-05-30,2025-05-31,24.0,20.438357349069122,20.0,45.197009781209786
541,Matara,2025-05-30,2025-05-31,34.0,24.575005661321264,26.0,45.197009781209786
542,Monaragala,2025-05-30,2025-05-31,29.0,22.952840085671482,26.0,45.197009781209786
543,Mullaitivu,2025-05-30,2025-05-31,4.0,1.6211043657783422,1.0,45.197009781209786
544,Nuwara Eliya,2025-05-30,2025-05-31,9.0,7.690807306476123,7.0,45.197009781209786
545,Polonnaruwa,2025-05-30,2025-05-31,15.0,12.17762237714435,12.0,45.197009781209786
546,Puttalam,2025-05-30,2025-05-31,17.0,12.515827952667737,11.0,45.197009781209786
547,Ratnapura,2025-05-30,2025-05-31,172.0,196.71684602060859,197.0,45.197009781209786
548,Trincomalee,2025-05-30,2025-05-31,40.0,40.53132588949763,39.0,45.197009781209786
549,Vavuniya,2025-05-30,2025-05-31,5.0,1.995175986279018,1.0,45.197009781209786
550,Ampara,2025-06-06,2025-06-07,11.0,19.433629223892975,28.0,45.197009781209786
551,Anuradhapura,2025-06-06,2025-06-07,7.0,11.328723124334664,10.0,45.197009781209786
552,Badulla,2025-06-06,2025-06-07,24.0,24.75865968443025,24.0,45.197009781209786
553,Batticaloa,2025-06-06,2025-06-07,30.0,52.383943248957486,59.0,45.197009781209786
554,Colombo,2025-06-06,2025-06-07,279.0,223.8449486251672,245.0,45.197009781209786
555,Galle,2025-06-06,2025-06-07,44.0,53.33361033920584,49.0,45.197009781209786
556,Gampaha,2025-06-06,2025-06-07,207.0,205.09329000811258,228.0,45.197009781209786
557,Hambantota,2025-06-06,2025-06-07,15.0,20.376234799767513,24.0,45.197009781209786
558,Jaffna,2025-06-06,2025-06-07,25.0,25.79583849381114,26.0,45.197009781209786
559,Kalutara,2025-06-06,2025-06-07,74.0,69.72719646752576,68.0,45.197009781209786
560,Kandy,2025-06-06,2025-06-07,118.0,114.2607550942931,126.0,45.197009781209786
561,Kegalle,2025-06-06,2025-06-07,46.0,55.29566095048484,54.0,45.197009781209786
562,Kilinochchi,2025-06-06,2025-06-07,2.0,2.1186629729568196,1.0,45.197009781209786
563,Kurunegala,2025-06-06,2025-06-07,68.0,50.42847764205362,43.0,45.197009781209786
564,Mannar,2025-06-06,2025-06-07,2.0,2.325180857269395,3.0,45.197009781209786
565,Matale,2025-06-06,2025-06-07,17.0,21.52431994299824,24.0,45.197009781209786
566,Matara,2025-06-06,2025-06-07,70.0,34.48812524603135,34.0,45.197009781209786
567,Monaragala,2025-06-06,2025-06-07,26.0,24.971216814745592,29.0,45.197009781209786
568,Mullaitivu,2025-06-06,2025-06-07,2.0,2.2568521540889734,4.0,45.197009781209786
569,Nuwara Eliya,2025-06-06,2025-06-07,17.0,8.087452082208014,9.0,45.197009781209786
570,Polonnaruwa,2025-06-06,2025-06-07,12.0,10.94999279814683,15.0,45.197009781209786
571,Puttalam,2025-06-06,2025-06-07,10.0,14.34856203185727,17.0,45.197009781209786
572,Ratnapura,2025-06-06,2025-06-07,145.0,186.60891609610337,172.0,45.197009781209786
573,Trincomalee,2025-06-06,2025-06-07,16.0,33.287818214076104,40.0,45.197009781209786
574,Vavuniya,2025-06-06,2025-06-07,2.0,3.0816415181269456,5.0,45.197009781209786
575,Ampara,2025-06-13,2025-06-14,12.0,16.39146038775578,11.0,45.197009781209786
576,Anuradhapura,2025-06-13,2025-06-14,8.0,7.910293833956905,7.0,45.197009781209786
577,Badulla,2025-06-13,2025-06-14,31.0,22.59351022793879,24.0,45.197009781209786
578,Batticaloa,2025-06-13,2025-06-14,40.0,44.33997761992889,30.0,45.197009781209786
579,Colombo,2025-06-13,2025-06-14,316.0,296.8863017481485,279.0,45.197009781209786
580,Galle,2025-06-13,2025-06-14,73.0,51.78260902793973,44.0,45.197009781209786
581,Gampaha,2025-06-13,2025-06-14,217.0,192.1155414491892,207.0,45.197009781209786
582,Hambantota,2025-06-13,2025-06-14,22.0,15.620364082810081,15.0,45.197009781209786
583,Jaffna,2025-06-13,2025-06-14,24.0,23.13038872024095,25.0,45.197009781209786
584,Kalutara,2025-06-13,2025-06-14,62.0,70.65675924372337,74.0,45.197009781209786
585,Kandy,2025-06-13,2025-06-14,192.0,115.15790449495697,118.0,45.197009781209786
586,Kegalle,2025-06-13,2025-06-14,48.0,53.395656853558854,46.0,45.197009781209786
587,Kilinochchi,2025-06-13,2025-06-14,0.0,2.172318970179195,2.0,45.197009781209786
588,Kurunegala,2025-06-13,2025-06-14,77.0,54.56910290216006,68.0,45.197009781209786
589,Mannar,2025-06-13,2025-06-14,4.0,2.317844178241532,2.0,45.197009781209786
590,Matale,2025-06-13,2025-06-14,24.0,19.56350835222105,17.0,45.197009781209786
591,Matara,2025-06-13,2025-06-14,39.0,53.40108769114375,70.0,45.197009781209786
592,Monaragala,2025-06-13,2025-06-14,24.0,25.86897412032029,26.0,45.197009781209786
593,Mullaitivu,2025-06-13,2025-06-14,1.0,2.057228108447317,2.0,45.197009781209786
594,Nuwara Eliya,2025-06-13,2025-06-14,20.0,14.917492392505189,17.0,45.197009781209786
595,Polonnaruwa,2025-06-13,2025-06-14,21.0,12.01660306925082,12.0,45.197009781209786
596,Puttalam,2025-06-13,2025-06-14,10.0,13.957224848791045,10.0,45.197009781209786
597,Ratnapura,2025-06-13,2025-06-14,118.0,162.70581471367825,145.0,45.197009781209786
598,Trincomalee,2025-06-13,2025-06-14,16.0,23.110513050892415,16.0,45.197009781209786
599,Vavuniya,2025-06-13,2025-06-14,4.0,2.354946736392126,2.0,45.197009781209786
600,Ampara,2025-06-20,2025-06-21,12.0,14.325212985315847,12.0,45.197009781209786
601,Anuradhapura,2025-06-20,2025-06-21,17.0,7.71486049638675,8.0,45.197009781209786
602,Badulla,2025-06-20,2025-06-21,17.0,25.773886213145342,31.0,45.197009781209786
603,Batticaloa,2025-06-20,2025-06-21,16.0,43.03436269704179,40.0,45.197009781209786
604,Colombo,2025-06-20,2025-06-21,276.0,313.59457445220016,316.0,45.197009781209786
605,Galle,2025-06-20,2025-06-21,79.0,60.478017110609194,73.0,45.197009781209786
606,Gampaha,2025-06-20,2025-06-21,167.0,199.62472535312267,217.0,45.197009781209786
607,Hambantota,2025-06-20,2025-06-21,21.0,19.77995543884959,22.0,45.197009781209786
608,Jaffna,2025-06-20,2025-06-21,12.0,24.27490229195437,24.0,45.197009781209786
609,Kalutara,2025-06-20,2025-06-21,92.0,66.66718892238802,62.0,45.197009781209786
610,Kandy,2025-06-20,2025-06-21,161.0,165.31023659167784,192.0,45.197009781209786
611,Kegalle,2025-06-20,2025-06-21,35.0,51.23689240772442,48.0,45.197009781209786
612,Kilinochchi,2025-06-20,2025-06-21,1.0,1.9619065606568162,0.0,45.197009781209786
613,Kurunegala,2025-06-20,2025-06-21,70.0,66.40795661698687,77.0,45.197009781209786
614,Mannar,2025-06-20,2025-06-21,0.0,2.5572355884523597,4.0,45.197009781209786
615,Matale,2025-06-20,2025-06-21,23.0,22.61052033464318,24.0,45.197009781209786
616,Matara,2025-06-20,2025-06-21,58.0,42.490476700819734,39.0,45.197009781209786
617,Monaragala,2025-06-20,2025-06-21,27.0,25.637005241586387,24.0,45.197009781209786
618,Mullaitivu,2025-06-20,2025-06-21,3.0,1.9402731403460614,1.0,45.197009781209786
619,Nuwara Eliya,2025-06-20,2025-06-21,6.0,18.680259178604032,20.0,45.197009781209786
620,Polonnaruwa,2025-06-20,2025-06-21,10.0,16.088082821337224,21.0,45.197009781209786
621,Puttalam,2025-06-20,2025-06-21,7.0,14.74605060750785,10.0,45.197009781209786
622,Ratnapura,2025-06-20,2025-06-21,120.0,117.18885090405112,118.0,45.197009781209786
623,Trincomalee,2025-06-20,2025-06-21,12.0,19.250282070446506,16.0,45.197009781209786
624,Vavuniya,2025-06-20,2025-06-21,3.0,2.6044766416958582,4.0,45.197009781209786
625,Ampara,2025-06-27,2025-06-28,22.0,12.679931703060067,12.0,45.197009781209786
626,Anuradhapura,2025-06-27,2025-06-28,8.0,14.00426632542814,17.0,45.197009781209786
627,Badulla,2025-06-27,2025-06-28,17.0,26.550441802190413,17.0,45.197009781209786
628,Batticaloa,2025-06-27,2025-06-28,20.0,24.699343315151335,16.0,45.197009781209786
629,Colombo,2025-06-27,2025-06-28,285.0,311.48686517979667,276.0,45.197009781209786
630,Galle,2025-06-27,2025-06-28,47.0,68.70091474680572,79.0,45.197009781209786
631,Gampaha,2025-06-27,2025-06-28,181.0,180.17226369857931,167.0,45.197009781209786
632,Hambantota,2025-06-27,2025-06-28,24.0,18.79642170259984,21.0,45.197009781209786
633,Jaffna,2025-06-27,2025-06-28,17.0,18.57075768712358,12.0,45.197009781209786
634,Kalutara,2025-06-27,2025-06-28,57.0,86.55829806285968,92.0,45.197009781209786
635,Kandy,2025-06-27,2025-06-28,174.0,182.34696496386218,161.0,45.197009781209786
636,Kegalle,2025-06-27,2025-06-28,39.0,40.74093596003738,35.0,45.197009781209786
637,Kilinochchi,2025-06-27,2025-06-28,2.0,1.6625097640646362,1.0,45.197009781209786
638,Kurunegala,2025-06-27,2025-06-28,51.0,66.9973415594521,70.0,45.197009781209786
639,Mannar,2025-06-27,2025-06-28,2.0,2.106595554553439,0.0,45.197009781209786
640,Matale,2025-06-27,2025-06-28,14.0,23.937926561437237,23.0,45.197009781209786
641,Matara,2025-06-27,2025-06-28,39.0,55.5279614533167,58.0,45.197009781209786
642,Monaragala,2025-06-27,2025-06-28,12.0,24.076611394026298,27.0,45.197009781209786
643,Mullaitivu,2025-06-27,2025-06-28,2.0,2.0315684816695327,3.0,45.197009781209786
644,Nuwara Eliya,2025-06-27,2025-06-28,8.0,13.789752570307591,6.0,45.197009781209786
645,Polonnaruwa,2025-06-27,2025-06-28,14.0,14.581173247005763,10.0,45.197009781209786
646,Puttalam,2025-06-27,2025-06-28,12.0,10.093447454924236,7.0,45.197009781209786
647,Ratnapura,2025-06-27,2025-06-28,104.0,118.84255725641255,120.0,45.197009781209786
648,Trincomalee,2025-06-27,2025-06-28,8.0,14.075531173457396,12.0,45.197009781209786
649,Vavuniya,2025-06-27,2025-06-28,3.0,2.3829871358084387,3.0,45.197009781209786
650,Ampara,2025-07-04,2025-07-05,16.0,18.298712591693498,22.0,45.197009781209786
651,Anuradhapura,2025-07-04,2025-07-05,8.0,8.774432427280093,8.0,45.197009781209786
652,Badulla,2025-07-04,2025-07-05,16.0,20.377793053026547,17.0,45.197009781209786
653,Batticaloa,2025-07-04,2025-07-05,13.0,23.940859092271204,20.0,45.197009781209786
654,Colombo,2025-07-04,2025-07-05,222.0,310.7566440199144,285.0,45.197009781209786
655,Galle,2025-07-04,2025-07-05,56.0,69.05527869344563,47.0,45.197009781209786
656,Gampaha,2025-07-04,2025-07-05,154.0,184.5713777806345,181.0,45.197009781209786
657,Hambantota,2025-07-04,2025-07-05,31.0,22.39161362906734,24.0,45.197009781209786
658,Jaffna,2025-07-04,2025-07-05,26.0,16.704004611821905,17.0,45.197009781209786
659,Kalutara,2025-07-04,2025-07-05,66.0,89.05755663005262,57.0,45.197009781209786
660,Kandy,2025-07-04,2025-07-05,141.0,183.23952157541905,174.0,45.197009781209786
661,Kegalle,2025-07-04,2025-07-05,30.0,36.284007941785404,39.0,45.197009781209786
662,Kilinochchi,2025-07-04,2025-07-05,0.0,1.7977001466366622,2.0,45.197009781209786
663,Kurunegala,2025-07-04,2025-07-05,50.0,62.55143428140405,51.0,45.197009781209786
664,Mannar,2025-07-04,2025-07-05,1.0,2.121621564660748,2.0,45.197009781209786
665,Matale,2025-07-04,2025-07-05,12.0,21.99885205957301,14.0,45.197009781209786
666,Matara,2025-07-04,2025-07-05,28.0,50.122387771098765,39.0,45.197009781209786
667,Monaragala,2025-07-04,2025-07-05,13.0,23.150403677324917,12.0,45.197009781209786
668,Mullaitivu,2025-07-04,2025-07-05,0.0,2.1370032443878544,2.0,45.197009781209786
669,Nuwara Eliya,2025-07-04,2025-07-05,10.0,10.922402323145983,8.0,45.197009781209786
670,Polonnaruwa,2025-07-04,2025-07-05,11.0,14.044127246441894,14.0,45.197009781209786
671,Puttalam,2025-07-04,2025-07-05,7.0,10.37311049113877,12.0,45.197009781209786
672,Ratnapura,2025-07-04,2025-07-05,97.0,144.60215465983887,104.0,45.197009781209786
673,Trincomalee,2025-07-04,2025-07-05,11.0,10.561152317896623,8.0,45.197009781209786
674,Vavuniya,2025-07-04,2025-07-05,2.0,2.4583136338229785,3.0,45.197009781209786
675,Ampara,2025-07-11,2025-07-12,17.0,16.186584780452346,16.0,45.197009781209786
676,Anuradhapura,2025-07-11,2025-07-12,12.0,8.156102099982842,8.0,45.197009781209786
677,Badulla,2025-07-11,2025-07-12,37.0,15.088233235299876,16.0,45.197009781209786
678,Batticaloa,2025-07-11,2025-07-12,19.0,14.992788877127602,13.0,45.197009781209786
679,Colombo,2025-07-11,2025-07-12,226.0,224.60018077905139,222.0,45.197009781209786
680,Galle,2025-07-11,2025-07-12,43.0,55.19141857893451,56.0,45.197009781209786
681,Gampaha,2025-07-11,2025-07-12,193.0,182.77465940165456,154.0,45.197009781209786
682,Hambantota,2025-07-11,2025-07-12,46.0,24.012506103948258,31.0,45.197009781209786
683,Jaffna,2025-07-11,2025-07-12,31.0,20.909163990536143,26.0,45.197009781209786
684,Kalutara,2025-07-11,2025-07-12,80.0,63.112577573839964,66.0,45.197009781209786
685,Kandy,2025-07-11,2025-07-12,184.0,160.41884817114797,141.0,45.197009781209786
686,Kegalle,2025-07-11,2025-07-12,41.0,34.009958215761586,30.0,45.197009781209786
687,Kilinochchi,2025-07-11,2025-07-12,3.0,1.747852006043921,0.0,45.197009781209786
688,Kurunegala,2025-07-11,2025-07-12,49.0,52.12411775243208,50.0,45.197009781209786
689,Mannar,2025-07-11,2025-07-12,2.0,1.8189624178365216,1.0,45.197009781209786
690,Matale,2025-07-11,2025-07-12,19.0,17.013940092212643,12.0,45.197009781209786
691,Matara,2025-07-11,2025-07-12,41.0,34.57945240763639,28.0,45.197009781209786
692,Monaragala,2025-07-11,2025-07-12,19.0,15.41489701549678,13.0,45.197009781209786
693,Mullaitivu,2025-07-11,2025-07-12,0.0,1.8826668877353374,0.0,45.197009781209786
694,Nuwara Eliya,2025-07-11,2025-07-12,24.0,11.551846054313694,10.0,45.197009781209786
695,Polonnaruwa,2025-07-11,2025-07-12,14.0,12.454191171155014,11.0,45.197009781209786
696,Puttalam,2025-07-11,2025-07-12,12.0,8.514271226830287,7.0,45.197009781209786
697,Ratnapura,2025-07-11,2025-07-12,93.0,109.22221455605084,97.0,45.197009781209786
698,Trincomalee,2025-07-11,2025-07-12,11.0,10.801746851915967,11.0,45.197009781209786
699,Vavuniya,2025-07-11,2025-07-12,3.0,2.4293018395509365,2.0,45.197009781209786
700,Ampara,2025-07-18,2025-07-19,8.0,16.114697833918687,17.0,45.197009781209786
701,Anuradhapura,2025-07-18,2025-07-19,11.0,10.203850856682271,12.0,45.197009781209786
702,Badulla,2025-07-18,2025-07-19,20.0,35.00517534644129,37.0,45.197009781209786
703,Batticaloa,2025-07-18,2025-07-19,6.0,16.953548819591095,19.0,45.197009781209786
704,Colombo,2025-07-18,2025-07-19,237.0,193.09387439498437,226.0,45.197009781209786
705,Galle,2025-07-18,2025-07-19,66.0,49.449854405143384,43.0,45.197009781209786
706,Gampaha,2025-07-18,2025-07-19,175.0,180.627553086962,193.0,45.197009781209786
707,Hambantota,2025-07-18,2025-07-19,31.0,38.47266344322488,46.0,45.197009781209786
708,Jaffna,2025-07-18,2025-07-19,19.0,22.944081129428465,31.0,45.197009781209786
709,Kalutara,2025-07-18,2025-07-19,53.0,73.25437481073452,80.0,45.197009781209786
710,Kandy,2025-07-18,2025-07-19,168.0,158.236695782178,184.0,45.197009781209786
711,Kegalle,2025-07-18,2025-07-19,33.0,37.77732850863627,41.0,45.197009781209786
712,Kilinochchi,2025-07-18,2025-07-19,1.0,1.3011084862990587,3.0,45.197009781209786
713,Kurunegala,2025-07-18,2025-07-19,84.0,49.44030079662926,49.0,45.197009781209786
714,Mannar,2025-07-18,2025-07-19,4.0,1.8911106878397026,2.0,45.197009781209786
715,Matale,2025-07-18,2025-07-19,27.0,19.24824999558169,19.0,45.197009781209786
716,Matara,2025-07-18,2025-07-19,42.0,38.335462079541664,41.0,45.197009781209786
717,Monaragala,2025-07-18,2025-07-19,17.0,17.73503196020458,19.0,45.197009781209786
718,Mullaitivu,2025-07-18,2025-07-19,0.0,1.748507639486551,0.0,45.197009781209786
719,Nuwara Eliya,2025-07-18,2025-07-19,18.0,22.973940825289386,24.0,45.197009781209786
720,Polonnaruwa,2025-07-18,2025-07-19,15.0,12.900302567220354,14.0,45.197009781209786
721,Puttalam,2025-07-18,2025-07-19,12.0,11.357798262362065,12.0,45.197009781209786
722,Ratnapura,2025-07-18,2025-07-19,99.0,92.59519338864098,93.0,45.197009781209786
723,Trincomalee,2025-07-18,2025-07-19,7.0,10.478709554881213,11.0,45.197009781209786
724,Vavuniya,2025-07-18,2025-07-19,0.0,2.429171339906024,3.0,45.197009781209786
725,Ampara,2025-07-25,2025-07-26,11.0,11.685808229493603,8.0,45.197009781209786
726,Anuradhapura,2025-07-25,2025-07-26,3.0,10.371553747123144,11.0,45.197009781209786
727,Badulla,2025-07-25,2025-07-26,16.0,24.063233516312025,20.0,45.197009781209786
728,Batticaloa,2025-07-25,2025-07-26,6.0,10.792855743764097,6.0,45.197009781209786
729,Colombo,2025-07-25,2025-07-26,246.0,196.25484583384448,237.0,45.197009781209786
730,Galle,2025-07-25,2025-07-26,44.0,54.742507304714785,66.0,45.197009781209786
731,Gampaha,2025-07-25,2025-07-26,148.0,174.2235246556894,175.0,45.197009781209786
732,Hambantota,2025-07-25,2025-07-26,24.0,30.716336922528736,31.0,45.197009781209786
733,Jaffna,2025-07-25,2025-07-26,15.0,22.681863262717222,19.0,45.197009781209786
734,Kalutara,2025-07-25,2025-07-26,30.0,58.416583717748566,53.0,45.197009781209786
735,Kandy,2025-07-25,2025-07-26,107.0,160.8284997038145,168.0,45.197009781209786
736,Kegalle,2025-07-25,2025-07-26,29.0,34.408049247922875,33.0,45.197009781209786
737,Kilinochchi,2025-07-25,2025-07-26,0.0,1.9043641356025613,1.0,45.197009781209786
738,Kurunegala,2025-07-25,2025-07-26,39.0,69.03743022806297,84.0,45.197009781209786
739,Mannar,2025-07-25,2025-07-26,2.0,2.5336660039611565,4.0,45.197009781209786
740,Matale,2025-07-25,2025-07-26,19.0,22.023153863183357,27.0,45.197009781209786
741,Matara,2025-07-25,2025-07-26,30.0,40.84387032987741,42.0,45.197009781209786
742,Monaragala,2025-07-25,2025-07-26,17.0,15.508218781964569,17.0,45.197009781209786
743,Mullaitivu,2025-07-25,2025-07-26,0.0,1.4183873571454944,0.0,45.197009781209786
744,Nuwara Eliya,2025-07-25,2025-07-26,9.0,17.127325420740785,18.0,45.197009781209786
745,Polonnaruwa,2025-07-25,2025-07-26,8.0,12.565358660567107,15.0,45.197009781209786
746,Puttalam,2025-07-25,2025-07-26,15.0,11.070936562434415,12.0,45.197009781209786
747,Ratnapura,2025-07-25,2025-07-26,91.0,94.79599616150085,99.0,45.197009781209786
748,Trincomalee,2025-07-25,2025-07-26,9.0,7.684905667499392,7.0,45.197009781209786
749,Vavuniya,2025-07-25,2025-07-26,1.0,2.1195152851143106,0.0,45.197009781209786
750,Ampara,2025-08-01,2025-08-02,3.0,13.250850157612316,11.0,45.197009781209786
751,Anuradhapura,2025-08-01,2025-08-02,6.0,6.47623957079721,3.0,45.197009781209786
752,Badulla,2025-08-01,2025-08-02,13.0,22.644297690126077,16.0,45.197009781209786
753,Batticaloa,2025-08-01,2025-08-02,12.0,9.013130221766982,6.0,45.197009781209786
754,Colombo,2025-08-01,2025-08-02,156.0,227.01932767985033,246.0,45.197009781209786
755,Galle,2025-08-01,2025-08-02,37.0,51.85413828928108,44.0,45.197009781209786
756,Gampaha,2025-08-01,2025-08-02,96.0,157.58784518114632,148.0,45.197009781209786
757,Hambantota,2025-08-01,2025-08-02,17.0,24.909889333460217,24.0,45.197009781209786
758,Jaffna,2025-08-01,2025-08-02,9.0,19.030987201332138,15.0,45.197009781209786
759,Kalutara,2025-08-01,2025-08-02,47.0,40.78849311152822,30.0,45.197009781209786
760,Kandy,2025-08-01,2025-08-02,145.0,107.04539891744872,107.0,45.197009781209786
761,Kegalle,2025-08-01,2025-08-02,31.0,31.174707612336825,29.0,45.197009781209786
762,Kilinochchi,2025-08-01,2025-08-02,0.0,1.6811753337166229,0.0,45.197009781209786
763,Kurunegala,2025-08-01,2025-08-02,37.0,44.41038664859743,39.0,45.197009781209786
764,Mannar,2025-08-01,2025-08-02,3.0,2.1096799928238967,2.0,45.197009781209786
765,Matale,2025-08-01,2025-08-02,17.0,20.556291804896105,19.0,45.197009781209786
766,Matara,2025-08-01,2025-08-02,20.0,33.96158417687225,30.0,45.197009781209786
767,Monaragala,2025-08-01,2025-08-02,11.0,15.877375977437778,17.0,45.197009781209786
768,Mullaitivu,2025-08-01,2025-08-02,0.0,0.5345653992800042,0.0,45.197009781209786
769,Nuwara Eliya,2025-08-01,2025-08-02,10.0,14.536506681862784,9.0,45.197009781209786
770,Polonnaruwa,2025-08-01,2025-08-02,2.0,10.560422286195266,8.0,45.197009781209786
771,Puttalam,2025-08-01,2025-08-02,17.0,12.427873246755448,15.0,45.197009781209786
772,Ratnapura,2025-08-01,2025-08-02,64.0,92.75064225249686,91.0,45.197009781209786
773,Trincomalee,2025-08-01,2025-08-02,4.0,7.711707519547617,9.0,45.197009781209786
774,Vavuniya,2025-08-01,2025-08-02,0.0,1.9230482010755705,1.0,45.197009781209786
775,Ampara,2025-08-08,2025-08-09,6.0,8.71981283854961,3.0,45.197009781209786
776,Anuradhapura,2025-08-08,2025-08-09,11.0,6.196226936598347,6.0,45.197009781209786
777,Badulla,2025-08-08,2025-08-09,12.0,15.03863449256004,13.0,45.197009781209786
778,Batticaloa,2025-08-08,2025-08-09,5.0,9.494845958358422,12.0,45.197009781209786
779,Colombo,2025-08-08,2025-08-09,87.0,171.14763189847946,156.0,45.197009781209786
780,Galle,2025-08-08,2025-08-09,48.0,37.48096253651819,37.0,45.197009781209786
781,Gampaha,2025-08-08,2025-08-09,91.0,101.83339897091757,96.0,45.197009781209786
782,Hambantota,2025-08-08,2025-08-09,15.0,20.150299692480225,17.0,45.197009781209786
783,Jaffna,2025-08-08,2025-08-09,20.0,12.983855712137354,9.0,45.197009781209786
784,Kalutara,2025-08-08,2025-08-09,56.0,45.1113014798648,47.0,45.197009781209786
785,Kandy,2025-08-08,2025-08-09,80.0,128.1854401001417,145.0,45.197009781209786
786,Kegalle,2025-08-08,2025-08-09,19.0,29.898252263679304,31.0,45.197009781209786
787,Kilinochchi,2025-08-08,2025-08-09,2.0,1.305669758530317,0.0,45.197009781209786
788,Kurunegala,2025-08-08,2025-08-09,23.0,37.79386255039109,37.0,45.197009781209786
789,Mannar,2025-08-08,2025-08-09,1.0,2.1032259796613784,3.0,45.197009781209786
790,Matale,2025-08-08,2025-08-09,13.0,18.89745120030129,17.0,45.197009781209786
791,Matara,2025-08-08,2025-08-09,35.0,25.14144550626479,20.0,45.197009781209786
792,Monaragala,2025-08-08,2025-08-09,17.0,15.411791839792793,11.0,45.197009781209786
793,Mullaitivu,2025-08-08,2025-08-09,0.0,0.4808798643551104,0.0,45.197009781209786
794,Nuwara Eliya,2025-08-08,2025-08-09,3.0,15.532585369023117,10.0,45.197009781209786
795,Polonnaruwa,2025-08-08,2025-08-09,3.0,7.068640336582951,2.0,45.197009781209786
796,Puttalam,2025-08-08,2025-08-09,11.0,14.594249192622025,17.0,45.197009781209786
797,Ratnapura,2025-08-08,2025-08-09,79.0,73.51528382001554,64.0,45.197009781209786
798,Trincomalee,2025-08-08,2025-08-09,2.0,5.870394427476834,4.0,45.197009781209786
799,Vavuniya,2025-08-08,2025-08-09,2.0,1.6202476043796816,0.0,45.197009781209786
800,Ampara,2025-08-15,2025-08-16,7.0,6.505263935993192,6.0,45.197009781209786
801,Anuradhapura,2025-08-15,2025-08-16,6.0,9.251225279948248,11.0,45.197009781209786
802,Badulla,2025-08-15,2025-08-16,14.0,14.570777520139567,12.0,45.197009781209786
803,Batticaloa,2025-08-15,2025-08-16,6.0,7.754107808177453,5.0,45.197009781209786
804,Colombo,2025-08-15,2025-08-16,137.0,131.08480765347946,87.0,45.197009781209786
805,Galle,2025-08-15,2025-08-16,27.0,45.93794769575868,48.0,45.197009781209786
806,Gampaha,2025-08-15,2025-08-16,108.0,89.3357932048163,91.0,45.197009781209786
807,Hambantota,2025-08-15,2025-08-16,7.0,15.719605282045807,15.0,45.197009781209786
808,Jaffna,2025-08-15,2025-08-16,6.0,17.88240869465216,20.0,45.197009781209786
809,Kalutara,2025-08-15,2025-08-16,39.0,49.95788091835099,56.0,45.197009781209786
810,Kandy,2025-08-15,2025-08-16,92.0,86.59454499262074,80.0,45.197009781209786
811,Kegalle,2025-08-15,2025-08-16,24.0,27.234111451130897,19.0,45.197009781209786
812,Kilinochchi,2025-08-15,2025-08-16,0.0,1.3505001527527907,2.0,45.197009781209786
813,Kurunegala,2025-08-15,2025-08-16,24.0,33.48132623063568,23.0,45.197009781209786
814,Mannar,2025-08-15,2025-08-16,1.0,1.98490932447503,1.0,45.197009781209786
815,Matale,2025-08-15,2025-08-16,17.0,16.51886982318417,13.0,45.197009781209786
816,Matara,2025-08-15,2025-08-16,26.0,31.50308650787564,35.0,45.197009781209786
817,Monaragala,2025-08-15,2025-08-16,8.0,15.60990672494975,17.0,45.197009781209786
818,Mullaitivu,2025-08-15,2025-08-16,0.0,0.45444306975159177,0.0,45.197009781209786
819,Nuwara Eliya,2025-08-15,2025-08-16,8.0,9.211717234927557,3.0,45.197009781209786
820,Polonnaruwa,2025-08-15,2025-08-16,5.0,4.7633532940960075,3.0,45.197009781209786
821,Puttalam,2025-08-15,2025-08-16,4.0,14.58063500205288,11.0,45.197009781209786
822,Ratnapura,2025-08-15,2025-08-16,62.0,75.656020598822,79.0,45.197009781209786
823,Trincomalee,2025-08-15,2025-08-16,4.0,4.691683740412298,2.0,45.197009781209786
824,Vavuniya,2025-08-15,2025-08-16,3.0,1.4019230212904574,2.0,45.197009781209786
825,Ampara,2025-08-22,2025-08-23,7.0,5.481505282511864,7.0,45.197009781209786
826,Anuradhapura,2025-08-22,2025-08-23,9.0,6.738491765799398,6.0,45.197009781209786
827,Badulla,2025-08-22,2025-08-23,18.0,14.08528720885233,14.0,45.197009781209786
828,Batticaloa,2025-08-22,2025-08-23,9.0,6.732310141764667,6.0,45.197009781209786
829,Colombo,2025-08-22,2025-08-23,104.0,129.81659920017722,137.0,45.197009781209786
830,Galle,2025-08-22,2025-08-23,37.0,35.48933425980572,27.0,45.197009781209786
831,Gampaha,2025-08-22,2025-08-23,63.0,94.7403855734824,108.0,45.197009781209786
832,Hambantota,2025-08-22,2025-08-23,18.0,9.73944973697784,7.0,45.197009781209786
833,Jaffna,2025-08-22,2025-08-23,12.0,11.189234004952938,6.0,45.197009781209786
834,Kalutara,2025-08-22,2025-08-23,40.0,40.02298406072894,39.0,45.197009781209786
835,Kandy,2025-08-22,2025-08-23,94.0,80.03578897997527,92.0,45.197009781209786
836,Kegalle,2025-08-22,2025-08-23,27.0,24.56733976893342,24.0,45.197009781209786
837,Kilinochchi,2025-08-22,2025-08-23,0.0,0.8843182950489813,0.0,45.197009781209786
838,Kurunegala,2025-08-22,2025-08-23,24.0,28.532813291775007,24.0,45.197009781209786
839,Mannar,2025-08-22,2025-08-23,2.0,1.9362971070848316,1.0,45.197009781209786
840,Matale,2025-08-22,2025-08-23,11.0,15.778765923878716,17.0,45.197009781209786
841,Matara,2025-08-22,2025-08-23,26.0,28.63343973749198,26.0,45.197009781209786
842,Monaragala,2025-08-22,2025-08-23,16.0,10.847947684129936,8.0,45.197009781209786
843,Mullaitivu,2025-08-22,2025-08-23,1.0,0.45630860976087356,0.0,45.197009781209786
844,Nuwara Eliya,2025-08-22,2025-08-23,5.0,8.033604038944071,8.0,45.197009781209786
845,Polonnaruwa,2025-08-22,2025-08-23,2.0,4.7774912157025335,5.0,45.197009781209786
846,Puttalam,2025-08-22,2025-08-23,9.0,8.909384556192508,4.0,45.197009781209786
847,Ratnapura,2025-08-22,2025-08-23,60.0,67.15070404442135,62.0,45.197009781209786
848,Trincomalee,2025-08-22,2025-08-23,4.0,3.4489911227440433,4.0,45.197009781209786
849,Vavuniya,2025-08-22,2025-08-23,0.0,1.3515016739375962,3.0,45.197009781209786
850,Ampara,2025-08-29,2025-08-30,6.0,5.726408044026638,7.0,45.197009781209786
851,Anuradhapura,2025-08-29,2025-08-30,2.0,7.27129802013831,9.0,45.197009781209786
852,Badulla,2025-08-29,2025-08-30,8.0,15.16700840850166,18.0,45.197009781209786
853,Batticaloa,2025-08-29,2025-08-30,8.0,7.435354971088405,9.0,45.197009781209786
854,Colombo,2025-08-29,2025-08-30,103.0,99.26762145212199,104.0,45.197009781209786
855,Galle,2025-08-29,2025-08-30,33.0,33.0640674241055,37.0,45.197009781209786
856,Gampaha,2025-08-29,2025-08-30,58.0,71.04334527467023,63.0,45.197009781209786
857,Hambantota,2025-08-29,2025-08-30,9.0,13.207524366848215,18.0,45.197009781209786
858,Jaffna,2025-08-29,2025-08-30,22.0,12.502799289135018,12.0,45.197009781209786
859,Kalutara,2025-08-29,2025-08-30,34.0,37.46670928870292,40.0,45.197009781209786
860,Kandy,2025-08-29,2025-08-30,87.0,81.02240718312746,94.0,45.197009781209786
861,Kegalle,2025-08-29,2025-08-30,19.0,23.544999393677855,27.0,45.197009781209786
862,Kilinochchi,2025-08-29,2025-08-30,2.0,0.6073474319811151,0.0,45.197009781209786
863,Kurunegala,2025-08-29,2025-08-30,8.0,23.266807623041462,24.0,45.197009781209786
864,Mannar,2025-08-29,2025-08-30,2.0,1.720708102190699,2.0,45.197009781209786
865,Matale,2025-08-29,2025-08-30,31.0,13.988020571659257,11.0,45.197009781209786
866,Matara,2025-08-29,2025-08-30,16.0,25.156044213286854,26.0,45.197009781209786
867,Monaragala,2025-08-29,2025-08-30,3.0,14.092168066262897,16.0,45.197009781209786
868,Mullaitivu,2025-08-29,2025-08-30,0.0,0.5803457549832438,1.0,45.197009781209786
869,Nuwara Eliya,2025-08-29,2025-08-30,7.0,6.7348058596148075,5.0,45.197009781209786
870,Polonnaruwa,2025-08-29,2025-08-30,4.0,3.415944562329615,2.0,45.197009781209786
871,Puttalam,2025-08-29,2025-08-30,5.0,8.144020457561075,9.0,45.197009781209786
872,Ratnapura,2025-08-29,2025-08-30,59.0,57.18581823720891,60.0,45.197009781209786
873,Trincomalee,2025-08-29,2025-08-30,3.0,3.4646431422424864,4.0,45.197009781209786
874,Vavuniya,2025-08-29,2025-08-30,0.0,1.8093577699830214,0.0,45.197009781209786
875,Ampara,2025-09-05,2025-09-06,17.0,6.282574729137052,6.0,45.197009781209786
876,Anuradhapura,2025-09-05,2025-09-06,6.0,5.782768201325293,2.0,45.197009781209786
877,Badulla,2025-09-05,2025-09-06,11.0,10.422919117654011,8.0,45.197009781209786
878,Batticaloa,2025-09-05,2025-09-06,8.0,7.644725790380291,8.0,45.197009781209786
879,Colombo,2025-09-05,2025-09-06,117.0,96.2162698551448,103.0,45.197009781209786
880,Galle,2025-09-05,2025-09-06,44.0,32.95971599444302,33.0,45.197009781209786
881,Gampaha,2025-09-05,2025-09-06,92.0,57.53576300192926,58.0,45.197009781209786
882,Hambantota,2025-09-05,2025-09-06,9.0,10.51160769906089,9.0,45.197009781209786
883,Jaffna,2025-09-05,2025-09-06,14.0,18.26530528306467,22.0,45.197009781209786
884,Kalutara,2025-09-05,2025-09-06,32.0,35.130906929262544,34.0,45.197009781209786
885,Kandy,2025-09-05,2025-09-06,60.0,74.45752571821147,87.0,45.197009781209786
886,Kegalle,2025-09-05,2025-09-06,67.0,23.328717464208314,19.0,45.197009781209786
887,Kilinochchi,2025-09-05,2025-09-06,1.0,0.8833590569784759,2.0,45.197009781209786
888,Kurunegala,2025-09-05,2025-09-06,19.0,16.848706172141767,8.0,45.197009781209786
889,Mannar,2025-09-05,2025-09-06,2.0,1.7433560983223462,2.0,45.197009781209786
890,Matale,2025-09-05,2025-09-06,22.0,23.171368686663335,31.0,45.197009781209786
891,Matara,2025-09-05,2025-09-06,18.0,22.994072424780246,16.0,45.197009781209786
892,Monaragala,2025-09-05,2025-09-06,16.0,9.164328344866716,3.0,45.197009781209786
893,Mullaitivu,2025-09-05,2025-09-06,2.0,0.5348693347863461,0.0,45.197009781209786
894,Nuwara Eliya,2025-09-05,2025-09-06,5.0,6.790706043745935,7.0,45.197009781209786
895,Polonnaruwa,2025-09-05,2025-09-06,2.0,2.5935901173736244,4.0,45.197009781209786
896,Puttalam,2025-09-05,2025-09-06,10.0,6.755155446341904,5.0,45.197009781209786
897,Ratnapura,2025-09-05,2025-09-06,15.0,54.557863700623365,59.0,45.197009781209786
898,Trincomalee,2025-09-05,2025-09-06,5.0,2.529399658185966,3.0,45.197009781209786
899,Vavuniya,2025-09-05,2025-09-06,2.0,1.5907842423484853,0.0,45.197009781209786
900,Ampara,2025-09-12,2025-09-13,15.0,12.485471883397546,17.0,45.197009781209786
901,Anuradhapura,2025-09-12,2025-09-13,3.0,5.191172194499188,6.0,45.197009781209786
902,Badulla,2025-09-12,2025-09-13,19.0,13.623299470744676,11.0,45.197009781209786
903,Batticaloa,2025-09-12,2025-09-13,9.0,7.189601507025321,8.0,45.197009781209786
904,Colombo,2025-09-12,2025-09-13,120.0,113.62390724316222,117.0,45.197009781209786
905,Galle,2025-09-12,2025-09-13,29.0,40.740135470021485,44.0,45.197009781209786
906,Gampaha,2025-09-12,2025-09-13,93.0,80.15790154361285,92.0,45.197009781209786
907,Hambantota,2025-09-12,2025-09-13,7.0,9.941853773921686,9.0,45.197009781209786
908,Jaffna,2025-09-12,2025-09-13,5.0,15.753470142461977,14.0,45.197009781209786
909,Kalutara,2025-09-12,2025-09-13,27.0,32.33490421929067,32.0,45.197009781209786
910,Kandy,2025-09-12,2025-09-13,79.0,65.17585912279164,60.0,45.197009781209786
911,Kegalle,2025-09-12,2025-09-13,20.0,48.89311503763106,67.0,45.197009781209786
912,Kilinochchi,2025-09-12,2025-09-13,1.0,1.17393418727311,1.0,45.197009781209786
913,Kurunegala,2025-09-12,2025-09-13,15.0,17.752434495404575,19.0,45.197009781209786
914,Mannar,2025-09-12,2025-09-13,3.0,1.7584592049064538,2.0,45.197009781209786
915,Matale,2025-09-12,2025-09-13,34.0,22.533214379324534,22.0,45.197009781209786
916,Matara,2025-09-12,2025-09-13,12.0,19.165170992073243,18.0,45.197009781209786
917,Monaragala,2025-09-12,2025-09-13,10.0,12.816819544517617,16.0,45.197009781209786
918,Mullaitivu,2025-09-12,2025-09-13,2.0,0.7618842430880982,2.0,45.197009781209786
919,Nuwara Eliya,2025-09-12,2025-09-13,6.0,6.050542689043972,5.0,45.197009781209786
920,Polonnaruwa,2025-09-12,2025-09-13,2.0,2.5771555472524823,2.0,45.197009781209786
921,Puttalam,2025-09-12,2025-09-13,6.0,8.81955482393131,10.0,45.197009781209786
922,Ratnapura,2025-09-12,2025-09-13,65.0,35.846803673177305,15.0,45.197009781209786
923,Trincomalee,2025-09-12,2025-09-13,2.0,3.6882355658085295,5.0,45.197009781209786
924,Vavuniya,2025-09-12,2025-09-13,1.0,1.689235055308898,2.0,45.197009781209786
925,Ampara,2025-09-19,2025-09-20,4.0,12.893279611427468,15.0,45.197009781209786
926,Anuradhapura,2025-09-19,2025-09-20,2.0,4.383086690023909,3.0,45.197009781209786
927,Badulla,2025-09-19,2025-09-20,8.0,15.594802081471094,19.0,45.197009781209786
928,Batticaloa,2025-09-19,2025-09-20,9.0,7.871979918651953,9.0,45.197009781209786
929,Colombo,2025-09-19,2025-09-20,155.0,112.15928839653539,120.0,45.197009781209786
930,Galle,2025-09-19,2025-09-20,35.0,33.46188940821868,29.0,45.197009781209786
931,Gampaha,2025-09-19,2025-09-20,78.0,90.52748018263628,93.0,45.197009781209786
932,Hambantota,2025-09-19,2025-09-20,19.0,7.399944352152091,7.0,45.197009781209786
933,Jaffna,2025-09-19,2025-09-20,14.0,10.881087849870694,5.0,45.197009781209786
934,Kalutara,2025-09-19,2025-09-20,43.0,28.786661350803886,27.0,45.197009781209786
935,Kandy,2025-09-19,2025-09-20,37.0,68.24441094541248,79.0,45.197009781209786
936,Kegalle,2025-09-19,2025-09-20,18.0,34.496413627954695,20.0,45.197009781209786
937,Kilinochchi,2025-09-19,2025-09-20,0.0,1.0943851821156565,1.0,45.197009781209786
938,Kurunegala,2025-09-19,2025-09-20,19.0,14.817300745078898,15.0,45.197009781209786
939,Mannar,2025-09-19,2025-09-20,2.0,1.89566932318342,3.0,45.197009781209786
940,Matale,2025-09-19,2025-09-20,24.0,31.56020984608338,34.0,45.197009781209786
941,Matara,2025-09-19,2025-09-20,12.0,15.532701234081996,12.0,45.197009781209786
942,Monaragala,2025-09-19,2025-09-20,8.0,10.974233046047893,10.0,45.197009781209786
943,Mullaitivu,2025-09-19,2025-09-20,0.0,1.1098376528386213,2.0,45.197009781209786
944,Nuwara Eliya,2025-09-19,2025-09-20,6.0,6.541333754572672,6.0,45.197009781209786
945,Polonnaruwa,2025-09-19,2025-09-20,3.0,2.938553685536671,2.0,45.197009781209786
946,Puttalam,2025-09-19,2025-09-20,4.0,6.339417765207094,6.0,45.197009781209786
947,Ratnapura,2025-09-19,2025-09-20,63.0,52.22872157318135,65.0,45.197009781209786
948,Trincomalee,2025-09-19,2025-09-20,6.0,2.991361215670202,2.0,45.197009781209786
949,Vavuniya,2025-09-19,2025-09-20,0.0,1.406278534355706,1.0,45.197009781209786
950,Ampara,2025-09-26,2025-09-27,6.0,10.90051769408265,4.0,45.197009781209786
951,Anuradhapura,2025-09-26,2025-09-27,0.0,3.7099397484519043,2.0,45.197009781209786
952,Badulla,2025-09-26,2025-09-27,13.0,12.58674446479983,8.0,45.197009781209786
953,Batticaloa,2025-09-26,2025-09-27,14.0,8.245268273738532,9.0,45.197009781209786
954,Colombo,2025-09-26,2025-09-27,129.0,154.5993096585986,155.0,45.197009781209786
955,Galle,2025-09-26,2025-09-27,30.0,33.54105085557674,35.0,45.197009781209786
956,Gampaha,2025-09-26,2025-09-27,56.0,76.66959493332583,78.0,45.197009781209786
957,Hambantota,2025-09-26,2025-09-27,15.0,14.110562145381106,19.0,45.197009781209786
958,Jaffna,2025-09-26,2025-09-27,18.0,12.051095994889625,14.0,45.197009781209786
959,Kalutara,2025-09-26,2025-09-27,32.0,39.445838397548066,43.0,45.197009781209786
960,Kandy,2025-09-26,2025-09-27,39.0,45.45160936743688,37.0,45.197009781209786
961,Kegalle,2025-09-26,2025-09-27,19.0,26.7879196461092,18.0,45.197009781209786
962,Kilinochchi,2025-09-26,2025-09-27,3.0,1.1441161556409607,0.0,45.197009781209786
963,Kurunegala,2025-09-26,2025-09-27,8.0,19.12861955480014,19.0,45.197009781209786
964,Mannar,2025-09-26,2025-09-27,0.0,2.1718864875759847,2.0,45.197009781209786
965,Matale,2025-09-26,2025-09-27,19.0,26.851499759547583,24.0,45.197009781209786
966,Matara,2025-09-26,2025-09-27,12.0,15.272611912653911,12.0,45.197009781209786
967,Monaragala,2025-09-26,2025-09-27,9.0,11.839819664884198,8.0,45.197009781209786
968,Mullaitivu,2025-09-26,2025-09-27,1.0,1.5485984576115304,0.0,45.197009781209786
969,Nuwara Eliya,2025-09-26,2025-09-27,10.0,6.906024034318487,6.0,45.197009781209786
970,Polonnaruwa,2025-09-26,2025-09-27,7.0,2.389570971361444,3.0,45.197009781209786
971,Puttalam,2025-09-26,2025-09-27,5.0,5.5800315766431225,4.0,45.197009781209786
972,Ratnapura,2025-09-26,2025-09-27,70.0,55.78212100023554,63.0,45.197009781209786
973,Trincomalee,2025-09-26,2025-09-27,8.0,3.7887434248195557,6.0,45.197009781209786
974,Vavuniya,2025-09-26,2025-09-27,0.0,1.1083429170735046,0.0,45.197009781209786
975,Ampara,2025-10-03,2025-10-04,9.0,7.697681952193077,6.0,45.197009781209786
976,Anuradhapura,2025-10-03,2025-10-04,7.0,2.4406273591324,0.0,45.197009781209786
977,Badulla,2025-10-03,2025-10-04,4.0,13.642114439546425,13.0,45.197009781209786
978,Batticaloa,2025-10-03,2025-10-04,16.0,10.667188974115753,14.0,45.197009781209786
979,Colombo,2025-10-03,2025-10-04,130.0,136.25595088694936,129.0,45.197009781209786
980,Galle,2025-10-03,2025-10-04,34.0,32.45198403226003,30.0,45.197009781209786
981,Gampaha,2025-10-03,2025-10-04,82.0,61.63885653244851,56.0,45.197009781209786
982,Hambantota,2025-10-03,2025-10-04,10.0,12.650421594199072,15.0,45.197009781209786
983,Jaffna,2025-10-03,2025-10-04,19.0,15.319954927270613,18.0,45.197009781209786
984,Kalutara,2025-10-03,2025-10-04,35.0,34.62541967091963,32.0,45.197009781209786
985,Kandy,2025-10-03,2025-10-04,44.0,42.14365983472429,39.0,45.197009781209786
986,Kegalle,2025-10-03,2025-10-04,18.0,26.071651771358813,19.0,45.197009781209786
987,Kilinochchi,2025-10-03,2025-10-04,4.0,1.459763254169989,3.0,45.197009781209786
988,Kurunegala,2025-10-03,2025-10-04,15.0,12.635063947091169,8.0,45.197009781209786
989,Mannar,2025-10-03,2025-10-04,1.0,2.055837450446944,0.0,45.197009781209786
990,Matale,2025-10-03,2025-10-04,9.0,24.50382783407216,19.0,45.197009781209786
991,Matara,2025-10-03,2025-10-04,20.0,13.694320650204856,12.0,45.197009781209786
992,Monaragala,2025-10-03,2025-10-04,4.0,10.339294559307557,9.0,45.197009781209786
993,Mullaitivu,2025-10-03,2025-10-04,0.0,1.4722644743001798,1.0,45.197009781209786
994,Nuwara Eliya,2025-10-03,2025-10-04,10.0,9.052145777418477,10.0,45.197009781209786
995,Polonnaruwa,2025-10-03,2025-10-04,6.0,4.268291022629863,7.0,45.197009781209786
996,Puttalam,2025-10-03,2025-10-04,5.0,5.639580094612818,5.0,45.197009781209786
997,Ratnapura,2025-10-03,2025-10-04,41.0,61.309794834141016,70.0,45.197009781209786
998,Trincomalee,2025-10-03,2025-10-04,1.0,5.529864387368646,8.0,45.197009781209786
999,Vavuniya,2025-10-03,2025-10-04,4.0,1.053998472341143,0.0,45.197009781209786
1000,Ampara,2025-10-10,2025-10-11,14.0,8.823536453771089,9.0,45.197009781209786
1001,Anuradhapura,2025-10-10,2025-10-11,9.0,4.602849276230066,7.0,45.197009781209786
1002,Badulla,2025-10-10,2025-10-11,8.0,10.489063788829448,4.0,45.197009781209786
1003,Batticaloa,2025-10-10,2025-10-11,17.0,13.821630890529853,16.0,45.197009781209786
1004,Colombo,2025-10-10,2025-10-11,157.0,138.91272809861684,130.0,45.197009781209786
1005,Galle,2025-10-10,2025-10-11,40.0,33.266652390697644,34.0,45.197009781209786
1006,Gampaha,2025-10-10,2025-10-11,83.0,75.81520382377771,82.0,45.197009781209786
1007,Hambantota,2025-10-10,2025-10-11,10.0,13.835727112996421,10.0,45.197009781209786
1008,Jaffna,2025-10-10,2025-10-11,26.0,18.911350947534814,19.0,45.197009781209786
1009,Kalutara,2025-10-10,2025-10-11,24.0,35.20940084494618,35.0,45.197009781209786
1010,Kandy,2025-10-10,2025-10-11,44.0,40.82381002520275,44.0,45.197009781209786
1011,Kegalle,2025-10-10,2025-10-11,11.0,26.417218128253545,18.0,45.197009781209786
1012,Kilinochchi,2025-10-10,2025-10-11,2.0,2.1775062804366017,4.0,45.197009781209786
1013,Kurunegala,2025-10-10,2025-10-11,24.0,14.651229514281653,15.0,45.197009781209786
1014,Mannar,2025-10-10,2025-10-11,3.0,1.871137877953208,1.0,45.197009781209786
1015,Matale,2025-10-10,2025-10-11,15.0,15.773081944466739,9.0,45.197009781209786
1016,Matara,2025-10-10,2025-10-11,22.0,18.450551259507293,20.0,45.197009781209786
1017,Monaragala,2025-10-10,2025-10-11,11.0,7.7356870159143165,4.0,45.197009781209786
1018,Mullaitivu,2025-10-10,2025-10-11,0.0,1.5074421595317444,0.0,45.197009781209786
1019,Nuwara Eliya,2025-10-10,2025-10-11,5.0,10.297294147261418,10.0,45.197009781209786
1020,Polonnaruwa,2025-10-10,2025-10-11,4.0,4.782580867659274,6.0,45.197009781209786
1021,Puttalam,2025-10-10,2025-10-11,12.0,5.547129114050183,5.0,45.197009781209786
1022,Ratnapura,2025-10-10,2025-10-11,42.0,46.96423739082126,41.0,45.197009781209786
1023,Trincomalee,2025-10-10,2025-10-11,5.0,4.447444471146345,1.0,45.197009781209786
1024,Vavuniya,2025-10-10,2025-10-11,2.0,2.0743146793000586,4.0,45.197009781209786
1025,Ampara,2025-10-17,2025-10-18,9.0,10.851956963862548,14.0,45.197009781209786
1026,Anuradhapura,2025-10-17,2025-10-18,4.0,6.6981281742699155,9.0,45.197009781209786
1027,Badulla,2025-10-17,2025-10-18,11.0,9.058646344516802,8.0,45.197009781209786
1028,Batticaloa,2025-10-17,2025-10-18,13.0,16.923516171396212,17.0,45.197009781209786
1029,Colombo,2025-10-17,2025-10-18,214.0,153.5947806073269,157.0,45.197009781209786
1030,Galle,2025-10-17,2025-10-18,29.0,36.43331747103965,40.0,45.197009781209786
1031,Gampaha,2025-10-17,2025-10-18,95.0,81.3445241814169,83.0,45.197009781209786
1032,Hambantota,2025-10-17,2025-10-18,6.0,12.395480587964373,10.0,45.197009781209786
1033,Jaffna,2025-10-17,2025-10-18,26.0,22.498300321222303,26.0,45.197009781209786
1034,Kalutara,2025-10-17,2025-10-18,35.0,30.490476473801355,24.0,45.197009781209786
1035,Kandy,2025-10-17,2025-10-18,52.0,42.598919164313436,44.0,45.197009781209786
1036,Kegalle,2025-10-17,2025-10-18,17.0,17.451918066071773,11.0,45.197009781209786
1037,Kilinochchi,2025-10-17,2025-10-18,2.0,2.017289000354464,2.0,45.197009781209786
1038,Kurunegala,2025-10-17,2025-10-18,17.0,21.154941905709123,24.0,45.197009781209786
1039,Mannar,2025-10-17,2025-10-18,5.0,1.991814543495229,3.0,45.197009781209786
1040,Matale,2025-10-17,2025-10-18,24.0,16.248528975902612,15.0,45.197009781209786
1041,Matara,2025-10-17,2025-10-18,10.0,21.393263117581828,22.0,45.197009781209786
1042,Monaragala,2025-10-17,2025-10-18,17.0,11.74090564621165,11.0,45.197009781209786
1043,Mullaitivu,2025-10-17,2025-10-18,0.0,0.8827726830024032,0.0,45.197009781209786
1044,Nuwara Eliya,2025-10-17,2025-10-18,2.0,8.453468317224791,5.0,45.197009781209786
1045,Polonnaruwa,2025-10-17,2025-10-18,3.0,4.249319453076107,4.0,45.197009781209786
1046,Puttalam,2025-10-17,2025-10-18,5.0,9.951312193942416,12.0,45.197009781209786
1047,Ratnapura,2025-10-17,2025-10-18,36.0,45.95894531568204,42.0,45.197009781209786
1048,Trincomalee,2025-10-17,2025-10-18,7.0,4.429725122204933,5.0,45.197009781209786
1049,Vavuniya,2025-10-17,2025-10-18,0.0,2.0084497412818036,2.0,45.197009781209786
1050,Ampara,2025-10-24,2025-10-25,15.0,11.040922968648964,9.0,45.197009781209786
1051,Anuradhapura,2025-10-24,2025-10-25,9.0,5.542011562534633,4.0,45.197009781209786
1052,Badulla,2025-10-24,2025-10-25,7.0,10.124910650547003,11.0,45.197009781209786
1053,Batticaloa,2025-10-24,2025-10-25,19.0,15.422744473162727,13.0,45.197009781209786
1054,Colombo,2025-10-24,2025-10-25,153.0,198.3522010645823,214.0,45.197009781209786
1055,Galle,2025-10-24,2025-10-25,30.0,36.27023749035641,29.0,45.197009781209786
1056,Gampaha,2025-10-24,2025-10-25,112.0,91.05727734357947,95.0,45.197009781209786
1057,Hambantota,2025-10-24,2025-10-25,14.0,10.485543965887086,6.0,45.197009781209786
1058,Jaffna,2025-10-24,2025-10-25,55.0,26.114672505067315,26.0,45.197009781209786
1059,Kalutara,2025-10-24,2025-10-25,32.0,38.41755643419726,35.0,45.197009781209786
1060,Kandy,2025-10-24,2025-10-25,58.0,49.39038026509593,52.0,45.197009781209786
1061,Kegalle,2025-10-24,2025-10-25,19.0,18.046085664566817,17.0,45.197009781209786
1062,Kilinochchi,2025-10-24,2025-10-25,2.0,2.4436364047263615,2.0,45.197009781209786
1063,Kurunegala,2025-10-24,2025-10-25,15.0,19.50822360452442,17.0,45.197009781209786
1064,Mannar,2025-10-24,2025-10-25,7.0,3.419599600941675,5.0,45.197009781209786
1065,Matale,2025-10-24,2025-10-25,22.0,23.038063315884642,24.0,45.197009781209786
1066,Matara,2025-10-24,2025-10-25,23.0,18.219723018264933,10.0,45.197009781209786
1067,Monaragala,2025-10-24,2025-10-25,16.0,14.077308152019333,17.0,45.197009781209786
1068,Mullaitivu,2025-10-24,2025-10-25,1.0,0.561264557674589,0.0,45.197009781209786
1069,Nuwara Eliya,2025-10-24,2025-10-25,5.0,6.723355684807252,2.0,45.197009781209786
1070,Polonnaruwa,2025-10-24,2025-10-25,3.0,4.380124975725018,3.0,45.197009781209786
1071,Puttalam,2025-10-24,2025-10-25,11.0,8.917620099029113,5.0,45.197009781209786
1072,Ratnapura,2025-10-24,2025-10-25,57.0,45.04219078756612,36.0,45.197009781209786
1073,Trincomalee,2025-10-24,2025-10-25,15.0,5.5691535927621105,7.0,45.197009781209786
1074,Vavuniya,2025-10-24,2025-10-25,1.0,2.2587728141430508,0.0,45.197009781209786
1075,Ampara,2025-10-31,2025-11-01,10.0,12.977738338574081,15.0,45.197009781209786
1076,Anuradhapura,2025-10-31,2025-11-01,3.0,8.112599323014786,9.0,45.197009781209786
1077,Badulla,2025-10-31,2025-11-01,14.0,8.818753519191388,7.0,45.197009781209786
1078,Batticaloa,2025-10-31,2025-11-01,29.0,18.07160465626059,19.0,45.197009781209786
1079,Colombo,2025-10-31,2025-11-01,184.0,192.5945254945369,153.0,45.197009781209786
1080,Galle,2025-10-31,2025-11-01,27.0,29.701916532396407,30.0,45.197009781209786
1081,Gampaha,2025-10-31,2025-11-01,128.0,109.0648634308288,112.0,45.197009781209786
1082,Hambantota,2025-10-31,2025-11-01,18.0,11.376297939740553,14.0,45.197009781209786
1083,Jaffna,2025-10-31,2025-11-01,54.0,46.49781010588628,55.0,45.197009781209786
1084,Kalutara,2025-10-31,2025-11-01,27.0,32.98614704504614,32.0,45.197009781209786
1085,Kandy,2025-10-31,2025-11-01,56.0,57.65442387931363,58.0,45.197009781209786
1086,Kegalle,2025-10-31,2025-11-01,17.0,19.82423145854065,19.0,45.197009781209786
1087,Kilinochchi,2025-10-31,2025-11-01,6.0,2.8939921197588983,2.0,45.197009781209786
1088,Kurunegala,2025-10-31,2025-11-01,13.0,16.781184400340116,15.0,45.197009781209786
1089,Mannar,2025-10-31,2025-11-01,6.0,5.859657725817289,7.0,45.197009781209786
1090,Matale,2025-10-31,2025-11-01,12.0,22.65939036720576,22.0,45.197009781209786
1091,Matara,2025-10-31,2025-11-01,17.0,21.12980153647778,23.0,45.197009781209786
1092,Monaragala,2025-10-31,2025-11-01,7.0,15.41461259409,16.0,45.197009781209786
1093,Mullaitivu,2025-10-31,2025-11-01,0.0,0.6823526899839135,1.0,45.197009781209786
1094,Nuwara Eliya,2025-10-31,2025-11-01,5.0,6.363869180548449,5.0,45.197009781209786
1095,Polonnaruwa,2025-10-31,2025-11-01,3.0,4.562022452034933,3.0,45.197009781209786
1096,Puttalam,2025-10-31,2025-11-01,23.0,10.680075588196944,11.0,45.197009781209786
1097,Ratnapura,2025-10-31,2025-11-01,47.0,51.87085190579574,57.0,45.197009781209786
1098,Trincomalee,2025-10-31,2025-11-01,12.0,10.745997941397734,15.0,45.197009781209786
1099,Vavuniya,2025-10-31,2025-11-01,1.0,2.302036526484502,1.0,45.197009781209786
1100,Ampara,2025-11-07,2025-11-08,17.0,13.160219895222752,10.0,45.197009781209786
1101,Anuradhapura,2025-11-07,2025-11-08,8.0,6.675869596392644,3.0,45.197009781209786
1102,Badulla,2025-11-07,2025-11-08,17.0,12.050557558671748,14.0,45.197009781209786
1103,Batticaloa,2025-11-07,2025-11-08,21.0,23.382899103272763,29.0,45.197009781209786
1104,Colombo,2025-11-07,2025-11-08,266.0,184.38879867085242,184.0,45.197009781209786
1105,Galle,2025-11-07,2025-11-08,36.0,29.0186407225722,27.0,45.197009781209786
1106,Gampaha,2025-11-07,2025-11-08,131.0,125.56357144476378,128.0,45.197009781209786
1107,Hambantota,2025-11-07,2025-11-08,14.0,14.780566511494284,18.0,45.197009781209786
1108,Jaffna,2025-11-07,2025-11-08,54.0,46.43973954255801,54.0,45.197009781209786
1109,Kalutara,2025-11-07,2025-11-08,35.0,31.39288283732928,27.0,45.197009781209786
1110,Kandy,2025-11-07,2025-11-08,71.0,51.29447230197133,56.0,45.197009781209786
1111,Kegalle,2025-11-07,2025-11-08,18.0,20.57230736738293,17.0,45.197009781209786
1112,Kilinochchi,2025-11-07,2025-11-08,5.0,4.420175969520371,6.0,45.197009781209786
1113,Kurunegala,2025-11-07,2025-11-08,20.0,19.365411329217448,13.0,45.197009781209786
1114,Mannar,2025-11-07,2025-11-08,12.0,6.511231736825939,6.0,45.197009781209786
1115,Matale,2025-11-07,2025-11-08,22.0,21.74962706315302,12.0,45.197009781209786
1116,Matara,2025-11-07,2025-11-08,36.0,18.88633438623824,17.0,45.197009781209786
1117,Monaragala,2025-11-07,2025-11-08,10.0,11.802340232347811,7.0,45.197009781209786
1118,Mullaitivu,2025-11-07,2025-11-08,2.0,0.7290040695610833,0.0,45.197009781209786
1119,Nuwara Eliya,2025-11-07,2025-11-08,5.0,6.631567535827901,5.0,45.197009781209786
1120,Polonnaruwa,2025-11-07,2025-11-08,15.0,3.5884668509787403,3.0,45.197009781209786
1121,Puttalam,2025-11-07,2025-11-08,20.0,19.356152216165707,23.0,45.197009781209786
1122,Ratnapura,2025-11-07,2025-11-08,43.0,51.397297355588144,47.0,45.197009781209786
1123,Trincomalee,2025-11-07,2025-11-08,11.0,12.972387234581278,12.0,45.197009781209786
1124,Vavuniya,2025-11-07,2025-11-08,2.0,2.445747339111076,1.0,45.197009781209786
1125,Ampara,2025-11-14,2025-11-15,24.0,15.727197298018703,17.0,45.197009781209786
1126,Anuradhapura,2025-11-14,2025-11-15,10.0,8.37877157641944,8.0,45.197009781209786
1127,Badulla,2025-11-14,2025-11-15,18.0,15.914638463571482,17.0,45.197009781209786
1128,Batticaloa,2025-11-14,2025-11-15,21.0,22.18467775382481,21.0,45.197009781209786
1129,Colombo,2025-11-14,2025-11-15,226.0,257.72443952078567,266.0,45.197009781209786
1130,Galle,2025-11-14,2025-11-15,48.0,33.3358380453438,36.0,45.197009781209786
1131,Gampaha,2025-11-14,2025-11-15,159.0,155.47589751353087,131.0,45.197009781209786
1132,Hambantota,2025-11-14,2025-11-15,15.0,14.875983244938473,14.0,45.197009781209786
1133,Jaffna,2025-11-14,2025-11-15,57.0,54.971108187407054,54.0,45.197009781209786
1134,Kalutara,2025-11-14,2025-11-15,34.0,33.67808335598484,35.0,45.197009781209786
1135,Kandy,2025-11-14,2025-11-15,88.0,62.364231874719174,71.0,45.197009781209786
1136,Kegalle,2025-11-14,2025-11-15,34.0,32.15762821592284,18.0,45.197009781209786
1137,Kilinochchi,2025-11-14,2025-11-15,3.0,5.964753268941373,5.0,45.197009781209786
1138,Kurunegala,2025-11-14,2025-11-15,23.0,24.38252099833944,20.0,45.197009781209786
1139,Mannar,2025-11-14,2025-11-15,5.0,12.496533060182754,12.0,45.197009781209786
1140,Matale,2025-11-14,2025-11-15,20.0,24.9216324239527,22.0,45.197009781209786
1141,Matara,2025-11-14,2025-11-15,22.0,32.26774400032186,36.0,45.197009781209786
1142,Monaragala,2025-11-14,2025-11-15,15.0,13.903711205086395,10.0,45.197009781209786
1143,Mullaitivu,2025-11-14,2025-11-15,4.0,1.269871162422657,2.0,45.197009781209786
1144,Nuwara Eliya,2025-11-14,2025-11-15,8.0,6.45925641446506,5.0,45.197009781209786
1145,Polonnaruwa,2025-11-14,2025-11-15,15.0,10.629877220437816,15.0,45.197009781209786
1146,Puttalam,2025-11-14,2025-11-15,18.0,22.449382555364082,20.0,45.197009781209786
1147,Ratnapura,2025-11-14,2025-11-15,54.0,54.38017272660081,43.0,45.197009781209786
1148,Trincomalee,2025-11-14,2025-11-15,19.0,13.643466849784055,11.0,45.197009781209786
1149,Vavuniya,2025-11-14,2025-11-15,0.0,2.078299818343855,2.0,45.197009781209786
1150,Ampara,2025-11-21,2025-11-22,11.0,24.07810415715052,24.0,45.197009781209786
1151,Anuradhapura,2025-11-21,2025-11-22,8.0,10.873549296396792,10.0,45.197009781209786
1152,Badulla,2025-11-21,2025-11-22,14.0,16.63035227658934,18.0,45.197009781209786
1153,Batticaloa,2025-11-21,2025-11-22,10.0,24.482993599016336,21.0,45.197009781209786
1154,Colombo,2025-11-21,2025-11-22,286.0,228.16923409195388,226.0,45.197009781209786
1155,Galle,2025-11-21,2025-11-22,68.0,49.376242218089935,48.0,45.197009781209786
1156,Gampaha,2025-11-21,2025-11-22,138.0,147.54934057980762,159.0,45.197009781209786
1157,Hambantota,2025-11-21,2025-11-22,13.0,15.950384254242735,15.0,45.197009781209786
1158,Jaffna,2025-11-21,2025-11-22,49.0,60.664772183860244,57.0,45.197009781209786
1159,Kalutara,2025-11-21,2025-11-22,57.0,37.65929064964425,34.0,45.197009781209786
1160,Kandy,2025-11-21,2025-11-22,60.0,74.61771992542052,88.0,45.197009781209786
1161,Kegalle,2025-11-21,2025-11-22,30.0,40.275761451485366,34.0,45.197009781209786
1162,Kilinochchi,2025-11-21,2025-11-22,1.0,4.070488989491121,3.0,45.197009781209786
1163,Kurunegala,2025-11-21,2025-11-22,21.0,24.063070502128777,23.0,45.197009781209786
1164,Mannar,2025-11-21,2025-11-22,5.0,8.99699207409271,5.0,45.197009781209786
1165,Matale,2025-11-21,2025-11-22,15.0,21.524782922628102,20.0,45.197009781209786
1166,Matara,2025-11-21,2025-11-22,37.0,30.863442212374217,22.0,45.197009781209786
1167,Monaragala,2025-11-21,2025-11-22,15.0,14.349989360703285,15.0,45.197009781209786
1168,Mullaitivu,2025-11-21,2025-11-22,2.0,2.344550629717788,4.0,45.197009781209786
1169,Nuwara Eliya,2025-11-21,2025-11-22,8.0,7.585298058731384,8.0,45.197009781209786
1170,Polonnaruwa,2025-11-21,2025-11-22,8.0,15.271556952173933,15.0,45.197009781209786
1171,Puttalam,2025-11-21,2025-11-22,10.0,20.63354111168023,18.0,45.197009781209786
1172,Ratnapura,2025-11-21,2025-11-22,54.0,59.00736542528715,54.0,45.197009781209786
1173,Trincomalee,2025-11-21,2025-11-22,16.0,19.06989573847949,19.0,45.197009781209786
1174,Vavuniya,2025-11-21,2025-11-22,0.0,2.201596640741274,0.0,45.197009781209786
1175,Ampara,2025-11-28,2025-11-29,7.0,18.113654762252146,11.0,45.197009781209786
1176,Anuradhapura,2025-11-28,2025-11-29,11.0,9.111777689522812,8.0,45.197009781209786
1177,Badulla,2025-11-28,2025-11-29,10.0,18.015777412011964,14.0,45.197009781209786
1178,Batticaloa,2025-11-28,2025-11-29,16.0,19.363420565133513,10.0,45.197009781209786
1179,Colombo,2025-11-28,2025-11-29,272.0,275.28815053581343,286.0,45.197009781209786
1180,Galle,2025-11-28,2025-11-29,68.0,56.65435504398111,68.0,45.197009781209786
1181,Gampaha,2025-11-28,2025-11-29,186.0,154.70410506271136,138.0,45.197009781209786
1182,Hambantota,2025-11-28,2025-11-29,24.0,16.37194828211458,13.0,45.197009781209786
1183,Jaffna,2025-11-28,2025-11-29,58.0,57.95202987358571,49.0,45.197009781209786
1184,Kalutara,2025-11-28,2025-11-29,63.0,50.77156657222595,57.0,45.197009781209786
1185,Kandy,2025-11-28,2025-11-29,50.0,69.46422257780956,60.0,45.197009781209786
1186,Kegalle,2025-11-28,2025-11-29,18.0,34.30279724246494,30.0,45.197009781209786
1187,Kilinochchi,2025-11-28,2025-11-29,4.0,4.518843555005705,1.0,45.197009781209786
1188,Kurunegala,2025-11-28,2025-11-29,19.0,23.451999669169254,21.0,45.197009781209786
1189,Mannar,2025-11-28,2025-11-29,0.0,8.213128313897135,5.0,45.197009781209786
1190,Matale,2025-11-28,2025-11-29,21.0,19.60071579709743,15.0,45.197009781209786
1191,Matara,2025-11-28,2025-11-29,45.0,41.561140734699855,37.0,45.197009781209786
1192,Monaragala,2025-11-28,2025-11-29,10.0,14.350558853435281,15.0,45.197009781209786
1193,Mullaitivu,2025-11-28,2025-11-29,0.0,3.2286129992824204,2.0,45.197009781209786
1194,Nuwara Eliya,2025-11-28,2025-11-29,1.0,7.358079991354818,8.0,45.197009781209786
1195,Polonnaruwa,2025-11-28,2025-11-29,5.0,14.47275050170315,8.0,45.197009781209786
1196,Puttalam,2025-11-28,2025-11-29,13.0,17.7150246138495,10.0,45.197009781209786
1197,Ratnapura,2025-11-28,2025-11-29,64.0,58.6845905908273,54.0,45.197009781209786
1198,Trincomalee,2025-11-28,2025-11-29,8.0,17.377104341884817,16.0,45.197009781209786
1199,Vavuniya,2025-11-28,2025-11-29,1.0,1.769026467937241,0.0,45.197009781209786
1200,Ampara,2025-12-05,2025-12-06,22.0,14.989505314374446,7.0,45.197009781209786
1201,Anuradhapura,2025-12-05,2025-12-06,12.0,10.80440811018457,11.0,45.197009781209786
1202,Badulla,2025-12-05,2025-12-06,18.0,16.23502040926106,10.0,45.197009781209786
1203,Batticaloa,2025-12-05,2025-12-06,14.0,17.149814200317223,16.0,45.197009781209786
1204,Colombo,2025-12-05,2025-12-06,318.0,273.36665439769035,272.0,45.197009781209786
1205,Galle,2025-12-05,2025-12-06,81.0,65.70235065337074,68.0,45.197009781209786
1206,Gampaha,2025-12-05,2025-12-06,202.0,197.2621060527433,186.0,45.197009781209786
1207,Hambantota,2025-12-05,2025-12-06,28.0,23.072934815922544,24.0,45.197009781209786
1208,Jaffna,2025-12-05,2025-12-06,78.0,60.59331610470836,58.0,45.197009781209786
1209,Kalutara,2025-12-05,2025-12-06,53.0,61.93369942333822,63.0,45.197009781209786
1210,Kandy,2025-12-05,2025-12-06,82.0,61.893336251912295,50.0,45.197009781209786
1211,Kegalle,2025-12-05,2025-12-06,36.0,28.084299487122056,18.0,45.197009781209786
1212,Kilinochchi,2025-12-05,2025-12-06,10.0,4.393515079121842,4.0,45.197009781209786
1213,Kurunegala,2025-12-05,2025-12-06,24.0,21.847683169592717,19.0,45.197009781209786
1214,Mannar,2025-12-05,2025-12-06,5.0,7.662728709702842,0.0,45.197009781209786
1215,Matale,2025-12-05,2025-12-06,25.0,21.752554634823216,21.0,45.197009781209786
1216,Matara,2025-12-05,2025-12-06,67.0,46.126379062639224,45.0,45.197009781209786
1217,Monaragala,2025-12-05,2025-12-06,14.0,15.32201741831599,10.0,45.197009781209786
1218,Mullaitivu,2025-12-05,2025-12-06,2.0,2.9881738057854257,0.0,45.197009781209786
1219,Nuwara Eliya,2025-12-05,2025-12-06,3.0,8.091034056784137,1.0,45.197009781209786
1220,Polonnaruwa,2025-12-05,2025-12-06,6.0,8.907101650270677,5.0,45.197009781209786
1221,Puttalam,2025-12-05,2025-12-06,30.0,16.5062124319308,13.0,45.197009781209786
1222,Ratnapura,2025-12-05,2025-12-06,43.0,61.98480471871014,64.0,45.197009781209786
1223,Trincomalee,2025-12-05,2025-12-06,26.0,14.067750830677372,8.0,45.197009781209786
1224,Vavuniya,2025-12-05,2025-12-06,2.0,1.569110603050787,1.0,45.197009781209786
1225,Ampara,2025-12-12,2025-12-13,18.0,23.114775291722996,22.0,45.197009781209786
1226,Anuradhapura,2025-12-12,2025-12-13,13.0,11.67478756753922,12.0,45.197009781209786
1227,Badulla,2025-12-12,2025-12-13,25.0,18.6065268519937,18.0,45.197009781209786
1228,Batticaloa,2025-12-12,2025-12-13,20.0,18.92681010962427,14.0,45.197009781209786
1229,Colombo,2025-12-12,2025-12-13,340.0,295.15499991223595,318.0,45.197009781209786
1230,Galle,2025-12-12,2025-12-13,82.0,71.75012365024725,81.0,45.197009781209786
1231,Gampaha,2025-12-12,2025-12-13,214.0,198.42988661618932,202.0,45.197009781209786
1232,Hambantota,2025-12-12,2025-12-13,42.0,24.939371014643744,28.0,45.197009781209786
1233,Jaffna,2025-12-12,2025-12-13,76.0,69.99541861471292,78.0,45.197009781209786
1234,Kalutara,2025-12-12,2025-12-13,85.0,56.476626326810425,53.0,45.197009781209786
1235,Kandy,2025-12-12,2025-12-13,85.0,68.27473116258928,82.0,45.197009781209786
1236,Kegalle,2025-12-12,2025-12-13,37.0,35.97866467425644,36.0,45.197009781209786
1237,Kilinochchi,2025-12-12,2025-12-13,5.0,8.484432003588145,10.0,45.197009781209786
1238,Kurunegala,2025-12-12,2025-12-13,32.0,27.535727054787245,24.0,45.197009781209786
1239,Mannar,2025-12-12,2025-12-13,0.0,7.397726144552427,5.0,45.197009781209786
1240,Matale,2025-12-12,2025-12-13,16.0,27.771990000720987,25.0,45.197009781209786
1241,Matara,2025-12-12,2025-12-13,44.0,55.68629713144783,67.0,45.197009781209786
1242,Monaragala,2025-12-12,2025-12-13,24.0,16.74554875522807,14.0,45.197009781209786
1243,Mullaitivu,2025-12-12,2025-12-13,3.0,3.811920354736962,2.0,45.197009781209786
1244,Nuwara Eliya,2025-12-12,2025-12-13,7.0,7.476725205268349,3.0,45.197009781209786
1245,Polonnaruwa,2025-12-12,2025-12-13,14.0,8.481246982184263,6.0,45.197009781209786
1246,Puttalam,2025-12-12,2025-12-13,22.0,26.335088025331814,30.0,45.197009781209786
1247,Ratnapura,2025-12-12,2025-12-13,60.0,56.96537171733518,43.0,45.197009781209786
1248,Trincomalee,2025-12-12,2025-12-13,9.0,26.94239545732056,26.0,45.197009781209786
1249,Vavuniya,2025-12-12,2025-12-13,3.0,2.128758082109149,2.0,45.197009781209786
